job,model,dataset,src_layer,tgt_layer,sdc_group,rows,semantic_groups,finite_rows,non_finite_rows,non_finite_rate,mean_cos_sim,median_cos_sim,std_cos_sim,q25_cos_sim,q75_cos_sim,mean_ci95_low,mean_ci95_high,evidence
qwen25_vl_earthvqa,Qwen2.5-VL-7B,EarthVQA,0,1,non_sdc,5540,375,5540,0,0.0,0.9025585314063926,0.9236313253641129,0.06262357448951647,0.8845792971551418,0.9403252564370632,0.897952568168559,0.9069740424403823,adequate
qwen25_vl_earthvqa,Qwen2.5-VL-7B,EarthVQA,0,1,non_significant_sdc,1723,315,1723,0,0.0,0.9060778077810708,0.927176296710968,0.06124100529080805,0.8853415697813034,0.940667413175106,0.9004909999348157,0.911395329005657,adequate
qwen25_vl_earthvqa,Qwen2.5-VL-7B,EarthVQA,0,1,significant_sdc,224,122,184,40,0.1785714285714286,0.4950726930831518,0.38845433481037617,0.2387762722479544,0.3735457696020603,0.46418522112071514,0.43660020566276886,0.5512311531229783,adequate
qwen25_vl_earthvqa,Qwen2.5-VL-7B,EarthVQA,1,2,non_sdc,5540,375,5540,0,0.0,0.9116490562698578,0.9272342026233673,0.03983036389113368,0.8923465944826603,0.9370643794536591,0.908592808335021,0.9146956379523995,adequate
qwen25_vl_earthvqa,Qwen2.5-VL-7B,EarthVQA,1,2,non_significant_sdc,1723,315,1723,0,0.0,0.9107339691967464,0.9248538762331009,0.046852926202654015,0.8917699456214905,0.9385538250207901,0.9066391643012588,0.9147029983541054,adequate
qwen25_vl_earthvqa,Qwen2.5-VL-7B,EarthVQA,1,2,significant_sdc,224,121,181,43,0.1919642857142857,0.37797909889637765,0.22209097258746624,0.2949730558912417,0.19793605990707874,0.4372027516365051,0.3054083992759302,0.4469571133956301,adequate
qwen25_vl_earthvqa,Qwen2.5-VL-7B,EarthVQA,2,3,non_sdc,5540,375,5540,0,0.0,0.885800278488049,0.9034286886453629,0.055646980564028635,0.8610633015632629,0.9224303811788559,0.8819092261790862,0.8896509028679783,adequate
qwen25_vl_earthvqa,Qwen2.5-VL-7B,EarthVQA,2,3,non_significant_sdc,1723,315,1723,0,0.0,0.8874758643920312,0.9035429507493973,0.059881135853576,0.8660544380545616,0.9241198152303696,0.8821798000814719,0.8924626957731907,adequate
qwen25_vl_earthvqa,Qwen2.5-VL-7B,EarthVQA,2,3,significant_sdc,224,121,183,41,0.1830357142857143,0.4657494129277155,0.3656023181974888,0.24320911263587858,0.3384066130965948,0.44829828292131424,0.4074423993065548,0.5215734213012713,adequate
qwen25_vl_earthvqa,Qwen2.5-VL-7B,EarthVQA,3,4,non_sdc,5540,375,5540,0,0.0,0.8998688613236058,0.9115767478942871,0.03488287746280923,0.8874340392649174,0.9223786480724812,0.8972833421772296,0.9023607414859568,adequate
qwen25_vl_earthvqa,Qwen2.5-VL-7B,EarthVQA,3,4,non_significant_sdc,1723,315,1723,0,0.0,0.9009820732157796,0.9111682027578354,0.037637188579043045,0.8896648362278938,0.9228337109088898,0.897671608857262,0.9040871060931677,adequate
qwen25_vl_earthvqa,Qwen2.5-VL-7B,EarthVQA,3,4,significant_sdc,224,119,179,45,0.2008928571428571,0.6069587130494957,0.5708463042974472,0.20195507803711013,0.5616128370165825,0.5904652327299118,0.5617910569717277,0.6501494515589493,adequate
qwen25_vl_earthvqa,Qwen2.5-VL-7B,EarthVQA,4,5,non_sdc,5540,375,5540,0,0.0,0.9053077498918217,0.9223257526755333,0.0426146097079912,0.887854166328907,0.9336341358721256,0.9019404958288526,0.9084943957749735,adequate
qwen25_vl_earthvqa,Qwen2.5-VL-7B,EarthVQA,4,5,non_significant_sdc,1723,315,1723,0,0.0,0.903773445329557,0.9230458289384842,0.05125639959248553,0.8874243423342705,0.9331755861639977,0.8993973558922487,0.9077643933332589,adequate
qwen25_vl_earthvqa,Qwen2.5-VL-7B,EarthVQA,4,5,significant_sdc,224,116,175,49,0.21875,0.518839699761676,0.42426933348178864,0.2229720582645609,0.41247930750250816,0.5186012797057629,0.4644070601665986,0.5701852121736702,adequate
qwen25_vl_earthvqa,Qwen2.5-VL-7B,EarthVQA,5,6,non_sdc,5540,375,5540,0,0.0,0.9230029115419741,0.9337049573659897,0.028837682653873955,0.917180597782135,0.9399283565580845,0.9207042126290729,0.9251814908372914,adequate
qwen25_vl_earthvqa,Qwen2.5-VL-7B,EarthVQA,5,6,non_significant_sdc,1723,315,1723,0,0.0,0.9219488281296113,0.9336382895708084,0.040798872513385716,0.9173854440450668,0.9400201737880707,0.918835160921314,0.92480460751034,adequate
qwen25_vl_earthvqa,Qwen2.5-VL-7B,EarthVQA,5,6,significant_sdc,224,117,179,45,0.2008928571428571,0.5508995811408125,0.5757619068026543,0.3602178785839091,0.5602421872317791,0.6510799415409565,0.47695434307869955,0.6194153302510016,adequate
qwen25_vl_earthvqa,Qwen2.5-VL-7B,EarthVQA,6,7,non_sdc,5540,375,5540,0,0.0,0.8821472417314399,0.8965281993150711,0.05931187538722103,0.8685821443796158,0.9247856885194778,0.8777733873891689,0.8863469202959695,adequate
qwen25_vl_earthvqa,Qwen2.5-VL-7B,EarthVQA,6,7,non_significant_sdc,1723,315,1723,0,0.0,0.8822546887827158,0.8986453115940094,0.07066081862595039,0.87010408192873,0.9262698292732239,0.8762261284592426,0.8881094165350403,adequate
qwen25_vl_earthvqa,Qwen2.5-VL-7B,EarthVQA,6,7,significant_sdc,224,118,178,46,0.2053571428571429,0.4152500428157346,0.3524799831211567,0.27309329887002176,0.28765463596209884,0.3993263319134712,0.35210503074909216,0.4790422915353914,adequate
qwen25_vl_earthvqa,Qwen2.5-VL-7B,EarthVQA,7,8,non_sdc,5540,375,5540,0,0.0,0.9046256432450958,0.9196957349777222,0.048084159777050335,0.886420764029026,0.9376986920833588,0.90103877985246,0.9081849313998895,adequate
qwen25_vl_earthvqa,Qwen2.5-VL-7B,EarthVQA,7,8,non_significant_sdc,1723,315,1723,0,0.0,0.9053920183262668,0.9179623275995255,0.05715441429534001,0.8870204240083694,0.938285656273365,0.9007071819511611,0.9096589998247516,adequate
qwen25_vl_earthvqa,Qwen2.5-VL-7B,EarthVQA,7,8,significant_sdc,224,116,176,48,0.2142857142857143,0.32952070794205857,0.17338620219379663,0.32284797568849843,0.14954759925603867,0.482769638299942,0.25127601143154343,0.4049660519421596,adequate
qwen25_vl_earthvqa,Qwen2.5-VL-7B,EarthVQA,8,9,non_sdc,5540,375,5540,0,0.0,0.9156043638834992,0.9253036230802536,0.04133055581136926,0.900912344455719,0.9437129199504852,0.9125080317342432,0.9184774190821987,adequate
qwen25_vl_earthvqa,Qwen2.5-VL-7B,EarthVQA,8,9,non_significant_sdc,1723,315,1723,0,0.0,0.9166992446034714,0.9246890246868134,0.04678646056692182,0.9060080349445343,0.9447073191404343,0.9130136014259109,0.9201760386601545,adequate
qwen25_vl_earthvqa,Qwen2.5-VL-7B,EarthVQA,8,9,significant_sdc,224,113,169,55,0.2455357142857143,0.5820067206276416,0.5170760452747345,0.21968814591954408,0.47977398335933685,0.6503314822912216,0.5275385488971148,0.6357372921783289,adequate
qwen25_vl_earthvqa,Qwen2.5-VL-7B,EarthVQA,9,10,non_sdc,5540,375,5540,0,0.0,0.9090018962721748,0.9178835451602936,0.03671255207780836,0.895004790276289,0.9336496405303478,0.9061792139056031,0.9116382827102741,adequate
qwen25_vl_earthvqa,Qwen2.5-VL-7B,EarthVQA,9,10,non_significant_sdc,1723,315,1723,0,0.0,0.9101764592869089,0.9199235141277313,0.042784979143048914,0.898732140660286,0.9345275312662125,0.9064828404620731,0.913526237507162,adequate
qwen25_vl_earthvqa,Qwen2.5-VL-7B,EarthVQA,9,10,significant_sdc,224,113,167,57,0.2544642857142857,0.4643207067128098,0.3985688127577305,0.303161234607044,0.3739926666021347,0.7273815423250198,0.3916498217459647,0.5331644086168479,adequate
qwen25_vl_earthvqa,Qwen2.5-VL-7B,EarthVQA,10,11,non_sdc,5540,375,5540,0,0.0,0.8933216082086847,0.9038487002253532,0.03870561773750996,0.8846275992691517,0.9166948646306992,0.8900952620580447,0.8963386795150409,adequate
qwen25_vl_earthvqa,Qwen2.5-VL-7B,EarthVQA,10,11,non_significant_sdc,1723,315,1723,0,0.0,0.8949380759817337,0.9053573459386826,0.04694179466919461,0.8866700679063797,0.9169093742966652,0.8909592836961003,0.8985372140519723,adequate
qwen25_vl_earthvqa,Qwen2.5-VL-7B,EarthVQA,10,11,significant_sdc,224,111,166,58,0.2589285714285714,0.31585117887722397,0.16329751955345273,0.3446015430603675,0.09982090722769499,0.6191488783806562,0.22886544445167387,0.40168693720442517,adequate
qwen25_vl_earthvqa,Qwen2.5-VL-7B,EarthVQA,11,12,non_sdc,5540,375,5540,0,0.0,0.9111775651762417,0.9207452088594437,0.03393864251335538,0.8927741423249245,0.9369087256491184,0.9086092038438268,0.9138060082799955,adequate
qwen25_vl_earthvqa,Qwen2.5-VL-7B,EarthVQA,11,12,non_significant_sdc,1723,315,1723,0,0.0,0.9133235602096389,0.9211166054010391,0.03832434750446861,0.8972875848412514,0.9390950873494148,0.9099431151213396,0.916522064764001,adequate
qwen25_vl_earthvqa,Qwen2.5-VL-7B,EarthVQA,11,12,significant_sdc,224,112,166,58,0.2589285714285714,0.3805972481951544,0.3628945956006646,0.3830965894507111,0.30642489809542894,0.700755663216114,0.28991820612301133,0.4646752422399293,adequate
qwen25_vl_earthvqa,Qwen2.5-VL-7B,EarthVQA,12,13,non_sdc,5540,375,5540,0,0.0,0.9076635271956344,0.9177810624241829,0.03792175689750704,0.8911420255899429,0.93481120839715,0.9048033088407804,0.9104664085452748,adequate
qwen25_vl_earthvqa,Qwen2.5-VL-7B,EarthVQA,12,13,non_significant_sdc,1723,315,1723,0,0.0,0.910128400553487,0.9199224263429642,0.04352890565127261,0.896745353937149,0.9370439946651459,0.9062304375083939,0.9138735189260855,adequate
qwen25_vl_earthvqa,Qwen2.5-VL-7B,EarthVQA,12,13,significant_sdc,224,107,160,64,0.2857142857142857,0.42251226099033373,0.2743854820728302,0.30828932987151186,0.22689346130937338,0.7943313680589199,0.34172244223639564,0.5020454054363753,adequate
qwen25_vl_earthvqa,Qwen2.5-VL-7B,EarthVQA,13,14,non_sdc,5540,375,5540,0,0.0,0.901921588455458,0.9112492576241493,0.04263808130743813,0.8750821948051453,0.9364549666643143,0.8987110554410602,0.9050415321846118,adequate
qwen25_vl_earthvqa,Qwen2.5-VL-7B,EarthVQA,13,14,non_significant_sdc,1723,315,1723,0,0.0,0.902717685648005,0.9118930995464325,0.048473257012851136,0.878433346748352,0.9374064281582832,0.8984649861201957,0.9068420285193584,adequate
qwen25_vl_earthvqa,Qwen2.5-VL-7B,EarthVQA,13,14,significant_sdc,224,107,161,63,0.28125,0.3946495839851613,0.5318870469927788,0.48179765111670836,0.08790274150669575,0.7581762969493866,0.29116225031327064,0.4907798991973306,adequate
qwen25_vl_earthvqa,Qwen2.5-VL-7B,EarthVQA,14,15,non_sdc,5540,375,5540,0,0.0,0.9097760541021609,0.9153024852275848,0.02453698200792305,0.898738220334053,0.9266325682401657,0.9078210293545202,0.9116762325355042,adequate
qwen25_vl_earthvqa,Qwen2.5-VL-7B,EarthVQA,14,15,non_significant_sdc,1723,315,1723,0,0.0,0.909057574607194,0.9171123653650284,0.03541931094447398,0.8983027786016464,0.9288540408015251,0.9059428971881542,0.9119840935173825,adequate
qwen25_vl_earthvqa,Qwen2.5-VL-7B,EarthVQA,14,15,significant_sdc,224,106,160,64,0.2857142857142857,0.5293124726274983,0.5797046311199665,0.3105350583335239,0.15658081974834204,0.817476574331522,0.4575173202568457,0.5954284822993213,adequate
qwen25_vl_earthvqa,Qwen2.5-VL-7B,EarthVQA,15,16,non_sdc,5540,375,5540,0,0.0,0.8871004717754005,0.8993042409420013,0.044888919198391775,0.8591402992606163,0.9231389611959457,0.8836722525177563,0.8905150995375459,adequate
qwen25_vl_earthvqa,Qwen2.5-VL-7B,EarthVQA,15,16,non_significant_sdc,1723,315,1723,0,0.0,0.8919373570367893,0.9045837074518204,0.04609640114232875,0.8713713586330414,0.9260881990194321,0.8873998836223,0.8961824045578186,adequate
qwen25_vl_earthvqa,Qwen2.5-VL-7B,EarthVQA,15,16,significant_sdc,224,107,160,64,0.2857142857142857,0.3370388513605576,0.30385637655854225,0.4125643966349273,0.0043858441058546305,0.8263708725571632,0.23761592600503156,0.4320662726840529,adequate
qwen25_vl_earthvqa,Qwen2.5-VL-7B,EarthVQA,16,17,non_sdc,5540,375,5540,0,0.0,0.8732574125772026,0.877771183848381,0.04935070638855427,0.8426660113036633,0.9132061786949635,0.8694474608185707,0.8769160204804582,adequate
qwen25_vl_earthvqa,Qwen2.5-VL-7B,EarthVQA,16,17,non_significant_sdc,1723,315,1723,0,0.0,0.8761156563589255,0.8804131150245667,0.051706100972497525,0.8482698127627373,0.9156804233789444,0.8710451082936693,0.8809549233384888,adequate
qwen25_vl_earthvqa,Qwen2.5-VL-7B,EarthVQA,16,17,significant_sdc,224,102,154,70,0.3125,0.3013445370945499,0.3297703033313155,0.44801039330038056,-0.16368245147168636,0.8515302650630474,0.1961025118646523,0.4034425396154192,adequate
qwen25_vl_earthvqa,Qwen2.5-VL-7B,EarthVQA,17,18,non_sdc,5540,375,5540,0,0.0,0.8831888240718346,0.8930709138512611,0.042625619213635224,0.860913373529911,0.9148500263690948,0.8797589130369688,0.8865298426397437,adequate
qwen25_vl_earthvqa,Qwen2.5-VL-7B,EarthVQA,17,18,non_significant_sdc,1723,315,1723,0,0.0,0.8851998619307146,0.8933538943529129,0.04628371627975134,0.8641376495361328,0.9173261672258377,0.881035789547533,0.8891552574557899,adequate
qwen25_vl_earthvqa,Qwen2.5-VL-7B,EarthVQA,17,18,significant_sdc,224,99,150,74,0.3303571428571429,0.5002170987572107,0.4229694977402687,0.24342906809610626,0.3456423357129097,0.8397853784263134,0.4361831212417199,0.5608384234359708,adequate
qwen25_vl_earthvqa,Qwen2.5-VL-7B,EarthVQA,18,19,non_sdc,5540,375,5540,0,0.0,0.9124841335394323,0.9175292551517487,0.029727179789084457,0.9020852483808994,0.9306437484920025,0.9098747510874813,0.9149486461662997,adequate
qwen25_vl_earthvqa,Qwen2.5-VL-7B,EarthVQA,18,19,non_significant_sdc,1723,315,1723,0,0.0,0.9129153739702058,0.9185654520988464,0.032704828907377005,0.9027533084154129,0.9326206371188164,0.9096389988431778,0.9159578849788168,adequate
qwen25_vl_earthvqa,Qwen2.5-VL-7B,EarthVQA,18,19,significant_sdc,224,102,151,73,0.3258928571428571,0.6426326628675721,0.7437748610973358,0.22729056787222174,0.4688051976263523,0.8213169202208519,0.5930977727875247,0.68621288478931,adequate
qwen25_vl_earthvqa,Qwen2.5-VL-7B,EarthVQA,19,20,non_sdc,5540,375,5540,0,0.0,0.8743493584761336,0.8843981623649597,0.049412035968817034,0.8456259556114674,0.9114531502127647,0.8704358171185923,0.8782223291015574,adequate
qwen25_vl_earthvqa,Qwen2.5-VL-7B,EarthVQA,19,20,non_significant_sdc,1723,315,1723,0,0.0,0.8805236092752934,0.8870825171470642,0.047324271261746945,0.8568988144397736,0.9154987037181854,0.8758965624756632,0.8848984603152342,adequate
qwen25_vl_earthvqa,Qwen2.5-VL-7B,EarthVQA,19,20,significant_sdc,224,95,143,81,0.3616071428571429,0.45457865614150944,0.5962760299444199,0.35953607244235714,0.07750536128878593,0.8182633444666862,0.3688911644107675,0.532549147687602,adequate
qwen25_vl_earthvqa,Qwen2.5-VL-7B,EarthVQA,20,21,non_sdc,5540,375,5540,0,0.0,0.9036619171527104,0.9107614010572433,0.03976615225520177,0.8781204670667648,0.9328640177845955,0.9006568551539437,0.9066353368485602,adequate
qwen25_vl_earthvqa,Qwen2.5-VL-7B,EarthVQA,20,21,non_significant_sdc,1723,315,1723,0,0.0,0.9077850471116122,0.9158338457345963,0.03937660697297184,0.8891600146889687,0.9353907033801079,0.9038247268786536,0.9115714883002848,adequate
qwen25_vl_earthvqa,Qwen2.5-VL-7B,EarthVQA,20,21,significant_sdc,224,93,139,85,0.3794642857142857,0.7254889850511397,0.7093030214309692,0.1603341611065821,0.6742049306631088,0.8494204953312874,0.688554844079633,0.7569768741648216,adequate
qwen25_vl_earthvqa,Qwen2.5-VL-7B,EarthVQA,21,22,non_sdc,5540,375,5540,0,0.0,0.886957242271261,0.8879721462726593,0.04652592868673352,0.8613829240202904,0.9237883239984512,0.8832992000772387,0.8905160422552999,adequate
qwen25_vl_earthvqa,Qwen2.5-VL-7B,EarthVQA,21,22,non_significant_sdc,1723,315,1723,0,0.0,0.8901441185040593,0.8948844820261002,0.047625335037103374,0.8643923625349998,0.9277295172214508,0.8854512468758905,0.8947436271579371,adequate
qwen25_vl_earthvqa,Qwen2.5-VL-7B,EarthVQA,21,22,significant_sdc,224,90,137,87,0.3883928571428571,0.3633737438698265,0.3125345278531313,0.3879265722264951,-0.02150191878899932,0.8322135955095291,0.2598841246851816,0.45939365082297745,adequate
qwen25_vl_earthvqa,Qwen2.5-VL-7B,EarthVQA,22,23,non_sdc,5540,375,5540,0,0.0,0.9184273273035185,0.9268668815493584,0.03840337351278014,0.8996779546141624,0.9466796368360519,0.9158256798536129,0.9209489746927314,adequate
qwen25_vl_earthvqa,Qwen2.5-VL-7B,EarthVQA,22,23,non_significant_sdc,1723,315,1723,0,0.0,0.9217152009765146,0.9313383251428604,0.04052092620451507,0.9051456674933434,0.9508612155914307,0.9177959382216939,0.9254236930531787,adequate
qwen25_vl_earthvqa,Qwen2.5-VL-7B,EarthVQA,22,23,significant_sdc,224,87,133,91,0.40625,0.6880487675701541,0.5933746844530106,0.18224322192362183,0.5743447989225388,0.888250395655632,0.6395466727904976,0.7313356362379405,adequate
qwen25_vl_earthvqa,Qwen2.5-VL-7B,EarthVQA,23,24,non_sdc,5540,375,5540,0,0.0,0.9084018639789807,0.9172889962792397,0.040345785835129655,0.8878210261464119,0.936747670173645,0.905247106622457,0.9115594439314055,adequate
qwen25_vl_earthvqa,Qwen2.5-VL-7B,EarthVQA,23,24,non_significant_sdc,1723,315,1723,0,0.0,0.911723408296713,0.9210269600152969,0.04122528724982406,0.8943445608019829,0.9419392943382263,0.9075553178753439,0.9156677651246597,adequate
qwen25_vl_earthvqa,Qwen2.5-VL-7B,EarthVQA,23,24,significant_sdc,224,86,131,93,0.4151785714285714,0.5820406324955286,0.4580293521285057,0.23992073376644157,0.43546441197395325,0.8600763231515884,0.5166123102360255,0.6425907516209046,adequate
qwen25_vl_earthvqa,Qwen2.5-VL-7B,EarthVQA,24,25,non_sdc,5540,375,5540,0,0.0,0.9215076965101682,0.9269251599907875,0.033859756293225234,0.9062732011079788,0.943836685270071,0.9190206182688461,0.9239559545862968,adequate
qwen25_vl_earthvqa,Qwen2.5-VL-7B,EarthVQA,24,25,non_significant_sdc,1723,315,1723,0,0.0,0.9248214962238741,0.930355042219162,0.03541737190787668,0.9098009243607521,0.9479696825146675,0.9215164815144946,0.9279860733220675,adequate
qwen25_vl_earthvqa,Qwen2.5-VL-7B,EarthVQA,24,25,significant_sdc,224,84,128,96,0.4285714285714286,0.7427239421231207,0.7209859639406204,0.17920301443801515,0.7114066332578659,0.8888655640184879,0.6996360682440822,0.7798964775585857,adequate
qwen25_vl_earthvqa,Qwen2.5-VL-7B,EarthVQA,25,26,non_sdc,5540,375,5540,0,0.0,0.9543056618919872,0.9595776274800301,0.025895446248206767,0.9413047470152378,0.9744309484958649,0.952547925302159,0.9560180950976879,adequate
qwen25_vl_earthvqa,Qwen2.5-VL-7B,EarthVQA,25,26,non_significant_sdc,1723,315,1723,0,0.0,0.9581902492715741,0.9658691585063934,0.026701974189665856,0.9473336413502693,0.9768089279532433,0.9556845219875866,0.9605743413611003,adequate
qwen25_vl_earthvqa,Qwen2.5-VL-7B,EarthVQA,25,26,significant_sdc,224,85,127,97,0.4330357142857143,0.7180883477691297,0.6809788644313812,0.2306502144445042,0.6469948589801788,0.9448080211877823,0.6560295300355289,0.7708472754925929,adequate
qwen25_vl_earthvqa,Qwen2.5-VL-7B,EarthVQA,26,27,non_sdc,5540,375,5540,0,0.0,0.991897820831959,0.9935778826475143,0.0073540592149374685,0.9898195192217827,0.9958088174462318,0.9913207046443828,0.992414974176819,adequate
qwen25_vl_earthvqa,Qwen2.5-VL-7B,EarthVQA,26,27,non_significant_sdc,1723,315,1723,0,0.0,0.9921237600884047,0.9940031319856644,0.009544816765664288,0.9907430484890938,0.9960537999868393,0.9913603529341288,0.9927854712836424,adequate
qwen25_vl_earthvqa,Qwen2.5-VL-7B,EarthVQA,26,27,significant_sdc,224,83,123,101,0.4508928571428571,0.7369196662543024,0.6767889857292175,0.23174670031495886,0.6687386855483055,0.9867135360836983,0.6748092861258769,0.7909647059919586,adequate
qwen25_vl_lingoqa,Qwen2.5-VL-7B,LingoQA,0,1,non_sdc,5906,75,5906,0,0.0,0.8482347056761641,0.8810186684131622,0.07820273190835075,0.7969266772270203,0.9095154367387295,0.831546551748692,0.86413903974484,adequate
qwen25_vl_lingoqa,Qwen2.5-VL-7B,LingoQA,0,1,non_significant_sdc,1327,73,1327,0,0.0,0.8470560107506481,0.8816388845443726,0.08476163695226396,0.7706098705530167,0.9190922752022743,0.823690453803806,0.8694649152012118,adequate
qwen25_vl_lingoqa,Qwen2.5-VL-7B,LingoQA,0,1,significant_sdc,264,67,216,48,0.18181818181818177,0.550344857973633,0.4806901775300503,0.17029181283043268,0.4609988182783127,0.6967226788401604,0.48821398097948865,0.6006135904255734,adequate
qwen25_vl_lingoqa,Qwen2.5-VL-7B,LingoQA,1,2,non_sdc,5906,75,5906,0,0.0,0.8395824114304153,0.8627404123544693,0.07251627778314494,0.7910079658031464,0.8945974446833134,0.8244269397022541,0.854029085896633,adequate
qwen25_vl_lingoqa,Qwen2.5-VL-7B,LingoQA,1,2,non_significant_sdc,1327,73,1327,0,0.0,0.8371844696247362,0.8610380291938782,0.07847214950352252,0.7893273234367371,0.8955810591578484,0.8166336991040681,0.8564613717417714,adequate
qwen25_vl_lingoqa,Qwen2.5-VL-7B,LingoQA,1,2,significant_sdc,264,66,214,50,0.18939393939393945,0.3908874228429136,0.2519378950819373,0.2530210231297752,0.22455728380009532,0.7130059897899628,0.29724451811550134,0.46792022007517803,adequate
qwen25_vl_lingoqa,Qwen2.5-VL-7B,LingoQA,2,3,non_sdc,5906,75,5906,0,0.0,0.8128060100715553,0.8438694179058075,0.10377131695400725,0.7310988754034042,0.9004212021827698,0.790528177275942,0.8343032474279228,adequate
qwen25_vl_lingoqa,Qwen2.5-VL-7B,LingoQA,2,3,non_significant_sdc,1327,73,1327,0,0.0,0.8103896304235121,0.8739378303289413,0.1175014602599007,0.7232030630111694,0.9017802253365517,0.7763498084111795,0.8408580600752694,adequate
qwen25_vl_lingoqa,Qwen2.5-VL-7B,LingoQA,2,3,significant_sdc,264,67,212,52,0.19696969696969702,0.5035381008923616,0.4559680409729481,0.17963997680942168,0.439783051609993,0.5496882945299149,0.4390122214055463,0.5586060296632207,adequate
qwen25_vl_lingoqa,Qwen2.5-VL-7B,LingoQA,3,4,non_sdc,5906,75,5906,0,0.0,0.8273903310399526,0.8322428315877914,0.06280183288920337,0.7883857786655426,0.8836759477853775,0.8142781822613869,0.8398663233860539,adequate
qwen25_vl_lingoqa,Qwen2.5-VL-7B,LingoQA,3,4,non_significant_sdc,1327,73,1327,0,0.0,0.8223740536812202,0.8291116803884506,0.06651496749589383,0.7893372252583504,0.8729322105646133,0.8053858855229961,0.8384903286938253,adequate
qwen25_vl_lingoqa,Qwen2.5-VL-7B,LingoQA,3,4,significant_sdc,264,67,209,55,0.20833333333333337,0.6331729812650054,0.6313822567462921,0.14514825904930678,0.6026034876704216,0.6665869951248169,0.58944515698781,0.6704067025793297,adequate
qwen25_vl_lingoqa,Qwen2.5-VL-7B,LingoQA,4,5,non_sdc,5906,75,5906,0,0.0,0.811451277828372,0.8402053564786911,0.0850093044042037,0.7484963983297348,0.8764417096972466,0.7929467379703748,0.8285317009333919,adequate
qwen25_vl_lingoqa,Qwen2.5-VL-7B,LingoQA,4,5,non_significant_sdc,1327,73,1327,0,0.0,0.7969242775014067,0.8199766874313354,0.09428096772266024,0.7249840125441551,0.8736386597156525,0.7711549629632897,0.82090937496009,adequate
qwen25_vl_lingoqa,Qwen2.5-VL-7B,LingoQA,4,5,significant_sdc,264,67,205,59,0.2234848484848485,0.5329315944006894,0.4915195107460022,0.1759197777449599,0.4437270238995552,0.6724445223808289,0.4731790448128594,0.5800681386052514,adequate
qwen25_vl_lingoqa,Qwen2.5-VL-7B,LingoQA,5,6,non_sdc,5906,75,5906,0,0.0,0.8515617365362561,0.8623547330498695,0.05245684829306756,0.8158626556396484,0.8985344469547272,0.8408233444868929,0.862022441540917,adequate
qwen25_vl_lingoqa,Qwen2.5-VL-7B,LingoQA,5,6,non_significant_sdc,1327,73,1327,0,0.0,0.8534976858252655,0.8666371256113052,0.061813045035459466,0.819622628390789,0.9008581787347794,0.8389131191183647,0.8672177347980236,adequate
qwen25_vl_lingoqa,Qwen2.5-VL-7B,LingoQA,5,6,significant_sdc,264,67,202,62,0.23484848484848486,0.6086930820446388,0.6510497517883778,0.29701760721200143,0.6212991420179605,0.7758496589958668,0.530012024221691,0.6673925274536396,adequate
qwen25_vl_lingoqa,Qwen2.5-VL-7B,LingoQA,6,7,non_sdc,5906,75,5906,0,0.0,0.7308968405330429,0.7471828609704971,0.11090422642184677,0.6390110477805138,0.8261711783707142,0.7074849448816465,0.7535244341360006,adequate
qwen25_vl_lingoqa,Qwen2.5-VL-7B,LingoQA,6,7,non_significant_sdc,1327,73,1327,0,0.0,0.7202548061496807,0.74681057035923,0.11349368867242085,0.6443504132330418,0.7953536063432693,0.6906444538523197,0.7471159273324411,adequate
qwen25_vl_lingoqa,Qwen2.5-VL-7B,LingoQA,6,7,significant_sdc,264,66,204,60,0.2272727272727273,0.3447243205646016,0.3061273964121938,0.2139081796634257,0.2521611130796373,0.4557301625609398,0.2692553864197024,0.4100511278039156,adequate
qwen25_vl_lingoqa,Qwen2.5-VL-7B,LingoQA,7,8,non_sdc,5906,75,5906,0,0.0,0.7064027712307303,0.7075928300619125,0.1103138864175548,0.6403667964041233,0.7787818871438503,0.6825966848641929,0.7299139229469718,adequate
qwen25_vl_lingoqa,Qwen2.5-VL-7B,LingoQA,7,8,non_significant_sdc,1327,73,1327,0,0.0,0.6848943042607463,0.6842214018106461,0.11514150270110614,0.6131220236420631,0.7694777101278305,0.6562797475616294,0.7140914974416716,adequate
qwen25_vl_lingoqa,Qwen2.5-VL-7B,LingoQA,7,8,significant_sdc,264,63,197,67,0.2537878787878788,0.36723181132586474,0.3522447720170021,0.21068735132416352,0.2957817614078522,0.489676333963871,0.29679337034681197,0.4252911370258472,adequate
qwen25_vl_lingoqa,Qwen2.5-VL-7B,LingoQA,8,9,non_sdc,5906,75,5906,0,0.0,0.8156037982015517,0.8256782442331314,0.06000393726791161,0.7848114222288132,0.8543799817562103,0.8033578348082109,0.827345428523619,adequate
qwen25_vl_lingoqa,Qwen2.5-VL-7B,LingoQA,8,9,non_significant_sdc,1327,73,1327,0,0.0,0.8138207154382355,0.8226798921823502,0.06740581464625492,0.779285803437233,0.8620079904794693,0.7964949276857535,0.8297693108651084,adequate
qwen25_vl_lingoqa,Qwen2.5-VL-7B,LingoQA,8,9,significant_sdc,264,61,189,75,0.28409090909090906,0.5880122583522092,0.5880355387926102,0.19769604154575585,0.49842990189790726,0.7604392021894455,0.5204638671667582,0.6457834573367927,adequate
qwen25_vl_lingoqa,Qwen2.5-VL-7B,LingoQA,9,10,non_sdc,5906,75,5906,0,0.0,0.7953870347216901,0.7977146208286285,0.060313400026109285,0.7647489607334137,0.8394809514284134,0.7825428429804885,0.8073299334655567,adequate
qwen25_vl_lingoqa,Qwen2.5-VL-7B,LingoQA,9,10,non_significant_sdc,1327,73,1327,0,0.0,0.7872610983621966,0.7960208803415298,0.06447362261245564,0.757469467818737,0.8325670063495636,0.7715989041653376,0.8016652685978832,adequate
qwen25_vl_lingoqa,Qwen2.5-VL-7B,LingoQA,9,10,significant_sdc,264,60,186,78,0.2954545454545454,0.5020292534318287,0.5224464237689972,0.22700006554295776,0.44454771280288696,0.6880117654800415,0.42475335498521105,0.5608433575381189,adequate
qwen25_vl_lingoqa,Qwen2.5-VL-7B,LingoQA,10,11,non_sdc,5906,75,5906,0,0.0,0.7660818418713089,0.7761773094534874,0.08762797027475414,0.7310982421040535,0.8221025578677654,0.7467170417184639,0.7841718921630564,adequate
qwen25_vl_lingoqa,Qwen2.5-VL-7B,LingoQA,10,11,non_significant_sdc,1327,73,1327,0,0.0,0.7558465745516216,0.7646727412939072,0.09561812446019499,0.719226524233818,0.8221557214856148,0.7316202706584872,0.7785349738433214,adequate
qwen25_vl_lingoqa,Qwen2.5-VL-7B,LingoQA,10,11,significant_sdc,264,59,184,80,0.303030303030303,0.316662096560796,0.2584405657835305,0.3193693711065389,0.19496923149563372,0.649216715246439,0.19332952510247542,0.41530756971368893,adequate
qwen25_vl_lingoqa,Qwen2.5-VL-7B,LingoQA,11,12,non_sdc,5906,75,5906,0,0.0,0.7981298792220417,0.8003383576869965,0.0633008868940178,0.7632517218589783,0.8472089171409607,0.7844434943652848,0.8110408989357012,adequate
qwen25_vl_lingoqa,Qwen2.5-VL-7B,LingoQA,11,12,non_significant_sdc,1327,73,1327,0,0.0,0.7912440713812241,0.7960608154535294,0.0681797168614673,0.7575011551380157,0.8446483910083771,0.7724705269476241,0.8082084887039404,adequate
qwen25_vl_lingoqa,Qwen2.5-VL-7B,LingoQA,11,12,significant_sdc,264,60,180,84,0.31818181818181823,0.48383042120064296,0.5433925986289978,0.30302223313970955,0.43854311667382717,0.7246637605130672,0.38223940884366375,0.5606843445641767,adequate
qwen25_vl_lingoqa,Qwen2.5-VL-7B,LingoQA,12,13,non_sdc,5906,75,5906,0,0.0,0.8345693405231923,0.8449724316596985,0.06547439468106947,0.8078906536102295,0.8819729164242744,0.820303676907989,0.8478721457528793,adequate
qwen25_vl_lingoqa,Qwen2.5-VL-7B,LingoQA,12,13,non_significant_sdc,1327,73,1327,0,0.0,0.8281858797917127,0.8424239009618759,0.07267146295376736,0.7991247102618217,0.8808246999979019,0.8092622421603844,0.8463040435061558,adequate
qwen25_vl_lingoqa,Qwen2.5-VL-7B,LingoQA,12,13,significant_sdc,264,58,172,92,0.3484848484848485,0.5637212634860906,0.528671283274889,0.22175888981930936,0.3963110037147999,0.800075925886631,0.473550360764182,0.6337750790690017,adequate
qwen25_vl_lingoqa,Qwen2.5-VL-7B,LingoQA,13,14,non_sdc,5906,75,5906,0,0.0,0.8018163676978247,0.8120542019605637,0.0642253531295826,0.7604749947786331,0.851814791560173,0.7881787158831032,0.8151360418486133,adequate
qwen25_vl_lingoqa,Qwen2.5-VL-7B,LingoQA,13,14,non_significant_sdc,1327,73,1327,0,0.0,0.7950830396430423,0.7979419380426407,0.06802229109520126,0.7477272674441338,0.8528865948319435,0.7777377290798598,0.8123626329893308,adequate
qwen25_vl_lingoqa,Qwen2.5-VL-7B,LingoQA,13,14,significant_sdc,264,58,168,96,0.36363636363636365,0.4635992619691284,0.6436738073825836,0.4139895430220988,0.3801327124238014,0.712448351085186,0.3304334668741364,0.5605865072150896,adequate
qwen25_vl_lingoqa,Qwen2.5-VL-7B,LingoQA,14,15,non_sdc,5906,75,5906,0,0.0,0.8307090846350486,0.8424864187836647,0.053764345332235994,0.8003942705690861,0.8688050583004951,0.8191206002124312,0.8411681690501133,adequate
qwen25_vl_lingoqa,Qwen2.5-VL-7B,LingoQA,14,15,non_significant_sdc,1327,73,1327,0,0.0,0.8309750188375067,0.8453267514705658,0.0574803186593667,0.8025831058621407,0.8683577924966812,0.8185871092398451,0.8425650744659503,adequate
qwen25_vl_lingoqa,Qwen2.5-VL-7B,LingoQA,14,15,significant_sdc,264,58,172,92,0.3484848484848485,0.5410301147914102,0.6366541534662247,0.2943626433980817,0.45936618000268936,0.8069291859865189,0.43995790224141856,0.6189538990159142,adequate
qwen25_vl_lingoqa,Qwen2.5-VL-7B,LingoQA,15,16,non_sdc,5906,75,5906,0,0.0,0.7857721395797831,0.7955499440431595,0.07292474649368638,0.7479577846825123,0.8418482840061188,0.7700926450922254,0.8004393082606016,adequate
qwen25_vl_lingoqa,Qwen2.5-VL-7B,LingoQA,15,16,non_significant_sdc,1327,73,1327,0,0.0,0.7872344393062229,0.805268406867981,0.08360303215924267,0.7570714503526688,0.8436644449830055,0.7663632293416416,0.8054032561293878,adequate
qwen25_vl_lingoqa,Qwen2.5-VL-7B,LingoQA,15,16,significant_sdc,264,57,169,95,0.35984848484848486,0.44753923299639714,0.5839731767773628,0.3781574946920317,0.3638279512524605,0.7395376563072205,0.31508627592810085,0.549324125656685,adequate
qwen25_vl_lingoqa,Qwen2.5-VL-7B,LingoQA,16,17,non_sdc,5906,75,5906,0,0.0,0.7983737873311492,0.8082007169723511,0.06494954660009544,0.7725551724433899,0.8404991514980793,0.7843488395897422,0.8109952016253739,adequate
qwen25_vl_lingoqa,Qwen2.5-VL-7B,LingoQA,16,17,non_significant_sdc,1327,73,1327,0,0.0,0.801561796368179,0.8081151396036148,0.06506989618710461,0.7797207683324814,0.8442498818039894,0.7861328946417694,0.8154881615635282,adequate
qwen25_vl_lingoqa,Qwen2.5-VL-7B,LingoQA,16,17,significant_sdc,264,57,169,95,0.35984848484848486,0.3938953361457445,0.48981858044862747,0.40488117030148346,0.1036230674944818,0.7601803094148636,0.2419698475070264,0.5091024138359167,adequate
qwen25_vl_lingoqa,Qwen2.5-VL-7B,LingoQA,17,18,non_sdc,5906,75,5906,0,0.0,0.7738960205580152,0.7916286811232567,0.07503067265131176,0.7340608723461628,0.8299228921532631,0.7582181016715908,0.7886616839745114,adequate
qwen25_vl_lingoqa,Qwen2.5-VL-7B,LingoQA,17,18,non_significant_sdc,1327,73,1327,0,0.0,0.7669124857837667,0.7813920229673386,0.07319976695385919,0.7265579774975777,0.8233345448970795,0.7494999308415223,0.7841867833725905,adequate
qwen25_vl_lingoqa,Qwen2.5-VL-7B,LingoQA,17,18,significant_sdc,264,57,165,99,0.375,0.5185310621167336,0.5197138488292694,0.22872846948742723,0.388837069272995,0.7247091382741928,0.42842814644371174,0.5909860850047786,adequate
qwen25_vl_lingoqa,Qwen2.5-VL-7B,LingoQA,18,19,non_sdc,5906,75,5906,0,0.0,0.828715872650293,0.8368889689445496,0.04344497742588136,0.8040801025927067,0.858434047549963,0.8195635121232538,0.8371477090072967,adequate
qwen25_vl_lingoqa,Qwen2.5-VL-7B,LingoQA,18,19,non_significant_sdc,1327,73,1327,0,0.0,0.8206309406388588,0.8256388753652573,0.045990763096318,0.7908393666148186,0.8562171012163162,0.809262940814016,0.8316779246822557,adequate
qwen25_vl_lingoqa,Qwen2.5-VL-7B,LingoQA,18,19,significant_sdc,264,57,161,103,0.39015151515151514,0.6263012777296653,0.6846297085285187,0.19117708314285645,0.45800112932920456,0.7682545781135559,0.5655587501312322,0.67139478856863,adequate
qwen25_vl_lingoqa,Qwen2.5-VL-7B,LingoQA,19,20,non_sdc,5906,75,5906,0,0.0,0.7669616412753639,0.7767149433493614,0.07356328300896338,0.7314735241234303,0.8188505955040455,0.7509369859909456,0.7820861797123644,adequate
qwen25_vl_lingoqa,Qwen2.5-VL-7B,LingoQA,19,20,non_significant_sdc,1327,73,1327,0,0.0,0.7672387995639958,0.7695340067148209,0.07206951206964339,0.731630228459835,0.813766285777092,0.7485983224866817,0.7844468628348924,adequate
qwen25_vl_lingoqa,Qwen2.5-VL-7B,LingoQA,19,20,significant_sdc,264,56,157,107,0.4053030303030303,0.4672936510893807,0.6538778990507126,0.3614634716729516,0.029103595297783613,0.757824495434761,0.3534716882689667,0.5487697233393324,adequate
qwen25_vl_lingoqa,Qwen2.5-VL-7B,LingoQA,20,21,non_sdc,5906,75,5906,0,0.0,0.7964703080325101,0.8016178980469704,0.06742357914578974,0.7629411593079567,0.8423738479614258,0.7822580017820971,0.8094081434151335,adequate
qwen25_vl_lingoqa,Qwen2.5-VL-7B,LingoQA,20,21,non_significant_sdc,1327,73,1327,0,0.0,0.7895958530151629,0.7973567545413971,0.07123921651958139,0.7566205114126205,0.8416457623243332,0.7725999001889798,0.8056387079215892,adequate
qwen25_vl_lingoqa,Qwen2.5-VL-7B,LingoQA,20,21,significant_sdc,264,54,154,110,0.41666666666666663,0.5185932108736294,0.6432042308151722,0.2702973393318699,0.17270275577902794,0.7445197738707066,0.41712751792675323,0.5947663886065899,adequate
qwen25_vl_lingoqa,Qwen2.5-VL-7B,LingoQA,21,22,non_sdc,5906,75,5906,0,0.0,0.755303043037933,0.7600420266389847,0.09270453116513995,0.6953030154109001,0.8149101510643959,0.7357898408924228,0.7738748857330484,adequate
qwen25_vl_lingoqa,Qwen2.5-VL-7B,LingoQA,21,22,non_significant_sdc,1327,73,1327,0,0.0,0.7396354294285885,0.7428850531578064,0.08632352146099864,0.6808652952313423,0.793706402182579,0.7187512041540507,0.7609833789092382,adequate
qwen25_vl_lingoqa,Qwen2.5-VL-7B,LingoQA,21,22,significant_sdc,264,53,152,112,0.4242424242424242,0.3941780738287458,0.4883154910057783,0.31370328828074867,0.062040101969614625,0.6175744272768497,0.2654016689698794,0.48799986887152363,adequate
qwen25_vl_lingoqa,Qwen2.5-VL-7B,LingoQA,22,23,non_sdc,5906,75,5906,0,0.0,0.8355422294391158,0.8403195664286613,0.05603152394453046,0.8083315007388592,0.8705177940428257,0.8242949407584849,0.8461908695112951,adequate
qwen25_vl_lingoqa,Qwen2.5-VL-7B,LingoQA,22,23,non_significant_sdc,1327,73,1327,0,0.0,0.8240637957387251,0.8372503072023392,0.05779798188928243,0.7926849126815796,0.8640699982643127,0.8089820224841856,0.8388173825675315,adequate
qwen25_vl_lingoqa,Qwen2.5-VL-7B,LingoQA,22,23,significant_sdc,264,52,147,117,0.44318181818181823,0.6544881155365939,0.6899293437600136,0.17727464166847876,0.5238643735647202,0.8073743358254433,0.5883938756832529,0.7021161804541951,adequate
qwen25_vl_lingoqa,Qwen2.5-VL-7B,LingoQA,23,24,non_sdc,5906,75,5906,0,0.0,0.8072096236552216,0.809836745262146,0.06341458811029714,0.7762466967105865,0.8471793234348297,0.7950555838232762,0.8190833415539779,adequate
qwen25_vl_lingoqa,Qwen2.5-VL-7B,LingoQA,23,24,non_significant_sdc,1327,73,1327,0,0.0,0.8038621543462373,0.8153162747621536,0.0647164063311714,0.7640852332115173,0.845884159207344,0.7871969322082447,0.8194605620724097,adequate
qwen25_vl_lingoqa,Qwen2.5-VL-7B,LingoQA,23,24,significant_sdc,264,52,144,120,0.4545454545454546,0.6312467165092434,0.6188746094703674,0.1874160201238753,0.5540371611714363,0.7837982028722763,0.5624185134600446,0.6825875430019465,adequate
qwen25_vl_lingoqa,Qwen2.5-VL-7B,LingoQA,24,25,non_sdc,5906,75,5906,0,0.0,0.8227540461041848,0.8278383389115334,0.06658799005129405,0.793307077139616,0.871489841490984,0.8092148825994293,0.8356904297455652,adequate
qwen25_vl_lingoqa,Qwen2.5-VL-7B,LingoQA,24,25,non_significant_sdc,1327,73,1327,0,0.0,0.8195650464860047,0.8321688920259476,0.07513261369831886,0.7963912189006805,0.8694880902767181,0.8001999555867216,0.8371003836890357,adequate
qwen25_vl_lingoqa,Qwen2.5-VL-7B,LingoQA,24,25,significant_sdc,264,50,139,125,0.4734848484848485,0.6899839729144365,0.7149995416402817,0.1943213667588338,0.7016298100352287,0.8167695999145508,0.6229339141328458,0.7386792842962211,adequate
qwen25_vl_lingoqa,Qwen2.5-VL-7B,LingoQA,25,26,non_sdc,5906,75,5906,0,0.0,0.902828496789684,0.9101731479167938,0.044106081370796704,0.8797518685460091,0.9358904212713242,0.8946127191000856,0.9107846289318109,adequate
qwen25_vl_lingoqa,Qwen2.5-VL-7B,LingoQA,25,26,non_significant_sdc,1327,73,1327,0,0.0,0.9001166422310276,0.9059800356626511,0.044894098266216986,0.8757899329066277,0.9305150136351585,0.890256824608525,0.9098174297075198,adequate
qwen25_vl_lingoqa,Qwen2.5-VL-7B,LingoQA,25,26,significant_sdc,264,50,134,130,0.49242424242424243,0.661106753359382,0.6600266620516777,0.26273218912760105,0.5373210795223713,0.9011064134538174,0.5456718435537079,0.7390783675445015,adequate
qwen25_vl_lingoqa,Qwen2.5-VL-7B,LingoQA,26,27,non_sdc,5906,75,5906,0,0.0,0.9809984347735407,0.9841574504971504,0.022766307216065616,0.9779641442000866,0.9891304112970829,0.9772010934017659,0.9839444832149995,adequate
qwen25_vl_lingoqa,Qwen2.5-VL-7B,LingoQA,26,27,non_significant_sdc,1327,73,1327,0,0.0,0.9802845381509117,0.9830514639616013,0.019611934606614673,0.9777543693780899,0.9883327782154083,0.9770126550129953,0.9831881833290619,adequate
qwen25_vl_lingoqa,Qwen2.5-VL-7B,LingoQA,26,27,significant_sdc,264,49,126,138,0.5227272727272727,0.7817054401698803,0.7005167081952095,0.21811200287024834,0.6702065579593182,0.9773742407560349,0.6899732159040061,0.839475400964322,adequate
qwen25_vl_vqav2,Qwen2.5-VL-7B,VQAv2,0,1,non_sdc,6331,133,6331,0,0.0,0.8167271400423138,0.834876537322998,0.08989117267698617,0.7737914323806763,0.8893792033195496,0.8086728808155095,0.8247932202088638,adequate
qwen25_vl_vqav2,Qwen2.5-VL-7B,VQAv2,0,1,non_significant_sdc,911,112,911,0,0.0,0.8244318654736864,0.8460763692855835,0.09137619602948603,0.7882733792066574,0.8943410888314247,0.8115556881194697,0.8368409416074094,adequate
qwen25_vl_vqav2,Qwen2.5-VL-7B,VQAv2,0,1,significant_sdc,258,89,199,59,0.22868217054263562,0.5060248208018504,0.4821946248412132,0.1476759172628218,0.45935971289873123,0.49925803765654564,0.4742097304492382,0.5388906215995954,adequate
qwen25_vl_vqav2,Qwen2.5-VL-7B,VQAv2,1,2,non_sdc,6331,133,6331,0,0.0,0.8154577699292329,0.8365386873483658,0.07618553173799206,0.7675371617078781,0.8737156838178635,0.8083636768608929,0.8221805712276808,adequate
qwen25_vl_vqav2,Qwen2.5-VL-7B,VQAv2,1,2,non_significant_sdc,911,112,911,0,0.0,0.8265526543674324,0.8496707379817963,0.07476692904200752,0.7830438911914825,0.8798705637454987,0.8161376101161746,0.8369772587480611,adequate
qwen25_vl_vqav2,Qwen2.5-VL-7B,VQAv2,1,2,significant_sdc,258,89,197,61,0.23643410852713176,0.3632421470507223,0.2939858138561249,0.1831115817976458,0.27928351983428,0.31967979297041893,0.32155994811453303,0.4073558382827377,adequate
qwen25_vl_vqav2,Qwen2.5-VL-7B,VQAv2,2,3,non_sdc,6331,133,6331,0,0.0,0.7752218537721254,0.8021884262561798,0.11036832888292443,0.7167481780052185,0.8636118173599243,0.7662988391797606,0.7837881255936462,adequate
qwen25_vl_vqav2,Qwen2.5-VL-7B,VQAv2,2,3,non_significant_sdc,911,112,911,0,0.0,0.7893890725474967,0.8232333809137344,0.10910607258632886,0.7288388088345528,0.8734476417303085,0.7747829790016302,0.8038727877013062,adequate
qwen25_vl_vqav2,Qwen2.5-VL-7B,VQAv2,2,3,significant_sdc,258,87,196,62,0.24031007751937983,0.4531517492189091,0.42993414029479027,0.15451718007866708,0.41245236434042454,0.4522031098604202,0.42158657327384086,0.48551869551659316,adequate
qwen25_vl_vqav2,Qwen2.5-VL-7B,VQAv2,3,4,non_sdc,6331,133,6331,0,0.0,0.7702574209206502,0.7895887941122055,0.07975356255522292,0.7344016581773758,0.8286547660827637,0.7640943833122137,0.7763831240676037,adequate
qwen25_vl_vqav2,Qwen2.5-VL-7B,VQAv2,3,4,non_significant_sdc,911,112,911,0,0.0,0.7755186523427042,0.7969735115766525,0.08630485840488447,0.743068017065525,0.8306692019104958,0.7639284363161254,0.7866696395104411,adequate
qwen25_vl_vqav2,Qwen2.5-VL-7B,VQAv2,3,4,significant_sdc,258,84,192,66,0.2558139534883721,0.5730153875774704,0.5771489851176739,0.14351743712073148,0.5579799730330706,0.6098647154867649,0.5475531422653672,0.5967993622954022,adequate
qwen25_vl_vqav2,Qwen2.5-VL-7B,VQAv2,4,5,non_sdc,6331,133,6331,0,0.0,0.7526001887721472,0.7696456909179688,0.09250433167349528,0.6933257579803467,0.8273784518241882,0.7445182453946586,0.7603437585093805,adequate
qwen25_vl_vqav2,Qwen2.5-VL-7B,VQAv2,4,5,non_significant_sdc,911,112,911,0,0.0,0.7645912896143187,0.7857298851013184,0.09736962857540044,0.7097912505269051,0.8357393965125084,0.7497743132226332,0.778105961915608,adequate
qwen25_vl_vqav2,Qwen2.5-VL-7B,VQAv2,4,5,significant_sdc,258,85,188,70,0.2713178294573644,0.4995287889916061,0.5033338367938995,0.16060373348612472,0.46187904849648476,0.5315613318234682,0.4628331461575695,0.5349086343033057,adequate
qwen25_vl_vqav2,Qwen2.5-VL-7B,VQAv2,5,6,non_sdc,6331,133,6331,0,0.0,0.8405577419324238,0.8593423217535019,0.060950632811326434,0.8187764212489128,0.8825594112277031,0.8355781889899699,0.8452283483465737,adequate
qwen25_vl_vqav2,Qwen2.5-VL-7B,VQAv2,5,6,non_significant_sdc,911,112,911,0,0.0,0.8465480582350358,0.8625902533531189,0.06426079977850783,0.8325108140707016,0.8839919939637184,0.8392544406656349,0.853467798558767,adequate
qwen25_vl_vqav2,Qwen2.5-VL-7B,VQAv2,5,6,significant_sdc,258,84,184,74,0.28682170542635654,0.5626264392850462,0.6132074519991875,0.25407561287792046,0.5922875069081783,0.6309397649019957,0.5184950904513383,0.6033177935104659,adequate
qwen25_vl_vqav2,Qwen2.5-VL-7B,VQAv2,6,7,non_sdc,6331,133,6331,0,0.0,0.6531782266884919,0.6779963970184326,0.138711355764398,0.5847694426774979,0.7513387724757195,0.6406313263287434,0.6657810923634373,adequate
qwen25_vl_vqav2,Qwen2.5-VL-7B,VQAv2,6,7,non_significant_sdc,911,112,911,0,0.0,0.6608258743771784,0.6962578594684601,0.1316469703458372,0.5964813604950905,0.7590907961130142,0.643145561175959,0.6773989048482026,adequate
qwen25_vl_vqav2,Qwen2.5-VL-7B,VQAv2,6,7,significant_sdc,258,85,185,73,0.2829457364341085,0.4004994158863786,0.42977549135684967,0.17826982077413392,0.3914201259613037,0.4596026763319969,0.36409919056588597,0.43412416837746876,adequate
qwen25_vl_vqav2,Qwen2.5-VL-7B,VQAv2,7,8,non_sdc,6331,133,6331,0,0.0,0.6429823031876025,0.6620238795876503,0.10632711652176101,0.5883321203291416,0.7198725938796997,0.6325652198726153,0.6529462164512327,adequate
qwen25_vl_vqav2,Qwen2.5-VL-7B,VQAv2,7,8,non_significant_sdc,911,112,911,0,0.0,0.6456842775566677,0.6648546010255814,0.10941981443930687,0.5813863761723042,0.7246388643980026,0.6279983900608023,0.6624352621362389,adequate
qwen25_vl_vqav2,Qwen2.5-VL-7B,VQAv2,7,8,significant_sdc,258,83,182,76,0.2945736434108527,0.37918361250802385,0.4446040652692318,0.20778662473923695,0.3328596903011203,0.4959823274984956,0.34478652366654233,0.4116603435386538,adequate
qwen25_vl_vqav2,Qwen2.5-VL-7B,VQAv2,8,9,non_sdc,6331,133,6331,0,0.0,0.7139841993145181,0.7285709530115128,0.10541902299479662,0.6608147621154785,0.7920576259493828,0.7040979238599973,0.7233878539368978,adequate
qwen25_vl_vqav2,Qwen2.5-VL-7B,VQAv2,8,9,non_significant_sdc,911,112,911,0,0.0,0.7335324171680767,0.7450187504291534,0.09708290888736752,0.6815919354557991,0.7994098514318466,0.7213519997390474,0.7447394786526661,adequate
qwen25_vl_vqav2,Qwen2.5-VL-7B,VQAv2,8,9,significant_sdc,258,85,181,77,0.29844961240310075,0.4358846802499427,0.4561387524008751,0.19785302803962257,0.3341784439980984,0.5399590134620667,0.39473616329066036,0.47642295946990626,adequate
qwen25_vl_vqav2,Qwen2.5-VL-7B,VQAv2,9,10,non_sdc,6331,133,6331,0,0.0,0.7165467846431165,0.729438379406929,0.0712666427154773,0.6777860671281815,0.7685398161411285,0.7101219248220847,0.722426477413246,adequate
qwen25_vl_vqav2,Qwen2.5-VL-7B,VQAv2,9,10,non_significant_sdc,911,112,911,0,0.0,0.7184434791463244,0.7313595861196518,0.072555118162399,0.6808619052171707,0.7719468176364899,0.7084739427603848,0.7275981363163948,adequate
qwen25_vl_vqav2,Qwen2.5-VL-7B,VQAv2,9,10,significant_sdc,258,85,181,77,0.29844961240310075,0.44217724691772864,0.517081506550312,0.23068440714662422,0.4552939161658287,0.5565463975071907,0.397056940879859,0.4835630376358507,adequate
qwen25_vl_vqav2,Qwen2.5-VL-7B,VQAv2,10,11,non_sdc,6331,133,6331,0,0.0,0.6578745003950132,0.6814494431018829,0.10581325259303587,0.604953832924366,0.7297970727086067,0.6480031569477372,0.6667870117106849,adequate
qwen25_vl_vqav2,Qwen2.5-VL-7B,VQAv2,10,11,non_significant_sdc,911,112,911,0,0.0,0.6662643851553547,0.6915743499994278,0.09400226597217723,0.6146902665495872,0.7327507436275482,0.6544137369569408,0.6781817870119203,adequate
qwen25_vl_vqav2,Qwen2.5-VL-7B,VQAv2,10,11,significant_sdc,258,82,173,85,0.3294573643410853,0.29329949560210017,0.3349238373339176,0.22949889975230414,0.2594975174870342,0.3823914723470807,0.2421188204052552,0.3417883905877106,adequate
qwen25_vl_vqav2,Qwen2.5-VL-7B,VQAv2,11,12,non_sdc,6331,133,6331,0,0.0,0.7467842097606245,0.758981242775917,0.07086087994930199,0.7098830193281174,0.7982654497027397,0.7394552681039781,0.7537409194688038,adequate
qwen25_vl_vqav2,Qwen2.5-VL-7B,VQAv2,11,12,non_significant_sdc,911,112,911,0,0.0,0.7499551187302445,0.7669759690761566,0.07084249118601343,0.7135987766087055,0.8017407804727554,0.7398347539677166,0.7594735509277942,adequate
qwen25_vl_vqav2,Qwen2.5-VL-7B,VQAv2,11,12,significant_sdc,258,82,171,87,0.33720930232558144,0.3904798071555518,0.5038343369960785,0.294247399078133,0.3087384030222893,0.5521124452352524,0.33115449937954855,0.44522714848174555,adequate
qwen25_vl_vqav2,Qwen2.5-VL-7B,VQAv2,12,13,non_sdc,6331,133,6331,0,0.0,0.7295398176494733,0.7437601685523987,0.08890414408327367,0.6837609335780144,0.7927542626857758,0.7209221275008383,0.7381504102947831,adequate
qwen25_vl_vqav2,Qwen2.5-VL-7B,VQAv2,12,13,non_significant_sdc,911,112,911,0,0.0,0.7354782995025184,0.7527229338884354,0.09664430622282687,0.6953975893557072,0.8003083691000938,0.7210629596893134,0.7495433257637159,adequate
qwen25_vl_vqav2,Qwen2.5-VL-7B,VQAv2,12,13,significant_sdc,258,80,165,93,0.36046511627906974,0.41173061407547473,0.5413802787661552,0.3052365611657531,0.15523260831832886,0.5823970213532448,0.3526112239926127,0.469708769510765,adequate
qwen25_vl_vqav2,Qwen2.5-VL-7B,VQAv2,13,14,non_sdc,6331,133,6331,0,0.0,0.7368577452411692,0.7439901530742645,0.0720288593828044,0.7001228556036949,0.7879066318273544,0.7309707847207281,0.742853784878646,adequate
qwen25_vl_vqav2,Qwen2.5-VL-7B,VQAv2,13,14,non_significant_sdc,911,112,911,0,0.0,0.7374699919471266,0.7427443116903305,0.07383410778004798,0.7043462544679642,0.7898347452282906,0.7273823473465792,0.7479792021565135,adequate
qwen25_vl_vqav2,Qwen2.5-VL-7B,VQAv2,13,14,significant_sdc,258,80,162,96,0.37209302325581395,0.2856134637220621,0.48972392454743385,0.4489113733286261,-0.3111428637057543,0.5665141958743334,0.1970576458926328,0.3665839258292884,adequate
qwen25_vl_vqav2,Qwen2.5-VL-7B,VQAv2,14,15,non_sdc,6331,133,6331,0,0.0,0.7831984977936384,0.792360246181488,0.06287810019180252,0.7466303408145905,0.82988640666008,0.7772292428359766,0.7892305399895887,adequate
qwen25_vl_vqav2,Qwen2.5-VL-7B,VQAv2,14,15,non_significant_sdc,911,112,911,0,0.0,0.7902536242409717,0.8065139800310135,0.06556025700681582,0.7521152943372726,0.8401183187961578,0.7809318084980964,0.7993992652569504,adequate
qwen25_vl_vqav2,Qwen2.5-VL-7B,VQAv2,14,15,significant_sdc,258,80,160,98,0.3798449612403101,0.4082666394145539,0.5019037425518036,0.261478334506439,0.07952703256160021,0.587055467069149,0.3547000311465867,0.4613062047391413,adequate
qwen25_vl_vqav2,Qwen2.5-VL-7B,VQAv2,15,16,non_sdc,6331,133,6331,0,0.0,0.6586542575933596,0.6677334383130074,0.08895611136410056,0.6065770611166954,0.7225688472390175,0.6498077059210401,0.6673023769527027,adequate
qwen25_vl_vqav2,Qwen2.5-VL-7B,VQAv2,15,16,non_significant_sdc,911,112,911,0,0.0,0.6649869022215521,0.6734225153923035,0.09068468819016788,0.6072890087962151,0.7366983890533447,0.6509049300394004,0.6789722733536726,adequate
qwen25_vl_vqav2,Qwen2.5-VL-7B,VQAv2,15,16,significant_sdc,258,77,148,110,0.4263565891472868,0.21913068318479434,0.4680129177868366,0.4444688735577053,-0.29691112227737904,0.5322000216692686,0.1342058910368485,0.30013929031411946,adequate
qwen25_vl_vqav2,Qwen2.5-VL-7B,VQAv2,16,17,non_sdc,6331,133,6331,0,0.0,0.6862856288386244,0.6993822306394577,0.0958885004596623,0.6231966018676758,0.757073350250721,0.6778983701442555,0.694491135951538,adequate
qwen25_vl_vqav2,Qwen2.5-VL-7B,VQAv2,16,17,non_significant_sdc,911,112,911,0,0.0,0.7064692110192621,0.7291294783353806,0.09329291655715587,0.6471862476319075,0.7767484560608864,0.6920623863546553,0.720723615374848,adequate
qwen25_vl_vqav2,Qwen2.5-VL-7B,VQAv2,16,17,significant_sdc,258,78,149,109,0.42248062015503873,0.10981801902912808,0.23533229809254408,0.425598171577892,-0.3867248073220253,0.37768443301320076,0.012650916866985143,0.19897861876203746,adequate
qwen25_vl_vqav2,Qwen2.5-VL-7B,VQAv2,17,18,non_sdc,6331,133,6331,0,0.0,0.6720563373947179,0.6834212392568588,0.0923549285956584,0.6252480372786522,0.7342804595828056,0.6636741037159428,0.6804578254501664,adequate
qwen25_vl_vqav2,Qwen2.5-VL-7B,VQAv2,17,18,non_significant_sdc,911,112,911,0,0.0,0.6668180724574566,0.6754556745290756,0.10193889228417077,0.6170087642967701,0.737600103020668,0.6504055529604752,0.6817436166838993,adequate
qwen25_vl_vqav2,Qwen2.5-VL-7B,VQAv2,17,18,significant_sdc,258,75,141,117,0.4534883720930233,0.4335979441528695,0.4323926642537117,0.1813197213691214,0.32491636276245117,0.5583894699811935,0.39203075001267124,0.4742227290166611,adequate
qwen25_vl_vqav2,Qwen2.5-VL-7B,VQAv2,18,19,non_sdc,6331,133,6331,0,0.0,0.7446863481135805,0.7509183436632156,0.060280777161106844,0.7115625813603401,0.7870780751109123,0.7378331213478571,0.7518572423640789,adequate
qwen25_vl_vqav2,Qwen2.5-VL-7B,VQAv2,18,19,non_significant_sdc,911,112,911,0,0.0,0.7480190002570386,0.7572144418954849,0.0581674553622855,0.7174671962857246,0.7858414724469185,0.7405220742858845,0.7558374455364877,adequate
qwen25_vl_vqav2,Qwen2.5-VL-7B,VQAv2,18,19,significant_sdc,258,75,143,115,0.44573643410852715,0.5455465090128925,0.5821729600429535,0.1745738712096123,0.3994012661278248,0.6838235706090927,0.5063592534471097,0.5808987245131705,adequate
qwen25_vl_vqav2,Qwen2.5-VL-7B,VQAv2,19,20,non_sdc,6331,133,6331,0,0.0,0.6383534142887664,0.6519752740859985,0.08859077953927125,0.5902458354830742,0.6996737370888393,0.6282193075421175,0.6481954416492786,adequate
qwen25_vl_vqav2,Qwen2.5-VL-7B,VQAv2,19,20,non_significant_sdc,911,112,911,0,0.0,0.6427577326297106,0.6468114256858826,0.08667694143067112,0.5779652036726475,0.7126070559024811,0.6296068204740574,0.6552714874455017,adequate
qwen25_vl_vqav2,Qwen2.5-VL-7B,VQAv2,19,20,significant_sdc,258,74,136,122,0.4728682170542635,0.4000011140146229,0.4397272331019243,0.22780016597136782,0.2098454972729087,0.6181333735585213,0.3459460687832736,0.4479747735873504,adequate
qwen25_vl_vqav2,Qwen2.5-VL-7B,VQAv2,20,21,non_sdc,6331,133,6331,0,0.0,0.654554566357158,0.6686691641807556,0.1121694655866934,0.604144774377346,0.7302473783493042,0.6445716078413953,0.6636260250150313,adequate
qwen25_vl_vqav2,Qwen2.5-VL-7B,VQAv2,20,21,non_significant_sdc,911,112,911,0,0.0,0.6685972553631853,0.6884781718254089,0.10788764203460678,0.6114915087819099,0.7456585168838501,0.6536112491483539,0.683780777315038,adequate
qwen25_vl_vqav2,Qwen2.5-VL-7B,VQAv2,20,21,significant_sdc,258,72,133,125,0.4844961240310077,0.49737877458016516,0.5127145498991013,0.1744516992981602,0.43610257655382156,0.6300235837697983,0.46857505679919237,0.5244787388298262,adequate
qwen25_vl_vqav2,Qwen2.5-VL-7B,VQAv2,21,22,non_sdc,6331,133,6331,0,0.0,0.5740842269925766,0.5799994617700577,0.08785512747457366,0.5150644890964031,0.6392410174012184,0.5644433056662466,0.5830738621389175,adequate
qwen25_vl_vqav2,Qwen2.5-VL-7B,VQAv2,21,22,non_significant_sdc,911,112,911,0,0.0,0.5750205053600622,0.5818609520792961,0.08614369487099895,0.5147345326840878,0.6361700221896172,0.5627073141796378,0.5867955906482658,adequate
qwen25_vl_vqav2,Qwen2.5-VL-7B,VQAv2,21,22,significant_sdc,258,71,126,132,0.5116279069767442,0.1947171476730589,0.02853388898074627,0.27945939594702923,-0.051143227610737085,0.473828487098217,0.12021150207127544,0.26467546499200184,adequate
qwen25_vl_vqav2,Qwen2.5-VL-7B,VQAv2,22,23,non_sdc,6331,133,6331,0,0.0,0.7393965655864239,0.7492014914751053,0.07403976490934192,0.6972476914525032,0.7920584231615067,0.7315060435626708,0.7469285367585929,adequate
qwen25_vl_vqav2,Qwen2.5-VL-7B,VQAv2,22,23,non_significant_sdc,911,112,911,0,0.0,0.7456053244329967,0.7530200034379959,0.07566126280364631,0.7048307955265045,0.7996257171034813,0.7343012126344298,0.7563344318462624,adequate
qwen25_vl_vqav2,Qwen2.5-VL-7B,VQAv2,22,23,significant_sdc,258,70,127,131,0.5077519379844961,0.6143748549514713,0.5940945595502853,0.1256756161677757,0.5632251426577568,0.6841572001576424,0.583561187602361,0.643627711407597,adequate
qwen25_vl_vqav2,Qwen2.5-VL-7B,VQAv2,23,24,non_sdc,6331,133,6331,0,0.0,0.6862423712475846,0.6952408850193024,0.09029258184948155,0.6332982629537582,0.748522974550724,0.6768285702276068,0.6954501448173493,adequate
qwen25_vl_vqav2,Qwen2.5-VL-7B,VQAv2,23,24,non_significant_sdc,911,112,911,0,0.0,0.6899669419938649,0.7090897262096405,0.08875148781721369,0.6386056244373322,0.7571934759616852,0.6748547920430437,0.7035328000543607,adequate
qwen25_vl_vqav2,Qwen2.5-VL-7B,VQAv2,23,24,significant_sdc,258,70,125,133,0.5155038759689923,0.5414630526776116,0.5364928245544434,0.12227076773066536,0.5016359239816666,0.5567901283502579,0.5048593985141279,0.575315038435207,adequate
qwen25_vl_vqav2,Qwen2.5-VL-7B,VQAv2,24,25,non_sdc,6331,133,6331,0,0.0,0.7141437146849748,0.7226817160844803,0.07538476474469741,0.6694863736629486,0.7693876773118973,0.7040110738329418,0.7229678272530864,adequate
qwen25_vl_vqav2,Qwen2.5-VL-7B,VQAv2,24,25,non_significant_sdc,911,112,911,0,0.0,0.7288677685291252,0.7398604303598404,0.07357267732377376,0.6826254166662693,0.7785638198256493,0.7164936391534595,0.7407666584919527,adequate
qwen25_vl_vqav2,Qwen2.5-VL-7B,VQAv2,24,25,significant_sdc,258,67,121,137,0.5310077519379846,0.7433204465332767,0.8039391189813614,0.13699718809147476,0.7090322226285934,0.8167097568511963,0.7167858221159068,0.7699536348421614,adequate
qwen25_vl_vqav2,Qwen2.5-VL-7B,VQAv2,25,26,non_sdc,6331,133,6331,0,0.0,0.8376667214623137,0.8484777212142944,0.06476816885718328,0.8036053106188774,0.8838003575801849,0.8297814514214102,0.84493475404852,adequate
qwen25_vl_vqav2,Qwen2.5-VL-7B,VQAv2,25,26,non_significant_sdc,911,112,911,0,0.0,0.8483882393951038,0.8553763628005981,0.06408825185344459,0.8172702118754387,0.8985041156411171,0.8380574110867594,0.8580491618593944,adequate
qwen25_vl_vqav2,Qwen2.5-VL-7B,VQAv2,25,26,significant_sdc,258,66,119,139,0.5387596899224807,0.6264803856174287,0.6029267609119415,0.17381806858629242,0.570829264819622,0.6934435367584229,0.5822401421723506,0.6685153755379422,adequate
qwen25_vl_vqav2,Qwen2.5-VL-7B,VQAv2,26,27,non_sdc,6331,133,6331,0,0.0,0.9626266446757913,0.9732191264629364,0.03991800874947313,0.964019387960434,0.9790831953287125,0.9584844327003493,0.9662685582144904,adequate
qwen25_vl_vqav2,Qwen2.5-VL-7B,VQAv2,26,27,non_significant_sdc,911,112,911,0,0.0,0.9617516159853003,0.9727088958024979,0.03903526973336171,0.9598078653216362,0.9793650284409523,0.9561823420627041,0.9666458502846808,adequate
qwen25_vl_vqav2,Qwen2.5-VL-7B,VQAv2,26,27,significant_sdc,258,64,115,143,0.5542635658914729,0.7029329678991918,0.6969286501407623,0.23728283240709708,0.6813176050782204,0.7271926924586296,0.6450173325477372,0.755115744437836,adequate
internvl3_earthvqa,InternVL3-8B,EarthVQA,0,1,non_sdc,5364,375,5364,0,0.0,0.9209094583949298,0.9321912229061127,0.04381718804881997,0.9004843086004257,0.9566534459590912,0.9177706413344638,0.9239616855386185,adequate
internvl3_earthvqa,InternVL3-8B,EarthVQA,0,1,non_significant_sdc,1685,313,1685,0,0.0,0.9189462879998748,0.9324600398540497,0.0504787201423352,0.9001399874687195,0.9566051363945007,0.9137795574825243,0.9236525252377267,adequate
internvl3_earthvqa,InternVL3-8B,EarthVQA,0,1,significant_sdc,436,248,417,19,0.04357798165137616,0.44297115966159517,0.42477356642484665,0.09975916736424645,0.4134565591812134,0.4348768815398216,0.42956296669348615,0.45847600600621935,adequate
internvl3_earthvqa,InternVL3-8B,EarthVQA,1,2,non_sdc,5364,375,5364,0,0.0,0.9026337451836973,0.9130843579769135,0.042491875073772514,0.8929738253355026,0.9321815371513367,0.8992721180206884,0.9058946669943883,adequate
internvl3_earthvqa,InternVL3-8B,EarthVQA,1,2,non_significant_sdc,1685,313,1685,0,0.0,0.8981821374519996,0.913360208272934,0.05821082390721989,0.8909355252981186,0.932969331741333,0.891540544723777,0.9039678921204001,adequate
internvl3_earthvqa,InternVL3-8B,EarthVQA,1,2,significant_sdc,436,247,413,23,0.05275229357798161,0.33741454139601396,0.31867755204439163,0.11945381881909035,0.3044336065649986,0.3308164030313492,0.32169065053112694,0.3553385815058309,adequate
internvl3_earthvqa,InternVL3-8B,EarthVQA,2,3,non_sdc,5364,375,5364,0,0.0,0.899932104614296,0.9089507311582565,0.050720839653388604,0.8787456601858139,0.9450795352458954,0.8958743076030731,0.9038738421007257,adequate
internvl3_earthvqa,InternVL3-8B,EarthVQA,2,3,non_significant_sdc,1685,313,1685,0,0.0,0.8973305692260626,0.9071517735719681,0.0596651795630666,0.8787456601858139,0.9456634521484375,0.8912550155011799,0.9031042128620557,adequate
internvl3_earthvqa,InternVL3-8B,EarthVQA,2,3,significant_sdc,436,246,405,31,0.07110091743119262,0.3372394718229771,0.316954892128706,0.10996378737724583,0.30600353330373764,0.32699699327349663,0.32260902748750714,0.35429287459585146,adequate
internvl3_earthvqa,InternVL3-8B,EarthVQA,3,4,non_sdc,5364,375,5364,0,0.0,0.9268964298852872,0.934740424156189,0.033256352932092954,0.9183695912361145,0.9476224035024643,0.9240805099265561,0.9295507551807339,adequate
internvl3_earthvqa,InternVL3-8B,EarthVQA,3,4,non_significant_sdc,1685,313,1685,0,0.0,0.9243129131746222,0.9345296323299408,0.04390899990035958,0.916777029633522,0.9467543661594391,0.9194817239620406,0.928540182114082,adequate
internvl3_earthvqa,InternVL3-8B,EarthVQA,3,4,significant_sdc,436,246,399,37,0.08486238532110091,0.4909634105931211,0.48641490191221237,0.1182927566502372,0.47090739384293556,0.5009158737957478,0.47655831653564945,0.5060998310854424,adequate
internvl3_earthvqa,InternVL3-8B,EarthVQA,4,5,non_sdc,5364,375,5364,0,0.0,0.9148939286249618,0.929726779460907,0.03690180381650897,0.8967885673046112,0.9388155192136765,0.9117591506798263,0.9178618478803544,adequate
internvl3_earthvqa,InternVL3-8B,EarthVQA,4,5,non_significant_sdc,1685,313,1685,0,0.0,0.9103483339495272,0.9276861697435379,0.05456591969177321,0.8958589434623718,0.9393554329872131,0.9040102949280939,0.9157240045520718,adequate
internvl3_earthvqa,InternVL3-8B,EarthVQA,4,5,significant_sdc,436,240,388,48,0.11009174311926606,0.35143286745860863,0.33917976543307304,0.12852260040294888,0.31746748369187117,0.35144199524074793,0.3351831911974112,0.3698337676840808,adequate
internvl3_earthvqa,InternVL3-8B,EarthVQA,5,6,non_sdc,5364,375,5364,0,0.0,0.9304389061335416,0.9374595582485199,0.03034027235535419,0.9218387603759766,0.9492012895643711,0.9279679017805513,0.9327889300263928,adequate
internvl3_earthvqa,InternVL3-8B,EarthVQA,5,6,non_significant_sdc,1685,313,1685,0,0.0,0.9278958215248337,0.9361817985773087,0.03935412161182986,0.9166227430105209,0.949544295668602,0.9241428938036489,0.9314180141813831,adequate
internvl3_earthvqa,InternVL3-8B,EarthVQA,5,6,significant_sdc,436,238,378,58,0.1330275229357798,0.5309038448403712,0.550575215369463,0.1801810306306576,0.5354745537042618,0.5610592048615217,0.5095334538329808,0.550628469297323,adequate
internvl3_earthvqa,InternVL3-8B,EarthVQA,6,7,non_sdc,5364,375,5364,0,0.0,0.8959604177782333,0.8993498086929321,0.05508983291258115,0.8778454661369324,0.9336923062801361,0.8912004045251454,0.9003852622940437,adequate
internvl3_earthvqa,InternVL3-8B,EarthVQA,6,7,non_significant_sdc,1685,313,1685,0,0.0,0.8912416675368473,0.898897111415863,0.07214233029792362,0.8746263384819031,0.9338691234588623,0.8834319411194096,0.8981891962343092,adequate
internvl3_earthvqa,InternVL3-8B,EarthVQA,6,7,significant_sdc,436,236,368,68,0.15596330275229353,0.3534465369631779,0.3650510534644127,0.12916536426650826,0.3043434415012598,0.3905419148504734,0.33730412967956236,0.37099919524924424,adequate
internvl3_earthvqa,InternVL3-8B,EarthVQA,7,8,non_sdc,5364,375,5364,0,0.0,0.9103627607440278,0.9188090786337852,0.04033284944179192,0.8901194781064987,0.9394966214895248,0.9070902851298006,0.9135024465035986,adequate
internvl3_earthvqa,InternVL3-8B,EarthVQA,7,8,non_significant_sdc,1685,313,1685,0,0.0,0.9053219937672424,0.917476236820221,0.05613027089632854,0.8847619593143463,0.9404345750808716,0.899694043137743,0.9106053347043747,adequate
internvl3_earthvqa,InternVL3-8B,EarthVQA,7,8,significant_sdc,436,232,354,82,0.18807339449541283,0.2757610441185534,0.26418465189635754,0.1632097779078304,0.22514271643012762,0.288170681335032,0.25549617348497566,0.297895177597516,adequate
internvl3_earthvqa,InternVL3-8B,EarthVQA,8,9,non_sdc,5364,375,5364,0,0.0,0.9097562487529539,0.9163905382156372,0.043487053202685824,0.8904397375881672,0.9392964914441109,0.9060843087133573,0.9133685182079129,adequate
internvl3_earthvqa,InternVL3-8B,EarthVQA,8,9,non_significant_sdc,1685,313,1685,0,0.0,0.9088209967275401,0.9150503724813461,0.04819596037558691,0.889765277504921,0.9398449510335922,0.9035694328800955,0.9137865053388837,adequate
internvl3_earthvqa,InternVL3-8B,EarthVQA,8,9,significant_sdc,436,229,344,92,0.21100917431192656,0.34887184574658614,0.31998635455965996,0.13569992346403872,0.29592111613601446,0.3541970644146204,0.3300245535854795,0.3699566898585963,adequate
internvl3_earthvqa,InternVL3-8B,EarthVQA,9,10,non_sdc,5364,375,5364,0,0.0,0.906790838428925,0.9146702513098717,0.03367334211893337,0.8901300616562366,0.9315110705792904,0.9037586553950585,0.9098349793151692,adequate
internvl3_earthvqa,InternVL3-8B,EarthVQA,9,10,non_significant_sdc,1685,313,1685,0,0.0,0.9060330724371293,0.913939356803894,0.037545558307666545,0.8898633569478989,0.9310996979475021,0.9016691979724519,0.9100017695133173,adequate
internvl3_earthvqa,InternVL3-8B,EarthVQA,9,10,significant_sdc,436,226,335,101,0.231651376146789,0.4909429813202341,0.5058789253234863,0.14518256502040955,0.49129893630743027,0.5353248231112957,0.47491638281512993,0.5063759388241755,adequate
internvl3_earthvqa,InternVL3-8B,EarthVQA,10,11,non_sdc,5364,375,5364,0,0.0,0.9020771786437205,0.9101358205080032,0.04427882910016299,0.8746228069067001,0.936056524515152,0.8983858867450397,0.905694386620933,adequate
internvl3_earthvqa,InternVL3-8B,EarthVQA,10,11,non_significant_sdc,1685,313,1685,0,0.0,0.8994683273600895,0.9101283103227615,0.0531102069708027,0.8702505528926849,0.9368836730718613,0.8934403989524696,0.9046738743137084,adequate
internvl3_earthvqa,InternVL3-8B,EarthVQA,10,11,significant_sdc,436,223,326,110,0.2522935779816514,0.09810716200025718,0.061145188519731164,0.18885898405836846,0.04560019797645509,0.07915197033435106,0.07108853946029783,0.1276815833462843,adequate
internvl3_earthvqa,InternVL3-8B,EarthVQA,11,12,non_sdc,5364,375,5364,0,0.0,0.9092688471270555,0.9122662544250488,0.04099667881600303,0.8897786140441895,0.9382829256355762,0.9058812951502514,0.9126400674637354,adequate
internvl3_earthvqa,InternVL3-8B,EarthVQA,11,12,non_significant_sdc,1685,313,1685,0,0.0,0.9080481816072139,0.9142560064792633,0.04842870357075248,0.8891414105892181,0.9398108124732971,0.9027556782632025,0.912933082415899,adequate
internvl3_earthvqa,InternVL3-8B,EarthVQA,11,12,significant_sdc,436,214,305,131,0.3004587155963303,0.23367155951669163,0.22343273181468248,0.17860302776034506,0.19364036433398724,0.2570976377464831,0.20970877561971596,0.25893211606225336,adequate
internvl3_earthvqa,InternVL3-8B,EarthVQA,12,13,non_sdc,5364,375,5364,0,0.0,0.9008015942975801,0.909789577126503,0.046764275465200913,0.8820526972413063,0.9309672117233276,0.89656867040731,0.9048940959674592,adequate
internvl3_earthvqa,InternVL3-8B,EarthVQA,12,13,non_significant_sdc,1685,313,1685,0,0.0,0.8975978127307637,0.9092192649841309,0.059362336487637724,0.8809064626693726,0.9319941699504852,0.890001179198731,0.9039811460705482,adequate
internvl3_earthvqa,InternVL3-8B,EarthVQA,12,13,significant_sdc,436,208,294,142,0.32568807339449546,0.35886140970899694,0.3835207186639309,0.17181107213349037,0.36587514728307724,0.3980068825185299,0.33656237458700416,0.38111595743773563,adequate
internvl3_earthvqa,InternVL3-8B,EarthVQA,13,14,non_sdc,5364,375,5364,0,0.0,0.8918237556994384,0.901023805141449,0.043562532780405686,0.872521385550499,0.9242439791560173,0.8880459582506376,0.8953140988015719,adequate
internvl3_earthvqa,InternVL3-8B,EarthVQA,13,14,non_significant_sdc,1685,313,1685,0,0.0,0.8899644863490535,0.8987919390201569,0.052927767337522656,0.8750244826078415,0.9272299110889435,0.8833549299385244,0.8956051426766133,adequate
internvl3_earthvqa,InternVL3-8B,EarthVQA,13,14,significant_sdc,436,204,286,150,0.34403669724770647,0.3325694374227788,0.4063943699002266,0.25665972464696973,0.3592637814581394,0.436752749606967,0.3022483043842473,0.3612063589789904,adequate
internvl3_earthvqa,InternVL3-8B,EarthVQA,14,15,non_sdc,5364,375,5364,0,0.0,0.8939803274158086,0.9004863500595093,0.04470104336474349,0.8703869432210922,0.9216455183923244,0.8900740788664737,0.8977731398167185,adequate
internvl3_earthvqa,InternVL3-8B,EarthVQA,14,15,non_significant_sdc,1685,313,1685,0,0.0,0.8933596330686564,0.9038267582654953,0.0504003853903617,0.8726625591516495,0.9213942885398865,0.8878637615244777,0.8985511727335697,adequate
internvl3_earthvqa,InternVL3-8B,EarthVQA,14,15,significant_sdc,436,197,271,165,0.37844036697247707,0.42184150170335527,0.5164666026830673,0.23533872408044684,0.4094413295388222,0.5455649718642235,0.39449722658479164,0.4484366899446322,adequate
internvl3_earthvqa,InternVL3-8B,EarthVQA,15,16,non_sdc,5364,375,5364,0,0.0,0.8743637226783101,0.8854149430990219,0.05599143966063256,0.8499524593353271,0.9095228910446167,0.8692752598727806,0.8792201465289572,adequate
internvl3_earthvqa,InternVL3-8B,EarthVQA,15,16,non_significant_sdc,1685,313,1685,0,0.0,0.8731712023918282,0.8853678107261658,0.0631169167806137,0.8532658219337463,0.9101058393716812,0.8662104563171716,0.8797962308766925,adequate
internvl3_earthvqa,InternVL3-8B,EarthVQA,15,16,significant_sdc,436,192,261,175,0.4013761467889908,0.11443993741721344,0.15225438540801406,0.2538200844792418,0.11095791310071945,0.18328738119453192,0.07862562827461615,0.15075291437339366,adequate
internvl3_earthvqa,InternVL3-8B,EarthVQA,16,17,non_sdc,5364,375,5364,0,0.0,0.856989030465817,0.8675477057695389,0.06158796147057453,0.8222828805446625,0.9059362895786762,0.8517226439370482,0.8619651148963213,adequate
internvl3_earthvqa,InternVL3-8B,EarthVQA,16,17,non_significant_sdc,1685,313,1685,0,0.0,0.85617756580033,0.8666810095310211,0.06524354892241349,0.8226025104522705,0.9070302695035934,0.8490918579965254,0.8628447508440148,adequate
internvl3_earthvqa,InternVL3-8B,EarthVQA,16,17,significant_sdc,436,186,251,185,0.42431192660550454,0.15712533847417726,0.23665736243128777,0.27664084935427674,0.0,0.28305849619209766,0.11994249909476193,0.19401488242927425,adequate
internvl3_earthvqa,InternVL3-8B,EarthVQA,17,18,non_sdc,5364,375,5364,0,0.0,0.8606395590300328,0.8694316819310188,0.06028295620374506,0.830013707280159,0.8975519053637981,0.8551074310112406,0.8659119113495517,adequate
internvl3_earthvqa,InternVL3-8B,EarthVQA,17,18,non_significant_sdc,1685,313,1685,0,0.0,0.8610689512301977,0.8688559383153915,0.06200283126814689,0.835966095328331,0.8966214507818222,0.8543756306866015,0.8675212921857087,adequate
internvl3_earthvqa,InternVL3-8B,EarthVQA,17,18,significant_sdc,436,176,235,201,0.46100917431192656,0.35908609718242857,0.3456447869539261,0.16721773854793445,0.3016211558133364,0.40947615914046764,0.33335847119719086,0.3843978114561554,adequate
internvl3_earthvqa,InternVL3-8B,EarthVQA,18,19,non_sdc,5364,375,5364,0,0.0,0.895509379230423,0.8967859297990799,0.044820024836617726,0.8722481206059456,0.933320663869381,0.8917774748948673,0.8990110620396762,adequate
internvl3_earthvqa,InternVL3-8B,EarthVQA,18,19,non_significant_sdc,1685,313,1685,0,0.0,0.8937429998103165,0.8987298905849457,0.05446418741213538,0.8711908310651779,0.9367709904909134,0.8878650852276668,0.8991365449601597,adequate
internvl3_earthvqa,InternVL3-8B,EarthVQA,18,19,significant_sdc,436,174,230,206,0.47247706422018354,0.27237961337010824,0.28539655171334743,0.19758996725292843,0.09157831780612469,0.35025124344974756,0.2413498459212225,0.3046663656960439,adequate
internvl3_earthvqa,InternVL3-8B,EarthVQA,19,20,non_sdc,5364,375,5364,0,0.0,0.8623025291998669,0.8723127394914627,0.0653190150890238,0.8263459205627441,0.9075441062450409,0.8570703115283034,0.8672542100756044,adequate
internvl3_earthvqa,InternVL3-8B,EarthVQA,19,20,non_significant_sdc,1685,313,1685,0,0.0,0.8604094827719011,0.8726112842559814,0.06995627816366044,0.8220049142837524,0.9060284644365311,0.8528881763984617,0.8675648112692291,adequate
internvl3_earthvqa,InternVL3-8B,EarthVQA,19,20,significant_sdc,436,167,218,218,0.5,0.09202834077546834,0.17575762351043522,0.34637336073740116,-0.31033038161695004,0.34806675743311644,0.04201660736866875,0.1415751056664172,adequate
internvl3_earthvqa,InternVL3-8B,EarthVQA,20,21,non_sdc,5364,375,5364,0,0.0,0.8710588595519463,0.8874183893203735,0.07154886573116646,0.8312604948878288,0.9287870638072491,0.8648975486056406,0.8769978890426952,adequate
internvl3_earthvqa,InternVL3-8B,EarthVQA,20,21,non_significant_sdc,1685,313,1685,0,0.0,0.8699995395625204,0.8923370987176895,0.07696718617418931,0.8311727643013,0.923285499215126,0.8614907303806155,0.8777568898437514,adequate
internvl3_earthvqa,InternVL3-8B,EarthVQA,20,21,significant_sdc,436,164,212,224,0.5137614678899083,0.32279804005300766,0.2971341721713543,0.15160532220655054,0.26207759603857994,0.3594581186771393,0.29789070239145493,0.34859672401422775,adequate
internvl3_earthvqa,InternVL3-8B,EarthVQA,21,22,non_sdc,5364,375,5364,0,0.0,0.8919216205763904,0.8990832790732384,0.06648520669674989,0.8605563193559647,0.9386218450963497,0.8859270075134311,0.897680172595695,adequate
internvl3_earthvqa,InternVL3-8B,EarthVQA,21,22,non_significant_sdc,1685,313,1685,0,0.0,0.8907995767957733,0.9054591506719589,0.07289328652978627,0.8636381328105927,0.9388689994812012,0.8823001327184834,0.8985759507531698,adequate
internvl3_earthvqa,InternVL3-8B,EarthVQA,21,22,significant_sdc,436,155,197,239,0.5481651376146789,0.2885275291639038,0.21584947034716606,0.17437071983956243,0.2004203461110592,0.35527805611491203,0.2582637993107371,0.31955081240222877,adequate
internvl3_earthvqa,InternVL3-8B,EarthVQA,22,23,non_sdc,5364,375,5364,0,0.0,0.9028523548962486,0.9092892855405807,0.06219331505593274,0.873733788728714,0.9535145908594131,0.8976480856926919,0.9078353946395809,adequate
internvl3_earthvqa,InternVL3-8B,EarthVQA,22,23,non_significant_sdc,1685,313,1685,0,0.0,0.9041206713550302,0.9126808941364288,0.06551494393539603,0.8804891556501389,0.9547545909881592,0.8971180525998,0.910562730213534,adequate
internvl3_earthvqa,InternVL3-8B,EarthVQA,22,23,significant_sdc,436,143,181,255,0.5848623853211009,0.39694385428768864,0.4064241126179695,0.16986756776982329,0.31230566278100014,0.42120445519685745,0.3641018775794779,0.43063359160860837,adequate
internvl3_earthvqa,InternVL3-8B,EarthVQA,23,24,non_sdc,5364,375,5364,0,0.0,0.899180696935495,0.904754601418972,0.057158986703276404,0.8687818571925163,0.9436955004930496,0.8941456289516987,0.9040373023911871,adequate
internvl3_earthvqa,InternVL3-8B,EarthVQA,23,24,non_significant_sdc,1685,313,1685,0,0.0,0.8994470642785644,0.90998375415802,0.062179174416493975,0.8667977303266525,0.9439795613288879,0.8929397921400576,0.9055615525774003,adequate
internvl3_earthvqa,InternVL3-8B,EarthVQA,23,24,significant_sdc,436,136,171,265,0.6077981651376148,0.47416600517449325,0.5059451907873154,0.1789941932768222,0.41416916623711586,0.5554988011717796,0.44302236957334074,0.5045894115158527,adequate
internvl3_earthvqa,InternVL3-8B,EarthVQA,24,25,non_sdc,5364,375,5364,0,0.0,0.9106426808599725,0.9173533990979195,0.05076290534465778,0.8824066929519176,0.9433129876852036,0.9062640129513796,0.9148921332289653,adequate
internvl3_earthvqa,InternVL3-8B,EarthVQA,24,25,non_significant_sdc,1685,313,1685,0,0.0,0.9089433129158324,0.9154966026544571,0.05684224257646027,0.8821329027414322,0.9434110075235367,0.9032209228341161,0.9143724991338996,adequate
internvl3_earthvqa,InternVL3-8B,EarthVQA,24,25,significant_sdc,436,126,158,278,0.6376146788990826,0.5597520909018673,0.6028437837958336,0.17094718968847886,0.5218066070228815,0.6131468564271927,0.529152613526435,0.5879485686061104,adequate
internvl3_earthvqa,InternVL3-8B,EarthVQA,25,26,non_sdc,5364,375,5364,0,0.0,0.9422115439647707,0.9509909749031067,0.03306499052643761,0.9242767132818699,0.9688593335449696,0.9394113039460924,0.94492266498551,adequate
internvl3_earthvqa,InternVL3-8B,EarthVQA,25,26,non_significant_sdc,1685,313,1685,0,0.0,0.942684789597767,0.9545832127332687,0.03984296659632137,0.9265452772378922,0.968780443072319,0.9391265853874771,0.9460010397335301,adequate
internvl3_earthvqa,InternVL3-8B,EarthVQA,25,26,significant_sdc,436,122,151,285,0.6536697247706422,0.4419563937568359,0.41624122858047485,0.2048399737399749,0.33693066984415054,0.5113551951944828,0.40086813076581596,0.4823855621657536,adequate
internvl3_earthvqa,InternVL3-8B,EarthVQA,26,27,non_sdc,5364,375,5364,0,0.0,0.9907207516682495,0.9925751313567162,0.007011704869196886,0.9869856163859367,0.9967455677688122,0.9901843790629841,0.9912350698444511,adequate
internvl3_earthvqa,InternVL3-8B,EarthVQA,26,27,non_significant_sdc,1685,313,1685,0,0.0,0.990416092162493,0.9927158653736115,0.011792577459380874,0.9872279614210129,0.9966786354780197,0.9895732754508308,0.9911968119113229,adequate
internvl3_earthvqa,InternVL3-8B,EarthVQA,26,27,significant_sdc,436,115,141,295,0.676605504587156,0.5982334630824757,0.6050142049789429,0.24002846365694633,0.5984912365674973,0.6159136444330215,0.5499599682446626,0.6436661335874638,adequate
internvl3_lingoqa,InternVL3-8B,LingoQA,0,1,non_sdc,5762,75,5762,0,0.0,0.8607110838609121,0.8844222277402878,0.08657526082771766,0.8049424886703491,0.9383042752742767,0.8409936395642318,0.8788107651124634,adequate
internvl3_lingoqa,InternVL3-8B,LingoQA,0,1,non_significant_sdc,1293,70,1293,0,0.0,0.8236661710922606,0.8203525096178055,0.08784159569837303,0.7520760595798492,0.9075383841991425,0.8032596349469463,0.8451909418636998,adequate
internvl3_lingoqa,InternVL3-8B,LingoQA,0,1,significant_sdc,433,75,422,11,0.025404157043879882,0.5890270822805075,0.6057066023349762,0.09704901747437815,0.5851809177547693,0.6171046271920204,0.5777053436380989,0.5987896504853601,adequate
internvl3_lingoqa,InternVL3-8B,LingoQA,1,2,non_sdc,5762,75,5762,0,0.0,0.847767326360163,0.8732661008834839,0.07750856382122398,0.781610757112503,0.9125315099954605,0.8303612924743837,0.863794385808455,adequate
internvl3_lingoqa,InternVL3-8B,LingoQA,1,2,non_significant_sdc,1293,70,1293,0,0.0,0.8194211235778422,0.8330767452716827,0.07681160163257225,0.7584143579006195,0.8868059813976288,0.8025501197096402,0.8381112249649605,adequate
internvl3_lingoqa,InternVL3-8B,LingoQA,1,2,significant_sdc,433,75,412,21,0.0484988452655889,0.3793828257594655,0.3783008363097906,0.08029097621543589,0.3685149475932121,0.39021541830152273,0.37045525733229345,0.3886256089126913,adequate
internvl3_lingoqa,InternVL3-8B,LingoQA,2,3,non_sdc,5762,75,5762,0,0.0,0.8162420552310555,0.8442195504903793,0.11598273076836921,0.7145128846168518,0.9143944755196571,0.7903578790754345,0.8415485074279625,adequate
internvl3_lingoqa,InternVL3-8B,LingoQA,2,3,non_significant_sdc,1293,70,1293,0,0.0,0.7696985504334275,0.7711653709411621,0.11903848781460806,0.6825242042541504,0.8698448091745377,0.7390519885904312,0.8015043109623914,adequate
internvl3_lingoqa,InternVL3-8B,LingoQA,2,3,significant_sdc,433,74,405,28,0.0646651270207852,0.36500684236072833,0.36979616433382034,0.07360840330136444,0.3586338125169277,0.37817543372511864,0.3561883679886856,0.37408399528166264,adequate
internvl3_lingoqa,InternVL3-8B,LingoQA,3,4,non_sdc,5762,75,5762,0,0.0,0.8614542516273618,0.879634752869606,0.058694896663982025,0.8202080130577087,0.9046980142593384,0.8485339912687334,0.8740990139149412,adequate
internvl3_lingoqa,InternVL3-8B,LingoQA,3,4,non_significant_sdc,1293,70,1293,0,0.0,0.8406030163745132,0.8478533327579498,0.0627561133515739,0.7984866350889206,0.8934327065944672,0.8260356069772212,0.8559105026391798,adequate
internvl3_lingoqa,InternVL3-8B,LingoQA,3,4,significant_sdc,433,75,398,35,0.0808314087759815,0.6329968583362935,0.6744506880640984,0.15402646838810127,0.6616546027362347,0.6860087662935257,0.6154937388041805,0.6489563764829003,adequate
internvl3_lingoqa,InternVL3-8B,LingoQA,4,5,non_sdc,5762,75,5762,0,0.0,0.8133289111937833,0.837450698018074,0.08851401727106582,0.7645502127707005,0.8790124505758286,0.7933521116454152,0.8319833062741424,adequate
internvl3_lingoqa,InternVL3-8B,LingoQA,4,5,non_significant_sdc,1293,70,1293,0,0.0,0.7844432319031145,0.800191193819046,0.09344600535626262,0.732410654425621,0.8607669621706009,0.7630217244959885,0.8067872050545183,adequate
internvl3_lingoqa,InternVL3-8B,LingoQA,4,5,significant_sdc,433,75,386,47,0.10854503464203236,0.4327186399255276,0.4574795439839363,0.1155435338100818,0.44261277094483376,0.4699628967791796,0.4212183530262101,0.44363782376989397,adequate
internvl3_lingoqa,InternVL3-8B,LingoQA,5,6,non_sdc,5762,75,5762,0,0.0,0.8589462456524538,0.8784666806459427,0.0584193071042154,0.8080517202615738,0.9017361551523209,0.8458713300877152,0.8714678458755545,adequate
internvl3_lingoqa,InternVL3-8B,LingoQA,5,6,non_significant_sdc,1293,70,1293,0,0.0,0.8407250757272263,0.8485393673181534,0.05809293490580751,0.8012371808290482,0.8896517902612686,0.8267638588441588,0.8546803727065081,adequate
internvl3_lingoqa,InternVL3-8B,LingoQA,5,6,significant_sdc,433,75,376,57,0.13163972286374137,0.571269293032101,0.6309116035699844,0.2322785086243486,0.6200911197811365,0.6504996120929718,0.5469285214352445,0.5943458343856092,adequate
internvl3_lingoqa,InternVL3-8B,LingoQA,6,7,non_sdc,5762,75,5762,0,0.0,0.7417110944828177,0.7532022148370743,0.1033835302640648,0.6775080561637878,0.8104726523160934,0.7185685062655763,0.7641478667342685,adequate
internvl3_lingoqa,InternVL3-8B,LingoQA,6,7,non_significant_sdc,1293,70,1293,0,0.0,0.7175506917199398,0.7421738505363464,0.09854113765284644,0.6644308120012283,0.7945052683353424,0.6927995004561595,0.7418114184883716,adequate
internvl3_lingoqa,InternVL3-8B,LingoQA,6,7,significant_sdc,433,75,366,67,0.15473441108545039,0.29650990760890267,0.30835396237671375,0.1084722471184147,0.2775058411061764,0.34135743975639343,0.2833898297651741,0.30961509132946075,adequate
internvl3_lingoqa,InternVL3-8B,LingoQA,7,8,non_sdc,5762,75,5762,0,0.0,0.7159497762387906,0.7164919078350067,0.10341086839392734,0.6526376157999039,0.8043664246797562,0.6924737489554856,0.7387294805366397,adequate
internvl3_lingoqa,InternVL3-8B,LingoQA,7,8,non_significant_sdc,1293,70,1293,0,0.0,0.7006686396352307,0.6978607922792435,0.0929527144996935,0.6528404802083969,0.7825280129909515,0.6782868035670732,0.7225982650344209,adequate
internvl3_lingoqa,InternVL3-8B,LingoQA,7,8,significant_sdc,433,75,360,73,0.1685912240184757,0.36192512339394955,0.42144665867090225,0.17739843897810192,0.3792630825191736,0.4455920234322548,0.3410046805377641,0.38164428370878417,adequate
internvl3_lingoqa,InternVL3-8B,LingoQA,8,9,non_sdc,5762,75,5762,0,0.0,0.7860585548990936,0.7913250103592873,0.07228570953915911,0.7509885393083096,0.8289201855659485,0.7701642220129579,0.8015690048670144,adequate
internvl3_lingoqa,InternVL3-8B,LingoQA,8,9,non_significant_sdc,1293,70,1293,0,0.0,0.7681084724009175,0.78065986931324,0.06925876216527999,0.7233937978744507,0.8196061253547668,0.7511325145218104,0.7844127725831066,adequate
internvl3_lingoqa,InternVL3-8B,LingoQA,8,9,significant_sdc,433,75,344,89,0.20554272517321015,0.5279266611276313,0.5420367568731308,0.134706359502897,0.484447842463851,0.5968722961843014,0.5063567458204549,0.5491463828515568,adequate
internvl3_lingoqa,InternVL3-8B,LingoQA,9,10,non_sdc,5762,75,5762,0,0.0,0.7777610913498333,0.7867434173822403,0.07043974708939749,0.740465871989727,0.8208141624927521,0.7619269168048746,0.7930859081690208,adequate
internvl3_lingoqa,InternVL3-8B,LingoQA,9,10,non_significant_sdc,1293,70,1293,0,0.0,0.7679082663313465,0.7781020998954773,0.06637742062334562,0.7417306303977966,0.8096959143877029,0.7520620486583005,0.7827031367975681,adequate
internvl3_lingoqa,InternVL3-8B,LingoQA,9,10,significant_sdc,433,75,332,101,0.233256351039261,0.43715551454736573,0.4878488890826702,0.16054435587082125,0.44993656873703003,0.5239031799137592,0.4187955999309145,0.4553864462347935,adequate
internvl3_lingoqa,InternVL3-8B,LingoQA,10,11,non_sdc,5762,75,5762,0,0.0,0.7427560136301449,0.7471125572919846,0.07246956654250082,0.697965607047081,0.7888162583112717,0.7271192032936502,0.7579196907396284,adequate
internvl3_lingoqa,InternVL3-8B,LingoQA,10,11,non_significant_sdc,1293,70,1293,0,0.0,0.7302464757731209,0.7347498834133148,0.07508332391191466,0.6778426319360733,0.7822106927633286,0.7119797802371491,0.7490456938640832,adequate
internvl3_lingoqa,InternVL3-8B,LingoQA,10,11,significant_sdc,433,75,320,113,0.26096997690531176,0.09976208056298977,0.14239674620330334,0.19163613350562256,0.06073815992567688,0.18240188481286168,0.07499937423404841,0.12429292444289843,adequate
internvl3_lingoqa,InternVL3-8B,LingoQA,11,12,non_sdc,5762,75,5762,0,0.0,0.745178832184085,0.7469726055860519,0.06781435876382287,0.706893615424633,0.7898511178791523,0.7300853360620826,0.759749910422929,adequate
internvl3_lingoqa,InternVL3-8B,LingoQA,11,12,non_significant_sdc,1293,70,1293,0,0.0,0.7530582379506525,0.7498950660228729,0.07445722726971864,0.7174707055091858,0.8120014667510986,0.7337799339197091,0.7718699747257747,adequate
internvl3_lingoqa,InternVL3-8B,LingoQA,11,12,significant_sdc,433,75,311,122,0.2817551963048499,0.408393725446632,0.4709550216794014,0.17677631857964857,0.3877455722540617,0.5161139816045761,0.38468434049513206,0.4307202055513348,adequate
internvl3_lingoqa,InternVL3-8B,LingoQA,12,13,non_sdc,5762,75,5762,0,0.0,0.7855688394207335,0.7955191284418106,0.05853443653359151,0.7616663575172424,0.8202362209558487,0.77185076522402,0.7979217097807363,adequate
internvl3_lingoqa,InternVL3-8B,LingoQA,12,13,non_significant_sdc,1293,70,1293,0,0.0,0.7704840033601074,0.7850749343633652,0.06319829438257457,0.7402403503656387,0.8136297166347504,0.7540965108995482,0.7858641793516576,adequate
internvl3_lingoqa,InternVL3-8B,LingoQA,12,13,significant_sdc,433,75,299,134,0.30946882217090066,0.4015057367306938,0.44580117613077164,0.16914642345135034,0.3305175304412842,0.5175668857991695,0.37832885654791343,0.4238239480987379,adequate
internvl3_lingoqa,InternVL3-8B,LingoQA,13,14,non_sdc,5762,75,5762,0,0.0,0.7621432237937421,0.778750479221344,0.07326952514938544,0.7175267264246941,0.8119738437235355,0.7456526246787282,0.77806362752419,adequate
internvl3_lingoqa,InternVL3-8B,LingoQA,13,14,non_significant_sdc,1293,70,1293,0,0.0,0.7556219230833112,0.7705504298210144,0.06542971705657849,0.7139159739017487,0.8014455884695053,0.7396290475542254,0.7708968278006043,adequate
internvl3_lingoqa,InternVL3-8B,LingoQA,13,14,significant_sdc,433,75,292,141,0.32563510392609696,0.31575111151124313,0.46572820097208023,0.31969868103964566,0.04979790444485843,0.5215815082192421,0.27642765458675655,0.35314446641715846,adequate
internvl3_lingoqa,InternVL3-8B,LingoQA,14,15,non_sdc,5762,75,5762,0,0.0,0.7886067509278785,0.7977736294269562,0.05187259847431913,0.7648428045213223,0.8248392529785633,0.7769513863287892,0.7994684424036818,adequate
internvl3_lingoqa,InternVL3-8B,LingoQA,14,15,non_significant_sdc,1293,70,1293,0,0.0,0.7916177518706127,0.7974401712417603,0.04368906242260467,0.7683831602334976,0.8221389353275299,0.7813974153489678,0.8017932207760503,adequate
internvl3_lingoqa,InternVL3-8B,LingoQA,14,15,significant_sdc,433,75,277,156,0.36027713625866054,0.44474325754044286,0.5236387252807617,0.19495253505684948,0.25453270971775055,0.5813537463545799,0.41764930500753383,0.4715728972940189,adequate
internvl3_lingoqa,InternVL3-8B,LingoQA,15,16,non_sdc,5762,75,5762,0,0.0,0.7252686267313947,0.7352598085999489,0.07491026479888153,0.683752965182066,0.7740803211927414,0.7087186953910266,0.7405484931743554,adequate
internvl3_lingoqa,InternVL3-8B,LingoQA,15,16,non_significant_sdc,1293,70,1293,0,0.0,0.7300210018791344,0.7412302047014236,0.07105763279177538,0.6819033175706863,0.7818618714809418,0.7109838174787132,0.747980925259904,adequate
internvl3_lingoqa,InternVL3-8B,LingoQA,15,16,significant_sdc,433,75,272,161,0.371824480369515,0.25757974309518056,0.40560948476195335,0.3184351516382492,-0.20569861121475697,0.5069791674613953,0.21517840732593657,0.2988552719173409,adequate
internvl3_lingoqa,InternVL3-8B,LingoQA,16,17,non_sdc,5762,75,5762,0,0.0,0.6943665557437185,0.6942998468875885,0.07807566584763953,0.6439542323350906,0.742709044367075,0.6772750341142779,0.7110230658816178,adequate
internvl3_lingoqa,InternVL3-8B,LingoQA,16,17,non_significant_sdc,1293,70,1293,0,0.0,0.6987059764097295,0.6961489468812943,0.07419554090443105,0.6641897708177567,0.7363194674253464,0.6809835981192579,0.715956633171092,adequate
internvl3_lingoqa,InternVL3-8B,LingoQA,16,17,significant_sdc,433,73,251,182,0.4203233256351039,0.10963762974908271,0.18973136134445667,0.22355936970984142,-0.13566039688885212,0.23741187620908022,0.08086731223769893,0.1393069234242663,adequate
internvl3_lingoqa,InternVL3-8B,LingoQA,17,18,non_sdc,5762,75,5762,0,0.0,0.6889468621176819,0.7037748694419861,0.07522911285373077,0.6336938664317131,0.7454311810433865,0.6724695396005733,0.7049994599901496,adequate
internvl3_lingoqa,InternVL3-8B,LingoQA,17,18,non_significant_sdc,1293,70,1293,0,0.0,0.6790679421323392,0.68808613717556,0.07421312144824935,0.630308136343956,0.7340573221445084,0.6637506126153185,0.6945207882022956,adequate
internvl3_lingoqa,InternVL3-8B,LingoQA,17,18,significant_sdc,433,73,240,193,0.4457274826789839,0.3025156870717183,0.37500330805778503,0.1834638702585369,0.1647479897364974,0.42302314564585686,0.2784710149650191,0.3271731260954394,adequate
internvl3_lingoqa,InternVL3-8B,LingoQA,18,19,non_sdc,5762,75,5762,0,0.0,0.7740975255945084,0.7793381661176682,0.0528115919074156,0.743874654173851,0.807906486093998,0.7632260586127224,0.7845570057119632,adequate
internvl3_lingoqa,InternVL3-8B,LingoQA,18,19,non_significant_sdc,1293,70,1293,0,0.0,0.7792701196827265,0.7888372242450714,0.05023175820292111,0.7567487508058548,0.811108410358429,0.7665197085352713,0.790652732942582,adequate
internvl3_lingoqa,InternVL3-8B,LingoQA,18,19,significant_sdc,433,73,232,201,0.46420323325635104,0.30269755681925825,0.43929752334952354,0.25181676056461694,0.018801161902956665,0.5088788289576769,0.2705412486472208,0.3355660346499622,adequate
internvl3_lingoqa,InternVL3-8B,LingoQA,19,20,non_sdc,5762,75,5762,0,0.0,0.6690253538345606,0.6795381158590317,0.09382075191833655,0.6187985353171825,0.7273174487054348,0.6483584894853329,0.6894160608836397,adequate
internvl3_lingoqa,InternVL3-8B,LingoQA,19,20,non_significant_sdc,1293,70,1293,0,0.0,0.6764599412063113,0.6819114238023758,0.08310396626313893,0.6309227049350739,0.7367085367441177,0.6552251057131812,0.6962141119690404,adequate
internvl3_lingoqa,InternVL3-8B,LingoQA,19,20,significant_sdc,433,73,217,216,0.4988452655889145,0.16728131750637176,0.3186992332339287,0.273926230147576,-0.10093218646943569,0.3866158127784729,0.13018374396141302,0.20617753706662997,adequate
internvl3_lingoqa,InternVL3-8B,LingoQA,20,21,non_sdc,5762,75,5762,0,0.0,0.7154211932531416,0.7207355499267578,0.08200091425568068,0.6599237732589245,0.773233275860548,0.6975614316917566,0.7332209260689642,adequate
internvl3_lingoqa,InternVL3-8B,LingoQA,20,21,non_significant_sdc,1293,70,1293,0,0.0,0.714599189911418,0.7341141551733017,0.0812169406625182,0.6706346869468689,0.7688369005918503,0.6933768633294655,0.7347689692772914,adequate
internvl3_lingoqa,InternVL3-8B,LingoQA,20,21,significant_sdc,433,71,214,219,0.5057736720554272,0.2649700625051057,0.19601022265851498,0.1712754311382628,0.12444444885477424,0.4168602544814348,0.23943606557998395,0.29221400622892924,adequate
internvl3_lingoqa,InternVL3-8B,LingoQA,21,22,non_sdc,5762,75,5762,0,0.0,0.6583176141114067,0.661199651658535,0.114761128939151,0.5799568388611078,0.7387873716652393,0.6323680101548539,0.6831616380058437,adequate
internvl3_lingoqa,InternVL3-8B,LingoQA,21,22,non_significant_sdc,1293,70,1293,0,0.0,0.6600302113320935,0.677139937877655,0.1121713607468888,0.5911051779985428,0.7348769456148148,0.6327562889719022,0.6860192696873114,adequate
internvl3_lingoqa,InternVL3-8B,LingoQA,21,22,significant_sdc,433,70,199,234,0.5404157043879907,0.18652511082224585,0.11866574920713902,0.1305007095972452,0.08441638853400946,0.28270534984767437,0.16640760347720457,0.2080394214469336,adequate
internvl3_lingoqa,InternVL3-8B,LingoQA,22,23,non_sdc,5762,75,5762,0,0.0,0.7271590184640813,0.7357285022735596,0.0855143725501566,0.6787001751363277,0.7836750261485577,0.7086100324554521,0.7456294432279771,adequate
internvl3_lingoqa,InternVL3-8B,LingoQA,22,23,non_significant_sdc,1293,70,1293,0,0.0,0.7271645823745698,0.742808923125267,0.08820284502962294,0.6745706647634506,0.7948538959026337,0.7039498170006905,0.7479224704701606,adequate
internvl3_lingoqa,InternVL3-8B,LingoQA,22,23,significant_sdc,433,69,195,238,0.5496535796766744,0.35161678728957974,0.2746470272541046,0.14492085539820113,0.2562120445072651,0.4458588659763336,0.32961489623640616,0.37492895701460077,adequate
internvl3_lingoqa,InternVL3-8B,LingoQA,23,24,non_sdc,5762,75,5762,0,0.0,0.7141460485840284,0.7139158472418785,0.07535277884514706,0.6595858912914991,0.7729151137173176,0.698020147485815,0.7301505579102531,adequate
internvl3_lingoqa,InternVL3-8B,LingoQA,23,24,non_significant_sdc,1293,70,1293,0,0.0,0.7076426817944067,0.7067589461803436,0.06966765715497224,0.6637172251939774,0.7574464976787567,0.6917025514647835,0.7232966562876103,adequate
internvl3_lingoqa,InternVL3-8B,LingoQA,23,24,significant_sdc,433,68,179,254,0.5866050808314087,0.5426926320736094,0.5839129239320755,0.15326259328754627,0.5439308770000935,0.610880509018898,0.5216262824501148,0.5631314648533627,adequate
internvl3_lingoqa,InternVL3-8B,LingoQA,24,25,non_sdc,5762,75,5762,0,0.0,0.7376605759578696,0.7451900020241737,0.08895061373289517,0.6810175888240337,0.7963506765663624,0.7174878407566372,0.7573312381788712,adequate
internvl3_lingoqa,InternVL3-8B,LingoQA,24,25,non_significant_sdc,1293,70,1293,0,0.0,0.7350493124689783,0.7344475388526917,0.0810527383381824,0.6886818408966064,0.7891249060630798,0.7162478330485231,0.7525794634572023,adequate
internvl3_lingoqa,InternVL3-8B,LingoQA,24,25,significant_sdc,433,67,163,270,0.6235565819861432,0.5090702393669292,0.5383097976446152,0.13741512004777845,0.5224065035581589,0.5560838431119919,0.4893822167910274,0.5280145846015881,adequate
internvl3_lingoqa,InternVL3-8B,LingoQA,25,26,non_sdc,5762,75,5762,0,0.0,0.8195410223392636,0.8162805736064911,0.06816478845062789,0.7664914429187775,0.8739641159772873,0.8045281674727647,0.8342702668357612,adequate
internvl3_lingoqa,InternVL3-8B,LingoQA,25,26,non_significant_sdc,1293,70,1293,0,0.0,0.8071805363447512,0.8103822022676468,0.06449357154073333,0.7638455927371979,0.8498069941997528,0.7930231671970486,0.8214128490594578,adequate
internvl3_lingoqa,InternVL3-8B,LingoQA,25,26,significant_sdc,433,64,155,278,0.6420323325635104,0.3425261299666618,0.3171641081571579,0.14592338136797062,0.25889394991099834,0.42745356634259224,0.3184889237026773,0.36837790348099514,adequate
internvl3_lingoqa,InternVL3-8B,LingoQA,26,27,non_sdc,5762,75,5762,0,0.0,0.9706675823918857,0.9755472913384438,0.017669209602291472,0.9650641828775406,0.9805623590946198,0.9667852390129804,0.9740121434310727,adequate
internvl3_lingoqa,InternVL3-8B,LingoQA,26,27,non_significant_sdc,1293,70,1293,0,0.0,0.9657152515403171,0.9709143787622452,0.033419329077755605,0.9612957388162613,0.9786242842674255,0.9613072465391309,0.969813576053432,adequate
internvl3_lingoqa,InternVL3-8B,LingoQA,26,27,significant_sdc,433,61,143,290,0.6697459584295612,0.44434593930039423,0.43541422486305237,0.20782135970966503,0.3380776084959507,0.5254941806197166,0.405112043191288,0.4881919293133466,adequate
internvl3_vqav2,InternVL3-8B,VQAv2,0,1,non_sdc,5786,133,5786,0,0.0,0.8451644607864364,0.8637636303901672,0.08240635213666038,0.7942594885826111,0.9090956449508667,0.8372822315878176,0.8524622419336563,adequate
internvl3_vqav2,InternVL3-8B,VQAv2,0,1,non_significant_sdc,1239,123,1239,0,0.0,0.844145830507188,0.8561406284570694,0.08467569475294534,0.8016913458704948,0.9110057801008224,0.832939724711645,0.8543309451708209,adequate
internvl3_vqav2,InternVL3-8B,VQAv2,0,1,significant_sdc,465,123,451,14,0.03010752688172047,0.49631840615489925,0.4906061440706253,0.09946246531670011,0.468896072357893,0.5045649521052837,0.4833472939941002,0.5113965574222586,adequate
internvl3_vqav2,InternVL3-8B,VQAv2,1,2,non_sdc,5786,133,5786,0,0.0,0.8172342729614066,0.8272148370742798,0.07416483762932287,0.7664046585559845,0.8833824396133423,0.8107464600891012,0.8236596840921765,adequate
internvl3_vqav2,InternVL3-8B,VQAv2,1,2,non_significant_sdc,1239,123,1239,0,0.0,0.818862291276936,0.8364443629980087,0.08206968726580581,0.7673496678471565,0.8851858302950859,0.8071805458206938,0.8289702803049059,adequate
internvl3_vqav2,InternVL3-8B,VQAv2,1,2,significant_sdc,465,122,446,19,0.04086021505376347,0.46380430164813763,0.4576144851744175,0.09985138344900343,0.4379130005836487,0.48282505571842194,0.45134508541457635,0.4767052023473335,adequate
internvl3_vqav2,InternVL3-8B,VQAv2,2,3,non_sdc,5786,133,5786,0,0.0,0.775174178107105,0.7928181290626526,0.11173374305629241,0.7097327262163162,0.8699239939451218,0.7665232062848178,0.7838396205241513,adequate
internvl3_vqav2,InternVL3-8B,VQAv2,2,3,non_significant_sdc,1239,123,1239,0,0.0,0.7778566396698248,0.7877776026725769,0.10973146979115454,0.7108784914016724,0.8775253593921661,0.764212413066038,0.7910605015101785,adequate
internvl3_vqav2,InternVL3-8B,VQAv2,2,3,significant_sdc,465,122,433,32,0.0688172043010753,0.3863213088182737,0.3745541572570801,0.09889989165557389,0.359835397452116,0.3925796374678612,0.3746351380524379,0.3994496722528834,adequate
internvl3_vqav2,InternVL3-8B,VQAv2,3,4,non_sdc,5786,133,5786,0,0.0,0.8179086449285959,0.8356414809823036,0.0761809842562324,0.7686310410499573,0.8806995898485184,0.8118092437813825,0.8238364875126768,adequate
internvl3_vqav2,InternVL3-8B,VQAv2,3,4,non_significant_sdc,1239,123,1239,0,0.0,0.8197517772539669,0.840266227722168,0.07881807905399738,0.7803871035575867,0.8817521780729294,0.8097040052370562,0.8287120995565431,adequate
internvl3_vqav2,InternVL3-8B,VQAv2,3,4,significant_sdc,465,120,416,49,0.10537634408602148,0.5902976205293388,0.6132043227553368,0.13414251402756885,0.5920379869639874,0.6303818337619305,0.5756143877014537,0.6045678052482149,adequate
internvl3_vqav2,InternVL3-8B,VQAv2,4,5,non_sdc,5786,133,5786,0,0.0,0.7667921739976468,0.7714138925075531,0.08224122569419472,0.7161477338522673,0.8343100845813751,0.7597679158981299,0.7734586692832791,adequate
internvl3_vqav2,InternVL3-8B,VQAv2,4,5,non_significant_sdc,1239,123,1239,0,0.0,0.7673970844575577,0.7758288681507111,0.08664232192798098,0.7102238312363625,0.8417616635560989,0.7558648623496773,0.7781443432644541,adequate
internvl3_vqav2,InternVL3-8B,VQAv2,4,5,significant_sdc,465,120,403,62,0.1333333333333333,0.45407020096914386,0.46581508964300156,0.11442110704333182,0.44505833834409714,0.48211052641272545,0.4405157100279823,0.4676645994307914,adequate
internvl3_vqav2,InternVL3-8B,VQAv2,5,6,non_sdc,5786,133,5786,0,0.0,0.8403507312466807,0.8532066643238068,0.055819452033353555,0.8110978603363037,0.8807096891105175,0.8360150118834052,0.8444348452359006,adequate
internvl3_vqav2,InternVL3-8B,VQAv2,5,6,non_significant_sdc,1239,123,1239,0,0.0,0.8353173798123034,0.8499450981616974,0.064097982486484,0.8053211867809296,0.8856149539351463,0.8269293935929607,0.8429456194691148,adequate
internvl3_vqav2,InternVL3-8B,VQAv2,5,6,significant_sdc,465,118,387,78,0.16774193548387095,0.5775776809961017,0.6176744103431702,0.22396640677382412,0.6013419218361378,0.63124855235219,0.5528474872198149,0.6000422089161066,adequate
internvl3_vqav2,InternVL3-8B,VQAv2,6,7,non_sdc,5786,133,5786,0,0.0,0.6515490456474279,0.6654087156057358,0.11744897557047525,0.5779191851615906,0.7429641336202621,0.6414180817004603,0.6608820054068135,adequate
internvl3_vqav2,InternVL3-8B,VQAv2,6,7,non_significant_sdc,1239,123,1239,0,0.0,0.6568306409163795,0.670928068459034,0.12046167080090416,0.5836812071502209,0.7521038427948952,0.6409121014724817,0.6709130599896127,adequate
internvl3_vqav2,InternVL3-8B,VQAv2,6,7,significant_sdc,465,119,378,87,0.18709677419354842,0.3413785990899202,0.3556697219610214,0.1304829419952651,0.33398878760635853,0.3742442727088928,0.32531533742765595,0.35797260711277235,adequate
internvl3_vqav2,InternVL3-8B,VQAv2,7,8,non_sdc,5786,133,5786,0,0.0,0.667319644422158,0.6789950281381607,0.0886555346479929,0.6185812838375568,0.7297973185777664,0.6592373150645542,0.6751014838613861,adequate
internvl3_vqav2,InternVL3-8B,VQAv2,7,8,non_significant_sdc,1239,123,1239,0,0.0,0.6584012205257735,0.6647738367319107,0.09123489560299024,0.6120187044143677,0.7240298688411713,0.6448453945439955,0.6708898288935169,adequate
internvl3_vqav2,InternVL3-8B,VQAv2,7,8,significant_sdc,465,118,369,96,0.20645161290322578,0.305679112182957,0.3180047795176506,0.15909980243725128,0.2799749970436096,0.3629312291741371,0.28400882406975153,0.3284338227327819,adequate
internvl3_vqav2,InternVL3-8B,VQAv2,8,9,non_sdc,5786,133,5786,0,0.0,0.7153960004641401,0.7318111956119537,0.08930653516921612,0.678368516266346,0.7766727432608604,0.7074379770249531,0.7228161706254878,adequate
internvl3_vqav2,InternVL3-8B,VQAv2,8,9,non_significant_sdc,1239,123,1239,0,0.0,0.7179093519919135,0.7399972379207611,0.09366261821119604,0.6844665333628654,0.77915458381176,0.7068753508557508,0.7282974698484419,adequate
internvl3_vqav2,InternVL3-8B,VQAv2,8,9,significant_sdc,465,119,364,101,0.21720430107526878,0.5004817160424664,0.5217462554574013,0.1303788579884913,0.46867441199719906,0.5597247276455164,0.4865744445483937,0.514203369623896,adequate
internvl3_vqav2,InternVL3-8B,VQAv2,9,10,non_sdc,5786,133,5786,0,0.0,0.731162447242837,0.7395337298512459,0.06460622540575367,0.6958785876631737,0.7766118682920933,0.725602583955725,0.7363982660527736,adequate
internvl3_vqav2,InternVL3-8B,VQAv2,9,10,non_significant_sdc,1239,123,1239,0,0.0,0.722251410760689,0.7316325604915619,0.07069808730311125,0.6880720630288124,0.7699427008628845,0.7125425121938047,0.7308118817689363,adequate
internvl3_vqav2,InternVL3-8B,VQAv2,9,10,significant_sdc,465,117,354,111,0.2387096774193549,0.4812260403174191,0.5073484070599079,0.14992390017569654,0.4827790316194296,0.5326689258217812,0.46415863261389934,0.49719393159413056,adequate
internvl3_vqav2,InternVL3-8B,VQAv2,10,11,non_sdc,5786,133,5786,0,0.0,0.6687899809977766,0.682600125670433,0.08408296929053966,0.6184110641479492,0.7320390120148659,0.661791762221274,0.6755012104926724,adequate
internvl3_vqav2,InternVL3-8B,VQAv2,10,11,non_significant_sdc,1239,123,1239,0,0.0,0.6646097503892651,0.6781222224235535,0.09045873943710789,0.6180110275745392,0.7317375168204308,0.6523062323742453,0.6759172216329891,adequate
internvl3_vqav2,InternVL3-8B,VQAv2,10,11,significant_sdc,465,116,345,120,0.25806451612903225,0.09185553309001515,0.07385074626654387,0.17080541947031197,0.0015489542856812477,0.13365407288074493,0.0696274080133142,0.11660579711734281,adequate
internvl3_vqav2,InternVL3-8B,VQAv2,11,12,non_sdc,5786,133,5786,0,0.0,0.6725771286628813,0.6849131286144257,0.07881169526309732,0.6301941275596619,0.7303524017333984,0.6649871872113563,0.6793073524179644,adequate
internvl3_vqav2,InternVL3-8B,VQAv2,11,12,non_significant_sdc,1239,123,1239,0,0.0,0.671915664660043,0.6818287372589111,0.07825419604334581,0.6267798244953156,0.7238993644714355,0.6624965199439826,0.6815065218344909,adequate
internvl3_vqav2,InternVL3-8B,VQAv2,11,12,significant_sdc,465,114,335,130,0.27956989247311825,0.3948622139858833,0.44739244133234024,0.18732090035074392,0.4016384668648243,0.4739620126783848,0.3710939656065198,0.4177034736799283,adequate
internvl3_vqav2,InternVL3-8B,VQAv2,12,13,non_sdc,5786,133,5786,0,0.0,0.668106719933906,0.6832031793892384,0.08819703440870416,0.6228348389267921,0.7296065799891949,0.6582967813220052,0.6768395655441375,adequate
internvl3_vqav2,InternVL3-8B,VQAv2,12,13,non_significant_sdc,1239,123,1239,0,0.0,0.6681939071804267,0.6857288479804993,0.09207654982687827,0.6241097450256348,0.7326683104038239,0.6539414289001297,0.681441029600143,adequate
internvl3_vqav2,InternVL3-8B,VQAv2,12,13,significant_sdc,465,111,318,147,0.31612903225806455,0.4253780456997876,0.481091033667326,0.182163616663656,0.4012607540935278,0.521495059132576,0.4040635450704434,0.44462678536640793,adequate
internvl3_vqav2,InternVL3-8B,VQAv2,13,14,non_sdc,5786,133,5786,0,0.0,0.6633466184448298,0.6700640618801117,0.07040100101493146,0.6168481633067131,0.7152473479509354,0.6577826469837311,0.6692461492418811,adequate
internvl3_vqav2,InternVL3-8B,VQAv2,13,14,non_significant_sdc,1239,123,1239,0,0.0,0.6561366513407548,0.6631108820438385,0.07288795203997728,0.6066351309418678,0.7091950178146362,0.6471745499223922,0.6645664427924362,adequate
internvl3_vqav2,InternVL3-8B,VQAv2,13,14,significant_sdc,465,110,309,156,0.3354838709677419,0.43286205464702787,0.5127243399620056,0.21498531080176467,0.44552600383758545,0.5445322841405869,0.4047721083888746,0.4581377567664128,adequate
internvl3_vqav2,InternVL3-8B,VQAv2,14,15,non_sdc,5786,133,5786,0,0.0,0.6922253740946912,0.7052204981446266,0.07123659406912554,0.6455397568643093,0.7453028373420238,0.6846435013590634,0.699042199282586,adequate
internvl3_vqav2,InternVL3-8B,VQAv2,14,15,non_significant_sdc,1239,123,1239,0,0.0,0.7042616517963286,0.7123122662305832,0.06563147021396427,0.6681016758084297,0.7529926970601082,0.6952426746672642,0.7125339044342938,adequate
internvl3_vqav2,InternVL3-8B,VQAv2,14,15,significant_sdc,465,109,304,161,0.3462365591397849,0.35493941499219533,0.40212463587522507,0.188416348662018,0.32142765913158655,0.4571413155645132,0.3305581802658457,0.3794908899587589,adequate
internvl3_vqav2,InternVL3-8B,VQAv2,15,16,non_sdc,5786,133,5786,0,0.0,0.6207302511118241,0.6323316842317581,0.08594445452022942,0.5693831313401461,0.6798177324235439,0.6115265315578555,0.6295363509867854,adequate
internvl3_vqav2,InternVL3-8B,VQAv2,15,16,non_significant_sdc,1239,123,1239,0,0.0,0.6260046733707142,0.6381194889545441,0.08283164012908835,0.5837604478001595,0.681926816701889,0.6140667583705559,0.6373696828521481,adequate
internvl3_vqav2,InternVL3-8B,VQAv2,15,16,significant_sdc,465,109,289,176,0.378494623655914,0.3492482884132036,0.4382491037249565,0.26950009998498414,0.3019786700606346,0.5272467583417892,0.3149742989785643,0.38075384890069297,adequate
internvl3_vqav2,InternVL3-8B,VQAv2,16,17,non_sdc,5786,133,5786,0,0.0,0.6397755488227498,0.6502742171287537,0.09722366177177227,0.5831509120762348,0.7135028839111328,0.6303335124958788,0.6487779562707514,adequate
internvl3_vqav2,InternVL3-8B,VQAv2,16,17,non_significant_sdc,1239,123,1239,0,0.0,0.6493078371385131,0.6585910245776176,0.09102893601378695,0.5941278599202633,0.7176444754004478,0.6369070543485088,0.6605989141574728,adequate
internvl3_vqav2,InternVL3-8B,VQAv2,16,17,significant_sdc,465,106,275,190,0.4086021505376344,0.30786115225404503,0.3692067041993141,0.2112685511621853,0.23693048302084208,0.4311060272157192,0.2793144495278183,0.3354185770179087,adequate
internvl3_vqav2,InternVL3-8B,VQAv2,17,18,non_sdc,5786,133,5786,0,0.0,0.6413975036089787,0.6496151573956013,0.08355651637256536,0.5918610394001007,0.7020250260829926,0.6341081841305121,0.649208865242436,adequate
internvl3_vqav2,InternVL3-8B,VQAv2,17,18,non_significant_sdc,1239,123,1239,0,0.0,0.6465230304101381,0.6536857485771179,0.07398643380914581,0.592790000140667,0.7062789797782898,0.6372102599345223,0.6566436087332171,adequate
internvl3_vqav2,InternVL3-8B,VQAv2,17,18,significant_sdc,465,103,257,208,0.4473118279569892,0.33784170705709127,0.3523104749619961,0.14728435600736217,0.29697883129119873,0.404739648103714,0.318689944128182,0.35536805596520626,adequate
internvl3_vqav2,InternVL3-8B,VQAv2,18,19,non_sdc,5786,133,5786,0,0.0,0.6970699473705582,0.702678494155407,0.0700103463794839,0.6567137390375137,0.7481600865721703,0.6898367263817968,0.7050046509343736,adequate
internvl3_vqav2,InternVL3-8B,VQAv2,18,19,non_significant_sdc,1239,123,1239,0,0.0,0.7071186340232835,0.7146518379449844,0.07085750363506746,0.6678392812609673,0.7545369043946266,0.6963766217457639,0.7176849208707479,adequate
internvl3_vqav2,InternVL3-8B,VQAv2,18,19,significant_sdc,465,101,242,223,0.4795698924731183,0.319234858497595,0.36706862412393093,0.1899482181130099,0.09371406864374876,0.4363859537988901,0.29390972900233814,0.34387495381024413,adequate
internvl3_vqav2,InternVL3-8B,VQAv2,19,20,non_sdc,5786,133,5786,0,0.0,0.5737473620299792,0.5848909243941307,0.10340609564800986,0.5132657010108232,0.6491423845291138,0.5639922682338021,0.5829033575929402,adequate
internvl3_vqav2,InternVL3-8B,VQAv2,19,20,non_significant_sdc,1239,123,1239,0,0.0,0.5763518504356429,0.5847688317298889,0.09820176172098967,0.5161443091928959,0.646433413028717,0.5633457483435921,0.5893751611776905,adequate
internvl3_vqav2,InternVL3-8B,VQAv2,19,20,significant_sdc,465,98,225,240,0.5161290322580645,0.22235040946259957,0.2328246384859085,0.1873121820176069,0.07566835917532444,0.33925750106573105,0.19260767283514701,0.2521569427844799,adequate
internvl3_vqav2,InternVL3-8B,VQAv2,20,21,non_sdc,5786,133,5786,0,0.0,0.5628264050741931,0.574628084897995,0.1125374215453881,0.5019121430814266,0.6467199772596359,0.5532730501738242,0.5722772620793982,adequate
internvl3_vqav2,InternVL3-8B,VQAv2,20,21,non_significant_sdc,1239,123,1239,0,0.0,0.5579989767258294,0.5819502174854279,0.12458203489713066,0.5007364526391029,0.6445367336273193,0.5382699647206803,0.57551144518534,adequate
internvl3_vqav2,InternVL3-8B,VQAv2,20,21,significant_sdc,465,99,221,244,0.5247311827956989,0.44848082166868874,0.49882617220282555,0.16200653230894696,0.3945448398590088,0.5698007643222809,0.42672616944010516,0.4696197862793085,adequate
internvl3_vqav2,InternVL3-8B,VQAv2,21,22,non_sdc,5786,133,5786,0,0.0,0.4961076266067267,0.4990490674972534,0.08924663753199509,0.4387069921940565,0.5595945008099079,0.4884347771011029,0.5036928395801974,adequate
internvl3_vqav2,InternVL3-8B,VQAv2,21,22,non_significant_sdc,1239,123,1239,0,0.0,0.4892106203684062,0.5009418204426765,0.09956126127785836,0.43236291222274303,0.5610754266381264,0.4736520047842544,0.5044751034437785,adequate
internvl3_vqav2,InternVL3-8B,VQAv2,21,22,significant_sdc,465,97,212,253,0.5440860215053763,0.24526927243909394,0.24888307321816683,0.14698791550308793,0.13162214402109385,0.33597296476364136,0.22184231977851293,0.26684638758890844,adequate
internvl3_vqav2,InternVL3-8B,VQAv2,22,23,non_sdc,5786,133,5786,0,0.0,0.6383079141005777,0.650382786989212,0.08047923189197193,0.5896468013525009,0.6972570046782494,0.6300880282431744,0.6457030210199506,adequate
internvl3_vqav2,InternVL3-8B,VQAv2,22,23,non_significant_sdc,1239,123,1239,0,0.0,0.6292792647247164,0.642423614859581,0.0883487018732614,0.585089661180973,0.6870526298880577,0.6155250004323416,0.6415466237835188,adequate
internvl3_vqav2,InternVL3-8B,VQAv2,22,23,significant_sdc,465,96,200,265,0.5698924731182795,0.44345520732109434,0.46866999566555023,0.1393520586038728,0.3690898520871997,0.5236574076116085,0.4203682101358984,0.4648266916763863,adequate
internvl3_vqav2,InternVL3-8B,VQAv2,23,24,non_sdc,5786,133,5786,0,0.0,0.5907222599698462,0.5965829379856586,0.08297901271277112,0.5372150279581547,0.6517099961638451,0.5826168113075788,0.5984357630114752,adequate
internvl3_vqav2,InternVL3-8B,VQAv2,23,24,non_significant_sdc,1239,123,1239,0,0.0,0.5908295276737904,0.5979540795087814,0.07944688602344033,0.5365431606769562,0.6469225883483887,0.57927832950622,0.601436221375798,adequate
internvl3_vqav2,InternVL3-8B,VQAv2,23,24,significant_sdc,465,92,182,283,0.6086021505376344,0.4726281871092966,0.5114837400615215,0.14852685200670426,0.4167382176965475,0.5705495104193687,0.4497504181756408,0.49395168013725305,adequate
internvl3_vqav2,InternVL3-8B,VQAv2,24,25,non_sdc,5786,133,5786,0,0.0,0.6282566976335932,0.6337062194943428,0.07702154068341711,0.5789283737540245,0.6866668090224266,0.6200650932859689,0.6359061217983902,adequate
internvl3_vqav2,InternVL3-8B,VQAv2,24,25,non_significant_sdc,1239,123,1239,0,0.0,0.6226551516148426,0.633906751871109,0.08290451394618008,0.5636752471327782,0.6845342963933945,0.6104810759704687,0.6343596074624107,adequate
internvl3_vqav2,InternVL3-8B,VQAv2,24,25,significant_sdc,465,85,168,297,0.6387096774193548,0.5506328297002862,0.6377274878323078,0.19282759713103134,0.4814001563936472,0.6862572506070137,0.5238004006676449,0.5774128631090761,adequate
internvl3_vqav2,InternVL3-8B,VQAv2,25,26,non_sdc,5786,133,5786,0,0.0,0.749623298676568,0.7572691738605499,0.07282781844555307,0.702013561502099,0.8017115518450737,0.7416053816588787,0.7573300667776727,adequate
internvl3_vqav2,InternVL3-8B,VQAv2,25,26,non_significant_sdc,1239,123,1239,0,0.0,0.7497554609493395,0.7512067556381226,0.0787021920630035,0.6994875520467758,0.8113226890563965,0.7364657315372689,0.7622924120997907,adequate
internvl3_vqav2,InternVL3-8B,VQAv2,25,26,significant_sdc,465,85,157,308,0.6623655913978495,0.3959353260242137,0.4185093678534031,0.2047755614736604,0.3059310242533684,0.5232459381222725,0.3644456914606943,0.4256117282745153,adequate
internvl3_vqav2,InternVL3-8B,VQAv2,26,27,non_sdc,5786,133,5786,0,0.0,0.9596094606448203,0.9674400612711906,0.03226884546760722,0.9584002196788788,0.9732277579605579,0.9566595701474455,0.9622563760321059,adequate
internvl3_vqav2,InternVL3-8B,VQAv2,26,27,non_significant_sdc,1239,123,1239,0,0.0,0.9566871584269058,0.9673768877983093,0.0459654926167643,0.9578277543187141,0.974064789712429,0.949988416591896,0.9624141162629711,adequate
internvl3_vqav2,InternVL3-8B,VQAv2,26,27,significant_sdc,465,73,136,329,0.7075268817204301,0.5810176085163702,0.6157400906085968,0.2555387512247983,0.6095352955162525,0.6291691847145557,0.5347644553198316,0.6252586616824579,adequate
llava15_earthvqa,LLaVA-1.5-7B,EarthVQA,0,1,non_sdc,7249,375,7249,0,0.0,0.9569052653771332,0.97502501308918,0.04856196018816458,0.9576920568943024,0.9815244078636169,0.952845869067244,0.9606876013983187,adequate
llava15_earthvqa,LLaVA-1.5-7B,EarthVQA,0,1,non_significant_sdc,68,42,68,0,0.0,0.9316026379956919,0.95375095307827,0.0527556812183712,0.8859078548848629,0.9667922407388687,0.9107882493363352,0.9497994136983081,adequate
llava15_earthvqa,LLaVA-1.5-7B,EarthVQA,0,1,significant_sdc,183,69,73,110,0.6010928961748634,0.2226570741662577,0.11535003874450922,0.2583688527384254,0.09531621262431145,0.16213521175086498,0.16864368784331277,0.285299875869474,adequate
llava15_earthvqa,LLaVA-1.5-7B,EarthVQA,1,2,non_sdc,7249,375,7249,0,0.0,0.9502403896745484,0.9760317355394363,0.0621195086353838,0.9441201090812683,0.9818320721387863,0.945376778835411,0.9548856248244367,adequate
llava15_earthvqa,LLaVA-1.5-7B,EarthVQA,1,2,non_significant_sdc,68,42,68,0,0.0,0.8951962506946396,0.9081588014960289,0.07860406968957696,0.8358961045742035,0.9698889292776585,0.8664571749445171,0.9244863137562508,adequate
llava15_earthvqa,LLaVA-1.5-7B,EarthVQA,1,2,significant_sdc,183,66,70,113,0.6174863387978142,0.44346220142074994,0.39899367094039917,0.16816198049901268,0.3763659708201885,0.42532249353826046,0.40668020421178186,0.48580422145542596,adequate
llava15_earthvqa,LLaVA-1.5-7B,EarthVQA,2,3,non_sdc,7249,375,7249,0,0.0,0.960687353620503,0.9757873713970184,0.03838689668960226,0.9512425065040588,0.9812113046646118,0.957352551677278,0.9636752261777777,adequate
llava15_earthvqa,LLaVA-1.5-7B,EarthVQA,2,3,non_significant_sdc,68,42,68,0,0.0,0.9150605130502406,0.9358550012111664,0.07283042686662924,0.8830533176660538,0.9673377647995949,0.8909053867760132,0.9368670230783108,adequate
llava15_earthvqa,LLaVA-1.5-7B,EarthVQA,2,3,significant_sdc,183,66,70,113,0.6174863387978142,0.6054289775235312,0.5896036028862,0.1279622263441694,0.5473345294594765,0.6215137932449579,0.577780381818985,0.6371003238963229,adequate
llava15_earthvqa,LLaVA-1.5-7B,EarthVQA,3,4,non_sdc,7249,375,7249,0,0.0,0.9643877903251761,0.9775002300739288,0.03368445373780737,0.9560680389404297,0.9840514808893204,0.9616448944893282,0.9669887783720629,adequate
llava15_earthvqa,LLaVA-1.5-7B,EarthVQA,3,4,non_significant_sdc,68,42,68,0,0.0,0.9285444426624214,0.9347937628626823,0.05482806780617991,0.892607007175684,0.9706105813384056,0.9090197942582832,0.945300432795602,adequate
llava15_earthvqa,LLaVA-1.5-7B,EarthVQA,3,4,significant_sdc,183,63,67,116,0.6338797814207651,0.5046245495774853,0.4672284722328186,0.16364844120821187,0.42578610219061375,0.5016315206885338,0.4675444366640182,0.5461773044605565,adequate
llava15_earthvqa,LLaVA-1.5-7B,EarthVQA,4,5,non_sdc,7249,375,7249,0,0.0,0.9450094083733227,0.9633720914522806,0.05138425950384639,0.9320846796035767,0.9765581786632538,0.9407830427055488,0.9489394265811819,adequate
llava15_earthvqa,LLaVA-1.5-7B,EarthVQA,4,5,non_significant_sdc,68,42,68,0,0.0,0.9027938417652074,0.8986067920923233,0.06593056243645172,0.8665110170841217,0.9641352854669094,0.878005104511386,0.9261658131903144,adequate
llava15_earthvqa,LLaVA-1.5-7B,EarthVQA,4,5,significant_sdc,183,59,63,120,0.6557377049180328,0.5426527323378694,0.5043824687600136,0.18510453054293546,0.4630782166495919,0.609358262270689,0.4955032217981461,0.5883694483867901,adequate
llava15_earthvqa,LLaVA-1.5-7B,EarthVQA,5,6,non_sdc,7249,375,7249,0,0.0,0.9548459737484344,0.9698815941810608,0.04438511967391645,0.9429368376731873,0.9796633124351501,0.9510628214493966,0.9582908768391416,adequate
llava15_earthvqa,LLaVA-1.5-7B,EarthVQA,5,6,non_significant_sdc,68,42,68,0,0.0,0.9193758721299031,0.9328346699476242,0.0616511037986576,0.897931769490242,0.9668400771915913,0.8972876168602694,0.9366970042075886,adequate
llava15_earthvqa,LLaVA-1.5-7B,EarthVQA,5,6,significant_sdc,183,57,60,123,0.6721311475409837,0.5792479874410977,0.5456048119813204,0.19135103012614407,0.5131959458813071,0.6345440950244665,0.5292470230878908,0.6263211000781241,adequate
llava15_earthvqa,LLaVA-1.5-7B,EarthVQA,6,7,non_sdc,7249,375,7249,0,0.0,0.9397033573272048,0.951291024684906,0.04651008165625317,0.9256716668605804,0.969343364238739,0.9360509553393944,0.9430859986098049,adequate
llava15_earthvqa,LLaVA-1.5-7B,EarthVQA,6,7,non_significant_sdc,68,42,68,0,0.0,0.897226889289039,0.9122403264045715,0.08672193430593883,0.8776926696300507,0.95034996047616,0.8681248880610631,0.9185349869515503,adequate
llava15_earthvqa,LLaVA-1.5-7B,EarthVQA,6,7,significant_sdc,183,56,59,124,0.6775956284153005,0.6257174040025132,0.6164819598197937,0.17181360028325934,0.5880375169217587,0.7120169475674629,0.5809507144885344,0.6691691667687656,adequate
llava15_earthvqa,LLaVA-1.5-7B,EarthVQA,7,8,non_sdc,7249,375,7249,0,0.0,0.9316837113320994,0.9450624883174896,0.05097471905123126,0.9163626432418823,0.9631174206733704,0.9275436445473517,0.9356283415138871,adequate
llava15_earthvqa,LLaVA-1.5-7B,EarthVQA,7,8,non_significant_sdc,68,42,68,0,0.0,0.8908632364781464,0.9036645963788033,0.08175892677301885,0.8722164481878281,0.9393350556492805,0.8629993539992377,0.9109536874453168,adequate
llava15_earthvqa,LLaVA-1.5-7B,EarthVQA,7,8,significant_sdc,183,55,58,125,0.6830601092896175,0.5422712283867315,0.5286804027855396,0.20535367351736716,0.49600061122328043,0.5990291126072407,0.48826248374851494,0.5963574141103754,adequate
llava15_earthvqa,LLaVA-1.5-7B,EarthVQA,8,9,non_sdc,7249,375,7249,0,0.0,0.937010592210017,0.9537637233734131,0.05236077278365662,0.9274618625640869,0.966520830988884,0.9325022625638039,0.9410899024946685,adequate
llava15_earthvqa,LLaVA-1.5-7B,EarthVQA,8,9,non_significant_sdc,68,42,68,0,0.0,0.8859174887047094,0.8968508914113045,0.081592217379363,0.8535298109054565,0.940611083060503,0.8569599662419988,0.9104129242988777,adequate
llava15_earthvqa,LLaVA-1.5-7B,EarthVQA,8,9,significant_sdc,183,53,56,127,0.6939890710382514,0.5327723955768826,0.49391736928373575,0.20272154461475325,0.47155723348259926,0.6330032087862492,0.4806958407297794,0.5872899705333556,adequate
llava15_earthvqa,LLaVA-1.5-7B,EarthVQA,9,10,non_sdc,7249,375,7249,0,0.0,0.9434912252144939,0.9557938724756241,0.04057171024804477,0.9333614110946655,0.9683496803045273,0.9401854612149337,0.9466135795386075,adequate
llava15_earthvqa,LLaVA-1.5-7B,EarthVQA,9,10,non_significant_sdc,68,42,68,0,0.0,0.9140266427660689,0.9277751743793488,0.05015186135332006,0.8831681422889233,0.9450214505195618,0.8968786657541649,0.9287321316350835,adequate
llava15_earthvqa,LLaVA-1.5-7B,EarthVQA,9,10,significant_sdc,183,51,54,129,0.7049180327868853,0.6309659056779411,0.6185044758021832,0.17491221133829427,0.5772642344236374,0.6849772483110428,0.5836071786161323,0.6800647945074804,adequate
llava15_earthvqa,LLaVA-1.5-7B,EarthVQA,10,11,non_sdc,7249,375,7249,0,0.0,0.9016545020729398,0.9166266322135925,0.0516764214628334,0.8827041983604431,0.9357278347015381,0.8974414529412312,0.905560570090907,adequate
llava15_earthvqa,LLaVA-1.5-7B,EarthVQA,10,11,non_significant_sdc,68,42,68,0,0.0,0.8758315855965895,0.8778873533010483,0.07080355021315671,0.84302768856287,0.9273847863078117,0.8529671019753016,0.8969055502003904,adequate
llava15_earthvqa,LLaVA-1.5-7B,EarthVQA,10,11,significant_sdc,183,50,53,130,0.7103825136612022,0.4100359180889461,0.34690021350979805,0.21024784308174746,0.2971482053399086,0.45330671966075897,0.3556977631860272,0.467979932397216,adequate
llava15_earthvqa,LLaVA-1.5-7B,EarthVQA,11,12,non_sdc,7249,375,7249,0,0.0,0.9074413735953458,0.9207172244787216,0.055815813536643256,0.8880361169576645,0.943874180316925,0.9023977290320563,0.9120575460782238,adequate
llava15_earthvqa,LLaVA-1.5-7B,EarthVQA,11,12,non_significant_sdc,68,42,68,0,0.0,0.8705856264294947,0.8804046586155891,0.07064660514346434,0.8341041877865791,0.9090783298015594,0.8449479462032048,0.8906382995854403,adequate
llava15_earthvqa,LLaVA-1.5-7B,EarthVQA,11,12,significant_sdc,183,50,53,130,0.7103825136612022,0.4671264661230006,0.42693202942609787,0.18582966932671277,0.4007788598537445,0.48990296199917793,0.4199832849992032,0.520435292876354,adequate
llava15_earthvqa,LLaVA-1.5-7B,EarthVQA,12,13,non_sdc,7249,375,7249,0,0.0,0.9214922157136148,0.9370619356632233,0.05341571416707149,0.8966311067342758,0.9586989680926005,0.9167244429373876,0.9258762600824949,adequate
llava15_earthvqa,LLaVA-1.5-7B,EarthVQA,12,13,non_significant_sdc,68,42,68,0,0.0,0.8675827425630653,0.8909293934702873,0.09173692518840713,0.8496683686971664,0.9221745207905769,0.8367468156984518,0.8925289453866904,adequate
llava15_earthvqa,LLaVA-1.5-7B,EarthVQA,12,13,significant_sdc,183,50,52,131,0.7158469945355191,0.4365369493786532,0.36104824393987656,0.21343174516637808,0.3367728441953659,0.5042971931397915,0.3808082877414698,0.49877645279173555,adequate
llava15_earthvqa,LLaVA-1.5-7B,EarthVQA,13,14,non_sdc,7249,375,7249,0,0.0,0.9236339334106096,0.9392645806074142,0.050718433104946774,0.901569664478302,0.9587956666946411,0.9197416438239086,0.9274620532657643,adequate
llava15_earthvqa,LLaVA-1.5-7B,EarthVQA,13,14,non_significant_sdc,68,42,68,0,0.0,0.8602530434727669,0.8959073200821877,0.08654804984153505,0.8403566963970661,0.9090993143618107,0.8273625507823253,0.8872294654801449,adequate
llava15_earthvqa,LLaVA-1.5-7B,EarthVQA,13,14,significant_sdc,183,48,50,133,0.7267759562841529,0.40298098023049533,0.33634220995008945,0.22471703179314406,0.2969260988757014,0.4244212880730629,0.34364028844608124,0.46699970763301313,adequate
llava15_earthvqa,LLaVA-1.5-7B,EarthVQA,14,15,non_sdc,7249,375,7249,0,0.0,0.942417019236859,0.9585771560668945,0.046158773991167676,0.9226534962654114,0.9722320636113485,0.9387482325312723,0.9458427305706821,adequate
llava15_earthvqa,LLaVA-1.5-7B,EarthVQA,14,15,non_significant_sdc,68,42,68,0,0.0,0.8774554617702961,0.9104453548789024,0.09610064891484979,0.8654974550008774,0.9425607733428478,0.8268224393706288,0.913769668026738,adequate
llava15_earthvqa,LLaVA-1.5-7B,EarthVQA,14,15,significant_sdc,183,48,50,133,0.7267759562841529,0.5360837822221219,0.506757203489542,0.19680617510463297,0.45211177319288254,0.5820065177977085,0.4817676150434879,0.5928515659597683,adequate
llava15_earthvqa,LLaVA-1.5-7B,EarthVQA,15,16,non_sdc,7249,375,7249,0,0.0,0.9415854812247395,0.9558948576450348,0.04681170012562533,0.9307405650615692,0.9698700308799744,0.9373571024648109,0.9453443017071294,adequate
llava15_earthvqa,LLaVA-1.5-7B,EarthVQA,15,16,non_significant_sdc,68,42,68,0,0.0,0.8960774474065093,0.9180992841720581,0.07534884301168096,0.8816155605018139,0.933836180716753,0.8713390965692931,0.9177549483098028,adequate
llava15_earthvqa,LLaVA-1.5-7B,EarthVQA,15,16,significant_sdc,183,47,49,134,0.7322404371584699,0.497586561457197,0.4604714438319206,0.20800171090897507,0.4112749248743057,0.5368476212024689,0.44033129605176125,0.5572200570845453,adequate
llava15_earthvqa,LLaVA-1.5-7B,EarthVQA,16,17,non_sdc,7249,375,7249,0,0.0,0.9134806838970395,0.9352032542228699,0.06725464974790966,0.8906881213188171,0.9552826484044393,0.9078466517607618,0.9187702823193296,adequate
llava15_earthvqa,LLaVA-1.5-7B,EarthVQA,16,17,non_significant_sdc,68,42,68,0,0.0,0.8427584369064254,0.8801853284239769,0.11753304831262719,0.84193941578269,0.9107535965740681,0.7957567794398676,0.8795510947131896,adequate
llava15_earthvqa,LLaVA-1.5-7B,EarthVQA,16,17,significant_sdc,183,45,47,136,0.7431693989071038,0.3909164180364856,0.32296282052993774,0.20848204124845807,0.2833187337964773,0.4058409743010998,0.33546793523652424,0.4525048314554822,adequate
llava15_earthvqa,LLaVA-1.5-7B,EarthVQA,17,18,non_sdc,7249,375,7249,0,0.0,0.9378086215738797,0.9558742046356201,0.05527309632695667,0.9236091375350952,0.9731319546699524,0.9335098968081578,0.9419252680516282,adequate
llava15_earthvqa,LLaVA-1.5-7B,EarthVQA,17,18,non_significant_sdc,68,42,68,0,0.0,0.8693634738378665,0.9120052084326744,0.10402684575011763,0.8454016074538231,0.938147284090519,0.8234865595528217,0.9057662407484124,adequate
llava15_earthvqa,LLaVA-1.5-7B,EarthVQA,17,18,significant_sdc,183,44,46,137,0.7486338797814207,0.5736912857872717,0.5871020220220089,0.20528587716898405,0.5399653986096382,0.6538256406784058,0.511770516808737,0.630229583634955,adequate
llava15_earthvqa,LLaVA-1.5-7B,EarthVQA,18,19,non_sdc,7249,375,7249,0,0.0,0.9263395649000392,0.945824533700943,0.0598884693425178,0.9058880805969238,0.963925689458847,0.9215657068767191,0.9307924620231584,adequate
llava15_earthvqa,LLaVA-1.5-7B,EarthVQA,18,19,non_significant_sdc,68,42,68,0,0.0,0.8337047390420648,0.8875929638743401,0.13561896817443247,0.8269338719546795,0.9077792204916477,0.7712602909945275,0.8813519002662092,adequate
llava15_earthvqa,LLaVA-1.5-7B,EarthVQA,18,19,significant_sdc,183,40,42,141,0.7704918032786885,0.5221813864828575,0.47890157625079155,0.17313261917710543,0.42217875085771084,0.5759437419474125,0.4721457571359124,0.577056614011147,adequate
llava15_earthvqa,LLaVA-1.5-7B,EarthVQA,19,20,non_sdc,7249,375,7249,0,0.0,0.9347702013274283,0.9506750504175822,0.04704035416809289,0.9174780249595642,0.9652040004730225,0.9309138882015504,0.9385126882357684,adequate
llava15_earthvqa,LLaVA-1.5-7B,EarthVQA,19,20,non_significant_sdc,68,42,68,0,0.0,0.8744942677371642,0.9045615047216415,0.08683559847197268,0.8642812334001064,0.9292207956314087,0.8331151211242799,0.9066354421622258,adequate
llava15_earthvqa,LLaVA-1.5-7B,EarthVQA,19,20,significant_sdc,183,39,41,142,0.7759562841530054,0.6082076430093588,0.6045447885990143,0.18106635164549242,0.5350815877318382,0.6951448768377304,0.550751119100883,0.6637143546284926,adequate
llava15_earthvqa,LLaVA-1.5-7B,EarthVQA,20,21,non_sdc,7249,375,7249,0,0.0,0.9167367473985375,0.9340436458587646,0.05999843446580985,0.8944233506917953,0.9570024609565735,0.91194592155205,0.9212892949832872,adequate
llava15_earthvqa,LLaVA-1.5-7B,EarthVQA,20,21,non_significant_sdc,68,42,68,0,0.0,0.8170459335669875,0.8694501891732216,0.12248423515849785,0.7960882373154163,0.8932962715625763,0.7687808152743051,0.8566873713278058,adequate
llava15_earthvqa,LLaVA-1.5-7B,EarthVQA,20,21,significant_sdc,183,38,39,144,0.7868852459016393,0.5600140404481536,0.5320357456803322,0.17665292522446482,0.4695983184501529,0.6146058682352304,0.5041096708625376,0.6169617276917994,adequate
llava15_earthvqa,LLaVA-1.5-7B,EarthVQA,21,22,non_sdc,7249,375,7249,0,0.0,0.9318331737775238,0.9496877789497375,0.05592110367133351,0.9156445413827896,0.9655494093894958,0.9274301622576416,0.935900584614442,adequate
llava15_earthvqa,LLaVA-1.5-7B,EarthVQA,21,22,non_significant_sdc,68,42,68,0,0.0,0.8522195831927306,0.8908406347036362,0.11424573227335777,0.8377317488193512,0.9378511570394039,0.8040537558877069,0.8908317010535188,adequate
llava15_earthvqa,LLaVA-1.5-7B,EarthVQA,21,22,significant_sdc,183,35,36,147,0.8032786885245902,0.6647456888523366,0.7143647894263268,0.20068140234022586,0.6169653870165348,0.7679842300713062,0.5992258562146708,0.7243659649376891,adequate
llava15_earthvqa,LLaVA-1.5-7B,EarthVQA,22,23,non_sdc,7249,375,7249,0,0.0,0.9274072660689201,0.9517906904220581,0.06873773823927043,0.9159413874149323,0.9656074941158295,0.922347632516218,0.9322808701225734,adequate
llava15_earthvqa,LLaVA-1.5-7B,EarthVQA,22,23,non_significant_sdc,68,42,68,0,0.0,0.8234465015942559,0.8752196133136749,0.14406041145083118,0.7855567000806332,0.915837399661541,0.7649570446091072,0.8710151505184343,adequate
llava15_earthvqa,LLaVA-1.5-7B,EarthVQA,22,23,significant_sdc,183,32,33,150,0.819672131147541,0.6083525436168368,0.6062447279691696,0.19063473284472976,0.5248710662126541,0.6721704602241516,0.5452785153624248,0.6730033500876743,adequate
llava15_earthvqa,LLaVA-1.5-7B,EarthVQA,23,24,non_sdc,7249,375,7249,0,0.0,0.9149234015111727,0.931572750210762,0.05864076338387113,0.9013133347034454,0.950076699256897,0.9102356117205941,0.9194472285823566,adequate
llava15_earthvqa,LLaVA-1.5-7B,EarthVQA,23,24,non_significant_sdc,68,42,68,0,0.0,0.838726220323759,0.8890880569815636,0.1196097562962684,0.8191054500639439,0.9151593893766403,0.7923619024156193,0.8769216155980056,adequate
llava15_earthvqa,LLaVA-1.5-7B,EarthVQA,23,24,significant_sdc,183,32,33,150,0.819672131147541,0.7012029172231754,0.7511081099510193,0.21548153422695643,0.6845374628901482,0.7934669405221939,0.631010352326557,0.7627902109976276,adequate
llava15_earthvqa,LLaVA-1.5-7B,EarthVQA,24,25,non_sdc,7249,375,7249,0,0.0,0.9013969038155808,0.927776575088501,0.07986376693882893,0.8763408809900284,0.955151230096817,0.8951273557682736,0.9074575659584349,adequate
llava15_earthvqa,LLaVA-1.5-7B,EarthVQA,24,25,non_significant_sdc,68,42,68,0,0.0,0.7800191509989364,0.8320246040821075,0.17785356140966457,0.7395714037120342,0.8912371583282948,0.7115184352385566,0.8343943916841509,adequate
llava15_earthvqa,LLaVA-1.5-7B,EarthVQA,24,25,significant_sdc,183,28,29,154,0.8415300546448088,0.468297716567357,0.4335159659385681,0.23958363905349167,0.3715599924325943,0.5405566096305847,0.38487515799014765,0.5591906554799835,underpowered
llava15_earthvqa,LLaVA-1.5-7B,EarthVQA,25,26,non_sdc,7249,375,7249,0,0.0,0.9159408084677846,0.9337572604417801,0.05968855955920467,0.8956113457679749,0.9540135115385056,0.9112163678406681,0.9205739684635215,adequate
llava15_earthvqa,LLaVA-1.5-7B,EarthVQA,25,26,non_significant_sdc,68,42,68,0,0.0,0.8361181328073144,0.8875042200088501,0.11931026901303089,0.797569029033184,0.9059051461517811,0.7856806589834966,0.8754532334195838,adequate
llava15_earthvqa,LLaVA-1.5-7B,EarthVQA,25,26,significant_sdc,183,26,27,156,0.8524590163934427,0.5886080945600514,0.5945626795291901,0.214804425734345,0.5049621425569057,0.7212257161736488,0.5059421931118865,0.6708238068108375,underpowered
llava15_earthvqa,LLaVA-1.5-7B,EarthVQA,26,27,non_sdc,7249,375,7249,0,0.0,0.9408071717450274,0.9611051678657532,0.06090402883677068,0.9291648119688034,0.97539222240448,0.9363347821415412,0.9449433795420432,adequate
llava15_earthvqa,LLaVA-1.5-7B,EarthVQA,26,27,non_significant_sdc,68,42,68,0,0.0,0.8151640889289624,0.9002918526530266,0.2010914860743861,0.7393348962068558,0.9334238581359386,0.7463972791379212,0.8694736986168973,adequate
llava15_earthvqa,LLaVA-1.5-7B,EarthVQA,26,27,significant_sdc,183,23,24,159,0.8688524590163934,0.5990734279039316,0.6530799046158791,0.26593070704173527,0.5454411208629608,0.7517247349023819,0.4955157153658447,0.6971456916169331,underpowered
llava15_earthvqa,LLaVA-1.5-7B,EarthVQA,27,28,non_sdc,7249,375,7249,0,0.0,0.9331466582443458,0.9501919448375702,0.054123805748650985,0.9175789952278137,0.9663486629724503,0.9289968903973448,0.93697565558245,adequate
llava15_earthvqa,LLaVA-1.5-7B,EarthVQA,27,28,non_significant_sdc,68,42,68,0,0.0,0.8249890393550124,0.9087797552347183,0.1900546818054632,0.7353117763996124,0.937533799558878,0.755855304059135,0.8779504748936742,adequate
llava15_earthvqa,LLaVA-1.5-7B,EarthVQA,27,28,significant_sdc,183,21,22,161,0.8797814207650273,0.5793285246261142,0.677364781498909,0.2728810711037538,0.41707080230116844,0.7513667456805706,0.47742263453979444,0.6805261948278972,underpowered
llava15_earthvqa,LLaVA-1.5-7B,EarthVQA,28,29,non_sdc,7249,375,7249,0,0.0,0.9173216095038593,0.9407716393470764,0.07059851000620661,0.8968964070081711,0.9594541788101196,0.9119727781338162,0.9225522363007682,adequate
llava15_earthvqa,LLaVA-1.5-7B,EarthVQA,28,29,non_significant_sdc,68,42,68,0,0.0,0.8001771482145962,0.8710968121886253,0.1826330857630748,0.7553266249597073,0.9241911247372627,0.7258303043923298,0.8592291701185738,adequate
llava15_earthvqa,LLaVA-1.5-7B,EarthVQA,28,29,significant_sdc,183,19,19,164,0.8961748633879781,0.5085820969880411,0.5937825664877892,0.2767116739954841,0.39702199026942253,0.6709837839007378,0.38259464471698984,0.6240589575823642,underpowered
llava15_earthvqa,LLaVA-1.5-7B,EarthVQA,29,30,non_sdc,7249,375,7249,0,0.0,0.9377144460003659,0.9569313526153564,0.05914859984976675,0.9236164689064026,0.9730580300092697,0.9336928755518591,0.9415377337578281,adequate
llava15_earthvqa,LLaVA-1.5-7B,EarthVQA,29,30,non_significant_sdc,68,42,68,0,0.0,0.8206068494302385,0.906538799405098,0.18331887898665264,0.7732300646603107,0.9351699762046337,0.7539843324622907,0.86860822986747,adequate
llava15_earthvqa,LLaVA-1.5-7B,EarthVQA,29,30,significant_sdc,183,17,17,166,0.907103825136612,0.5075605624245808,0.6133752018213272,0.31434362411747957,0.36246493458747864,0.7327459156513214,0.36076749437967975,0.6473202363478349,underpowered
llava15_earthvqa,LLaVA-1.5-7B,EarthVQA,30,31,non_sdc,7249,375,7249,0,0.0,0.9512800725109524,0.9663300216197968,0.046808222629646346,0.9452115297317505,0.977378229300181,0.9480011838142007,0.9542556386690723,adequate
llava15_earthvqa,LLaVA-1.5-7B,EarthVQA,30,31,non_significant_sdc,68,42,68,0,0.0,0.8663306520697113,0.9208478331565857,0.16635956024749465,0.8606300018727779,0.9550286345183849,0.8083129978758452,0.9093056089568461,adequate
llava15_earthvqa,LLaVA-1.5-7B,EarthVQA,30,31,significant_sdc,183,11,11,172,0.9398907103825137,0.6101927824995734,0.733016699552536,0.328435386848308,0.35956667363643646,0.8640385419130325,0.41798139827706937,0.7853160931284285,underpowered
llava15_lingoqa,LLaVA-1.5-7B,LingoQA,0,1,non_sdc,7232,75,7232,0,0.0,0.9094359311546477,0.927019402384758,0.06500701675797087,0.8710368275642395,0.9674378037452698,0.8950642515006256,0.9229816813738568,adequate
llava15_lingoqa,LLaVA-1.5-7B,LingoQA,0,1,non_significant_sdc,102,33,102,0,0.0,0.8801550282274976,0.886165164411068,0.050926360001960116,0.8384762853384018,0.9233859702944756,0.8564459563817144,0.8999162703234541,adequate
llava15_lingoqa,LLaVA-1.5-7B,LingoQA,0,1,significant_sdc,166,41,59,107,0.6445783132530121,0.336805695068028,0.22779247537255287,0.2562152949010299,0.20799997355788946,0.2589728832244873,0.27741137729147036,0.4018170628069554,adequate
llava15_lingoqa,LLaVA-1.5-7B,LingoQA,1,2,non_sdc,7232,75,7232,0,0.0,0.8888867324436046,0.9375246465206146,0.101728946611373,0.8331883735954762,0.9663097262382507,0.8672469014817358,0.9091020377075563,adequate
llava15_lingoqa,LLaVA-1.5-7B,LingoQA,1,2,non_significant_sdc,102,33,102,0,0.0,0.8408645976553945,0.864989846944809,0.0842774097485096,0.8102956712245941,0.8735122717916965,0.8158731641229824,0.8594655942541385,adequate
llava15_lingoqa,LLaVA-1.5-7B,LingoQA,1,2,significant_sdc,166,41,57,109,0.6566265060240963,0.4736253281467055,0.4125381410121918,0.19698083410715997,0.40472766011953354,0.4242520034313202,0.4282152237400103,0.5249034236041116,adequate
llava15_lingoqa,LLaVA-1.5-7B,LingoQA,2,3,non_sdc,7232,75,7232,0,0.0,0.9095728675152138,0.9360819309949875,0.0650525947856675,0.8637429177761078,0.9644147343933582,0.8951451801871526,0.9224771999381411,adequate
llava15_lingoqa,LLaVA-1.5-7B,LingoQA,2,3,non_significant_sdc,102,33,102,0,0.0,0.8601988735882675,0.8602519556879997,0.06526002505483877,0.8176556304097176,0.9003644287586212,0.8377079537003939,0.8807005747082626,adequate
llava15_lingoqa,LLaVA-1.5-7B,LingoQA,2,3,significant_sdc,166,41,57,109,0.6566265060240963,0.5738313803285883,0.5125911235809326,0.16007385768590326,0.48357417434453964,0.5483423843979836,0.535985583970545,0.6159811354649349,adequate
llava15_lingoqa,LLaVA-1.5-7B,LingoQA,3,4,non_sdc,7232,75,7232,0,0.0,0.9115019772877604,0.9382020533084869,0.06606162120647482,0.872033279389143,0.9618792533874512,0.8969648574449258,0.9243016138442592,adequate
llava15_lingoqa,LLaVA-1.5-7B,LingoQA,3,4,non_significant_sdc,102,33,102,0,0.0,0.8779317665041662,0.874234989285469,0.05561927693388434,0.8529031127691269,0.9136563092470169,0.8601040214608795,0.8943961312699416,adequate
llava15_lingoqa,LLaVA-1.5-7B,LingoQA,3,4,significant_sdc,166,41,57,109,0.6566265060240963,0.6076075634674022,0.5656924396753311,0.1410408092303061,0.5368089005351067,0.5967021062970161,0.5769014432182239,0.6421378842463548,adequate
llava15_lingoqa,LLaVA-1.5-7B,LingoQA,4,5,non_sdc,7232,75,7232,0,0.0,0.8725721023991914,0.8980633914470673,0.07931449621806597,0.814099621027708,0.9420595765113831,0.8557509553329107,0.8888980967702499,adequate
llava15_lingoqa,LLaVA-1.5-7B,LingoQA,4,5,non_significant_sdc,102,33,102,0,0.0,0.8469817735546944,0.8551018387079239,0.06422214161515581,0.8024222701787949,0.8995837159454823,0.8234446336311522,0.8682937534224371,adequate
llava15_lingoqa,LLaVA-1.5-7B,LingoQA,4,5,significant_sdc,166,41,57,109,0.6566265060240963,0.5542539909743426,0.5059376433491707,0.1459658252888381,0.49142860621213913,0.5603086352348328,0.5210487614621551,0.5908255390755105,adequate
llava15_lingoqa,LLaVA-1.5-7B,LingoQA,5,6,non_sdc,7232,75,7232,0,0.0,0.8215565557361877,0.8293068930506706,0.09805893488405515,0.7466015592217445,0.9189783334732056,0.7996234253705052,0.8427187023128568,adequate
llava15_lingoqa,LLaVA-1.5-7B,LingoQA,5,6,non_significant_sdc,102,33,102,0,0.0,0.7984915797178652,0.8087564557790756,0.06596940549229374,0.7470551691949368,0.8241836316883564,0.7729618630390658,0.8220204541863187,adequate
llava15_lingoqa,LLaVA-1.5-7B,LingoQA,5,6,significant_sdc,166,38,54,112,0.6746987951807228,0.4042387606901617,0.3291302958969027,0.19299165609423743,0.29488844121806324,0.4254300510510802,0.3576761805320827,0.4587724516047892,adequate
llava15_lingoqa,LLaVA-1.5-7B,LingoQA,6,7,non_sdc,7232,75,7232,0,0.0,0.8333362436621204,0.8517803847789764,0.09720382570473404,0.7953140735626221,0.9003574252128601,0.8107977415387865,0.8531613623941474,adequate
llava15_lingoqa,LLaVA-1.5-7B,LingoQA,6,7,non_significant_sdc,102,33,102,0,0.0,0.8159929241108543,0.8197123855352402,0.06771145110450695,0.8067374117672443,0.8550889045000076,0.7912603070096049,0.8372429535846172,adequate
llava15_lingoqa,LLaVA-1.5-7B,LingoQA,6,7,significant_sdc,166,38,54,112,0.6746987951807228,0.5489761218152664,0.5170665122568607,0.1740929990593966,0.4842517711222172,0.6169554125517607,0.4929891943110083,0.5980447090005506,adequate
llava15_lingoqa,LLaVA-1.5-7B,LingoQA,7,8,non_sdc,7232,75,7232,0,0.0,0.7957353886664339,0.8071437180042267,0.1004437307223147,0.7382223904132843,0.8792191632091999,0.7726324932168502,0.817084638157863,adequate
llava15_lingoqa,LLaVA-1.5-7B,LingoQA,7,8,non_significant_sdc,102,33,102,0,0.0,0.7888772744758457,0.7903837412595749,0.05981470461161519,0.754346452653408,0.8299906626343727,0.7635865229458485,0.8098998880888257,adequate
llava15_lingoqa,LLaVA-1.5-7B,LingoQA,7,8,significant_sdc,166,38,52,114,0.6867469879518072,0.642402028458981,0.644583098590374,0.11173122702088216,0.6084435433149338,0.6808975860476494,0.6068634371489752,0.6742934650687324,adequate
llava15_lingoqa,LLaVA-1.5-7B,LingoQA,8,9,non_sdc,7232,75,7232,0,0.0,0.7986021177334283,0.8261538147926331,0.10251343667481329,0.7346851229667664,0.8759680688381195,0.7761821197567043,0.8198534301300204,adequate
llava15_lingoqa,LLaVA-1.5-7B,LingoQA,8,9,non_significant_sdc,102,33,102,0,0.0,0.7903849200582972,0.7850222885608673,0.06442680800215513,0.7569482512772083,0.838882077485323,0.762907130119438,0.8163084752221698,adequate
llava15_lingoqa,LLaVA-1.5-7B,LingoQA,8,9,significant_sdc,166,38,50,116,0.6987951807228916,0.5213912799581886,0.5184203647077084,0.12147640086576318,0.4310352671891451,0.5585729591548443,0.48998201881050224,0.5577574270631838,adequate
llava15_lingoqa,LLaVA-1.5-7B,LingoQA,9,10,non_sdc,7232,75,7232,0,0.0,0.8698858588080232,0.887016549706459,0.07582431741327575,0.8282023333013058,0.9299797117710114,0.8534430057195471,0.885490372927168,adequate
llava15_lingoqa,LLaVA-1.5-7B,LingoQA,9,10,non_significant_sdc,102,33,102,0,0.0,0.8692137318498948,0.8722361475229263,0.043428647213727696,0.8579812757670879,0.8987978473305702,0.8521258607802968,0.8814232594600396,adequate
llava15_lingoqa,LLaVA-1.5-7B,LingoQA,9,10,significant_sdc,166,37,48,118,0.7108433734939759,0.6341737022933861,0.635186318308115,0.12830671267560628,0.5292947050184011,0.6676098369061947,0.5997683485470241,0.669624066605348,adequate
llava15_lingoqa,LLaVA-1.5-7B,LingoQA,10,11,non_sdc,7232,75,7232,0,0.0,0.7415052058269986,0.7440589070320129,0.12955128914420072,0.6734480373561382,0.8316608369350433,0.7125760916459626,0.7691259816502315,adequate
llava15_lingoqa,LLaVA-1.5-7B,LingoQA,10,11,non_significant_sdc,102,33,102,0,0.0,0.7894845055598839,0.7800980806350708,0.07578894136489386,0.7465384230017662,0.8516591712832451,0.7544689700499,0.8239474638471188,adequate
llava15_lingoqa,LLaVA-1.5-7B,LingoQA,10,11,significant_sdc,166,36,47,119,0.7168674698795181,0.5232462594880068,0.5184885114431381,0.14204405139616322,0.467043898999691,0.5968075133860111,0.4770864175407295,0.5653682952425875,adequate
llava15_lingoqa,LLaVA-1.5-7B,LingoQA,11,12,non_sdc,7232,75,7232,0,0.0,0.7470225007623533,0.7602008432149887,0.10514244662544427,0.6923282146453857,0.8130955621600151,0.7243284823496793,0.7694040140959452,adequate
llava15_lingoqa,LLaVA-1.5-7B,LingoQA,11,12,non_significant_sdc,102,33,102,0,0.0,0.7743692720929781,0.783372238278389,0.06272185055953429,0.7325406298041344,0.8273877128958702,0.7464594280555856,0.7989462153743913,adequate
llava15_lingoqa,LLaVA-1.5-7B,LingoQA,11,12,significant_sdc,166,34,44,122,0.7349397590361446,0.5315469285388562,0.5220106728374958,0.13720876704569113,0.44410088285803795,0.6368624940514565,0.48640388579028676,0.5745904220718824,adequate
llava15_lingoqa,LLaVA-1.5-7B,LingoQA,12,13,non_sdc,7232,75,7232,0,0.0,0.7552132720895561,0.7678923010826111,0.09862922994263017,0.6847264766693115,0.8252287022769451,0.733866067300516,0.7754120313537132,adequate
llava15_lingoqa,LLaVA-1.5-7B,LingoQA,12,13,non_significant_sdc,102,33,102,0,0.0,0.7766488745224243,0.7927373945713043,0.07599533893640911,0.7353691980242729,0.8331180177628994,0.7405554956789964,0.8064015469753223,adequate
llava15_lingoqa,LLaVA-1.5-7B,LingoQA,12,13,significant_sdc,166,34,44,122,0.7349397590361446,0.5299662424420769,0.5431947112083435,0.15140174300929768,0.44935426488518715,0.6511600501835346,0.47771539298557614,0.5777026370211341,adequate
llava15_lingoqa,LLaVA-1.5-7B,LingoQA,13,14,non_sdc,7232,75,7232,0,0.0,0.7665458806566509,0.7760396003723145,0.08774031494863845,0.7312978133559227,0.8283564746379852,0.7472735472007773,0.784856863694055,adequate
llava15_lingoqa,LLaVA-1.5-7B,LingoQA,13,14,non_significant_sdc,102,33,102,0,0.0,0.7569076118662077,0.778053380548954,0.08255265421024864,0.6794562749564648,0.8168287463486195,0.7151490439790669,0.7935298688420704,adequate
llava15_lingoqa,LLaVA-1.5-7B,LingoQA,13,14,significant_sdc,166,34,44,122,0.7349397590361446,0.46630314860323613,0.4668036289513111,0.1698221902812583,0.3931053141131997,0.5337695255875587,0.40769239229832044,0.5178397496632956,adequate
llava15_lingoqa,LLaVA-1.5-7B,LingoQA,14,15,non_sdc,7232,75,7232,0,0.0,0.8041137397559882,0.8214832544326782,0.0878141115739811,0.7519484162330627,0.8726616501808167,0.7848738756149578,0.8223532938098419,adequate
llava15_lingoqa,LLaVA-1.5-7B,LingoQA,14,15,non_significant_sdc,102,33,102,0,0.0,0.7821163494943404,0.7813033014535904,0.08451034036128084,0.7110457234084606,0.8586795404553413,0.7417234464112925,0.8214547379394975,adequate
llava15_lingoqa,LLaVA-1.5-7B,LingoQA,14,15,significant_sdc,166,32,41,125,0.7530120481927711,0.5076668344029203,0.5182439237833023,0.1768975213644894,0.39924120903015137,0.5550164952874184,0.45209503032965587,0.5635252263751429,adequate
llava15_lingoqa,LLaVA-1.5-7B,LingoQA,15,16,non_sdc,7232,75,7232,0,0.0,0.7763861325812583,0.7923568412661552,0.11611779612595145,0.7312791347503662,0.8524875827133656,0.7497082307973602,0.800071870258197,adequate
llava15_lingoqa,LLaVA-1.5-7B,LingoQA,15,16,non_significant_sdc,102,33,102,0,0.0,0.7730636549200497,0.7876120582222939,0.08270747581461338,0.7085979543626308,0.8399396128952503,0.7378706480079479,0.8054490195545463,adequate
llava15_lingoqa,LLaVA-1.5-7B,LingoQA,15,16,significant_sdc,166,31,40,126,0.7590361445783133,0.44773732805624605,0.4371275268495083,0.17417442633799043,0.39719485491514206,0.4615357220172882,0.38926068369043826,0.5038022255811553,adequate
llava15_lingoqa,LLaVA-1.5-7B,LingoQA,16,17,non_sdc,7232,75,7232,0,0.0,0.7236059375995342,0.7545217052102089,0.1303394817193357,0.6680985502898693,0.8178822994232178,0.6947773997333809,0.7504389563294679,adequate
llava15_lingoqa,LLaVA-1.5-7B,LingoQA,16,17,non_significant_sdc,102,33,102,0,0.0,0.6672779367688824,0.7379155680537224,0.1815034340658528,0.4795906785875559,0.803421001881361,0.5593482768273463,0.7598351673075405,adequate
llava15_lingoqa,LLaVA-1.5-7B,LingoQA,16,17,significant_sdc,166,29,37,129,0.7771084337349398,0.3233446954825037,0.3035873919725418,0.22114424449070597,0.22483742609620094,0.35041289776563644,0.2577893745267062,0.39085175840412056,underpowered
llava15_lingoqa,LLaVA-1.5-7B,LingoQA,17,18,non_sdc,7232,75,7232,0,0.0,0.8183848486472696,0.8307080492377281,0.0822741058506918,0.7621036842465401,0.8848645985126495,0.8013135619575773,0.8348659338056355,adequate
llava15_lingoqa,LLaVA-1.5-7B,LingoQA,17,18,non_significant_sdc,102,33,102,0,0.0,0.7587672151150364,0.7712509632110596,0.08986133327121307,0.6969507411122322,0.8113350309431553,0.72492510911855,0.7866471365599674,adequate
llava15_lingoqa,LLaVA-1.5-7B,LingoQA,17,18,significant_sdc,166,29,37,129,0.7771084337349398,0.5150622857004605,0.5043101385235786,0.21051079281167198,0.4558017924427986,0.6129373162984848,0.44845909559522273,0.5780593462637625,underpowered
llava15_lingoqa,LLaVA-1.5-7B,LingoQA,18,19,non_sdc,7232,75,7232,0,0.0,0.7734438587246417,0.794689491391182,0.08938761425450929,0.719604454934597,0.8406302556395531,0.7535798674772173,0.7917519898699975,adequate
llava15_lingoqa,LLaVA-1.5-7B,LingoQA,18,19,non_significant_sdc,102,33,102,0,0.0,0.7503468389531561,0.7861759066581726,0.09949823744274176,0.6622406244277954,0.8261057287454605,0.6946613493219564,0.7955598583597074,adequate
llava15_lingoqa,LLaVA-1.5-7B,LingoQA,18,19,significant_sdc,166,28,35,131,0.7891566265060241,0.4932573319545814,0.47215108573436737,0.17278065161909034,0.3975211791694164,0.5566813126206398,0.4394623260265337,0.5462431813510337,underpowered
llava15_lingoqa,LLaVA-1.5-7B,LingoQA,19,20,non_sdc,7232,75,7232,0,0.0,0.7838055343685841,0.8099304735660553,0.09584892748157056,0.7426943480968475,0.8512707948684692,0.762493346804722,0.8037179864529487,adequate
llava15_lingoqa,LLaVA-1.5-7B,LingoQA,19,20,non_significant_sdc,102,33,102,0,0.0,0.7270069554740307,0.7629475593566895,0.09958999429178815,0.6348135508596897,0.8013972006738186,0.6711710379306759,0.7744357443223256,adequate
llava15_lingoqa,LLaVA-1.5-7B,LingoQA,19,20,significant_sdc,166,28,34,132,0.7951807228915663,0.4464933626107214,0.47227948997169733,0.23179730533693008,0.2842342311050743,0.5762640032917261,0.3785773910609584,0.5191777051040843,underpowered
llava15_lingoqa,LLaVA-1.5-7B,LingoQA,20,21,non_sdc,7232,75,7232,0,0.0,0.7858884215538771,0.8154112547636032,0.11335675193411045,0.7270469069480896,0.8687449395656586,0.7605455613591572,0.8092562889510415,adequate
llava15_lingoqa,LLaVA-1.5-7B,LingoQA,20,21,non_significant_sdc,102,33,102,0,0.0,0.7226088593038273,0.7731717005372047,0.11874533074402564,0.6410670783370733,0.820516400039196,0.6556769366114333,0.7772001311879033,adequate
llava15_lingoqa,LLaVA-1.5-7B,LingoQA,20,21,significant_sdc,166,28,34,132,0.7951807228915663,0.5635936900096781,0.5795335322618484,0.14824593611972697,0.44844686798751354,0.6543544940650463,0.518490088200714,0.6174948147745664,underpowered
llava15_lingoqa,LLaVA-1.5-7B,LingoQA,21,22,non_sdc,7232,75,7232,0,0.0,0.8360388462549689,0.8425187468528748,0.0845531963295121,0.7842207749684652,0.9067670069634914,0.8179222847981528,0.8529911630627278,adequate
llava15_lingoqa,LLaVA-1.5-7B,LingoQA,21,22,non_significant_sdc,102,33,102,0,0.0,0.795607832424781,0.8099541068077087,0.07643352877469792,0.7539957836270332,0.831581823527813,0.7618683744753251,0.8212141695787496,adequate
llava15_lingoqa,LLaVA-1.5-7B,LingoQA,21,22,significant_sdc,166,27,33,133,0.8012048192771084,0.4394750365930976,0.4769532009959221,0.27638004586582177,0.1640377976000309,0.6746255457401276,0.34988187376569996,0.5367423329801942,underpowered
llava15_lingoqa,LLaVA-1.5-7B,LingoQA,22,23,non_sdc,7232,75,7232,0,0.0,0.7508866923166146,0.7568612620234489,0.10578284069148737,0.6776592433452606,0.8406376540660858,0.7282235263181226,0.7727406397106679,adequate
llava15_lingoqa,LLaVA-1.5-7B,LingoQA,22,23,non_significant_sdc,102,33,102,0,0.0,0.705656593775048,0.7141622751951218,0.10765288982076869,0.6262883096933365,0.7953809499740601,0.6514175593313657,0.7514799681263034,adequate
llava15_lingoqa,LLaVA-1.5-7B,LingoQA,22,23,significant_sdc,166,26,32,134,0.8072289156626506,0.4650422848353628,0.456555288285017,0.158703186813215,0.41661021672189236,0.5415156707167625,0.41003325937049734,0.5188198962323023,underpowered
llava15_lingoqa,LLaVA-1.5-7B,LingoQA,23,24,non_sdc,7232,75,7232,0,0.0,0.8172618859308631,0.8250012695789337,0.07809132313780331,0.7824138849973679,0.8708264715969563,0.8019331936491715,0.8323001643255709,adequate
llava15_lingoqa,LLaVA-1.5-7B,LingoQA,23,24,non_significant_sdc,102,33,102,0,0.0,0.7899287084446234,0.8090038821101189,0.06938029219465132,0.7702578939497471,0.8256250023841858,0.7662306495547585,0.8056522741427268,adequate
llava15_lingoqa,LLaVA-1.5-7B,LingoQA,23,24,significant_sdc,166,26,32,134,0.8072289156626506,0.6491364940884523,0.66670361161232,0.16826284504479738,0.6328635960817337,0.742551639676094,0.5913266940225315,0.6990555576805491,underpowered
llava15_lingoqa,LLaVA-1.5-7B,LingoQA,24,25,non_sdc,7232,75,7232,0,0.0,0.7401776999806241,0.7491557449102402,0.11638730433969229,0.6789270602166653,0.8238851986825466,0.7156885103475813,0.7635821510896416,adequate
llava15_lingoqa,LLaVA-1.5-7B,LingoQA,24,25,non_significant_sdc,102,33,102,0,0.0,0.6907056136714185,0.7132354155182838,0.12551602728423372,0.6305681206285954,0.8082236014306545,0.6393063495566593,0.7326380419950723,adequate
llava15_lingoqa,LLaVA-1.5-7B,LingoQA,24,25,significant_sdc,166,25,31,135,0.8132530120481928,0.3446711513604368,0.24837975576519966,0.2165989662930548,0.20402238052338362,0.4545034430921078,0.27733249052716163,0.4161813728183972,underpowered
llava15_lingoqa,LLaVA-1.5-7B,LingoQA,25,26,non_sdc,7232,75,7232,0,0.0,0.8353535816688804,0.8547174334526062,0.06840596051111227,0.7977120578289032,0.8851030841469765,0.820779477711212,0.8489720101556623,adequate
llava15_lingoqa,LLaVA-1.5-7B,LingoQA,25,26,non_significant_sdc,102,33,102,0,0.0,0.8065187103461986,0.7994746193289757,0.06452466151105474,0.7853216417133808,0.8483401276171207,0.7820907417728474,0.8335796429790923,adequate
llava15_lingoqa,LLaVA-1.5-7B,LingoQA,25,26,significant_sdc,166,25,31,135,0.8132530120481928,0.6492929256280824,0.6624373197555542,0.1681208192260929,0.6227844059467316,0.7263944819569588,0.5903164722896631,0.6979909431094973,underpowered
llava15_lingoqa,LLaVA-1.5-7B,LingoQA,26,27,non_sdc,7232,75,7232,0,0.0,0.834516129122067,0.8632149994373322,0.11251059546931917,0.7613730318844318,0.9311544448137283,0.8095319382688486,0.8583262496886856,adequate
llava15_lingoqa,LLaVA-1.5-7B,LingoQA,26,27,non_significant_sdc,102,33,102,0,0.0,0.723886414230162,0.7549530938267708,0.11472349325254869,0.629591841250658,0.8190104514360428,0.6773647905340521,0.7682965217329407,adequate
llava15_lingoqa,LLaVA-1.5-7B,LingoQA,26,27,significant_sdc,166,23,29,137,0.8253012048192772,0.455330524946852,0.391692484728992,0.25245540692862556,0.2957908036187291,0.6008272022008896,0.38213923462585975,0.5383012407370088,underpowered
llava15_lingoqa,LLaVA-1.5-7B,LingoQA,27,28,non_sdc,7232,75,7232,0,0.0,0.8218703113154957,0.8415417373180389,0.09366134385586597,0.7809599488973618,0.893175482749939,0.8019484341672756,0.8398595749108809,adequate
llava15_lingoqa,LLaVA-1.5-7B,LingoQA,27,28,non_significant_sdc,102,33,102,0,0.0,0.7549948840055103,0.7779239863157272,0.11866395747109622,0.7320439703762531,0.8309739902615547,0.7172883685926597,0.7811359769122452,adequate
llava15_lingoqa,LLaVA-1.5-7B,LingoQA,27,28,significant_sdc,166,21,24,142,0.8554216867469879,0.4642521381028928,0.44930560793727636,0.2276439977221836,0.3450681499671191,0.6252782326191664,0.37484603616806755,0.5508100950245178,underpowered
llava15_lingoqa,LLaVA-1.5-7B,LingoQA,28,29,non_sdc,7232,75,7232,0,0.0,0.832530961510781,0.8427454233169556,0.07003050567458427,0.7991372346878052,0.8790289238095284,0.8195124535321953,0.8448709264354117,adequate
llava15_lingoqa,LLaVA-1.5-7B,LingoQA,28,29,non_significant_sdc,102,33,102,0,0.0,0.7907289345657417,0.8139510005712509,0.08923475832531792,0.773576594889164,0.8386325314640999,0.7611725803992619,0.8090743117243888,adequate
llava15_lingoqa,LLaVA-1.5-7B,LingoQA,28,29,significant_sdc,166,20,22,144,0.8674698795180723,0.6145841189744797,0.6801240146160126,0.22250427926077493,0.5259301289916039,0.7742338813841343,0.514792127575228,0.6986569686972706,underpowered
llava15_lingoqa,LLaVA-1.5-7B,LingoQA,29,30,non_sdc,7232,75,7232,0,0.0,0.854585419725771,0.8649890720844269,0.06706991897569858,0.827914372086525,0.9017530828714371,0.8413800161552962,0.8667379554050341,adequate
llava15_lingoqa,LLaVA-1.5-7B,LingoQA,29,30,non_significant_sdc,102,33,102,0,0.0,0.7603379928817352,0.7974488213658333,0.12680170358962634,0.7719972729682922,0.8378737419843674,0.723699767422988,0.7841160034547893,adequate
llava15_lingoqa,LLaVA-1.5-7B,LingoQA,29,30,significant_sdc,166,17,19,147,0.8855421686746988,0.5453934343776813,0.5953832268714905,0.25988161472066384,0.4090935541316867,0.7500587105751038,0.42191563257460457,0.6532063435413875,underpowered
llava15_lingoqa,LLaVA-1.5-7B,LingoQA,30,31,non_sdc,7232,75,7232,0,0.0,0.8941362874059056,0.9139051735401154,0.06468650061187237,0.8580561652779579,0.9407887868583202,0.8808465091050067,0.9064499718186957,adequate
llava15_lingoqa,LLaVA-1.5-7B,LingoQA,30,31,non_significant_sdc,102,33,102,0,0.0,0.8300865365594041,0.8529414981603622,0.11786456562525507,0.8086969964206219,0.9080319739878178,0.7882374252733088,0.8582436704023739,adequate
llava15_lingoqa,LLaVA-1.5-7B,LingoQA,30,31,significant_sdc,166,11,12,154,0.927710843373494,0.6996637829579413,0.8375484719872475,0.25192037256739175,0.5745747480541468,0.8703414537012577,0.5598154873354361,0.8328824717678469,underpowered
llava15_vqav2,LLaVA-1.5-7B,VQAv2,0,1,non_sdc,7304,133,7304,0,0.0,0.8926264226178877,0.9344085454940796,0.10517667324287698,0.8155417144298553,0.9759539663791656,0.8840614417009585,0.9006186739909273,adequate
llava15_vqav2,LLaVA-1.5-7B,VQAv2,0,1,non_significant_sdc,14,6,14,0,0.0,0.9572669799838748,0.9670017957687378,0.026401535360048585,0.966987855732441,0.9670017957687378,0.9255447851286994,0.9718472934686221,underpowered
llava15_vqav2,LLaVA-1.5-7B,VQAv2,0,1,significant_sdc,182,45,71,111,0.6098901098901099,0.4038082084972674,0.2564531397074461,0.3033329307281505,0.21481711650267243,0.5106223532930017,0.30661296515967024,0.5078733095789243,adequate
llava15_vqav2,LLaVA-1.5-7B,VQAv2,1,2,non_sdc,7304,133,7304,0,0.0,0.8759837039331856,0.9413136541843414,0.13311879596823242,0.8105926737189293,0.976291611790657,0.8657772749899068,0.885305255149262,adequate
llava15_vqav2,LLaVA-1.5-7B,VQAv2,1,2,non_significant_sdc,14,6,14,0,0.0,0.9512730315327644,0.971478134393692,0.04796677758363179,0.9714283645153046,0.971478134393692,0.8880527522414923,0.9751954353772677,underpowered
llava15_vqav2,LLaVA-1.5-7B,VQAv2,1,2,significant_sdc,182,44,69,113,0.6208791208791209,0.48672954997290735,0.3635648116469383,0.23887227641943093,0.3473160043358803,0.4551880160967509,0.4052505916176038,0.5738263038190181,adequate
llava15_vqav2,LLaVA-1.5-7B,VQAv2,2,3,non_sdc,7304,133,7304,0,0.0,0.9115231927752807,0.9488347172737122,0.08572010273251855,0.8700860738754272,0.9779014587402344,0.9047470106322298,0.9180459644121863,adequate
llava15_vqav2,LLaVA-1.5-7B,VQAv2,2,3,non_significant_sdc,14,6,14,0,0.0,0.9324343428015709,0.9757440388202667,0.06855822186943933,0.9188141226768494,0.9757559299468994,0.8372942414134741,0.9694068044424057,underpowered
llava15_vqav2,LLaVA-1.5-7B,VQAv2,2,3,significant_sdc,182,43,67,115,0.6318681318681318,0.6096228772579734,0.5332979634404182,0.17241066661798501,0.5028219483792782,0.6062891446053982,0.5457560617440669,0.6794810192683269,adequate
llava15_vqav2,LLaVA-1.5-7B,VQAv2,3,4,non_sdc,7304,133,7304,0,0.0,0.9105092219778177,0.920089840888977,0.07568249050529773,0.8674182295799255,0.9741720855236053,0.9044247699580532,0.9160337498821374,adequate
llava15_vqav2,LLaVA-1.5-7B,VQAv2,3,4,non_significant_sdc,14,6,14,0,0.0,0.9328180178999901,0.9518811404705048,0.03673844450383296,0.924834530800581,0.9518811404705048,0.8855262590306145,0.952201945334673,underpowered
llava15_vqav2,LLaVA-1.5-7B,VQAv2,3,4,significant_sdc,182,42,65,117,0.6428571428571428,0.6108490749429434,0.5354907736182213,0.18479626984621897,0.500485822558403,0.6070888489484787,0.5432589191797627,0.684830978859689,adequate
llava15_vqav2,LLaVA-1.5-7B,VQAv2,4,5,non_sdc,7304,133,7304,0,0.0,0.8493460997661652,0.8817700147628784,0.11461880008409601,0.7622535079717636,0.9510175883769989,0.8399823727501491,0.8582746318056638,adequate
llava15_vqav2,LLaVA-1.5-7B,VQAv2,4,5,non_significant_sdc,14,6,14,0,0.0,0.8697657303086349,0.9300773441791534,0.10403692543245016,0.8540206849575043,0.9300773441791534,0.7242129240185022,0.9242675127806487,underpowered
llava15_vqav2,LLaVA-1.5-7B,VQAv2,4,5,significant_sdc,182,42,64,118,0.6483516483516483,0.49535086438118014,0.39586481265723705,0.23794375724041975,0.3585551860742271,0.580315668679153,0.4129679257729246,0.5778959060460035,adequate
llava15_vqav2,LLaVA-1.5-7B,VQAv2,5,6,non_sdc,7304,133,7304,0,0.0,0.8038774387976927,0.8430478572845459,0.13313617499737515,0.7030259072780609,0.9200398027896881,0.7924526812641167,0.8144768517536816,adequate
llava15_vqav2,LLaVA-1.5-7B,VQAv2,5,6,non_significant_sdc,14,6,14,0,0.0,0.8925051699791636,0.9388871043920517,0.06652278841749633,0.8602628745138645,0.939011424779892,0.7997744381427765,0.9278741925954819,underpowered
llava15_vqav2,LLaVA-1.5-7B,VQAv2,5,6,significant_sdc,182,40,62,120,0.6593406593406593,0.5251240598198067,0.44234555400907993,0.2094911256690094,0.39133395813405514,0.5269942842423916,0.44586619017857765,0.6072902343549704,adequate
llava15_vqav2,LLaVA-1.5-7B,VQAv2,6,7,non_sdc,7304,133,7304,0,0.0,0.8068726494248348,0.8370668292045593,0.11674923079203631,0.7304580509662628,0.9018705487251282,0.7950925308638289,0.8174846166387598,adequate
llava15_vqav2,LLaVA-1.5-7B,VQAv2,6,7,non_significant_sdc,14,6,14,0,0.0,0.7746589918221746,0.7648652493953705,0.05329950816530865,0.7647434994578362,0.7652572765946388,0.7463155593723059,0.8371785630782446,underpowered
llava15_vqav2,LLaVA-1.5-7B,VQAv2,6,7,significant_sdc,182,40,62,120,0.6593406593406593,0.547626409894957,0.46374891698360443,0.19395864343433267,0.42296835919842124,0.6463504852727056,0.4799704124643712,0.6209563131382795,adequate
llava15_vqav2,LLaVA-1.5-7B,VQAv2,7,8,non_sdc,7304,133,7304,0,0.0,0.7827653291558029,0.804384633898735,0.13253931967690577,0.6927366902430853,0.9048520177602768,0.7690099921968064,0.7949469431538121,adequate
llava15_vqav2,LLaVA-1.5-7B,VQAv2,7,8,non_significant_sdc,14,6,14,0,0.0,0.7854436561465263,0.7564548403024673,0.061323958832176485,0.7564064264297485,0.7619722820818424,0.7600058286610458,0.8724856674671173,underpowered
llava15_vqav2,LLaVA-1.5-7B,VQAv2,7,8,significant_sdc,182,39,61,121,0.6648351648351649,0.5343445892257442,0.46720919385552406,0.17141515396637377,0.43734466657042503,0.5878162980079651,0.4741274043060195,0.597038012367645,adequate
llava15_vqav2,LLaVA-1.5-7B,VQAv2,8,9,non_sdc,7304,133,7304,0,0.0,0.7425038639421012,0.7659343481063843,0.13278362892018333,0.647803395986557,0.8562278151512146,0.7308717747953783,0.7534851356505866,adequate
llava15_vqav2,LLaVA-1.5-7B,VQAv2,8,9,non_significant_sdc,14,6,14,0,0.0,0.7926033362746239,0.789644867181778,0.036992773189218266,0.7895919159054756,0.7899193465709686,0.7650233656167984,0.8273184959377561,underpowered
llava15_vqav2,LLaVA-1.5-7B,VQAv2,8,9,significant_sdc,182,38,60,122,0.6703296703296704,0.4461193495533532,0.3618186470121145,0.22449162641736448,0.29766499414108694,0.5433586058206856,0.3634687226680857,0.5293073522204438,adequate
llava15_vqav2,LLaVA-1.5-7B,VQAv2,9,10,non_sdc,7304,133,7304,0,0.0,0.8259014311172109,0.8446787397066753,0.10464176212380244,0.7565999627113342,0.9147762060165405,0.8168695831346314,0.8340903643280019,adequate
llava15_vqav2,LLaVA-1.5-7B,VQAv2,9,10,non_significant_sdc,14,6,14,0,0.0,0.8664717759404864,0.8574444949626923,0.02398807618258179,0.8574185222387314,0.8615885302424431,0.8569891695623044,0.8986026048660278,underpowered
llava15_vqav2,LLaVA-1.5-7B,VQAv2,9,10,significant_sdc,182,38,59,123,0.6758241758241759,0.6093428339072541,0.5585953891277313,0.1471190459297775,0.5130947530269623,0.7007792890071869,0.5601010108818824,0.6559020588120235,adequate
llava15_vqav2,LLaVA-1.5-7B,VQAv2,10,11,non_sdc,7304,133,7304,0,0.0,0.7087811028679873,0.7276422381401062,0.1164185888591202,0.6417375206947327,0.7863635867834091,0.6997747965307323,0.7179149219948852,adequate
llava15_vqav2,LLaVA-1.5-7B,VQAv2,10,11,non_significant_sdc,14,6,14,0,0.0,0.740390844643116,0.8086071461439133,0.1440688316654033,0.7239817008376122,0.808648943901062,0.537627657254537,0.7997804350323148,underpowered
llava15_vqav2,LLaVA-1.5-7B,VQAv2,10,11,significant_sdc,182,37,57,125,0.6868131868131868,0.47657358752323964,0.44113415479660034,0.18584604364108523,0.3701253682374954,0.5911438167095184,0.4081940578734434,0.5407678455718168,adequate
llava15_vqav2,LLaVA-1.5-7B,VQAv2,11,12,non_sdc,7304,133,7304,0,0.0,0.7119117577306249,0.7318141385912895,0.11729627444802626,0.6363604962825775,0.8014813810586929,0.7027290639889626,0.7206178069849031,adequate
llava15_vqav2,LLaVA-1.5-7B,VQAv2,11,12,non_significant_sdc,14,6,14,0,0.0,0.7459588348865509,0.764153778553009,0.05105565732868609,0.745905015617609,0.7642142474651337,0.6768624697412763,0.7675751328468323,underpowered
llava15_vqav2,LLaVA-1.5-7B,VQAv2,11,12,significant_sdc,182,35,54,128,0.7032967032967032,0.5304334456629959,0.5214086212217808,0.1674449468288599,0.4613675530999899,0.608037443831563,0.47198807006334703,0.5811531654747766,adequate
llava15_vqav2,LLaVA-1.5-7B,VQAv2,12,13,non_sdc,7304,133,7304,0,0.0,0.7084797323851766,0.7280251979827881,0.11186382973677758,0.6532502770423889,0.7870053350925446,0.6980331979372508,0.7177456154015918,adequate
llava15_vqav2,LLaVA-1.5-7B,VQAv2,12,13,non_significant_sdc,14,6,14,0,0.0,0.7298964666468757,0.7380343228578568,0.04108121147742767,0.7262268960475922,0.7380992770195007,0.6881607890129089,0.758595700447376,underpowered
llava15_vqav2,LLaVA-1.5-7B,VQAv2,12,13,significant_sdc,182,34,52,130,0.7142857142857143,0.38571664118148286,0.32837652787566185,0.19850062874488172,0.2566643664613366,0.5379016846418381,0.30649133256243444,0.45987236763858863,adequate
llava15_vqav2,LLaVA-1.5-7B,VQAv2,13,14,non_sdc,7304,133,7304,0,0.0,0.721499707781281,0.7419726103544235,0.10506328326234574,0.6580873628457388,0.7981003224849701,0.7133531975323666,0.7291008474217721,adequate
llava15_vqav2,LLaVA-1.5-7B,VQAv2,13,14,non_significant_sdc,14,6,14,0,0.0,0.726589095379625,0.7356224954128265,0.028837670863487843,0.7355682551860809,0.7357825711369514,0.6920820474624634,0.7441686288668559,underpowered
llava15_vqav2,LLaVA-1.5-7B,VQAv2,13,14,significant_sdc,182,34,52,130,0.7142857142857143,0.29010300076483053,0.23196365870535374,0.20295310754346205,0.15348823321983218,0.45277163137992227,0.22367937087506126,0.35142004488471207,adequate
llava15_vqav2,LLaVA-1.5-7B,VQAv2,14,15,non_sdc,7304,133,7304,0,0.0,0.7946966638431218,0.8283153772354126,0.1147272517030633,0.7259039878845215,0.8861405849456787,0.7848054463555992,0.8037286449162324,adequate
llava15_vqav2,LLaVA-1.5-7B,VQAv2,14,15,non_significant_sdc,14,6,14,0,0.0,0.735319696366787,0.7057746052742004,0.06006500100089245,0.7057727873325348,0.7152672298252583,0.7100561440867537,0.8262026732166609,underpowered
llava15_vqav2,LLaVA-1.5-7B,VQAv2,14,15,significant_sdc,182,34,52,130,0.7142857142857143,0.4341978606684372,0.4166964292526245,0.18490651125484134,0.37055107206106186,0.5074290807048479,0.3780591907916294,0.4811200402179549,adequate
llava15_vqav2,LLaVA-1.5-7B,VQAv2,15,16,non_sdc,7304,133,7304,0,0.0,0.7274204134443307,0.7511833608150482,0.12784319152001514,0.6407078057527542,0.8352306485176086,0.7157763638548152,0.7380087699575745,adequate
llava15_vqav2,LLaVA-1.5-7B,VQAv2,15,16,non_significant_sdc,14,6,14,0,0.0,0.6791746701513018,0.5993739813566208,0.1014111231020583,0.599125050008297,0.7501579783856869,0.6218159452632621,0.8200222651163737,underpowered
llava15_vqav2,LLaVA-1.5-7B,VQAv2,15,16,significant_sdc,182,33,49,133,0.7307692307692308,0.4124662627776464,0.36906445771455765,0.17793300748508448,0.29226094484329224,0.5433120230833689,0.3503627472107929,0.46944015454891647,adequate
llava15_vqav2,LLaVA-1.5-7B,VQAv2,16,17,non_sdc,7304,133,7304,0,0.0,0.6917566589701232,0.7417408525943756,0.17914977927442413,0.5650418698787689,0.8464282006025314,0.6754053351295299,0.7063318575932366,adequate
llava15_vqav2,LLaVA-1.5-7B,VQAv2,16,17,non_significant_sdc,14,6,14,0,0.0,0.7783922691430364,0.7850563675165176,0.03794156499700543,0.7807151153683662,0.7851933017373085,0.7394191883504391,0.8079925179481506,underpowered
llava15_vqav2,LLaVA-1.5-7B,VQAv2,16,17,significant_sdc,182,33,48,134,0.7362637362637363,0.29044317367758293,0.16563335852697492,0.27780892295230747,0.09427036624401808,0.5496572963893414,0.18350066454562458,0.394080060824434,adequate
llava15_vqav2,LLaVA-1.5-7B,VQAv2,17,18,non_sdc,7304,133,7304,0,0.0,0.7911875855011284,0.8350740969181061,0.14861534659562053,0.7014908492565155,0.9121509343385696,0.7790717712016799,0.8026598444690969,adequate
llava15_vqav2,LLaVA-1.5-7B,VQAv2,17,18,non_significant_sdc,14,6,14,0,0.0,0.8215978933232171,0.8057361543178558,0.06340934783580171,0.8056853637099266,0.8059453815221786,0.7910487223416567,0.9032073070605596,underpowered
llava15_vqav2,LLaVA-1.5-7B,VQAv2,17,18,significant_sdc,182,32,47,135,0.7417582417582418,0.5053069450172549,0.5303456336259842,0.19893442427284602,0.40497860684990883,0.6324350039164226,0.43451496745132046,0.5637838784262286,adequate
llava15_vqav2,LLaVA-1.5-7B,VQAv2,18,19,non_sdc,7304,133,7304,0,0.0,0.6745006444171986,0.6932382583618164,0.16492784355729076,0.5559291839599609,0.8187914341688156,0.6593725449437836,0.6883342842340567,adequate
llava15_vqav2,LLaVA-1.5-7B,VQAv2,18,19,non_significant_sdc,14,6,14,0,0.0,0.7856104597449303,0.8182699680328369,0.06945482762307455,0.7535083666443825,0.8183429017663002,0.6979746669530869,0.823025446671706,underpowered
llava15_vqav2,LLaVA-1.5-7B,VQAv2,18,19,significant_sdc,182,31,46,136,0.7472527472527473,0.38223231003697344,0.31688328087329865,0.22725728414023239,0.2366176440846175,0.5770717859268188,0.2882126562708258,0.46839307050258666,adequate
llava15_vqav2,LLaVA-1.5-7B,VQAv2,19,20,non_sdc,7304,133,7304,0,0.0,0.6757741427862461,0.7060903161764145,0.19066828877766023,0.5358811803162098,0.8439799547195435,0.6605938175217855,0.6895001548144274,adequate
llava15_vqav2,LLaVA-1.5-7B,VQAv2,19,20,non_significant_sdc,14,6,14,0,0.0,0.8043052000658852,0.8640326708555222,0.12048523070394844,0.7665189355611801,0.8640805184841156,0.6503119998508029,0.8686191682462339,underpowered
llava15_vqav2,LLaVA-1.5-7B,VQAv2,19,20,significant_sdc,182,30,45,137,0.7527472527472527,0.45547735433404646,0.4267646372318268,0.20176521755220628,0.32096124812960625,0.5166670282681783,0.37931875068085724,0.5331604406918756,adequate
llava15_vqav2,LLaVA-1.5-7B,VQAv2,20,21,non_sdc,7304,133,7304,0,0.0,0.6903741141614302,0.7002755850553513,0.1619802605638608,0.582736648619175,0.8290140852332115,0.6774969285997076,0.7027483265704138,adequate
llava15_vqav2,LLaVA-1.5-7B,VQAv2,20,21,non_significant_sdc,14,6,14,0,0.0,0.742484127836568,0.7131237834692001,0.07252223639104445,0.7130526825785637,0.7352184094488621,0.7117501703046617,0.839562992254893,underpowered
llava15_vqav2,LLaVA-1.5-7B,VQAv2,20,21,significant_sdc,182,28,42,140,0.7692307692307692,0.4747455232436694,0.43327421446641284,0.19316955774062092,0.3810161557048559,0.5409736763685942,0.4014347401780393,0.5557058305427405,underpowered
llava15_vqav2,LLaVA-1.5-7B,VQAv2,21,22,non_sdc,7304,133,7304,0,0.0,0.7444700452351353,0.7796622067689896,0.15450319099647036,0.6584376692771912,0.8578449040651321,0.7324666069319544,0.7564254749759514,adequate
llava15_vqav2,LLaVA-1.5-7B,VQAv2,21,22,non_significant_sdc,14,6,14,0,0.0,0.8504209901605334,0.8911662697792053,0.06917739330850975,0.815855510532856,0.8913075625896454,0.7516089756041765,0.8827882081589528,underpowered
llava15_vqav2,LLaVA-1.5-7B,VQAv2,21,22,significant_sdc,182,27,41,141,0.7747252747252747,0.36676838824419467,0.30818418972194195,0.3217981045896583,0.08736618608236313,0.6618776122728983,0.23732705089924352,0.4877663567175056,underpowered
llava15_vqav2,LLaVA-1.5-7B,VQAv2,22,23,non_sdc,7304,133,7304,0,0.0,0.739321066444048,0.7660600543022156,0.1537515076640738,0.6589628259340922,0.8577055484056473,0.7257802720539458,0.7526943482905907,adequate
llava15_vqav2,LLaVA-1.5-7B,VQAv2,22,23,non_significant_sdc,14,6,14,0,0.0,0.8184290581515857,0.8682095110416412,0.09012426211030396,0.7594151236116886,0.8682773262262344,0.6973146921313472,0.8631158761680127,underpowered
llava15_vqav2,LLaVA-1.5-7B,VQAv2,22,23,significant_sdc,182,27,40,142,0.7802197802197802,0.5235699992937346,0.533747173845768,0.18682128578407367,0.45183168537914753,0.5835890993475914,0.4510162900926526,0.5861130464279621,underpowered
llava15_vqav2,LLaVA-1.5-7B,VQAv2,23,24,non_sdc,7304,133,7304,0,0.0,0.7683185456300794,0.794412225484848,0.1364570326455313,0.6943351924419403,0.8743505477905273,0.7564252046729407,0.7785364100657425,adequate
llava15_vqav2,LLaVA-1.5-7B,VQAv2,23,24,non_significant_sdc,14,6,14,0,0.0,0.8105631289737565,0.8615359663963318,0.12365433148499749,0.7915249019861221,0.8618281334638596,0.6589239942176002,0.8698941921746289,underpowered
llava15_vqav2,LLaVA-1.5-7B,VQAv2,23,24,significant_sdc,182,25,37,145,0.7967032967032968,0.5998329496564898,0.608721137046814,0.22080692925498213,0.5017774850130081,0.7959621548652649,0.49395167633580667,0.6798610322098974,underpowered
llava15_vqav2,LLaVA-1.5-7B,VQAv2,24,25,non_sdc,7304,133,7304,0,0.0,0.7238123444788246,0.7645942270755768,0.16802632552853816,0.6112424085537592,0.8595781922340393,0.7065343727499601,0.7398129314735089,adequate
llava15_vqav2,LLaVA-1.5-7B,VQAv2,24,25,non_significant_sdc,14,6,14,0,0.0,0.7985797641532761,0.8222302049398422,0.06895614893524817,0.7960059009492397,0.8223982751369476,0.7185706663876772,0.8348582581831858,underpowered
llava15_vqav2,LLaVA-1.5-7B,VQAv2,24,25,significant_sdc,182,25,37,145,0.7967032967032968,0.39318354754616414,0.349115252494812,0.24056447085911414,0.23584116995334625,0.4805971880753835,0.29442940242305793,0.47852757592465456,underpowered
llava15_vqav2,LLaVA-1.5-7B,VQAv2,25,26,non_sdc,7304,133,7304,0,0.0,0.7806339337885435,0.804855227470398,0.11463650289372171,0.7142390049993992,0.871174119412899,0.7687118586652246,0.79136493102132,adequate
llava15_vqav2,LLaVA-1.5-7B,VQAv2,25,26,non_significant_sdc,14,6,14,0,0.0,0.8491428984063012,0.9000533819198608,0.08396680874078088,0.7815652936697006,0.9001302868127823,0.7386039169256886,0.8931501299142838,underpowered
llava15_vqav2,LLaVA-1.5-7B,VQAv2,25,26,significant_sdc,182,24,35,147,0.8076923076923077,0.6374970064276742,0.6101436764001846,0.1902172131570069,0.5145894102752209,0.8535289069016775,0.5373495069580773,0.7165878180300107,underpowered
llava15_vqav2,LLaVA-1.5-7B,VQAv2,26,27,non_sdc,7304,133,7304,0,0.0,0.8463638167825431,0.9003779888153076,0.1319252758505776,0.7910282202064991,0.9437752813100815,0.8368863816324763,0.855164929021277,adequate
llava15_vqav2,LLaVA-1.5-7B,VQAv2,26,27,non_significant_sdc,14,6,14,0,0.0,0.8812199543629374,0.937784269452095,0.12538577605852338,0.9377169013023376,0.9378528445959091,0.7125575492779413,0.9471724239679483,underpowered
llava15_vqav2,LLaVA-1.5-7B,VQAv2,26,27,significant_sdc,182,23,32,150,0.8241758241758241,0.5778717635281888,0.5281519896040361,0.3076346030107657,0.3850581233855337,0.9069767544666926,0.41129072057607247,0.7083503980166925,underpowered
llava15_vqav2,LLaVA-1.5-7B,VQAv2,27,28,non_sdc,7304,133,7304,0,0.0,0.7891300332220509,0.8339130580425262,0.14478955217648984,0.7116038054227829,0.9016695767641068,0.7760518074397423,0.8012164342048146,adequate
llava15_vqav2,LLaVA-1.5-7B,VQAv2,27,28,non_significant_sdc,14,6,14,0,0.0,0.818062387406826,0.8214191198348999,0.055629614326609726,0.8204178288578987,0.8215821236371994,0.7709731049835682,0.86932955433925,underpowered
llava15_vqav2,LLaVA-1.5-7B,VQAv2,27,28,significant_sdc,182,21,30,152,0.8351648351648352,0.5055517194792628,0.4009709358215332,0.28942386749633037,0.2932111653499305,0.7659842769304911,0.35065084578374955,0.6262309482228846,underpowered
llava15_vqav2,LLaVA-1.5-7B,VQAv2,28,29,non_sdc,7304,133,7304,0,0.0,0.7380317115174659,0.767965167760849,0.12826420346106246,0.6723620444536209,0.8354533016681671,0.7258215090127745,0.749100674502527,adequate
llava15_vqav2,LLaVA-1.5-7B,VQAv2,28,29,non_significant_sdc,14,6,14,0,0.0,0.8413592608911651,0.880451425909996,0.07592319861601221,0.7978676110506058,0.8804971724748611,0.7436243332922459,0.880984553585692,underpowered
llava15_vqav2,LLaVA-1.5-7B,VQAv2,28,29,significant_sdc,182,16,25,157,0.8626373626373627,0.5842094124356906,0.558963934580485,0.231790836245759,0.44929374009370804,0.7585799694061279,0.44107942406676315,0.6828127224546022,underpowered
llava15_vqav2,LLaVA-1.5-7B,VQAv2,29,30,non_sdc,7304,133,7304,0,0.0,0.8303678399154414,0.8624607622623444,0.10414650652132688,0.7799671143293381,0.9058154374361038,0.8201585610672723,0.8391187235816724,adequate
llava15_vqav2,LLaVA-1.5-7B,VQAv2,29,30,non_significant_sdc,14,6,14,0,0.0,0.8986502619726318,0.9304220378398895,0.05742321856208357,0.8643279522657394,0.930467277765274,0.8249562680721283,0.9281277336456157,underpowered
llava15_vqav2,LLaVA-1.5-7B,VQAv2,29,30,significant_sdc,182,15,24,158,0.8681318681318682,0.5897295509025248,0.6059309765696526,0.3194740720187715,0.33518270356580615,0.8760420034329096,0.3765407137545171,0.7329903823492485,underpowered
llava15_vqav2,LLaVA-1.5-7B,VQAv2,30,31,non_sdc,7304,133,7304,0,0.0,0.8785456789723097,0.9253203570842743,0.10046645173937067,0.8070443669954936,0.9538600444793701,0.8697112808000635,0.8864464423036115,adequate
llava15_vqav2,LLaVA-1.5-7B,VQAv2,30,31,non_significant_sdc,14,6,14,0,0.0,0.9314649051853588,0.9446766376495361,0.032348211582315406,0.930624820291996,0.9447068870067596,0.8896413627598021,0.9493647962808609,underpowered
llava15_vqav2,LLaVA-1.5-7B,VQAv2,30,31,significant_sdc,182,11,18,164,0.9010989010989011,0.7760997078622932,0.905260016520818,0.21815334622857804,0.677230216562748,0.9282506157954534,0.6064961096884071,0.8702887249038074,underpowered
