job,model,dataset,profile,k,feature_count,cohort,selection_threshold,calibration_precision,calibration_recall,calibration_f1,calibration_fpr,best_iteration,model_train_rows,early_stopping_rows,threshold_calibration_rows,selection_validation_rows,support,pred_total,tp,fp,fn,tn,precision,recall,false_positive_rate,f1
internvl3_earthvqa,internvl3,earthvqa,36D,1,36,canonical_finite,0.7774131298065186,0.99375,0.9464285714285714,0.9695121951219512,0.0003684598378776,407,22824,4039,5764,5715,253,241,237,4,16,5458,0.983402489626556,0.9367588932806324,0.0007323324789454,0.9595141700404858
internvl3_earthvqa,internvl3,earthvqa,36D,1,36,full,0.7774131298065186,0.99375,0.9464285714285714,0.9695121951219512,0.0003684598378776,407,22824,4039,5764,5773,311,299,295,4,16,5458,0.9866220735785952,0.9485530546623794,0.0007323324789454,0.9672131147540984
internvl3_lingoqa,internvl3,lingoqa,36D,1,36,canonical_finite,0.498148113489151,0.9969418960244648,0.8670212765957447,0.9274537695590328,0.0001834525775087,3,22757,4069,5827,5776,273,272,267,5,6,5498,0.9816176470588236,0.978021978021978,0.0009085953116481,0.979816513761468
internvl3_lingoqa,internvl3,lingoqa,36D,1,36,full,0.498148113489151,0.9969418960244648,0.8670212765957447,0.9274537695590328,0.0001834525775087,3,22757,4069,5827,5827,324,323,318,5,6,5498,0.9845201238390092,0.9814814814814816,0.0009085953116481,0.982998454404946
internvl3_vqav2,internvl3,vqav2,36D,1,36,canonical_finite,0.4981398284435272,0.9888888888888888,0.9175257731958762,0.9518716577540108,0.0007038535984515,4,22389,3796,6071,6031,289,279,265,14,24,5728,0.949820788530466,0.916955017301038,0.0024381748519679,0.9330985915492958
internvl3_vqav2,internvl3,vqav2,36D,1,36,full,0.4981398284435272,0.9888888888888888,0.9175257731958762,0.9518716577540108,0.0007038535984515,4,22389,3796,6071,6086,344,334,320,14,24,5728,0.9580838323353292,0.9302325581395348,0.0024381748519679,0.943952802359882
llava15_earthvqa,llava15,earthvqa,36D,1,36,canonical_finite,0.7912459969520569,0.9914529914529916,0.943089430894309,0.9666666666666668,0.0001765848490199,244,22878,4047,5786,5697,42,35,34,1,8,5654,0.9714285714285714,0.8095238095238095,0.0001768346595932,0.8831168831168831
llava15_earthvqa,llava15,earthvqa,36D,1,36,full,0.7912459969520569,0.9914529914529916,0.943089430894309,0.9666666666666668,0.0001765848490199,244,22878,4047,5786,5786,131,124,123,1,8,5654,0.9919354838709676,0.9389312977099236,0.0001768346595932,0.9647058823529412
llava15_lingoqa,llava15,lingoqa,36D,1,36,canonical_finite,0.7105012536048889,0.9896907216494846,0.9142857142857144,0.9504950495049506,0.0001746724890829,602,22762,4070,5830,5744,54,33,32,1,22,5689,0.9696969696969696,0.5925925925925926,0.0001757469244288,0.735632183908046
llava15_lingoqa,llava15,lingoqa,36D,1,36,full,0.7105012536048889,0.9896907216494846,0.9142857142857144,0.9504950495049506,0.0001746724890829,602,22762,4070,5830,5830,140,119,118,1,22,5689,0.9915966386554622,0.8428571428571429,0.0001757469244288,0.9111969111969112
llava15_vqav2,llava15,vqav2,36D,1,36,canonical_finite,0.3955156505107879,0.9924242424242424,0.891156462585034,0.9390681003584228,0.00016880486158,276,22394,3806,6071,6013,43,38,25,13,18,5957,0.6578947368421053,0.5813953488372093,0.0021775544388609,0.6172839506172839
llava15_vqav2,llava15,vqav2,36D,1,36,full,0.3955156505107879,0.9924242424242424,0.891156462585034,0.9390681003584228,0.00016880486158,276,22394,3806,6071,6094,124,119,106,13,18,5957,0.8907563025210085,0.8548387096774194,0.0021775544388609,0.8724279835390947
qwen25_vl_earthvqa,qwen25_vl,earthvqa,36D,1,36,canonical_finite,0.9729536771774292,1.0,0.8554913294797688,0.9221183800623052,0.0,756,22831,4041,5779,5717,114,106,104,2,10,5601,0.981132075471698,0.912280701754386,0.0003569516330537,0.9454545454545454
qwen25_vl_earthvqa,qwen25_vl,earthvqa,36D,1,36,full,0.9729536771774292,1.0,0.8554913294797688,0.9221183800623052,0.0,756,22831,4041,5779,5772,169,161,159,2,10,5601,0.9875776397515528,0.940828402366864,0.0003569516330537,0.9636363636363636
qwen25_vl_lingoqa,qwen25_vl,lingoqa,36D,1,36,canonical_finite,0.5121806263923645,0.9930555555555556,0.910828025477707,0.9501661129568106,0.0001762735765908,2,22745,4067,5830,5786,141,126,102,24,39,5621,0.8095238095238095,0.723404255319149,0.0042515500442869,0.7640449438202247
qwen25_vl_lingoqa,qwen25_vl,lingoqa,36D,1,36,full,0.5121806263923645,0.9930555555555556,0.910828025477707,0.9501661129568106,0.0001762735765908,2,22745,4067,5830,5824,179,164,140,24,39,5621,0.8536585365853658,0.7821229050279329,0.0042515500442869,0.8163265306122449
qwen25_vl_vqav2,qwen25_vl,vqav2,36D,1,36,canonical_finite,0.6523433923721313,1.0,0.675531914893617,0.8063492063492063,0.0,599,22380,3802,6057,6035,141,100,87,13,54,5881,0.87,0.6170212765957447,0.002205632846963,0.7219917012448133
qwen25_vl_vqav2,qwen25_vl,vqav2,36D,1,36,full,0.6523433923721313,1.0,0.675531914893617,0.8063492063492063,0.0,599,22380,3802,6057,6084,190,149,136,13,54,5881,0.912751677852349,0.7157894736842105,0.002205632846963,0.8023598820058997
internvl3_earthvqa,internvl3,earthvqa,36D,2,36,canonical_finite,0.8711037635803223,1.0,0.9464285714285714,0.9724770642201834,0.0,306,22824,4039,5764,5715,253,236,235,1,18,5461,0.9957627118644068,0.9288537549407114,0.0001830831197363,0.9611451942740288
internvl3_earthvqa,internvl3,earthvqa,36D,2,36,full,0.8711037635803223,1.0,0.9464285714285714,0.9724770642201834,0.0,306,22824,4039,5764,5773,311,294,293,1,18,5461,0.9965986394557824,0.9421221864951768,0.0001830831197363,0.968595041322314
internvl3_lingoqa,internvl3,lingoqa,36D,2,36,canonical_finite,0.505705714225769,0.9969512195121952,0.8696808510638298,0.9289772727272728,0.0001834525775087,6,22757,4069,5827,5776,273,271,266,5,7,5498,0.981549815498155,0.9743589743589745,0.0009085953116481,0.9779411764705882
internvl3_lingoqa,internvl3,lingoqa,36D,2,36,full,0.505705714225769,0.9969512195121952,0.8696808510638298,0.9289772727272728,0.0001834525775087,6,22757,4069,5827,5827,324,322,317,5,7,5498,0.984472049689441,0.9783950617283952,0.0009085953116481,0.9814241486068112
internvl3_vqav2,internvl3,vqav2,36D,2,36,canonical_finite,0.4710056185722351,0.994413407821229,0.9175257731958762,0.9544235924932976,0.0003519267992257,61,22389,3796,6071,6031,289,279,266,13,23,5729,0.953405017921147,0.9204152249134948,0.0022640195053988,0.9366197183098592
internvl3_vqav2,internvl3,vqav2,36D,2,36,full,0.4710056185722351,0.994413407821229,0.9175257731958762,0.9544235924932976,0.0003519267992257,61,22389,3796,6071,6086,344,334,321,13,23,5729,0.9610778443113772,0.9331395348837208,0.0022640195053988,0.9469026548672568
llava15_earthvqa,llava15,earthvqa,36D,2,36,canonical_finite,0.7538284659385681,0.9914529914529916,0.943089430894309,0.9666666666666668,0.0001765848490199,706,22878,4047,5786,5697,42,38,35,3,7,5652,0.9210526315789472,0.8333333333333334,0.0005305039787798,0.875
llava15_earthvqa,llava15,earthvqa,36D,2,36,full,0.7538284659385681,0.9914529914529916,0.943089430894309,0.9666666666666668,0.0001765848490199,706,22878,4047,5786,5786,131,127,124,3,7,5652,0.9763779527559056,0.9465648854961832,0.0005305039787798,0.9612403100775194
llava15_lingoqa,llava15,lingoqa,36D,2,36,canonical_finite,0.556418240070343,0.98,0.9333333333333332,0.9560975609756096,0.0003493449781659,120,22762,4070,5830,5744,54,60,33,27,21,5663,0.55,0.6111111111111112,0.0047451669595782,0.5789473684210527
llava15_lingoqa,llava15,lingoqa,36D,2,36,full,0.556418240070343,0.98,0.9333333333333332,0.9560975609756096,0.0003493449781659,120,22762,4070,5830,5830,140,146,119,27,21,5663,0.815068493150685,0.85,0.0047451669595782,0.8321678321678322
llava15_vqav2,llava15,vqav2,36D,2,36,canonical_finite,0.5070745944976807,1.0,0.891156462585034,0.9424460431654677,0.0,5,22394,3806,6071,6013,43,27,25,2,18,5968,0.925925925925926,0.5813953488372093,0.0003350083752093,0.7142857142857143
llava15_vqav2,llava15,vqav2,36D,2,36,full,0.5070745944976807,1.0,0.891156462585034,0.9424460431654677,0.0,5,22394,3806,6071,6094,124,108,106,2,18,5968,0.9814814814814816,0.8548387096774194,0.0003350083752093,0.913793103448276
qwen25_vl_earthvqa,qwen25_vl,earthvqa,36D,2,36,canonical_finite,0.9646963477134703,0.9932885906040269,0.8554913294797688,0.9192546583850932,0.0001783803068141,698,22831,4041,5779,5717,114,105,104,1,10,5602,0.9904761904761904,0.912280701754386,0.0001784758165268,0.9497716894977168
qwen25_vl_earthvqa,qwen25_vl,earthvqa,36D,2,36,full,0.9646963477134703,0.9932885906040269,0.8554913294797688,0.9192546583850932,0.0001783803068141,698,22831,4041,5779,5772,169,160,159,1,10,5602,0.99375,0.940828402366864,0.0001784758165268,0.9665653495440728
qwen25_vl_lingoqa,qwen25_vl,lingoqa,36D,2,36,canonical_finite,0.5269472599029541,0.993103448275862,0.9171974522292994,0.9536423841059604,0.0001762735765908,5,22745,4067,5830,5786,141,126,101,25,40,5620,0.8015873015873016,0.7163120567375887,0.0044286979627989,0.7565543071161048
qwen25_vl_lingoqa,qwen25_vl,lingoqa,36D,2,36,full,0.5269472599029541,0.993103448275862,0.9171974522292994,0.9536423841059604,0.0001762735765908,5,22745,4067,5830,5824,179,164,139,25,40,5620,0.8475609756097561,0.776536312849162,0.0044286979627989,0.8104956268221575
qwen25_vl_vqav2,qwen25_vl,vqav2,36D,2,36,canonical_finite,0.8423012495040894,1.0,0.6648936170212766,0.7987220447284346,0.0,168,22380,3802,6057,6035,141,87,85,2,56,5892,0.9770114942528736,0.6028368794326241,0.000339328130302,0.7456140350877193
qwen25_vl_vqav2,qwen25_vl,vqav2,36D,2,36,full,0.8423012495040894,1.0,0.6648936170212766,0.7987220447284346,0.0,168,22380,3802,6057,6084,190,136,134,2,56,5892,0.9852941176470588,0.7052631578947368,0.000339328130302,0.8220858895705522
internvl3_earthvqa,internvl3,earthvqa,36D,4,36,canonical_finite,0.4940301477909088,0.99375,0.9464285714285714,0.9695121951219512,0.0003684598378776,7,22824,4039,5764,5715,253,262,237,25,16,5437,0.9045801526717556,0.9367588932806324,0.004577077993409,0.920388349514563
internvl3_earthvqa,internvl3,earthvqa,36D,4,36,full,0.4940301477909088,0.99375,0.9464285714285714,0.9695121951219512,0.0003684598378776,7,22824,4039,5764,5773,311,320,295,25,16,5437,0.921875,0.9485530546623794,0.004577077993409,0.9350237717908082
internvl3_lingoqa,internvl3,lingoqa,36D,4,36,canonical_finite,0.5188460946083069,0.9969604863221884,0.8723404255319149,0.9304964539007092,0.0001834525775087,5,22757,4069,5827,5776,273,271,265,6,8,5497,0.977859778597786,0.9706959706959708,0.0010903143739778,0.9742647058823528
internvl3_lingoqa,internvl3,lingoqa,36D,4,36,full,0.5188460946083069,0.9969604863221884,0.8723404255319149,0.9304964539007092,0.0001834525775087,5,22757,4069,5827,5827,324,322,316,6,8,5497,0.9813664596273292,0.9753086419753086,0.0010903143739778,0.978328173374613
internvl3_vqav2,internvl3,vqav2,36D,4,36,canonical_finite,0.1255462020635604,0.9916666666666668,0.9201030927835052,0.9545454545454546,0.0005278901988386,561,22389,3796,6071,6031,289,314,269,45,20,5697,0.856687898089172,0.9307958477508652,0.0078369905956112,0.8922056384742952
internvl3_vqav2,internvl3,vqav2,36D,4,36,full,0.1255462020635604,0.9916666666666668,0.9201030927835052,0.9545454545454546,0.0005278901988386,561,22389,3796,6071,6086,344,369,324,45,20,5697,0.8780487804878049,0.9418604651162792,0.0078369905956112,0.908835904628331
llava15_earthvqa,llava15,earthvqa,36D,4,36,canonical_finite,0.9107393622398376,1.0,0.943089430894309,0.9707112970711296,0.0,301,22878,4047,5786,5697,42,35,35,0,7,5655,1.0,0.8333333333333334,0.0,0.9090909090909092
llava15_earthvqa,llava15,earthvqa,36D,4,36,full,0.9107393622398376,1.0,0.943089430894309,0.9707112970711296,0.0,301,22878,4047,5786,5786,131,124,124,0,7,5655,1.0,0.9465648854961832,0.0,0.9725490196078432
llava15_lingoqa,llava15,lingoqa,36D,4,36,canonical_finite,0.5502353310585022,1.0,0.8952380952380953,0.9447236180904524,0.0,23,22762,4070,5830,5744,54,31,30,1,24,5689,0.967741935483871,0.5555555555555556,0.0001757469244288,0.7058823529411765
llava15_lingoqa,llava15,lingoqa,36D,4,36,full,0.5502353310585022,1.0,0.8952380952380953,0.9447236180904524,0.0,23,22762,4070,5830,5830,140,117,116,1,24,5689,0.9914529914529916,0.8285714285714286,0.0001757469244288,0.9027237354085604
llava15_vqav2,llava15,vqav2,36D,4,36,canonical_finite,0.5106353759765625,1.0,0.9047619047619048,0.95,0.0,5,22394,3806,6071,6013,43,26,26,0,17,5970,1.0,0.6046511627906976,0.0,0.7536231884057971
llava15_vqav2,llava15,vqav2,36D,4,36,full,0.5106353759765625,1.0,0.9047619047619048,0.95,0.0,5,22394,3806,6071,6094,124,107,107,0,17,5970,1.0,0.8629032258064516,0.0,0.9264069264069263
qwen25_vl_earthvqa,qwen25_vl,earthvqa,36D,4,36,canonical_finite,0.6221947073936462,0.9932885906040269,0.8554913294797688,0.9192546583850932,0.0001783803068141,32,22831,4041,5779,5717,114,105,104,1,10,5602,0.9904761904761904,0.912280701754386,0.0001784758165268,0.9497716894977168
qwen25_vl_earthvqa,qwen25_vl,earthvqa,36D,4,36,full,0.6221947073936462,0.9932885906040269,0.8554913294797688,0.9192546583850932,0.0001783803068141,32,22831,4041,5779,5772,169,160,159,1,10,5602,0.99375,0.940828402366864,0.0001784758165268,0.9665653495440728
qwen25_vl_lingoqa,qwen25_vl,lingoqa,36D,4,36,canonical_finite,0.9153324365615844,1.0,0.9171974522292994,0.956810631229236,0.0,582,22745,4067,5830,5786,141,105,104,1,37,5644,0.9904761904761904,0.7375886524822695,0.0001771479185119,0.8455284552845529
qwen25_vl_lingoqa,qwen25_vl,lingoqa,36D,4,36,full,0.9153324365615844,1.0,0.9171974522292994,0.956810631229236,0.0,582,22745,4067,5830,5824,179,143,142,1,37,5644,0.993006993006993,0.7932960893854749,0.0001771479185119,0.8819875776397516
qwen25_vl_vqav2,qwen25_vl,vqav2,36D,4,36,canonical_finite,0.7813500761985779,1.0,0.675531914893617,0.8063492063492063,0.0,99,22380,3802,6057,6035,141,107,84,23,57,5871,0.7850467289719626,0.5957446808510638,0.003902273498473,0.6774193548387096
qwen25_vl_vqav2,qwen25_vl,vqav2,36D,4,36,full,0.7813500761985779,1.0,0.675531914893617,0.8063492063492063,0.0,99,22380,3802,6057,6084,190,156,133,23,57,5871,0.8525641025641025,0.7,0.003902273498473,0.7687861271676301
internvl3_earthvqa,internvl3,earthvqa,36D,8,36,canonical_finite,0.985770344734192,0.9968652037617556,0.9464285714285714,0.9709923664122138,0.0001842299189388,790,22824,4039,5764,5715,253,235,235,0,18,5462,1.0,0.9288537549407114,0.0,0.9631147540983608
internvl3_earthvqa,internvl3,earthvqa,36D,8,36,full,0.985770344734192,0.9968652037617556,0.9464285714285714,0.9709923664122138,0.0001842299189388,790,22824,4039,5764,5773,311,293,293,0,18,5462,1.0,0.9421221864951768,0.0,0.9701986754966888
internvl3_lingoqa,internvl3,lingoqa,36D,8,36,canonical_finite,0.5748232007026672,1.0,0.8696808510638298,0.930298719772404,0.0,243,22757,4069,5827,5776,273,289,266,23,7,5480,0.9204152249134948,0.9743589743589745,0.0041795384335816,0.9466192170818504
internvl3_lingoqa,internvl3,lingoqa,36D,8,36,full,0.5748232007026672,1.0,0.8696808510638298,0.930298719772404,0.0,243,22757,4069,5827,5827,324,340,317,23,7,5480,0.9323529411764706,0.9783950617283952,0.0041795384335816,0.9548192771084336
internvl3_vqav2,internvl3,vqav2,36D,8,36,canonical_finite,0.7002526521682739,0.9971830985915492,0.9123711340206184,0.9528936742934052,0.0001759633996128,73,22389,3796,6071,6031,289,288,267,21,22,5721,0.9270833333333334,0.9238754325259516,0.0036572622779519,0.925476603119584
internvl3_vqav2,internvl3,vqav2,36D,8,36,full,0.7002526521682739,0.9971830985915492,0.9123711340206184,0.9528936742934052,0.0001759633996128,73,22389,3796,6071,6086,344,343,322,21,22,5721,0.9387755102040816,0.936046511627907,0.0036572622779519,0.9374090247452692
llava15_earthvqa,llava15,earthvqa,36D,8,36,canonical_finite,0.55089271068573,1.0,0.943089430894309,0.9707112970711296,0.0,10,22878,4047,5786,5697,42,34,33,1,9,5654,0.9705882352941176,0.7857142857142857,0.0001768346595932,0.868421052631579
llava15_earthvqa,llava15,earthvqa,36D,8,36,full,0.55089271068573,1.0,0.943089430894309,0.9707112970711296,0.0,10,22878,4047,5786,5786,131,123,122,1,9,5654,0.991869918699187,0.931297709923664,0.0001768346595932,0.9606299212598424
llava15_lingoqa,llava15,lingoqa,36D,8,36,canonical_finite,0.7673508524894714,1.0,0.9333333333333332,0.9655172413793104,0.0,638,22762,4070,5830,5744,54,34,34,0,20,5690,1.0,0.6296296296296297,0.0,0.7727272727272727
llava15_lingoqa,llava15,lingoqa,36D,8,36,full,0.7673508524894714,1.0,0.9333333333333332,0.9655172413793104,0.0,638,22762,4070,5830,5830,140,120,120,0,20,5690,1.0,0.8571428571428571,0.0,0.9230769230769232
llava15_vqav2,llava15,vqav2,36D,8,36,canonical_finite,0.5072306394577026,1.0,0.8843537414965986,0.9386281588447652,0.0,8,22394,3806,6071,6013,43,49,25,24,18,5946,0.5102040816326531,0.5813953488372093,0.0040201005025125,0.5434782608695652
llava15_vqav2,llava15,vqav2,36D,8,36,full,0.5072306394577026,1.0,0.8843537414965986,0.9386281588447652,0.0,8,22394,3806,6071,6094,124,130,106,24,18,5946,0.8153846153846154,0.8548387096774194,0.0040201005025125,0.8346456692913385
qwen25_vl_earthvqa,qwen25_vl,earthvqa,36D,8,36,canonical_finite,0.5181179642677307,0.9932885906040269,0.8554913294797688,0.9192546583850932,0.0001783803068141,3,22831,4041,5779,5717,114,104,104,0,10,5603,1.0,0.912280701754386,0.0,0.9541284403669724
qwen25_vl_earthvqa,qwen25_vl,earthvqa,36D,8,36,full,0.5181179642677307,0.9932885906040269,0.8554913294797688,0.9192546583850932,0.0001783803068141,3,22831,4041,5779,5772,169,159,159,0,10,5603,1.0,0.940828402366864,0.0,0.9695121951219512
qwen25_vl_lingoqa,qwen25_vl,lingoqa,36D,8,36,canonical_finite,0.9338175058364868,1.0,0.9171974522292994,0.956810631229236,0.0,1574,22745,4067,5830,5786,141,105,104,1,37,5644,0.9904761904761904,0.7375886524822695,0.0001771479185119,0.8455284552845529
qwen25_vl_lingoqa,qwen25_vl,lingoqa,36D,8,36,full,0.9338175058364868,1.0,0.9171974522292994,0.956810631229236,0.0,1574,22745,4067,5830,5824,179,143,142,1,37,5644,0.993006993006993,0.7932960893854749,0.0001771479185119,0.8819875776397516
qwen25_vl_vqav2,qwen25_vl,vqav2,36D,8,36,canonical_finite,0.5424565076828003,1.0,0.6808510638297872,0.810126582278481,0.0,47,22380,3802,6057,6035,141,102,88,14,53,5880,0.8627450980392157,0.624113475177305,0.002375296912114,0.7242798353909465
qwen25_vl_vqav2,qwen25_vl,vqav2,36D,8,36,full,0.5424565076828003,1.0,0.6808510638297872,0.810126582278481,0.0,47,22380,3802,6057,6084,190,151,137,14,53,5880,0.9072847682119204,0.7210526315789474,0.002375296912114,0.8035190615835777
internvl3_earthvqa,internvl3,earthvqa,36D,12,36,canonical_finite,0.9841034412384032,1.0,0.9434523809523808,0.9709035222052068,0.0,368,22824,4039,5764,5715,253,233,233,0,20,5462,1.0,0.9209486166007904,0.0,0.9588477366255144
internvl3_earthvqa,internvl3,earthvqa,36D,12,36,full,0.9841034412384032,1.0,0.9434523809523808,0.9709035222052068,0.0,368,22824,4039,5764,5773,311,291,291,0,20,5462,1.0,0.9356913183279744,0.0,0.9667774086378738
internvl3_lingoqa,internvl3,lingoqa,36D,12,36,canonical_finite,0.6860120892524719,0.9969604863221884,0.8723404255319149,0.9304964539007092,0.0001834525775087,177,22757,4069,5827,5776,273,272,266,6,7,5497,0.9779411764705882,0.9743589743589745,0.0010903143739778,0.9761467889908256
internvl3_lingoqa,internvl3,lingoqa,36D,12,36,full,0.6860120892524719,0.9969604863221884,0.8723404255319149,0.9304964539007092,0.0001834525775087,177,22757,4069,5827,5827,324,323,317,6,7,5497,0.9814241486068112,0.9783950617283952,0.0010903143739778,0.9799072642967542
internvl3_vqav2,internvl3,vqav2,36D,12,36,canonical_finite,0.693415105342865,0.9916201117318436,0.9149484536082474,0.9517426273458444,0.0005278901988386,157,22389,3796,6071,6031,289,280,268,12,21,5730,0.9571428571428572,0.9273356401384084,0.0020898641588296,0.9420035149384886
internvl3_vqav2,internvl3,vqav2,36D,12,36,full,0.693415105342865,0.9916201117318436,0.9149484536082474,0.9517426273458444,0.0005278901988386,157,22389,3796,6071,6086,344,335,323,12,21,5730,0.964179104477612,0.938953488372093,0.0020898641588296,0.95139911634757
llava15_earthvqa,llava15,earthvqa,36D,12,36,canonical_finite,0.9181786775588988,1.0,0.943089430894309,0.9707112970711296,0.0,254,22878,4047,5786,5697,42,34,34,0,8,5655,1.0,0.8095238095238095,0.0,0.8947368421052632
llava15_earthvqa,llava15,earthvqa,36D,12,36,full,0.9181786775588988,1.0,0.943089430894309,0.9707112970711296,0.0,254,22878,4047,5786,5786,131,123,123,0,8,5655,1.0,0.9389312977099236,0.0,0.968503937007874
llava15_lingoqa,llava15,lingoqa,36D,12,36,canonical_finite,0.7494121193885803,1.0,0.9142857142857144,0.955223880597015,0.0,166,22762,4070,5830,5744,54,33,33,0,21,5690,1.0,0.6111111111111112,0.0,0.7586206896551724
llava15_lingoqa,llava15,lingoqa,36D,12,36,full,0.7494121193885803,1.0,0.9142857142857144,0.955223880597015,0.0,166,22762,4070,5830,5830,140,119,119,0,21,5690,1.0,0.85,0.0,0.918918918918919
llava15_vqav2,llava15,vqav2,36D,12,36,canonical_finite,0.599963903427124,1.0,0.9047619047619048,0.95,0.0,350,22394,3806,6071,6013,43,26,26,0,17,5970,1.0,0.6046511627906976,0.0,0.7536231884057971
llava15_vqav2,llava15,vqav2,36D,12,36,full,0.599963903427124,1.0,0.9047619047619048,0.95,0.0,350,22394,3806,6071,6094,124,107,107,0,17,5970,1.0,0.8629032258064516,0.0,0.9264069264069263
qwen25_vl_earthvqa,qwen25_vl,earthvqa,36D,12,36,canonical_finite,0.9594560861587524,0.9932885906040269,0.8554913294797688,0.9192546583850932,0.0001783803068141,562,22831,4041,5779,5717,114,104,104,0,10,5603,1.0,0.912280701754386,0.0,0.9541284403669724
qwen25_vl_earthvqa,qwen25_vl,earthvqa,36D,12,36,full,0.9594560861587524,0.9932885906040269,0.8554913294797688,0.9192546583850932,0.0001783803068141,562,22831,4041,5779,5772,169,159,159,0,10,5603,1.0,0.940828402366864,0.0,0.9695121951219512
qwen25_vl_lingoqa,qwen25_vl,lingoqa,36D,12,36,canonical_finite,0.6460087299346924,1.0,0.9171974522292994,0.956810631229236,0.0,363,22745,4067,5830,5786,141,116,104,12,37,5633,0.896551724137931,0.7375886524822695,0.0021257750221434,0.8093385214007782
qwen25_vl_lingoqa,qwen25_vl,lingoqa,36D,12,36,full,0.6460087299346924,1.0,0.9171974522292994,0.956810631229236,0.0,363,22745,4067,5830,5824,179,154,142,12,37,5633,0.922077922077922,0.7932960893854749,0.0021257750221434,0.8528528528528528
qwen25_vl_vqav2,qwen25_vl,vqav2,36D,12,36,canonical_finite,0.5772420763969421,1.0,0.6808510638297872,0.810126582278481,0.0,393,22380,3802,6057,6035,141,90,88,2,53,5892,0.9777777777777776,0.624113475177305,0.000339328130302,0.7619047619047619
qwen25_vl_vqav2,qwen25_vl,vqav2,36D,12,36,full,0.5772420763969421,1.0,0.6808510638297872,0.810126582278481,0.0,393,22380,3802,6057,6084,190,139,137,2,53,5892,0.9856115107913668,0.7210526315789474,0.000339328130302,0.8328267477203647
internvl3_earthvqa,internvl3,earthvqa,36D,16,36,canonical_finite,0.5132396221160889,0.99375,0.9464285714285714,0.9695121951219512,0.0003684598378776,2,22824,4039,5764,5715,253,237,236,1,17,5461,0.9957805907172996,0.932806324110672,0.0001830831197363,0.963265306122449
internvl3_earthvqa,internvl3,earthvqa,36D,16,36,full,0.5132396221160889,0.99375,0.9464285714285714,0.9695121951219512,0.0003684598378776,2,22824,4039,5764,5773,311,295,294,1,17,5461,0.9966101694915256,0.945337620578778,0.0001830831197363,0.9702970297029704
internvl3_lingoqa,internvl3,lingoqa,36D,16,36,canonical_finite,0.6702257394790649,1.0,0.8696808510638298,0.930298719772404,0.0,84,22757,4069,5827,5776,273,270,266,4,7,5499,0.9851851851851852,0.9743589743589745,0.0007268762493185,0.9797421731123388
internvl3_lingoqa,internvl3,lingoqa,36D,16,36,full,0.6702257394790649,1.0,0.8696808510638298,0.930298719772404,0.0,84,22757,4069,5827,5827,324,321,317,4,7,5499,0.9875389408099688,0.9783950617283952,0.0007268762493185,0.9829457364341084
internvl3_vqav2,internvl3,vqav2,36D,16,36,canonical_finite,0.5606287717819214,1.0,0.904639175257732,0.9499323410013532,0.0,12,22389,3796,6071,6031,289,266,266,0,23,5742,1.0,0.9204152249134948,0.0,0.9585585585585584
internvl3_vqav2,internvl3,vqav2,36D,16,36,full,0.5606287717819214,1.0,0.904639175257732,0.9499323410013532,0.0,12,22389,3796,6071,6086,344,321,321,0,23,5742,1.0,0.9331395348837208,0.0,0.9654135338345864
llava15_earthvqa,llava15,earthvqa,36D,16,36,canonical_finite,0.9173077940940856,1.0,0.943089430894309,0.9707112970711296,0.0,261,22878,4047,5786,5697,42,35,34,1,8,5654,0.9714285714285714,0.8095238095238095,0.0001768346595932,0.8831168831168831
llava15_earthvqa,llava15,earthvqa,36D,16,36,full,0.9173077940940856,1.0,0.943089430894309,0.9707112970711296,0.0,261,22878,4047,5786,5786,131,124,123,1,8,5654,0.9919354838709676,0.9389312977099236,0.0001768346595932,0.9647058823529412
llava15_lingoqa,llava15,lingoqa,36D,16,36,canonical_finite,0.1853909343481063,0.9369369369369368,0.9904761904761904,0.962962962962963,0.0012227074235807,427,22762,4070,5830,5744,54,106,34,72,20,5618,0.320754716981132,0.6296296296296297,0.0126537785588752,0.425
llava15_lingoqa,llava15,lingoqa,36D,16,36,full,0.1853909343481063,0.9369369369369368,0.9904761904761904,0.962962962962963,0.0012227074235807,427,22762,4070,5830,5830,140,192,120,72,20,5618,0.625,0.8571428571428571,0.0126537785588752,0.7228915662650602
llava15_vqav2,llava15,vqav2,36D,16,36,canonical_finite,0.6438106894493103,1.0,0.9047619047619048,0.95,0.0,528,22394,3806,6071,6013,43,27,27,0,16,5970,1.0,0.627906976744186,0.0,0.7714285714285715
llava15_vqav2,llava15,vqav2,36D,16,36,full,0.6438106894493103,1.0,0.9047619047619048,0.95,0.0,528,22394,3806,6071,6094,124,108,108,0,16,5970,1.0,0.8709677419354839,0.0,0.9310344827586208
qwen25_vl_earthvqa,qwen25_vl,earthvqa,36D,16,36,canonical_finite,0.5185292363166809,0.9932885906040269,0.8554913294797688,0.9192546583850932,0.0001783803068141,6,22831,4041,5779,5717,114,104,104,0,10,5603,1.0,0.912280701754386,0.0,0.9541284403669724
qwen25_vl_earthvqa,qwen25_vl,earthvqa,36D,16,36,full,0.5185292363166809,0.9932885906040269,0.8554913294797688,0.9192546583850932,0.0001783803068141,6,22831,4041,5779,5772,169,159,159,0,10,5603,1.0,0.940828402366864,0.0,0.9695121951219512
qwen25_vl_lingoqa,qwen25_vl,lingoqa,36D,16,36,canonical_finite,0.6550009846687317,1.0,0.9171974522292994,0.956810631229236,0.0,410,22745,4067,5830,5786,141,129,105,24,36,5621,0.813953488372093,0.7446808510638298,0.0042515500442869,0.7777777777777778
qwen25_vl_lingoqa,qwen25_vl,lingoqa,36D,16,36,full,0.6550009846687317,1.0,0.9171974522292994,0.956810631229236,0.0,410,22745,4067,5830,5824,179,167,143,24,36,5621,0.8562874251497006,0.7988826815642458,0.0042515500442869,0.8265895953757225
qwen25_vl_vqav2,qwen25_vl,vqav2,36D,16,36,canonical_finite,0.5150057077407837,1.0,0.6861702127659575,0.8138801261829653,0.0,15,22380,3802,6057,6035,141,102,88,14,53,5880,0.8627450980392157,0.624113475177305,0.002375296912114,0.7242798353909465
qwen25_vl_vqav2,qwen25_vl,vqav2,36D,16,36,full,0.5150057077407837,1.0,0.6861702127659575,0.8138801261829653,0.0,15,22380,3802,6057,6084,190,151,137,14,53,5880,0.9072847682119204,0.7210526315789474,0.002375296912114,0.8035190615835777
internvl3_earthvqa,internvl3,earthvqa,36D,20,36,canonical_finite,0.991613507270813,0.9968652037617556,0.9464285714285714,0.9709923664122138,0.0001842299189388,1173,22824,4039,5764,5715,253,235,235,0,18,5462,1.0,0.9288537549407114,0.0,0.9631147540983608
internvl3_earthvqa,internvl3,earthvqa,36D,20,36,full,0.991613507270813,0.9968652037617556,0.9464285714285714,0.9709923664122138,0.0001842299189388,1173,22824,4039,5764,5773,311,293,293,0,18,5462,1.0,0.9421221864951768,0.0,0.9701986754966888
internvl3_lingoqa,internvl3,lingoqa,36D,20,36,canonical_finite,0.8465090990066528,1.0,0.8696808510638298,0.930298719772404,0.0,216,22757,4069,5827,5776,273,267,264,3,9,5500,0.9887640449438202,0.967032967032967,0.0005451571869889,0.9777777777777776
internvl3_lingoqa,internvl3,lingoqa,36D,20,36,full,0.8465090990066528,1.0,0.8696808510638298,0.930298719772404,0.0,216,22757,4069,5827,5827,324,318,315,3,9,5500,0.9905660377358492,0.9722222222222222,0.0005451571869889,0.9813084112149532
internvl3_vqav2,internvl3,vqav2,36D,20,36,canonical_finite,0.5109512805938721,0.9888579387186628,0.9149484536082474,0.9504685408299864,0.0007038535984515,3,22389,3796,6071,6031,289,268,268,0,21,5742,1.0,0.9273356401384084,0.0,0.96229802513465
internvl3_vqav2,internvl3,vqav2,36D,20,36,full,0.5109512805938721,0.9888579387186628,0.9149484536082474,0.9504685408299864,0.0007038535984515,3,22389,3796,6071,6086,344,323,323,0,21,5742,1.0,0.938953488372093,0.0,0.9685157421289357
llava15_earthvqa,llava15,earthvqa,36D,20,36,canonical_finite,0.851028561592102,0.9914529914529916,0.943089430894309,0.9666666666666668,0.0001765848490199,232,22878,4047,5786,5697,42,37,35,2,7,5653,0.945945945945946,0.8333333333333334,0.0003536693191865,0.8860759493670886
llava15_earthvqa,llava15,earthvqa,36D,20,36,full,0.851028561592102,0.9914529914529916,0.943089430894309,0.9666666666666668,0.0001765848490199,232,22878,4047,5786,5786,131,126,124,2,7,5653,0.984126984126984,0.9465648854961832,0.0003536693191865,0.9649805447470816
llava15_lingoqa,llava15,lingoqa,36D,20,36,canonical_finite,0.5000607967376709,0.9897959183673468,0.923809523809524,0.955665024630542,0.0001746724890829,12,22762,4070,5830,5744,54,37,34,3,20,5687,0.918918918918919,0.6296296296296297,0.0005272407732864,0.7472527472527473
llava15_lingoqa,llava15,lingoqa,36D,20,36,full,0.5000607967376709,0.9897959183673468,0.923809523809524,0.955665024630542,0.0001746724890829,12,22762,4070,5830,5830,140,123,120,3,20,5687,0.975609756097561,0.8571428571428571,0.0005272407732864,0.9125475285171104
llava15_vqav2,llava15,vqav2,36D,20,36,canonical_finite,0.5664710998535156,1.0,0.9047619047619048,0.95,0.0,286,22394,3806,6071,6013,43,28,27,1,16,5969,0.9642857142857144,0.627906976744186,0.0001675041876046,0.7605633802816901
llava15_vqav2,llava15,vqav2,36D,20,36,full,0.5664710998535156,1.0,0.9047619047619048,0.95,0.0,286,22394,3806,6071,6094,124,109,108,1,16,5969,0.9908256880733946,0.8709677419354839,0.0001675041876046,0.927038626609442
qwen25_vl_earthvqa,qwen25_vl,earthvqa,36D,20,36,canonical_finite,0.9742552042007446,0.9932885906040269,0.8554913294797688,0.9192546583850932,0.0001783803068141,759,22831,4041,5779,5717,114,104,104,0,10,5603,1.0,0.912280701754386,0.0,0.9541284403669724
qwen25_vl_earthvqa,qwen25_vl,earthvqa,36D,20,36,full,0.9742552042007446,0.9932885906040269,0.8554913294797688,0.9192546583850932,0.0001783803068141,759,22831,4041,5779,5772,169,159,159,0,10,5603,1.0,0.940828402366864,0.0,0.9695121951219512
qwen25_vl_lingoqa,qwen25_vl,lingoqa,36D,20,36,canonical_finite,0.8662233948707581,1.0,0.9171974522292994,0.956810631229236,0.0,743,22745,4067,5830,5786,141,149,105,44,36,5601,0.7046979865771812,0.7446808510638298,0.0077945084145261,0.7241379310344828
qwen25_vl_lingoqa,qwen25_vl,lingoqa,36D,20,36,full,0.8662233948707581,1.0,0.9171974522292994,0.956810631229236,0.0,743,22745,4067,5830,5824,179,187,143,44,36,5601,0.7647058823529411,0.7988826815642458,0.0077945084145261,0.7814207650273224
qwen25_vl_vqav2,qwen25_vl,vqav2,36D,20,36,canonical_finite,0.5863701701164246,0.9923076923076924,0.6861702127659575,0.8113207547169812,0.000170386777986,73,22380,3802,6057,6035,141,89,88,1,53,5893,0.9887640449438202,0.624113475177305,0.000169664065151,0.7652173913043478
qwen25_vl_vqav2,qwen25_vl,vqav2,36D,20,36,full,0.5863701701164246,0.9923076923076924,0.6861702127659575,0.8113207547169812,0.000170386777986,73,22380,3802,6057,6084,190,138,137,1,53,5893,0.9927536231884058,0.7210526315789474,0.000169664065151,0.8353658536585366
internvl3_earthvqa,internvl3,earthvqa,36D,24,36,canonical_finite,0.7029201984405518,0.9968652037617556,0.9464285714285714,0.9709923664122138,0.0001842299189388,53,22824,4039,5764,5715,253,237,236,1,17,5461,0.9957805907172996,0.932806324110672,0.0001830831197363,0.963265306122449
internvl3_earthvqa,internvl3,earthvqa,36D,24,36,full,0.7029201984405518,0.9968652037617556,0.9464285714285714,0.9709923664122138,0.0001842299189388,53,22824,4039,5764,5773,311,295,294,1,17,5461,0.9966101694915256,0.945337620578778,0.0001830831197363,0.9702970297029704
internvl3_lingoqa,internvl3,lingoqa,36D,24,36,canonical_finite,0.717384397983551,1.0,0.8696808510638298,0.930298719772404,0.0,138,22757,4069,5827,5776,273,269,265,4,8,5499,0.9851301115241636,0.9706959706959708,0.0007268762493185,0.977859778597786
internvl3_lingoqa,internvl3,lingoqa,36D,24,36,full,0.717384397983551,1.0,0.8696808510638298,0.930298719772404,0.0,138,22757,4069,5827,5827,324,320,316,4,8,5499,0.9875,0.9753086419753086,0.0007268762493185,0.9813664596273292
internvl3_vqav2,internvl3,vqav2,36D,24,36,canonical_finite,0.5172886848449707,0.9915966386554622,0.9123711340206184,0.9503355704697988,0.0005278901988386,5,22389,3796,6071,6031,289,268,267,1,22,5741,0.996268656716418,0.9238754325259516,0.0001741553465691,0.9587073608617596
internvl3_vqav2,internvl3,vqav2,36D,24,36,full,0.5172886848449707,0.9915966386554622,0.9123711340206184,0.9503355704697988,0.0005278901988386,5,22389,3796,6071,6086,344,323,322,1,22,5741,0.9969040247678018,0.936046511627907,0.0001741553465691,0.9655172413793104
llava15_earthvqa,llava15,earthvqa,36D,24,36,canonical_finite,0.8658287525177002,0.9914529914529916,0.943089430894309,0.9666666666666668,0.0001765848490199,210,22878,4047,5786,5697,42,36,35,1,7,5654,0.9722222222222222,0.8333333333333334,0.0001768346595932,0.8974358974358975
llava15_earthvqa,llava15,earthvqa,36D,24,36,full,0.8658287525177002,0.9914529914529916,0.943089430894309,0.9666666666666668,0.0001765848490199,210,22878,4047,5786,5786,131,125,124,1,7,5654,0.992,0.9465648854961832,0.0001768346595932,0.96875
llava15_lingoqa,llava15,lingoqa,36D,24,36,canonical_finite,0.4920267760753631,0.9801980198019802,0.9428571428571428,0.9611650485436892,0.0003493449781659,13,22762,4070,5830,5744,54,102,34,68,20,5622,0.3333333333333333,0.6296296296296297,0.0119507908611599,0.4358974358974359
llava15_lingoqa,llava15,lingoqa,36D,24,36,full,0.4920267760753631,0.9801980198019802,0.9428571428571428,0.9611650485436892,0.0003493449781659,13,22762,4070,5830,5830,140,188,120,68,20,5622,0.6382978723404256,0.8571428571428571,0.0119507908611599,0.7317073170731707
llava15_vqav2,llava15,vqav2,36D,24,36,canonical_finite,0.5824652910232544,1.0,0.9047619047619048,0.95,0.0,277,22394,3806,6071,6013,43,28,27,1,16,5969,0.9642857142857144,0.627906976744186,0.0001675041876046,0.7605633802816901
llava15_vqav2,llava15,vqav2,36D,24,36,full,0.5824652910232544,1.0,0.9047619047619048,0.95,0.0,277,22394,3806,6071,6094,124,109,108,1,16,5969,0.9908256880733946,0.8709677419354839,0.0001675041876046,0.927038626609442
qwen25_vl_earthvqa,qwen25_vl,earthvqa,36D,24,36,canonical_finite,0.7818412780761719,0.9932885906040269,0.8554913294797688,0.9192546583850932,0.0001783803068141,86,22831,4041,5779,5717,114,104,104,0,10,5603,1.0,0.912280701754386,0.0,0.9541284403669724
qwen25_vl_earthvqa,qwen25_vl,earthvqa,36D,24,36,full,0.7818412780761719,0.9932885906040269,0.8554913294797688,0.9192546583850932,0.0001783803068141,86,22831,4041,5779,5772,169,159,159,0,10,5603,1.0,0.940828402366864,0.0,0.9695121951219512
qwen25_vl_lingoqa,qwen25_vl,lingoqa,36D,24,36,canonical_finite,0.523769199848175,1.0,0.9171974522292994,0.956810631229236,0.0,6,22745,4067,5830,5786,141,105,103,2,38,5643,0.9809523809523808,0.7304964539007093,0.0003542958370239,0.8373983739837398
qwen25_vl_lingoqa,qwen25_vl,lingoqa,36D,24,36,full,0.523769199848175,1.0,0.9171974522292994,0.956810631229236,0.0,6,22745,4067,5830,5824,179,143,141,2,38,5643,0.986013986013986,0.7877094972067039,0.0003542958370239,0.8757763975155279
qwen25_vl_vqav2,qwen25_vl,vqav2,36D,24,36,canonical_finite,0.5839905142784119,1.0,0.6808510638297872,0.810126582278481,0.0,72,22380,3802,6057,6035,141,89,88,1,53,5893,0.9887640449438202,0.624113475177305,0.000169664065151,0.7652173913043478
qwen25_vl_vqav2,qwen25_vl,vqav2,36D,24,36,full,0.5839905142784119,1.0,0.6808510638297872,0.810126582278481,0.0,72,22380,3802,6057,6084,190,138,137,1,53,5893,0.9927536231884058,0.7210526315789474,0.000169664065151,0.8353658536585366
internvl3_earthvqa,internvl3,earthvqa,36D,28,36,canonical_finite,0.9902076125144958,0.9968652037617556,0.9464285714285714,0.9709923664122138,0.0001842299189388,1054,22824,4039,5764,5715,253,235,235,0,18,5462,1.0,0.9288537549407114,0.0,0.9631147540983608
internvl3_earthvqa,internvl3,earthvqa,36D,28,36,full,0.9902076125144958,0.9968652037617556,0.9464285714285714,0.9709923664122138,0.0001842299189388,1054,22824,4039,5764,5773,311,293,293,0,18,5462,1.0,0.9421221864951768,0.0,0.9701986754966888
internvl3_lingoqa,internvl3,lingoqa,36D,28,36,canonical_finite,0.2591981887817383,0.996969696969697,0.875,0.9320113314447592,0.0001834525775087,574,22757,4069,5827,5776,273,275,268,7,5,5496,0.9745454545454544,0.9816849816849816,0.0012720334363074,0.978102189781022
internvl3_lingoqa,internvl3,lingoqa,36D,28,36,full,0.2591981887817383,0.996969696969697,0.875,0.9320113314447592,0.0001834525775087,574,22757,4069,5827,5827,324,326,319,7,5,5496,0.9785276073619632,0.984567901234568,0.0012720334363074,0.9815384615384616
internvl3_vqav2,internvl3,vqav2,36D,28,36,canonical_finite,0.5240898132324219,0.9971590909090908,0.904639175257732,0.9486486486486486,0.0001759633996128,4,22389,3796,6071,6031,289,267,267,0,22,5742,1.0,0.9238754325259516,0.0,0.960431654676259
internvl3_vqav2,internvl3,vqav2,36D,28,36,full,0.5240898132324219,0.9971590909090908,0.904639175257732,0.9486486486486486,0.0001759633996128,4,22389,3796,6071,6086,344,322,322,0,22,5742,1.0,0.936046511627907,0.0,0.9669669669669668
llava15_earthvqa,llava15,earthvqa,36D,28,36,canonical_finite,0.890138566493988,1.0,0.943089430894309,0.9707112970711296,0.0,196,22878,4047,5786,5697,42,34,34,0,8,5655,1.0,0.8095238095238095,0.0,0.8947368421052632
llava15_earthvqa,llava15,earthvqa,36D,28,36,full,0.890138566493988,1.0,0.943089430894309,0.9707112970711296,0.0,196,22878,4047,5786,5786,131,123,123,0,8,5655,1.0,0.9389312977099236,0.0,0.968503937007874
llava15_lingoqa,llava15,lingoqa,36D,28,36,canonical_finite,0.5074850916862488,0.99,0.9428571428571428,0.9658536585365852,0.0001746724890829,9,22762,4070,5830,5744,54,36,34,2,20,5688,0.9444444444444444,0.6296296296296297,0.0003514938488576,0.7555555555555555
llava15_lingoqa,llava15,lingoqa,36D,28,36,full,0.5074850916862488,0.99,0.9428571428571428,0.9658536585365852,0.0001746724890829,9,22762,4070,5830,5830,140,122,120,2,20,5688,0.9836065573770492,0.8571428571428571,0.0003514938488576,0.916030534351145
llava15_vqav2,llava15,vqav2,36D,28,36,canonical_finite,0.5741958618164062,1.0,0.9047619047619048,0.95,0.0,284,22394,3806,6071,6013,43,28,27,1,16,5969,0.9642857142857144,0.627906976744186,0.0001675041876046,0.7605633802816901
llava15_vqav2,llava15,vqav2,36D,28,36,full,0.5741958618164062,1.0,0.9047619047619048,0.95,0.0,284,22394,3806,6071,6094,124,109,108,1,16,5969,0.9908256880733946,0.8709677419354839,0.0001675041876046,0.927038626609442
qwen25_vl_earthvqa,qwen25_vl,earthvqa,36D,28,36,canonical_finite,0.6919712424278259,0.9932885906040269,0.8554913294797688,0.9192546583850932,0.0001783803068141,50,22831,4041,5779,5717,114,105,104,1,10,5602,0.9904761904761904,0.912280701754386,0.0001784758165268,0.9497716894977168
qwen25_vl_earthvqa,qwen25_vl,earthvqa,36D,28,36,full,0.6919712424278259,0.9932885906040269,0.8554913294797688,0.9192546583850932,0.0001783803068141,50,22831,4041,5779,5772,169,160,159,1,10,5602,0.99375,0.940828402366864,0.0001784758165268,0.9665653495440728
qwen25_vl_lingoqa,qwen25_vl,lingoqa,36D,28,36,canonical_finite,0.5232637524604797,1.0,0.9171974522292994,0.956810631229236,0.0,6,22745,4067,5830,5786,141,105,103,2,38,5643,0.9809523809523808,0.7304964539007093,0.0003542958370239,0.8373983739837398
qwen25_vl_lingoqa,qwen25_vl,lingoqa,36D,28,36,full,0.5232637524604797,1.0,0.9171974522292994,0.956810631229236,0.0,6,22745,4067,5830,5824,179,143,141,2,38,5643,0.986013986013986,0.7877094972067039,0.0003542958370239,0.8757763975155279
qwen25_vl_vqav2,qwen25_vl,vqav2,36D,28,36,canonical_finite,0.6586507558822632,1.0,0.6808510638297872,0.810126582278481,0.0,93,22380,3802,6057,6035,141,89,88,1,53,5893,0.9887640449438202,0.624113475177305,0.000169664065151,0.7652173913043478
qwen25_vl_vqav2,qwen25_vl,vqav2,36D,28,36,full,0.6586507558822632,1.0,0.6808510638297872,0.810126582278481,0.0,93,22380,3802,6057,6084,190,138,137,1,53,5893,0.9927536231884058,0.7210526315789474,0.000169664065151,0.8353658536585366
internvl3_earthvqa,internvl3,earthvqa,36D,32,36,canonical_finite,0.9897614121437072,0.9968652037617556,0.9464285714285714,0.9709923664122138,0.0001842299189388,1029,22824,4039,5764,5715,253,236,236,0,17,5462,1.0,0.932806324110672,0.0,0.9652351738241308
internvl3_earthvqa,internvl3,earthvqa,36D,32,36,full,0.9897614121437072,0.9968652037617556,0.9464285714285714,0.9709923664122138,0.0001842299189388,1029,22824,4039,5764,5773,311,294,294,0,17,5462,1.0,0.945337620578778,0.0,0.971900826446281
internvl3_lingoqa,internvl3,lingoqa,36D,32,36,canonical_finite,0.1732074916362762,0.996969696969697,0.875,0.9320113314447592,0.0001834525775087,1311,22757,4069,5827,5776,273,274,267,7,6,5496,0.9744525547445256,0.978021978021978,0.0012720334363074,0.9762340036563072
internvl3_lingoqa,internvl3,lingoqa,36D,32,36,full,0.1732074916362762,0.996969696969697,0.875,0.9320113314447592,0.0001834525775087,1311,22757,4069,5827,5827,324,325,318,7,6,5496,0.9784615384615384,0.9814814814814816,0.0012720334363074,0.9799691833590138
internvl3_vqav2,internvl3,vqav2,36D,32,36,canonical_finite,0.508091151714325,0.9646739130434784,0.9149484536082474,0.9391534391534392,0.0022875241949674,1,22389,3796,6071,6031,289,282,268,14,21,5728,0.950354609929078,0.9273356401384084,0.0024381748519679,0.9387040280210156
internvl3_vqav2,internvl3,vqav2,36D,32,36,full,0.508091151714325,0.9646739130434784,0.9149484536082474,0.9391534391534392,0.0022875241949674,1,22389,3796,6071,6086,344,337,323,14,21,5728,0.9584569732937686,0.938953488372093,0.0024381748519679,0.948604992657856
llava15_earthvqa,llava15,earthvqa,36D,32,36,canonical_finite,0.8830564618110657,1.0,0.943089430894309,0.9707112970711296,0.0,190,22878,4047,5786,5697,42,34,34,0,8,5655,1.0,0.8095238095238095,0.0,0.8947368421052632
llava15_earthvqa,llava15,earthvqa,36D,32,36,full,0.8830564618110657,1.0,0.943089430894309,0.9707112970711296,0.0,190,22878,4047,5786,5786,131,123,123,0,8,5655,1.0,0.9389312977099236,0.0,0.968503937007874
llava15_lingoqa,llava15,lingoqa,36D,32,36,canonical_finite,0.4477432668209076,0.99,0.9428571428571428,0.9658536585365852,0.0001746724890829,548,22762,4070,5830,5744,54,34,34,0,20,5690,1.0,0.6296296296296297,0.0,0.7727272727272727
llava15_lingoqa,llava15,lingoqa,36D,32,36,full,0.4477432668209076,0.99,0.9428571428571428,0.9658536585365852,0.0001746724890829,548,22762,4070,5830,5830,140,120,120,0,20,5690,1.0,0.8571428571428571,0.0,0.9230769230769232
llava15_vqav2,llava15,vqav2,36D,32,36,canonical_finite,0.5949730277061462,1.0,0.9047619047619048,0.95,0.0,296,22394,3806,6071,6013,43,28,27,1,16,5969,0.9642857142857144,0.627906976744186,0.0001675041876046,0.7605633802816901
llava15_vqav2,llava15,vqav2,36D,32,36,full,0.5949730277061462,1.0,0.9047619047619048,0.95,0.0,296,22394,3806,6071,6094,124,109,108,1,16,5969,0.9908256880733946,0.8709677419354839,0.0001675041876046,0.927038626609442
qwen25_vl_earthvqa,qwen25_vl,earthvqa,36D,32,36,canonical_finite,0.8119522333145142,0.9932885906040269,0.8554913294797688,0.9192546583850932,0.0001783803068141,110,22831,4041,5779,5717,114,105,104,1,10,5602,0.9904761904761904,0.912280701754386,0.0001784758165268,0.9497716894977168
qwen25_vl_earthvqa,qwen25_vl,earthvqa,36D,32,36,full,0.8119522333145142,0.9932885906040269,0.8554913294797688,0.9192546583850932,0.0001783803068141,110,22831,4041,5779,5772,169,160,159,1,10,5602,0.99375,0.940828402366864,0.0001784758165268,0.9665653495440728
qwen25_vl_lingoqa,qwen25_vl,lingoqa,36D,32,36,canonical_finite,0.8273742198944092,1.0,0.9171974522292994,0.956810631229236,0.0,333,22745,4067,5830,5786,141,128,104,24,37,5621,0.8125,0.7375886524822695,0.0042515500442869,0.7732342007434945
qwen25_vl_lingoqa,qwen25_vl,lingoqa,36D,32,36,full,0.8273742198944092,1.0,0.9171974522292994,0.956810631229236,0.0,333,22745,4067,5830,5824,179,166,142,24,37,5621,0.8554216867469879,0.7932960893854749,0.0042515500442869,0.8231884057971014
qwen25_vl_vqav2,qwen25_vl,vqav2,36D,32,36,canonical_finite,0.6241891384124756,1.0,0.6808510638297872,0.810126582278481,0.0,79,22380,3802,6057,6035,141,89,88,1,53,5893,0.9887640449438202,0.624113475177305,0.000169664065151,0.7652173913043478
qwen25_vl_vqav2,qwen25_vl,vqav2,36D,32,36,full,0.6241891384124756,1.0,0.6808510638297872,0.810126582278481,0.0,79,22380,3802,6057,6084,190,138,137,1,53,5893,0.9927536231884058,0.7210526315789474,0.000169664065151,0.8353658536585366
internvl3_earthvqa,internvl3,earthvqa,48D,1,48,canonical_finite,0.6080902218818665,0.99375,0.9464285714285714,0.9695121951219512,0.0003684598378776,424,22824,4039,5764,5715,253,240,237,3,16,5459,0.9875,0.9367588932806324,0.000549249359209,0.9614604462474644
internvl3_earthvqa,internvl3,earthvqa,48D,1,48,full,0.6080902218818665,0.99375,0.9464285714285714,0.9695121951219512,0.0003684598378776,424,22824,4039,5764,5773,311,298,295,3,16,5459,0.9899328859060402,0.9485530546623794,0.000549249359209,0.9688013136289
internvl3_lingoqa,internvl3,lingoqa,48D,1,48,canonical_finite,0.7260468602180481,1.0,0.8670212765957447,0.9287749287749288,0.0,516,22757,4069,5827,5776,273,269,265,4,8,5499,0.9851301115241636,0.9706959706959708,0.0007268762493185,0.977859778597786
internvl3_lingoqa,internvl3,lingoqa,48D,1,48,full,0.7260468602180481,1.0,0.8670212765957447,0.9287749287749288,0.0,516,22757,4069,5827,5827,324,320,316,4,8,5499,0.9875,0.9753086419753086,0.0007268762493185,0.9813664596273292
internvl3_vqav2,internvl3,vqav2,48D,1,48,canonical_finite,0.4908588528633117,1.0,0.9149484536082474,0.955585464333782,0.0,5,22389,3796,6071,6031,289,302,265,37,24,5705,0.8774834437086093,0.916955017301038,0.0064437478230581,0.8967851099830795
internvl3_vqav2,internvl3,vqav2,48D,1,48,full,0.4908588528633117,1.0,0.9149484536082474,0.955585464333782,0.0,5,22389,3796,6071,6086,344,357,320,37,24,5705,0.896358543417367,0.9302325581395348,0.0064437478230581,0.912981455064194
llava15_earthvqa,llava15,earthvqa,48D,1,48,canonical_finite,0.7706836462020874,0.9914529914529916,0.943089430894309,0.9666666666666668,0.0001765848490199,546,22878,4047,5786,5697,42,34,33,1,9,5654,0.9705882352941176,0.7857142857142857,0.0001768346595932,0.868421052631579
llava15_earthvqa,llava15,earthvqa,48D,1,48,full,0.7706836462020874,0.9914529914529916,0.943089430894309,0.9666666666666668,0.0001765848490199,546,22878,4047,5786,5786,131,123,122,1,9,5654,0.991869918699187,0.931297709923664,0.0001768346595932,0.9606299212598424
llava15_lingoqa,llava15,lingoqa,48D,1,48,canonical_finite,0.5153103470802307,1.0,0.9142857142857144,0.955223880597015,0.0,4,22762,4070,5830,5744,54,31,31,0,23,5690,1.0,0.5740740740740741,0.0,0.7294117647058823
llava15_lingoqa,llava15,lingoqa,48D,1,48,full,0.5153103470802307,1.0,0.9142857142857144,0.955223880597015,0.0,4,22762,4070,5830,5830,140,117,117,0,23,5690,1.0,0.8357142857142857,0.0,0.9105058365758756
llava15_vqav2,llava15,vqav2,48D,1,48,canonical_finite,0.4751754105091095,1.0,0.8979591836734694,0.9462365591397848,0.0,251,22394,3806,6071,6013,43,47,26,21,17,5949,0.5531914893617021,0.6046511627906976,0.0035175879396984,0.5777777777777777
llava15_vqav2,llava15,vqav2,48D,1,48,full,0.4751754105091095,1.0,0.8979591836734694,0.9462365591397848,0.0,251,22394,3806,6071,6094,124,128,107,21,17,5949,0.8359375,0.8629032258064516,0.0035175879396984,0.8492063492063492
qwen25_vl_earthvqa,qwen25_vl,earthvqa,48D,1,48,canonical_finite,0.976219117641449,1.0,0.8554913294797688,0.9221183800623052,0.0,1065,22831,4041,5779,5717,114,104,104,0,10,5603,1.0,0.912280701754386,0.0,0.9541284403669724
qwen25_vl_earthvqa,qwen25_vl,earthvqa,48D,1,48,full,0.976219117641449,1.0,0.8554913294797688,0.9221183800623052,0.0,1065,22831,4041,5779,5772,169,159,159,0,10,5603,1.0,0.940828402366864,0.0,0.9695121951219512
qwen25_vl_lingoqa,qwen25_vl,lingoqa,48D,1,48,canonical_finite,0.9342374801635742,1.0,0.910828025477707,0.9533333333333334,0.0,503,22745,4067,5830,5786,141,124,101,23,40,5622,0.8145161290322581,0.7163120567375887,0.004074402125775,0.7622641509433963
qwen25_vl_lingoqa,qwen25_vl,lingoqa,48D,1,48,full,0.9342374801635742,1.0,0.910828025477707,0.9533333333333334,0.0,503,22745,4067,5830,5824,179,162,139,23,40,5622,0.8580246913580247,0.776536312849162,0.004074402125775,0.8152492668621701
qwen25_vl_vqav2,qwen25_vl,vqav2,48D,1,48,canonical_finite,0.4094668328762054,1.0,0.6808510638297872,0.810126582278481,0.0,992,22380,3802,6057,6035,141,105,89,16,52,5878,0.8476190476190476,0.6312056737588653,0.002714625042416,0.7235772357723578
qwen25_vl_vqav2,qwen25_vl,vqav2,48D,1,48,full,0.4094668328762054,1.0,0.6808510638297872,0.810126582278481,0.0,992,22380,3802,6057,6084,190,154,138,16,52,5878,0.8961038961038961,0.7263157894736842,0.002714625042416,0.8023255813953488
internvl3_earthvqa,internvl3,earthvqa,48D,2,48,canonical_finite,0.9582650065422058,1.0,0.9464285714285714,0.9724770642201834,0.0,429,22824,4039,5764,5715,253,236,235,1,18,5461,0.9957627118644068,0.9288537549407114,0.0001830831197363,0.9611451942740288
internvl3_earthvqa,internvl3,earthvqa,48D,2,48,full,0.9582650065422058,1.0,0.9464285714285714,0.9724770642201834,0.0,429,22824,4039,5764,5773,311,294,293,1,18,5461,0.9965986394557824,0.9421221864951768,0.0001830831197363,0.968595041322314
internvl3_lingoqa,internvl3,lingoqa,48D,2,48,canonical_finite,0.5077899694442749,1.0,0.8643617021276596,0.927246790299572,0.0,1,22757,4069,5827,5776,273,267,265,2,8,5501,0.99250936329588,0.9706959706959708,0.0003634381246592,0.9814814814814816
internvl3_lingoqa,internvl3,lingoqa,48D,2,48,full,0.5077899694442749,1.0,0.8643617021276596,0.927246790299572,0.0,1,22757,4069,5827,5827,324,318,316,2,8,5501,0.9937106918238994,0.9753086419753086,0.0003634381246592,0.9844236760124612
internvl3_vqav2,internvl3,vqav2,48D,2,48,canonical_finite,0.6566135287284851,1.0,0.9149484536082474,0.955585464333782,0.0,41,22389,3796,6071,6031,289,267,266,1,23,5741,0.99625468164794,0.9204152249134948,0.0001741553465691,0.9568345323741008
internvl3_vqav2,internvl3,vqav2,48D,2,48,full,0.6566135287284851,1.0,0.9149484536082474,0.955585464333782,0.0,41,22389,3796,6071,6086,344,322,321,1,23,5741,0.9968944099378882,0.9331395348837208,0.0001741553465691,0.963963963963964
llava15_earthvqa,llava15,earthvqa,48D,2,48,canonical_finite,0.8634397983551025,0.9914529914529916,0.943089430894309,0.9666666666666668,0.0001765848490199,217,22878,4047,5786,5697,42,33,33,0,9,5655,1.0,0.7857142857142857,0.0,0.88
llava15_earthvqa,llava15,earthvqa,48D,2,48,full,0.8634397983551025,0.9914529914529916,0.943089430894309,0.9666666666666668,0.0001765848490199,217,22878,4047,5786,5786,131,122,122,0,9,5655,1.0,0.931297709923664,0.0,0.9644268774703556
llava15_lingoqa,llava15,lingoqa,48D,2,48,canonical_finite,0.3100728690624237,1.0,0.9333333333333332,0.9655172413793104,0.0,437,22762,4070,5830,5744,54,35,34,1,20,5689,0.9714285714285714,0.6296296296296297,0.0001757469244288,0.7640449438202247
llava15_lingoqa,llava15,lingoqa,48D,2,48,full,0.3100728690624237,1.0,0.9333333333333332,0.9655172413793104,0.0,437,22762,4070,5830,5830,140,121,120,1,20,5689,0.9917355371900828,0.8571428571428571,0.0001757469244288,0.9195402298850576
llava15_vqav2,llava15,vqav2,48D,2,48,canonical_finite,0.4950285851955414,1.0,0.8979591836734694,0.9462365591397848,0.0,89,22394,3806,6071,6013,43,27,25,2,18,5968,0.925925925925926,0.5813953488372093,0.0003350083752093,0.7142857142857143
llava15_vqav2,llava15,vqav2,48D,2,48,full,0.4950285851955414,1.0,0.8979591836734694,0.9462365591397848,0.0,89,22394,3806,6071,6094,124,108,106,2,18,5968,0.9814814814814816,0.8548387096774194,0.0003350083752093,0.913793103448276
qwen25_vl_earthvqa,qwen25_vl,earthvqa,48D,2,48,canonical_finite,0.9387521743774414,0.9932885906040269,0.8554913294797688,0.9192546583850932,0.0001783803068141,452,22831,4041,5779,5717,114,105,104,1,10,5602,0.9904761904761904,0.912280701754386,0.0001784758165268,0.9497716894977168
qwen25_vl_earthvqa,qwen25_vl,earthvqa,48D,2,48,full,0.9387521743774414,0.9932885906040269,0.8554913294797688,0.9192546583850932,0.0001783803068141,452,22831,4041,5779,5772,169,160,159,1,10,5602,0.99375,0.940828402366864,0.0001784758165268,0.9665653495440728
qwen25_vl_lingoqa,qwen25_vl,lingoqa,48D,2,48,canonical_finite,0.5045711994171143,0.9662162162162162,0.910828025477707,0.9377049180327868,0.0008813678829543,0,22745,4067,5830,5786,141,168,102,66,39,5579,0.6071428571428571,0.723404255319149,0.0116917626217891,0.6601941747572816
qwen25_vl_lingoqa,qwen25_vl,lingoqa,48D,2,48,full,0.5045711994171143,0.9662162162162162,0.910828025477707,0.9377049180327868,0.0008813678829543,0,22745,4067,5830,5824,179,206,140,66,39,5579,0.6796116504854369,0.7821229050279329,0.0116917626217891,0.7272727272727273
qwen25_vl_vqav2,qwen25_vl,vqav2,48D,2,48,canonical_finite,0.7667763233184814,1.0,0.675531914893617,0.8063492063492063,0.0,130,22380,3802,6057,6035,141,94,85,9,56,5885,0.9042553191489362,0.6028368794326241,0.001526976586359,0.723404255319149
qwen25_vl_vqav2,qwen25_vl,vqav2,48D,2,48,full,0.7667763233184814,1.0,0.675531914893617,0.8063492063492063,0.0,130,22380,3802,6057,6084,190,143,134,9,56,5885,0.9370629370629372,0.7052631578947368,0.001526976586359,0.8048048048048048
internvl3_earthvqa,internvl3,earthvqa,48D,4,48,canonical_finite,0.3897574543952942,0.99375,0.9464285714285714,0.9695121951219512,0.0003684598378776,135,22824,4039,5764,5715,253,283,238,45,15,5417,0.8409893992932862,0.9407114624505928,0.0082387403881362,0.8880597014925373
internvl3_earthvqa,internvl3,earthvqa,48D,4,48,full,0.3897574543952942,0.99375,0.9464285714285714,0.9695121951219512,0.0003684598378776,135,22824,4039,5764,5773,311,341,296,45,15,5417,0.8680351906158358,0.9517684887459807,0.0082387403881362,0.9079754601226994
internvl3_lingoqa,internvl3,lingoqa,48D,4,48,canonical_finite,0.5000905990600586,0.993939393939394,0.8723404255319149,0.9291784702549576,0.0003669051550174,1,22757,4069,5827,5776,273,278,267,11,6,5492,0.960431654676259,0.978021978021978,0.001998909685626,0.969147005444646
internvl3_lingoqa,internvl3,lingoqa,48D,4,48,full,0.5000905990600586,0.993939393939394,0.8723404255319149,0.9291784702549576,0.0003669051550174,1,22757,4069,5827,5827,324,329,318,11,6,5492,0.9665653495440728,0.9814814814814816,0.001998909685626,0.9739663093415007
internvl3_vqav2,internvl3,vqav2,48D,4,48,canonical_finite,0.554922878742218,0.9971671388101984,0.9072164948453608,0.9500674763832658,0.0001759633996128,24,22389,3796,6071,6031,289,269,267,2,22,5740,0.9925650557620818,0.9238754325259516,0.0003483106931382,0.956989247311828
internvl3_vqav2,internvl3,vqav2,48D,4,48,full,0.554922878742218,0.9971671388101984,0.9072164948453608,0.9500674763832658,0.0001759633996128,24,22389,3796,6071,6086,344,324,322,2,22,5740,0.9938271604938272,0.936046511627907,0.0003483106931382,0.9640718562874252
llava15_earthvqa,llava15,earthvqa,48D,4,48,canonical_finite,0.5886678099632263,0.9830508474576272,0.943089430894309,0.9626556016597512,0.0003531696980399,29,22878,4047,5786,5697,42,37,35,2,7,5653,0.945945945945946,0.8333333333333334,0.0003536693191865,0.8860759493670886
llava15_earthvqa,llava15,earthvqa,48D,4,48,full,0.5886678099632263,0.9830508474576272,0.943089430894309,0.9626556016597512,0.0003531696980399,29,22878,4047,5786,5786,131,126,124,2,7,5653,0.984126984126984,0.9465648854961832,0.0003536693191865,0.9649805447470816
llava15_lingoqa,llava15,lingoqa,48D,4,48,canonical_finite,0.2902629375457763,1.0,0.9428571428571428,0.9705882352941176,0.0,459,22762,4070,5830,5744,54,35,34,1,20,5689,0.9714285714285714,0.6296296296296297,0.0001757469244288,0.7640449438202247
llava15_lingoqa,llava15,lingoqa,48D,4,48,full,0.2902629375457763,1.0,0.9428571428571428,0.9705882352941176,0.0,459,22762,4070,5830,5830,140,121,120,1,20,5689,0.9917355371900828,0.8571428571428571,0.0001757469244288,0.9195402298850576
llava15_vqav2,llava15,vqav2,48D,4,48,canonical_finite,0.5012497901916504,1.0,0.8979591836734694,0.9462365591397848,0.0,1,22394,3806,6071,6013,43,28,24,4,19,5966,0.8571428571428571,0.5581395348837209,0.0006700167504187,0.676056338028169
llava15_vqav2,llava15,vqav2,48D,4,48,full,0.5012497901916504,1.0,0.8979591836734694,0.9462365591397848,0.0,1,22394,3806,6071,6094,124,109,105,4,19,5966,0.963302752293578,0.8467741935483871,0.0006700167504187,0.9012875536480688
qwen25_vl_earthvqa,qwen25_vl,earthvqa,48D,4,48,canonical_finite,0.8616240620613098,0.9932885906040269,0.8554913294797688,0.9192546583850932,0.0001783803068141,192,22831,4041,5779,5717,114,102,102,0,12,5603,1.0,0.8947368421052632,0.0,0.9444444444444444
qwen25_vl_earthvqa,qwen25_vl,earthvqa,48D,4,48,full,0.8616240620613098,0.9932885906040269,0.8554913294797688,0.9192546583850932,0.0001783803068141,192,22831,4041,5779,5772,169,157,157,0,12,5603,1.0,0.9289940828402368,0.0,0.9631901840490796
qwen25_vl_lingoqa,qwen25_vl,lingoqa,48D,4,48,canonical_finite,0.8533949851989746,1.0,0.9171974522292994,0.956810631229236,0.0,585,22745,4067,5830,5786,141,106,105,1,36,5644,0.9905660377358492,0.7446808510638298,0.0001771479185119,0.8502024291497976
qwen25_vl_lingoqa,qwen25_vl,lingoqa,48D,4,48,full,0.8533949851989746,1.0,0.9171974522292994,0.956810631229236,0.0,585,22745,4067,5830,5824,179,144,143,1,36,5644,0.9930555555555556,0.7988826815642458,0.0001771479185119,0.8854489164086687
qwen25_vl_vqav2,qwen25_vl,vqav2,48D,4,48,canonical_finite,0.7561292052268982,0.992248062015504,0.6808510638297872,0.8075709779179809,0.000170386777986,86,22380,3802,6057,6035,141,120,88,32,53,5862,0.7333333333333333,0.624113475177305,0.005429250084832,0.6743295019157088
qwen25_vl_vqav2,qwen25_vl,vqav2,48D,4,48,full,0.7561292052268982,0.992248062015504,0.6808510638297872,0.8075709779179809,0.000170386777986,86,22380,3802,6057,6084,190,169,137,32,53,5862,0.8106508875739645,0.7210526315789474,0.005429250084832,0.7632311977715878
internvl3_earthvqa,internvl3,earthvqa,48D,8,48,canonical_finite,0.4951350092887878,0.9937694704049844,0.949404761904762,0.9710806697108066,0.0003684598378776,30,22824,4039,5764,5715,253,247,237,10,16,5452,0.9595141700404858,0.9367588932806324,0.0018308311973636,0.948
internvl3_earthvqa,internvl3,earthvqa,48D,8,48,full,0.4951350092887878,0.9937694704049844,0.949404761904762,0.9710806697108066,0.0003684598378776,30,22824,4039,5764,5773,311,305,295,10,16,5452,0.9672131147540984,0.9485530546623794,0.0018308311973636,0.9577922077922078
internvl3_lingoqa,internvl3,lingoqa,48D,8,48,canonical_finite,0.4170409142971039,0.9969788519637462,0.8776595744680851,0.9335219236209336,0.0001834525775087,223,22757,4069,5827,5776,273,294,267,27,6,5476,0.9081632653061223,0.978021978021978,0.0049064146829002,0.9417989417989416
internvl3_lingoqa,internvl3,lingoqa,48D,8,48,full,0.4170409142971039,0.9969788519637462,0.8776595744680851,0.9335219236209336,0.0001834525775087,223,22757,4069,5827,5827,324,345,318,27,6,5476,0.9217391304347826,0.9814814814814816,0.0049064146829002,0.9506726457399104
internvl3_vqav2,internvl3,vqav2,48D,8,48,canonical_finite,0.6948477625846863,0.99438202247191,0.9123711340206184,0.9516129032258064,0.0003519267992257,175,22389,3796,6071,6031,289,280,268,12,21,5730,0.9571428571428572,0.9273356401384084,0.0020898641588296,0.9420035149384886
internvl3_vqav2,internvl3,vqav2,48D,8,48,full,0.6948477625846863,0.99438202247191,0.9123711340206184,0.9516129032258064,0.0003519267992257,175,22389,3796,6071,6086,344,335,323,12,21,5730,0.964179104477612,0.938953488372093,0.0020898641588296,0.95139911634757
llava15_earthvqa,llava15,earthvqa,48D,8,48,canonical_finite,0.5853480100631714,0.9914529914529916,0.943089430894309,0.9666666666666668,0.0001765848490199,24,22878,4047,5786,5697,42,37,36,1,6,5654,0.972972972972973,0.8571428571428571,0.0001768346595932,0.9113924050632912
llava15_earthvqa,llava15,earthvqa,48D,8,48,full,0.5853480100631714,0.9914529914529916,0.943089430894309,0.9666666666666668,0.0001765848490199,24,22878,4047,5786,5786,131,126,125,1,6,5654,0.992063492063492,0.9541984732824428,0.0001768346595932,0.9727626459143968
llava15_lingoqa,llava15,lingoqa,48D,8,48,canonical_finite,0.742890477180481,1.0,0.9333333333333332,0.9655172413793104,0.0,828,22762,4070,5830,5744,54,34,34,0,20,5690,1.0,0.6296296296296297,0.0,0.7727272727272727
llava15_lingoqa,llava15,lingoqa,48D,8,48,full,0.742890477180481,1.0,0.9333333333333332,0.9655172413793104,0.0,828,22762,4070,5830,5830,140,120,120,0,20,5690,1.0,0.8571428571428571,0.0,0.9230769230769232
llava15_vqav2,llava15,vqav2,48D,8,48,canonical_finite,0.3683797419071197,1.0,0.9047619047619048,0.95,0.0,163,22394,3806,6071,6013,43,65,25,40,18,5930,0.3846153846153846,0.5813953488372093,0.0067001675041876,0.4629629629629629
llava15_vqav2,llava15,vqav2,48D,8,48,full,0.3683797419071197,1.0,0.9047619047619048,0.95,0.0,163,22394,3806,6071,6094,124,146,106,40,18,5930,0.726027397260274,0.8548387096774194,0.0067001675041876,0.7851851851851852
qwen25_vl_earthvqa,qwen25_vl,earthvqa,48D,8,48,canonical_finite,0.5232253074645996,0.9932885906040269,0.8554913294797688,0.9192546583850932,0.0001783803068141,4,22831,4041,5779,5717,114,104,104,0,10,5603,1.0,0.912280701754386,0.0,0.9541284403669724
qwen25_vl_earthvqa,qwen25_vl,earthvqa,48D,8,48,full,0.5232253074645996,0.9932885906040269,0.8554913294797688,0.9192546583850932,0.0001783803068141,4,22831,4041,5779,5772,169,159,159,0,10,5603,1.0,0.940828402366864,0.0,0.9695121951219512
qwen25_vl_lingoqa,qwen25_vl,lingoqa,48D,8,48,canonical_finite,0.6452723741531372,1.0,0.9171974522292994,0.956810631229236,0.0,78,22745,4067,5830,5786,141,109,105,4,36,5641,0.963302752293578,0.7446808510638298,0.0007085916740478,0.84
qwen25_vl_lingoqa,qwen25_vl,lingoqa,48D,8,48,full,0.6452723741531372,1.0,0.9171974522292994,0.956810631229236,0.0,78,22745,4067,5830,5824,179,147,143,4,36,5641,0.9727891156462584,0.7988826815642458,0.0007085916740478,0.8773006134969326
qwen25_vl_vqav2,qwen25_vl,vqav2,48D,8,48,canonical_finite,0.5157752633094788,1.0,0.6808510638297872,0.810126582278481,0.0,14,22380,3802,6057,6035,141,121,88,33,53,5861,0.7272727272727273,0.624113475177305,0.005598914149983,0.6717557251908397
qwen25_vl_vqav2,qwen25_vl,vqav2,48D,8,48,full,0.5157752633094788,1.0,0.6808510638297872,0.810126582278481,0.0,14,22380,3802,6057,6084,190,170,137,33,53,5861,0.8058823529411765,0.7210526315789474,0.005598914149983,0.7611111111111111
internvl3_earthvqa,internvl3,earthvqa,48D,12,48,canonical_finite,0.5138286352157593,0.9937694704049844,0.949404761904762,0.9710806697108066,0.0003684598378776,4,22824,4039,5764,5715,253,241,237,4,16,5458,0.983402489626556,0.9367588932806324,0.0007323324789454,0.9595141700404858
internvl3_earthvqa,internvl3,earthvqa,48D,12,48,full,0.5138286352157593,0.9937694704049844,0.949404761904762,0.9710806697108066,0.0003684598378776,4,22824,4039,5764,5773,311,299,295,4,16,5458,0.9866220735785952,0.9485530546623794,0.0007323324789454,0.9672131147540984
internvl3_lingoqa,internvl3,lingoqa,48D,12,48,canonical_finite,0.5120302438735962,0.9969604863221884,0.8723404255319149,0.9304964539007092,0.0001834525775087,2,22757,4069,5827,5776,273,269,266,3,7,5500,0.9888475836431226,0.9743589743589745,0.0005451571869889,0.981549815498155
internvl3_lingoqa,internvl3,lingoqa,48D,12,48,full,0.5120302438735962,0.9969604863221884,0.8723404255319149,0.9304964539007092,0.0001834525775087,2,22757,4069,5827,5827,324,320,317,3,7,5500,0.990625,0.9783950617283952,0.0005451571869889,0.984472049689441
internvl3_vqav2,internvl3,vqav2,48D,12,48,canonical_finite,0.700427234172821,0.9943977591036416,0.9149484536082474,0.953020134228188,0.0003519267992257,391,22389,3796,6071,6031,289,278,267,11,22,5731,0.960431654676259,0.9238754325259516,0.0019157088122605,0.9417989417989416
internvl3_vqav2,internvl3,vqav2,48D,12,48,full,0.700427234172821,0.9943977591036416,0.9149484536082474,0.953020134228188,0.0003519267992257,391,22389,3796,6071,6086,344,333,322,11,22,5731,0.9669669669669668,0.936046511627907,0.0019157088122605,0.9512555391432792
llava15_earthvqa,llava15,earthvqa,48D,12,48,canonical_finite,0.5778549909591675,0.9914529914529916,0.943089430894309,0.9666666666666668,0.0001765848490199,16,22878,4047,5786,5697,42,35,34,1,8,5654,0.9714285714285714,0.8095238095238095,0.0001768346595932,0.8831168831168831
llava15_earthvqa,llava15,earthvqa,48D,12,48,full,0.5778549909591675,0.9914529914529916,0.943089430894309,0.9666666666666668,0.0001765848490199,16,22878,4047,5786,5786,131,124,123,1,8,5654,0.9919354838709676,0.9389312977099236,0.0001768346595932,0.9647058823529412
llava15_lingoqa,llava15,lingoqa,48D,12,48,canonical_finite,0.5142590403556824,0.9896907216494846,0.9142857142857144,0.9504950495049506,0.0001746724890829,4,22762,4070,5830,5744,54,56,33,23,21,5667,0.5892857142857143,0.6111111111111112,0.0040421792618629,0.6
llava15_lingoqa,llava15,lingoqa,48D,12,48,full,0.5142590403556824,0.9896907216494846,0.9142857142857144,0.9504950495049506,0.0001746724890829,4,22762,4070,5830,5830,140,142,119,23,21,5667,0.8380281690140845,0.85,0.0040421792618629,0.8439716312056738
llava15_vqav2,llava15,vqav2,48D,12,48,canonical_finite,0.5191132426261902,0.9924812030075189,0.8979591836734694,0.9428571428571428,0.00016880486158,3,22394,3806,6071,6013,43,26,26,0,17,5970,1.0,0.6046511627906976,0.0,0.7536231884057971
llava15_vqav2,llava15,vqav2,48D,12,48,full,0.5191132426261902,0.9924812030075189,0.8979591836734694,0.9428571428571428,0.00016880486158,3,22394,3806,6071,6094,124,107,107,0,17,5970,1.0,0.8629032258064516,0.0,0.9264069264069263
qwen25_vl_earthvqa,qwen25_vl,earthvqa,48D,12,48,canonical_finite,0.5441758632659912,0.9932885906040269,0.8554913294797688,0.9192546583850932,0.0001783803068141,10,22831,4041,5779,5717,114,104,104,0,10,5603,1.0,0.912280701754386,0.0,0.9541284403669724
qwen25_vl_earthvqa,qwen25_vl,earthvqa,48D,12,48,full,0.5441758632659912,0.9932885906040269,0.8554913294797688,0.9192546583850932,0.0001783803068141,10,22831,4041,5779,5772,169,159,159,0,10,5603,1.0,0.940828402366864,0.0,0.9695121951219512
qwen25_vl_lingoqa,qwen25_vl,lingoqa,48D,12,48,canonical_finite,0.6482378840446472,1.0,0.9171974522292994,0.956810631229236,0.0,599,22745,4067,5830,5786,141,106,104,2,37,5643,0.981132075471698,0.7375886524822695,0.0003542958370239,0.8421052631578947
qwen25_vl_lingoqa,qwen25_vl,lingoqa,48D,12,48,full,0.6482378840446472,1.0,0.9171974522292994,0.956810631229236,0.0,599,22745,4067,5830,5824,179,144,142,2,37,5643,0.9861111111111112,0.7932960893854749,0.0003542958370239,0.8792569659442725
qwen25_vl_vqav2,qwen25_vl,vqav2,48D,12,48,canonical_finite,0.6222877502441406,1.0,0.6808510638297872,0.810126582278481,0.0,124,22380,3802,6057,6035,141,90,88,2,53,5892,0.9777777777777776,0.624113475177305,0.000339328130302,0.7619047619047619
qwen25_vl_vqav2,qwen25_vl,vqav2,48D,12,48,full,0.6222877502441406,1.0,0.6808510638297872,0.810126582278481,0.0,124,22380,3802,6057,6084,190,139,137,2,53,5892,0.9856115107913668,0.7210526315789474,0.000339328130302,0.8328267477203647
internvl3_earthvqa,internvl3,earthvqa,48D,16,48,canonical_finite,0.5090909600257874,0.9937694704049844,0.949404761904762,0.9710806697108066,0.0003684598378776,242,22824,4039,5764,5715,253,239,237,2,16,5460,0.99163179916318,0.9367588932806324,0.0003661662394727,0.9634146341463414
internvl3_earthvqa,internvl3,earthvqa,48D,16,48,full,0.5090909600257874,0.9937694704049844,0.949404761904762,0.9710806697108066,0.0003684598378776,242,22824,4039,5764,5773,311,297,295,2,16,5460,0.9932659932659932,0.9485530546623794,0.0003661662394727,0.9703947368421052
internvl3_lingoqa,internvl3,lingoqa,48D,16,48,canonical_finite,0.5047818422317505,0.9969512195121952,0.8696808510638298,0.9289772727272728,0.0001834525775087,0,22757,4069,5827,5776,273,267,266,1,7,5502,0.99625468164794,0.9743589743589745,0.0001817190623296,0.9851851851851852
internvl3_lingoqa,internvl3,lingoqa,48D,16,48,full,0.5047818422317505,0.9969512195121952,0.8696808510638298,0.9289772727272728,0.0001834525775087,0,22757,4069,5827,5827,324,318,317,1,7,5502,0.9968553459119496,0.9783950617283952,0.0001817190623296,0.9875389408099688
internvl3_vqav2,internvl3,vqav2,48D,16,48,canonical_finite,0.552762508392334,0.9916434540389972,0.9175257731958762,0.9531459170013388,0.0005278901988386,412,22389,3796,6071,6031,289,281,270,11,19,5731,0.9608540925266904,0.9342560553633218,0.0019157088122605,0.9473684210526316
internvl3_vqav2,internvl3,vqav2,48D,16,48,full,0.552762508392334,0.9916434540389972,0.9175257731958762,0.9531459170013388,0.0005278901988386,412,22389,3796,6071,6086,344,336,325,11,19,5731,0.9672619047619048,0.9447674418604652,0.0019157088122605,0.9558823529411764
llava15_earthvqa,llava15,earthvqa,48D,16,48,canonical_finite,0.5136987566947937,0.9914529914529916,0.943089430894309,0.9666666666666668,0.0001765848490199,13,22878,4047,5786,5697,42,42,36,6,6,5649,0.8571428571428571,0.8571428571428571,0.0010610079575596,0.8571428571428571
llava15_earthvqa,llava15,earthvqa,48D,16,48,full,0.5136987566947937,0.9914529914529916,0.943089430894309,0.9666666666666668,0.0001765848490199,13,22878,4047,5786,5786,131,131,125,6,6,5649,0.9541984732824428,0.9541984732824428,0.0010610079575596,0.9541984732824428
llava15_lingoqa,llava15,lingoqa,48D,16,48,canonical_finite,0.6130946278572083,0.99,0.9428571428571428,0.9658536585365852,0.0001746724890829,413,22762,4070,5830,5744,54,33,33,0,21,5690,1.0,0.6111111111111112,0.0,0.7586206896551724
llava15_lingoqa,llava15,lingoqa,48D,16,48,full,0.6130946278572083,0.99,0.9428571428571428,0.9658536585365852,0.0001746724890829,413,22762,4070,5830,5830,140,119,119,0,21,5690,1.0,0.85,0.0,0.918918918918919
llava15_vqav2,llava15,vqav2,48D,16,48,canonical_finite,0.5115829706192017,1.0,0.8979591836734694,0.9462365591397848,0.0,9,22394,3806,6071,6013,43,49,26,23,17,5947,0.5306122448979592,0.6046511627906976,0.0038525963149078,0.5652173913043478
llava15_vqav2,llava15,vqav2,48D,16,48,full,0.5115829706192017,1.0,0.8979591836734694,0.9462365591397848,0.0,9,22394,3806,6071,6094,124,130,107,23,17,5947,0.823076923076923,0.8629032258064516,0.0038525963149078,0.84251968503937
qwen25_vl_earthvqa,qwen25_vl,earthvqa,48D,16,48,canonical_finite,0.7440266609191895,0.9866666666666668,0.8554913294797688,0.9164086687306504,0.0003567606136282,450,22831,4041,5779,5717,114,105,104,1,10,5602,0.9904761904761904,0.912280701754386,0.0001784758165268,0.9497716894977168
qwen25_vl_earthvqa,qwen25_vl,earthvqa,48D,16,48,full,0.7440266609191895,0.9866666666666668,0.8554913294797688,0.9164086687306504,0.0003567606136282,450,22831,4041,5779,5772,169,160,159,1,10,5602,0.99375,0.940828402366864,0.0001784758165268,0.9665653495440728
qwen25_vl_lingoqa,qwen25_vl,lingoqa,48D,16,48,canonical_finite,0.5760319232940674,1.0,0.9171974522292994,0.956810631229236,0.0,57,22745,4067,5830,5786,141,107,105,2,36,5643,0.9813084112149532,0.7446808510638298,0.0003542958370239,0.8467741935483871
qwen25_vl_lingoqa,qwen25_vl,lingoqa,48D,16,48,full,0.5760319232940674,1.0,0.9171974522292994,0.956810631229236,0.0,57,22745,4067,5830,5824,179,145,143,2,36,5643,0.986206896551724,0.7988826815642458,0.0003542958370239,0.8827160493827161
qwen25_vl_vqav2,qwen25_vl,vqav2,48D,16,48,canonical_finite,0.5970688462257385,1.0,0.6861702127659575,0.8138801261829653,0.0,180,22380,3802,6057,6035,141,89,87,2,54,5892,0.9775280898876404,0.6170212765957447,0.000339328130302,0.7565217391304347
qwen25_vl_vqav2,qwen25_vl,vqav2,48D,16,48,full,0.5970688462257385,1.0,0.6861702127659575,0.8138801261829653,0.0,180,22380,3802,6057,6084,190,138,136,2,54,5892,0.9855072463768116,0.7157894736842105,0.000339328130302,0.8292682926829268
internvl3_earthvqa,internvl3,earthvqa,48D,20,48,canonical_finite,0.6521391868591309,0.9937694704049844,0.949404761904762,0.9710806697108066,0.0003684598378776,388,22824,4039,5764,5715,253,239,237,2,16,5460,0.99163179916318,0.9367588932806324,0.0003661662394727,0.9634146341463414
internvl3_earthvqa,internvl3,earthvqa,48D,20,48,full,0.6521391868591309,0.9937694704049844,0.949404761904762,0.9710806697108066,0.0003684598378776,388,22824,4039,5764,5773,311,297,295,2,16,5460,0.9932659932659932,0.9485530546623794,0.0003661662394727,0.9703947368421052
internvl3_lingoqa,internvl3,lingoqa,48D,20,48,canonical_finite,0.5144913196563721,1.0,0.8670212765957447,0.9287749287749288,0.0,5,22757,4069,5827,5776,273,271,265,6,8,5497,0.977859778597786,0.9706959706959708,0.0010903143739778,0.9742647058823528
internvl3_lingoqa,internvl3,lingoqa,48D,20,48,full,0.5144913196563721,1.0,0.8670212765957447,0.9287749287749288,0.0,5,22757,4069,5827,5827,324,322,316,6,8,5497,0.9813664596273292,0.9753086419753086,0.0010903143739778,0.978328173374613
internvl3_vqav2,internvl3,vqav2,48D,20,48,canonical_finite,0.5047988891601562,0.9971671388101984,0.9072164948453608,0.9500674763832658,0.0001759633996128,0,22389,3796,6071,6031,289,267,267,0,22,5742,1.0,0.9238754325259516,0.0,0.960431654676259
internvl3_vqav2,internvl3,vqav2,48D,20,48,full,0.5047988891601562,0.9971671388101984,0.9072164948453608,0.9500674763832658,0.0001759633996128,0,22389,3796,6071,6086,344,322,322,0,22,5742,1.0,0.936046511627907,0.0,0.9669669669669668
llava15_earthvqa,llava15,earthvqa,48D,20,48,canonical_finite,0.5017799139022827,0.9914529914529916,0.943089430894309,0.9666666666666668,0.0001765848490199,6,22878,4047,5786,5697,42,44,36,8,6,5647,0.8181818181818182,0.8571428571428571,0.0014146772767462,0.8372093023255814
llava15_earthvqa,llava15,earthvqa,48D,20,48,full,0.5017799139022827,0.9914529914529916,0.943089430894309,0.9666666666666668,0.0001765848490199,6,22878,4047,5786,5786,131,133,125,8,6,5647,0.9398496240601504,0.9541984732824428,0.0014146772767462,0.946969696969697
llava15_lingoqa,llava15,lingoqa,48D,20,48,canonical_finite,0.1181196495890617,0.99,0.9428571428571428,0.9658536585365852,0.0001746724890829,688,22762,4070,5830,5744,54,77,34,43,20,5647,0.4415584415584415,0.6296296296296297,0.0075571177504393,0.5190839694656488
llava15_lingoqa,llava15,lingoqa,48D,20,48,full,0.1181196495890617,0.99,0.9428571428571428,0.9658536585365852,0.0001746724890829,688,22762,4070,5830,5830,140,163,120,43,20,5647,0.7361963190184049,0.8571428571428571,0.0075571177504393,0.7920792079207921
llava15_vqav2,llava15,vqav2,48D,20,48,canonical_finite,0.5186576843261719,1.0,0.9047619047619048,0.95,0.0,3,22394,3806,6071,6013,43,37,26,11,17,5959,0.7027027027027027,0.6046511627906976,0.0018425460636515,0.65
llava15_vqav2,llava15,vqav2,48D,20,48,full,0.5186576843261719,1.0,0.9047619047619048,0.95,0.0,3,22394,3806,6071,6094,124,118,107,11,17,5959,0.9067796610169492,0.8629032258064516,0.0018425460636515,0.8842975206611571
qwen25_vl_earthvqa,qwen25_vl,earthvqa,48D,20,48,canonical_finite,0.9618678092956544,0.9932885906040269,0.8554913294797688,0.9192546583850932,0.0001783803068141,487,22831,4041,5779,5717,114,104,104,0,10,5603,1.0,0.912280701754386,0.0,0.9541284403669724
qwen25_vl_earthvqa,qwen25_vl,earthvqa,48D,20,48,full,0.9618678092956544,0.9932885906040269,0.8554913294797688,0.9192546583850932,0.0001783803068141,487,22831,4041,5779,5772,169,159,159,0,10,5603,1.0,0.940828402366864,0.0,0.9695121951219512
qwen25_vl_lingoqa,qwen25_vl,lingoqa,48D,20,48,canonical_finite,0.6579192876815796,1.0,0.9171974522292994,0.956810631229236,0.0,218,22745,4067,5830,5786,141,137,104,33,37,5612,0.7591240875912408,0.7375886524822695,0.0058458813108945,0.7482014388489209
qwen25_vl_lingoqa,qwen25_vl,lingoqa,48D,20,48,full,0.6579192876815796,1.0,0.9171974522292994,0.956810631229236,0.0,218,22745,4067,5830,5824,179,175,142,33,37,5612,0.8114285714285714,0.7932960893854749,0.0058458813108945,0.8022598870056498
qwen25_vl_vqav2,qwen25_vl,vqav2,48D,20,48,canonical_finite,0.5203421711921692,1.0,0.6861702127659575,0.8138801261829653,0.0,13,22380,3802,6057,6035,141,88,88,0,53,5894,1.0,0.624113475177305,0.0,0.7685589519650655
qwen25_vl_vqav2,qwen25_vl,vqav2,48D,20,48,full,0.5203421711921692,1.0,0.6861702127659575,0.8138801261829653,0.0,13,22380,3802,6057,6084,190,137,137,0,53,5894,1.0,0.7210526315789474,0.0,0.8379204892966361
internvl3_earthvqa,internvl3,earthvqa,48D,24,48,canonical_finite,0.504591703414917,0.990625,0.9434523809523808,0.9664634146341462,0.0005526897568165,0,22824,4039,5764,5715,253,238,236,2,17,5460,0.9915966386554622,0.932806324110672,0.0003661662394727,0.9613034623217924
internvl3_earthvqa,internvl3,earthvqa,48D,24,48,full,0.504591703414917,0.990625,0.9434523809523808,0.9664634146341462,0.0005526897568165,0,22824,4039,5764,5773,311,296,294,2,17,5460,0.9932432432432432,0.945337620578778,0.0003661662394727,0.9686985172981878
internvl3_lingoqa,internvl3,lingoqa,48D,24,48,canonical_finite,0.560297966003418,1.0,0.8696808510638298,0.930298719772404,0.0,28,22757,4069,5827,5776,273,270,266,4,7,5499,0.9851851851851852,0.9743589743589745,0.0007268762493185,0.9797421731123388
internvl3_lingoqa,internvl3,lingoqa,48D,24,48,full,0.560297966003418,1.0,0.8696808510638298,0.930298719772404,0.0,28,22757,4069,5827,5827,324,321,317,4,7,5499,0.9875389408099688,0.9783950617283952,0.0007268762493185,0.9829457364341084
internvl3_vqav2,internvl3,vqav2,48D,24,48,canonical_finite,0.6248683929443359,0.9971671388101984,0.9072164948453608,0.9500674763832658,0.0001759633996128,35,22389,3796,6071,6031,289,267,267,0,22,5742,1.0,0.9238754325259516,0.0,0.960431654676259
internvl3_vqav2,internvl3,vqav2,48D,24,48,full,0.6248683929443359,0.9971671388101984,0.9072164948453608,0.9500674763832658,0.0001759633996128,35,22389,3796,6071,6086,344,322,322,0,22,5742,1.0,0.936046511627907,0.0,0.9669669669669668
llava15_earthvqa,llava15,earthvqa,48D,24,48,canonical_finite,0.5017798542976379,0.9914529914529916,0.943089430894309,0.9666666666666668,0.0001765848490199,6,22878,4047,5786,5697,42,54,36,18,6,5637,0.6666666666666666,0.8571428571428571,0.003183023872679,0.75
llava15_earthvqa,llava15,earthvqa,48D,24,48,full,0.5017798542976379,0.9914529914529916,0.943089430894309,0.9666666666666668,0.0001765848490199,6,22878,4047,5786,5786,131,143,125,18,6,5637,0.8741258741258742,0.9541984732824428,0.003183023872679,0.9124087591240876
llava15_lingoqa,llava15,lingoqa,48D,24,48,canonical_finite,0.1523595452308654,0.99,0.9428571428571428,0.9658536585365852,0.0001746724890829,626,22762,4070,5830,5744,54,69,34,35,20,5655,0.4927536231884058,0.6296296296296297,0.0061511423550087,0.5528455284552846
llava15_lingoqa,llava15,lingoqa,48D,24,48,full,0.1523595452308654,0.99,0.9428571428571428,0.9658536585365852,0.0001746724890829,626,22762,4070,5830,5830,140,155,120,35,20,5655,0.7741935483870968,0.8571428571428571,0.0061511423550087,0.8135593220338984
llava15_vqav2,llava15,vqav2,48D,24,48,canonical_finite,0.490564227104187,1.0,0.9047619047619048,0.95,0.0,9,22394,3806,6071,6013,43,55,26,29,17,5941,0.4727272727272727,0.6046511627906976,0.004857621440536,0.5306122448979592
llava15_vqav2,llava15,vqav2,48D,24,48,full,0.490564227104187,1.0,0.9047619047619048,0.95,0.0,9,22394,3806,6071,6094,124,136,107,29,17,5941,0.7867647058823529,0.8629032258064516,0.004857621440536,0.823076923076923
qwen25_vl_earthvqa,qwen25_vl,earthvqa,48D,24,48,canonical_finite,0.5822399258613586,0.9932885906040269,0.8554913294797688,0.9192546583850932,0.0001783803068141,20,22831,4041,5779,5717,114,104,104,0,10,5603,1.0,0.912280701754386,0.0,0.9541284403669724
qwen25_vl_earthvqa,qwen25_vl,earthvqa,48D,24,48,full,0.5822399258613586,0.9932885906040269,0.8554913294797688,0.9192546583850932,0.0001783803068141,20,22831,4041,5779,5772,169,159,159,0,10,5603,1.0,0.940828402366864,0.0,0.9695121951219512
qwen25_vl_lingoqa,qwen25_vl,lingoqa,48D,24,48,canonical_finite,0.5060320496559143,1.0,0.9171974522292994,0.956810631229236,0.0,4,22745,4067,5830,5786,141,106,104,2,37,5643,0.981132075471698,0.7375886524822695,0.0003542958370239,0.8421052631578947
qwen25_vl_lingoqa,qwen25_vl,lingoqa,48D,24,48,full,0.5060320496559143,1.0,0.9171974522292994,0.956810631229236,0.0,4,22745,4067,5830,5824,179,144,142,2,37,5643,0.9861111111111112,0.7932960893854749,0.0003542958370239,0.8792569659442725
qwen25_vl_vqav2,qwen25_vl,vqav2,48D,24,48,canonical_finite,0.5565704107284546,1.0,0.6808510638297872,0.810126582278481,0.0,33,22380,3802,6057,6035,141,87,87,0,54,5894,1.0,0.6170212765957447,0.0,0.7631578947368421
qwen25_vl_vqav2,qwen25_vl,vqav2,48D,24,48,full,0.5565704107284546,1.0,0.6808510638297872,0.810126582278481,0.0,33,22380,3802,6057,6084,190,136,136,0,54,5894,1.0,0.7157894736842105,0.0,0.8343558282208589
internvl3_earthvqa,internvl3,earthvqa,48D,28,48,canonical_finite,0.504591703414917,0.99375,0.9464285714285714,0.9695121951219512,0.0003684598378776,0,22824,4039,5764,5715,253,236,235,1,18,5461,0.9957627118644068,0.9288537549407114,0.0001830831197363,0.9611451942740288
internvl3_earthvqa,internvl3,earthvqa,48D,28,48,full,0.504591703414917,0.99375,0.9464285714285714,0.9695121951219512,0.0003684598378776,0,22824,4039,5764,5773,311,294,293,1,18,5461,0.9965986394557824,0.9421221864951768,0.0001830831197363,0.968595041322314
internvl3_lingoqa,internvl3,lingoqa,48D,28,48,canonical_finite,0.5015673637390137,0.993939393939394,0.8723404255319149,0.9291784702549576,0.0003669051550174,1,22757,4069,5827,5776,273,272,267,5,6,5498,0.9816176470588236,0.978021978021978,0.0009085953116481,0.979816513761468
internvl3_lingoqa,internvl3,lingoqa,48D,28,48,full,0.5015673637390137,0.993939393939394,0.8723404255319149,0.9291784702549576,0.0003669051550174,1,22757,4069,5827,5827,324,323,318,5,6,5498,0.9845201238390092,0.9814814814814816,0.0009085953116481,0.982998454404946
internvl3_vqav2,internvl3,vqav2,48D,28,48,canonical_finite,0.5043880939483643,0.9888888888888888,0.9175257731958762,0.9518716577540108,0.0007038535984515,2,22389,3796,6071,6031,289,285,270,15,19,5727,0.9473684210526316,0.9342560553633218,0.002612330198537,0.940766550522648
internvl3_vqav2,internvl3,vqav2,48D,28,48,full,0.5043880939483643,0.9888888888888888,0.9175257731958762,0.9518716577540108,0.0007038535984515,2,22389,3796,6071,6086,344,340,325,15,19,5727,0.9558823529411764,0.9447674418604652,0.002612330198537,0.9502923976608189
llava15_earthvqa,llava15,earthvqa,48D,28,48,canonical_finite,0.5232692360877991,0.9914529914529916,0.943089430894309,0.9666666666666668,0.0001765848490199,19,22878,4047,5786,5697,42,42,36,6,6,5649,0.8571428571428571,0.8571428571428571,0.0010610079575596,0.8571428571428571
llava15_earthvqa,llava15,earthvqa,48D,28,48,full,0.5232692360877991,0.9914529914529916,0.943089430894309,0.9666666666666668,0.0001765848490199,19,22878,4047,5786,5786,131,131,125,6,6,5649,0.9541984732824428,0.9541984732824428,0.0010610079575596,0.9541984732824428
llava15_lingoqa,llava15,lingoqa,48D,28,48,canonical_finite,0.4308660924434662,1.0,0.9428571428571428,0.9705882352941176,0.0,534,22762,4070,5830,5744,54,34,34,0,20,5690,1.0,0.6296296296296297,0.0,0.7727272727272727
llava15_lingoqa,llava15,lingoqa,48D,28,48,full,0.4308660924434662,1.0,0.9428571428571428,0.9705882352941176,0.0,534,22762,4070,5830,5830,140,120,120,0,20,5690,1.0,0.8571428571428571,0.0,0.9230769230769232
llava15_vqav2,llava15,vqav2,48D,28,48,canonical_finite,0.4921473264694214,1.0,0.9047619047619048,0.95,0.0,9,22394,3806,6071,6013,43,55,26,29,17,5941,0.4727272727272727,0.6046511627906976,0.004857621440536,0.5306122448979592
llava15_vqav2,llava15,vqav2,48D,28,48,full,0.4921473264694214,1.0,0.9047619047619048,0.95,0.0,9,22394,3806,6071,6094,124,136,107,29,17,5941,0.7867647058823529,0.8629032258064516,0.004857621440536,0.823076923076923
qwen25_vl_earthvqa,qwen25_vl,earthvqa,48D,28,48,canonical_finite,0.5049973130226135,0.9736842105263158,0.8554913294797688,0.9107692307692308,0.0007135212272565,3,22831,4041,5779,5717,114,114,104,10,10,5593,0.912280701754386,0.912280701754386,0.0017847581652686,0.912280701754386
qwen25_vl_earthvqa,qwen25_vl,earthvqa,48D,28,48,full,0.5049973130226135,0.9736842105263158,0.8554913294797688,0.9107692307692308,0.0007135212272565,3,22831,4041,5779,5772,169,169,159,10,10,5593,0.940828402366864,0.940828402366864,0.0017847581652686,0.940828402366864
qwen25_vl_lingoqa,qwen25_vl,lingoqa,48D,28,48,canonical_finite,0.5053187012672424,0.9931506849315068,0.9235668789808916,0.9570957095709572,0.0001762735765908,4,22745,4067,5830,5786,141,138,106,32,35,5613,0.7681159420289855,0.75177304964539,0.0056687333923826,0.7598566308243727
qwen25_vl_lingoqa,qwen25_vl,lingoqa,48D,28,48,full,0.5053187012672424,0.9931506849315068,0.9235668789808916,0.9570957095709572,0.0001762735765908,4,22745,4067,5830,5824,179,176,144,32,35,5613,0.8181818181818182,0.8044692737430168,0.0056687333923826,0.8112676056338028
qwen25_vl_vqav2,qwen25_vl,vqav2,48D,28,48,canonical_finite,0.5278840661048889,1.0,0.6861702127659575,0.8138801261829653,0.0,45,22380,3802,6057,6035,141,89,88,1,53,5893,0.9887640449438202,0.624113475177305,0.000169664065151,0.7652173913043478
qwen25_vl_vqav2,qwen25_vl,vqav2,48D,28,48,full,0.5278840661048889,1.0,0.6861702127659575,0.8138801261829653,0.0,45,22380,3802,6057,6084,190,138,137,1,53,5893,0.9927536231884058,0.7210526315789474,0.000169664065151,0.8353658536585366
internvl3_earthvqa,internvl3,earthvqa,48D,32,48,canonical_finite,0.504591703414917,0.99375,0.9464285714285714,0.9695121951219512,0.0003684598378776,0,22824,4039,5764,5715,253,237,236,1,17,5461,0.9957805907172996,0.932806324110672,0.0001830831197363,0.963265306122449
internvl3_earthvqa,internvl3,earthvqa,48D,32,48,full,0.504591703414917,0.99375,0.9464285714285714,0.9695121951219512,0.0003684598378776,0,22824,4039,5764,5773,311,295,294,1,17,5461,0.9966101694915256,0.945337620578778,0.0001830831197363,0.9702970297029704
internvl3_lingoqa,internvl3,lingoqa,48D,32,48,canonical_finite,0.5101525187492371,0.9969512195121952,0.8696808510638298,0.9289772727272728,0.0001834525775087,2,22757,4069,5827,5776,273,268,266,2,7,5501,0.9925373134328358,0.9743589743589745,0.0003634381246592,0.9833641404805916
internvl3_lingoqa,internvl3,lingoqa,48D,32,48,full,0.5101525187492371,0.9969512195121952,0.8696808510638298,0.9289772727272728,0.0001834525775087,2,22757,4069,5827,5827,324,319,317,2,7,5501,0.9937304075235108,0.9783950617283952,0.0003634381246592,0.9860031104199068
internvl3_vqav2,internvl3,vqav2,48D,32,48,canonical_finite,0.5003035068511963,0.9888888888888888,0.9175257731958762,0.9518716577540108,0.0007038535984515,1,22389,3796,6071,6031,289,284,270,14,19,5728,0.9507042253521126,0.9342560553633218,0.0024381748519679,0.9424083769633508
internvl3_vqav2,internvl3,vqav2,48D,32,48,full,0.5003035068511963,0.9888888888888888,0.9175257731958762,0.9518716577540108,0.0007038535984515,1,22389,3796,6071,6086,344,339,325,14,19,5728,0.9587020648967552,0.9447674418604652,0.0024381748519679,0.9516837481698388
llava15_earthvqa,llava15,earthvqa,48D,32,48,canonical_finite,0.5156521201133728,0.9914529914529916,0.943089430894309,0.9666666666666668,0.0001765848490199,20,22878,4047,5786,5697,42,42,36,6,6,5649,0.8571428571428571,0.8571428571428571,0.0010610079575596,0.8571428571428571
llava15_earthvqa,llava15,earthvqa,48D,32,48,full,0.5156521201133728,0.9914529914529916,0.943089430894309,0.9666666666666668,0.0001765848490199,20,22878,4047,5786,5786,131,131,125,6,6,5649,0.9541984732824428,0.9541984732824428,0.0010610079575596,0.9541984732824428
llava15_lingoqa,llava15,lingoqa,48D,32,48,canonical_finite,0.5087564587593079,1.0,0.9333333333333332,0.9655172413793104,0.0,1,22762,4070,5830,5744,54,52,33,19,21,5671,0.6346153846153846,0.6111111111111112,0.0033391915641476,0.6226415094339622
llava15_lingoqa,llava15,lingoqa,48D,32,48,full,0.5087564587593079,1.0,0.9333333333333332,0.9655172413793104,0.0,1,22762,4070,5830,5830,140,138,119,19,21,5671,0.8623188405797102,0.85,0.0033391915641476,0.8561151079136691
llava15_vqav2,llava15,vqav2,48D,32,48,canonical_finite,0.492146760225296,1.0,0.9047619047619048,0.95,0.0,9,22394,3806,6071,6013,43,56,27,29,16,5941,0.4821428571428571,0.627906976744186,0.004857621440536,0.5454545454545454
llava15_vqav2,llava15,vqav2,48D,32,48,full,0.492146760225296,1.0,0.9047619047619048,0.95,0.0,9,22394,3806,6071,6094,124,137,108,29,16,5941,0.7883211678832117,0.8709677419354839,0.004857621440536,0.8275862068965517
qwen25_vl_earthvqa,qwen25_vl,earthvqa,48D,32,48,canonical_finite,0.5003464221954346,0.9736842105263158,0.8554913294797688,0.9107692307692308,0.0007135212272565,3,22831,4041,5779,5717,114,127,104,23,10,5580,0.8188976377952756,0.912280701754386,0.0041049437801177,0.8630705394190872
qwen25_vl_earthvqa,qwen25_vl,earthvqa,48D,32,48,full,0.5003464221954346,0.9736842105263158,0.8554913294797688,0.9107692307692308,0.0007135212272565,3,22831,4041,5779,5772,169,182,159,23,10,5580,0.8736263736263736,0.940828402366864,0.0041049437801177,0.905982905982906
qwen25_vl_lingoqa,qwen25_vl,lingoqa,48D,32,48,canonical_finite,0.5053181648254395,0.9931506849315068,0.9235668789808916,0.9570957095709572,0.0001762735765908,4,22745,4067,5830,5786,141,131,105,26,36,5619,0.8015267175572519,0.7446808510638298,0.0046058458813108,0.7720588235294118
qwen25_vl_lingoqa,qwen25_vl,lingoqa,48D,32,48,full,0.5053181648254395,0.9931506849315068,0.9235668789808916,0.9570957095709572,0.0001762735765908,4,22745,4067,5830,5824,179,169,143,26,36,5619,0.8461538461538461,0.7988826815642458,0.0046058458813108,0.8218390804597702
qwen25_vl_vqav2,qwen25_vl,vqav2,48D,32,48,canonical_finite,0.5346522331237793,1.0,0.6808510638297872,0.810126582278481,0.0,33,22380,3802,6057,6035,141,87,87,0,54,5894,1.0,0.6170212765957447,0.0,0.7631578947368421
qwen25_vl_vqav2,qwen25_vl,vqav2,48D,32,48,full,0.5346522331237793,1.0,0.6808510638297872,0.810126582278481,0.0,33,22380,3802,6057,6084,190,136,136,0,54,5894,1.0,0.7157894736842105,0.0,0.8343558282208589
internvl3_earthvqa,internvl3,earthvqa,60D,1,60,canonical_finite,0.5695646405220032,0.9936908517350158,0.9375,0.9647779479326188,0.0003684598378776,55,22824,4039,5764,5715,253,243,237,6,16,5456,0.9753086419753086,0.9367588932806324,0.0010984987184181,0.9556451612903226
internvl3_earthvqa,internvl3,earthvqa,60D,1,60,full,0.5695646405220032,0.9936908517350158,0.9375,0.9647779479326188,0.0003684598378776,55,22824,4039,5764,5773,311,301,295,6,16,5456,0.9800664451827242,0.9485530546623794,0.0010984987184181,0.9640522875816994
internvl3_lingoqa,internvl3,lingoqa,60D,1,60,canonical_finite,0.7439320683479309,1.0,0.8537234042553191,0.921090387374462,0.0,302,22757,4069,5827,5776,273,285,261,24,12,5479,0.9157894736842104,0.956043956043956,0.0043612574959113,0.935483870967742
internvl3_lingoqa,internvl3,lingoqa,60D,1,60,full,0.7439320683479309,1.0,0.8537234042553191,0.921090387374462,0.0,302,22757,4069,5827,5827,324,336,312,24,12,5479,0.9285714285714286,0.9629629629629628,0.0043612574959113,0.9454545454545454
internvl3_vqav2,internvl3,vqav2,60D,1,60,canonical_finite,0.7819342017173767,0.997134670487106,0.8969072164948454,0.9443690637720488,0.0001759633996128,463,22389,3796,6071,6031,289,272,263,9,26,5733,0.9669117647058824,0.9100346020761244,0.0015673981191222,0.9376114081996436
internvl3_vqav2,internvl3,vqav2,60D,1,60,full,0.7819342017173767,0.997134670487106,0.8969072164948454,0.9443690637720488,0.0001759633996128,463,22389,3796,6071,6086,344,327,318,9,26,5733,0.9724770642201837,0.9244186046511628,0.0015673981191222,0.947839046199702
llava15_earthvqa,llava15,earthvqa,60D,1,60,canonical_finite,0.9448615312576294,0.9914529914529916,0.943089430894309,0.9666666666666668,0.0001765848490199,1389,22878,4047,5786,5697,42,35,34,1,8,5654,0.9714285714285714,0.8095238095238095,0.0001768346595932,0.8831168831168831
llava15_earthvqa,llava15,earthvqa,60D,1,60,full,0.9448615312576294,0.9914529914529916,0.943089430894309,0.9666666666666668,0.0001765848490199,1389,22878,4047,5786,5786,131,124,123,1,8,5654,0.9919354838709676,0.9389312977099236,0.0001768346595932,0.9647058823529412
llava15_lingoqa,llava15,lingoqa,60D,1,60,canonical_finite,0.4845783114433288,0.98989898989899,0.9333333333333332,0.9607843137254904,0.0001746724890829,18,22762,4070,5830,5744,54,35,32,3,22,5687,0.9142857142857144,0.5925925925925926,0.0005272407732864,0.7191011235955056
llava15_lingoqa,llava15,lingoqa,60D,1,60,full,0.4845783114433288,0.98989898989899,0.9333333333333332,0.9607843137254904,0.0001746724890829,18,22762,4070,5830,5830,140,121,118,3,22,5687,0.975206611570248,0.8428571428571429,0.0005272407732864,0.9042145593869731
llava15_vqav2,llava15,vqav2,60D,1,60,canonical_finite,0.3713132739067077,1.0,0.8979591836734694,0.9462365591397848,0.0,193,22394,3806,6071,6013,43,27,27,0,16,5970,1.0,0.627906976744186,0.0,0.7714285714285715
llava15_vqav2,llava15,vqav2,60D,1,60,full,0.3713132739067077,1.0,0.8979591836734694,0.9462365591397848,0.0,193,22394,3806,6071,6094,124,108,108,0,16,5970,1.0,0.8709677419354839,0.0,0.9310344827586208
qwen25_vl_earthvqa,qwen25_vl,earthvqa,60D,1,60,canonical_finite,0.9878193140029908,1.0,0.8554913294797688,0.9221183800623052,0.0,642,22831,4041,5779,5717,114,100,100,0,14,5603,1.0,0.8771929824561403,0.0,0.9345794392523364
qwen25_vl_earthvqa,qwen25_vl,earthvqa,60D,1,60,full,0.9878193140029908,1.0,0.8554913294797688,0.9221183800623052,0.0,642,22831,4041,5779,5772,169,155,155,0,14,5603,1.0,0.9171597633136096,0.0,0.9567901234567902
qwen25_vl_lingoqa,qwen25_vl,lingoqa,60D,1,60,canonical_finite,0.8685675263404846,1.0,0.8853503184713376,0.9391891891891893,0.0,283,22745,4067,5830,5786,141,170,94,76,47,5569,0.5529411764705883,0.6666666666666666,0.0134632418069087,0.6045016077170418
qwen25_vl_lingoqa,qwen25_vl,lingoqa,60D,1,60,full,0.8685675263404846,1.0,0.8853503184713376,0.9391891891891893,0.0,283,22745,4067,5830,5824,179,208,132,76,47,5569,0.6346153846153846,0.7374301675977654,0.0134632418069087,0.6821705426356589
qwen25_vl_vqav2,qwen25_vl,vqav2,60D,1,60,canonical_finite,0.5681575536727905,1.0,0.6648936170212766,0.7987220447284346,0.0,224,22380,3802,6057,6035,141,79,79,0,62,5894,1.0,0.5602836879432624,0.0,0.7181818181818181
qwen25_vl_vqav2,qwen25_vl,vqav2,60D,1,60,full,0.5681575536727905,1.0,0.6648936170212766,0.7987220447284346,0.0,224,22380,3802,6057,6084,190,128,128,0,62,5894,1.0,0.6736842105263158,0.0,0.8050314465408805
internvl3_earthvqa,internvl3,earthvqa,60D,2,60,canonical_finite,0.512851893901825,0.9937304075235108,0.9434523809523808,0.96793893129771,0.0003684598378776,5,22824,4039,5764,5715,253,252,236,16,17,5446,0.9365079365079364,0.932806324110672,0.0029293299157817,0.9346534653465348
internvl3_earthvqa,internvl3,earthvqa,60D,2,60,full,0.512851893901825,0.9937304075235108,0.9434523809523808,0.96793893129771,0.0003684598378776,5,22824,4039,5764,5773,311,310,294,16,17,5446,0.9483870967741936,0.945337620578778,0.0029293299157817,0.9468599033816424
internvl3_lingoqa,internvl3,lingoqa,60D,2,60,canonical_finite,0.5128940939903259,1.0,0.8537234042553191,0.921090387374462,0.0,6,22757,4069,5827,5776,273,268,265,3,8,5500,0.9888059701492538,0.9706959706959708,0.0005451571869889,0.9796672828096118
internvl3_lingoqa,internvl3,lingoqa,60D,2,60,full,0.5128940939903259,1.0,0.8537234042553191,0.921090387374462,0.0,6,22757,4069,5827,5827,324,319,316,3,8,5500,0.9905956112852664,0.9753086419753086,0.0005451571869889,0.9828926905132191
internvl3_vqav2,internvl3,vqav2,60D,2,60,canonical_finite,0.5165382027626038,0.9914529914529916,0.8969072164948454,0.9418132611637348,0.0005278901988386,8,22389,3796,6071,6031,289,289,266,23,23,5719,0.9204152249134948,0.9204152249134948,0.0040055729710902,0.9204152249134948
internvl3_vqav2,internvl3,vqav2,60D,2,60,full,0.5165382027626038,0.9914529914529916,0.8969072164948454,0.9418132611637348,0.0005278901988386,8,22389,3796,6071,6086,344,344,321,23,23,5719,0.9331395348837208,0.9331395348837208,0.0040055729710902,0.9331395348837208
llava15_earthvqa,llava15,earthvqa,60D,2,60,canonical_finite,0.7572398781776428,0.991304347826087,0.926829268292683,0.9579831932773112,0.0001765848490199,96,22878,4047,5786,5697,42,33,33,0,9,5655,1.0,0.7857142857142857,0.0,0.88
llava15_earthvqa,llava15,earthvqa,60D,2,60,full,0.7572398781776428,0.991304347826087,0.926829268292683,0.9579831932773112,0.0001765848490199,96,22878,4047,5786,5786,131,122,122,0,9,5655,1.0,0.931297709923664,0.0,0.9644268774703556
llava15_lingoqa,llava15,lingoqa,60D,2,60,canonical_finite,0.5758843421936035,1.0,0.9333333333333332,0.9655172413793104,0.0,218,22762,4070,5830,5744,54,55,33,22,21,5668,0.6,0.6111111111111112,0.003866432337434,0.6055045871559633
llava15_lingoqa,llava15,lingoqa,60D,2,60,full,0.5758843421936035,1.0,0.9333333333333332,0.9655172413793104,0.0,218,22762,4070,5830,5830,140,141,119,22,21,5668,0.8439716312056738,0.85,0.003866432337434,0.8469750889679716
llava15_vqav2,llava15,vqav2,60D,2,60,canonical_finite,0.5008331537246704,1.0,0.9047619047619048,0.95,0.0,3,22394,3806,6071,6013,43,25,25,0,18,5970,1.0,0.5813953488372093,0.0,0.7352941176470589
llava15_vqav2,llava15,vqav2,60D,2,60,full,0.5008331537246704,1.0,0.9047619047619048,0.95,0.0,3,22394,3806,6071,6094,124,106,106,0,18,5970,1.0,0.8548387096774194,0.0,0.9217391304347826
qwen25_vl_earthvqa,qwen25_vl,earthvqa,60D,2,60,canonical_finite,0.5350268483161926,0.9932885906040269,0.8554913294797688,0.9192546583850932,0.0001783803068141,8,22831,4041,5779,5717,114,104,104,0,10,5603,1.0,0.912280701754386,0.0,0.9541284403669724
qwen25_vl_earthvqa,qwen25_vl,earthvqa,60D,2,60,full,0.5350268483161926,0.9932885906040269,0.8554913294797688,0.9192546583850932,0.0001783803068141,8,22831,4041,5779,5772,169,159,159,0,10,5603,1.0,0.940828402366864,0.0,0.9695121951219512
qwen25_vl_lingoqa,qwen25_vl,lingoqa,60D,2,60,canonical_finite,0.5990028381347656,0.986206896551724,0.910828025477707,0.9470198675496688,0.0003525471531817,480,22745,4067,5830,5786,141,146,102,44,39,5601,0.6986301369863014,0.723404255319149,0.0077945084145261,0.710801393728223
qwen25_vl_lingoqa,qwen25_vl,lingoqa,60D,2,60,full,0.5990028381347656,0.986206896551724,0.910828025477707,0.9470198675496688,0.0003525471531817,480,22745,4067,5830,5824,179,184,140,44,39,5601,0.7608695652173914,0.7821229050279329,0.0077945084145261,0.7713498622589532
qwen25_vl_vqav2,qwen25_vl,vqav2,60D,2,60,canonical_finite,0.7200958728790283,1.0,0.6542553191489362,0.7909967845659164,0.0,221,22380,3802,6057,6035,141,91,79,12,62,5882,0.8681318681318682,0.5602836879432624,0.002035968781812,0.6810344827586207
qwen25_vl_vqav2,qwen25_vl,vqav2,60D,2,60,full,0.7200958728790283,1.0,0.6542553191489362,0.7909967845659164,0.0,221,22380,3802,6057,6084,190,140,128,12,62,5882,0.9142857142857144,0.6736842105263158,0.002035968781812,0.7757575757575758
internvl3_earthvqa,internvl3,earthvqa,60D,4,60,canonical_finite,0.5077054500579834,0.99375,0.9464285714285714,0.9695121951219512,0.0003684598378776,11,22824,4039,5764,5715,253,252,237,15,16,5447,0.9404761904761904,0.9367588932806324,0.0027462467960454,0.9386138613861386
internvl3_earthvqa,internvl3,earthvqa,60D,4,60,full,0.5077054500579834,0.99375,0.9464285714285714,0.9695121951219512,0.0003684598378776,11,22824,4039,5764,5773,311,310,295,15,16,5447,0.9516129032258064,0.9485530546623794,0.0027462467960454,0.9500805152979066
internvl3_lingoqa,internvl3,lingoqa,60D,4,60,canonical_finite,0.5697192549705505,1.0,0.8643617021276596,0.927246790299572,0.0,382,22757,4069,5827,5776,273,271,266,5,7,5498,0.981549815498155,0.9743589743589745,0.0009085953116481,0.9779411764705882
internvl3_lingoqa,internvl3,lingoqa,60D,4,60,full,0.5697192549705505,1.0,0.8643617021276596,0.927246790299572,0.0,382,22757,4069,5827,5827,324,322,317,5,7,5498,0.984472049689441,0.9783950617283952,0.0009085953116481,0.9814241486068112
internvl3_vqav2,internvl3,vqav2,60D,4,60,canonical_finite,0.5380796194076538,0.9971751412429378,0.9097938144329896,0.9514824797843666,0.0001759633996128,28,22389,3796,6071,6031,289,291,268,23,21,5719,0.9209621993127148,0.9273356401384084,0.0040055729710902,0.9241379310344828
internvl3_vqav2,internvl3,vqav2,60D,4,60,full,0.5380796194076538,0.9971751412429378,0.9097938144329896,0.9514824797843666,0.0001759633996128,28,22389,3796,6071,6086,344,346,323,23,21,5719,0.9335260115606936,0.938953488372093,0.0040055729710902,0.936231884057971
llava15_earthvqa,llava15,earthvqa,60D,4,60,canonical_finite,0.7701677083969116,0.9830508474576272,0.943089430894309,0.9626556016597512,0.0003531696980399,183,22878,4047,5786,5697,42,37,35,2,7,5653,0.945945945945946,0.8333333333333334,0.0003536693191865,0.8860759493670886
llava15_earthvqa,llava15,earthvqa,60D,4,60,full,0.7701677083969116,0.9830508474576272,0.943089430894309,0.9626556016597512,0.0003531696980399,183,22878,4047,5786,5786,131,126,124,2,7,5653,0.984126984126984,0.9465648854961832,0.0003536693191865,0.9649805447470816
llava15_lingoqa,llava15,lingoqa,60D,4,60,canonical_finite,0.5744838714599609,1.0,0.9333333333333332,0.9655172413793104,0.0,671,22762,4070,5830,5744,54,34,33,1,21,5689,0.9705882352941176,0.6111111111111112,0.0001757469244288,0.75
llava15_lingoqa,llava15,lingoqa,60D,4,60,full,0.5744838714599609,1.0,0.9333333333333332,0.9655172413793104,0.0,671,22762,4070,5830,5830,140,120,119,1,21,5689,0.9916666666666668,0.85,0.0001757469244288,0.9153846153846154
llava15_vqav2,llava15,vqav2,60D,4,60,canonical_finite,0.5038638114929199,1.0,0.9047619047619048,0.95,0.0,5,22394,3806,6071,6013,43,26,26,0,17,5970,1.0,0.6046511627906976,0.0,0.7536231884057971
llava15_vqav2,llava15,vqav2,60D,4,60,full,0.5038638114929199,1.0,0.9047619047619048,0.95,0.0,5,22394,3806,6071,6094,124,107,107,0,17,5970,1.0,0.8629032258064516,0.0,0.9264069264069263
qwen25_vl_earthvqa,qwen25_vl,earthvqa,60D,4,60,canonical_finite,0.9412832260131836,0.9932885906040269,0.8554913294797688,0.9192546583850932,0.0001783803068141,449,22831,4041,5779,5717,114,103,102,1,12,5602,0.9902912621359224,0.8947368421052632,0.0001784758165268,0.9400921658986175
qwen25_vl_earthvqa,qwen25_vl,earthvqa,60D,4,60,full,0.9412832260131836,0.9932885906040269,0.8554913294797688,0.9192546583850932,0.0001783803068141,449,22831,4041,5779,5772,169,158,157,1,12,5602,0.9936708860759492,0.9289940828402368,0.0001784758165268,0.9602446483180428
qwen25_vl_lingoqa,qwen25_vl,lingoqa,60D,4,60,canonical_finite,0.693081796169281,1.0,0.910828025477707,0.9533333333333334,0.0,214,22745,4067,5830,5786,141,104,104,0,37,5645,1.0,0.7375886524822695,0.0,0.8489795918367347
qwen25_vl_lingoqa,qwen25_vl,lingoqa,60D,4,60,full,0.693081796169281,1.0,0.910828025477707,0.9533333333333334,0.0,214,22745,4067,5830,5824,179,142,142,0,37,5645,1.0,0.7932960893854749,0.0,0.8847352024922118
qwen25_vl_vqav2,qwen25_vl,vqav2,60D,4,60,canonical_finite,0.6279391050338745,1.0,0.6648936170212766,0.7987220447284346,0.0,147,22380,3802,6057,6035,141,104,81,23,60,5871,0.7788461538461539,0.574468085106383,0.003902273498473,0.6612244897959184
qwen25_vl_vqav2,qwen25_vl,vqav2,60D,4,60,full,0.6279391050338745,1.0,0.6648936170212766,0.7987220447284346,0.0,147,22380,3802,6057,6084,190,153,130,23,60,5871,0.8496732026143791,0.6842105263157895,0.003902273498473,0.7580174927113703
internvl3_earthvqa,internvl3,earthvqa,60D,8,60,canonical_finite,0.5472379326820374,0.9937304075235108,0.9434523809523808,0.96793893129771,0.0003684598378776,10,22824,4039,5764,5715,253,237,236,1,17,5461,0.9957805907172996,0.932806324110672,0.0001830831197363,0.963265306122449
internvl3_earthvqa,internvl3,earthvqa,60D,8,60,full,0.5472379326820374,0.9937304075235108,0.9434523809523808,0.96793893129771,0.0003684598378776,10,22824,4039,5764,5773,311,295,294,1,17,5461,0.9966101694915256,0.945337620578778,0.0001830831197363,0.9702970297029704
internvl3_lingoqa,internvl3,lingoqa,60D,8,60,canonical_finite,0.4694498181343078,0.9908536585365854,0.8643617021276596,0.9232954545454546,0.0005503577325261,29,22757,4069,5827,5776,273,313,266,47,7,5456,0.8498402555910544,0.9743589743589745,0.008540795929493,0.9078498293515358
internvl3_lingoqa,internvl3,lingoqa,60D,8,60,full,0.4694498181343078,0.9908536585365854,0.8643617021276596,0.9232954545454546,0.0005503577325261,29,22757,4069,5827,5827,324,364,317,47,7,5456,0.8708791208791209,0.9783950617283952,0.008540795929493,0.9215116279069768
internvl3_vqav2,internvl3,vqav2,60D,8,60,canonical_finite,0.3534072041511535,0.9861111111111112,0.9149484536082474,0.9491978609625668,0.0008798169980644,601,22389,3796,6071,6031,289,302,269,33,20,5709,0.890728476821192,0.9307958477508652,0.0057471264367816,0.910321489001692
internvl3_vqav2,internvl3,vqav2,60D,8,60,full,0.3534072041511535,0.9861111111111112,0.9149484536082474,0.9491978609625668,0.0008798169980644,601,22389,3796,6071,6086,344,357,324,33,20,5709,0.907563025210084,0.9418604651162792,0.0057471264367816,0.9243937232524964
llava15_earthvqa,llava15,earthvqa,60D,8,60,canonical_finite,0.5383694767951965,0.9830508474576272,0.943089430894309,0.9626556016597512,0.0003531696980399,9,22878,4047,5786,5697,42,37,35,2,7,5653,0.945945945945946,0.8333333333333334,0.0003536693191865,0.8860759493670886
llava15_earthvqa,llava15,earthvqa,60D,8,60,full,0.5383694767951965,0.9830508474576272,0.943089430894309,0.9626556016597512,0.0003531696980399,9,22878,4047,5786,5786,131,126,124,2,7,5653,0.984126984126984,0.9465648854961832,0.0003536693191865,0.9649805447470816
llava15_lingoqa,llava15,lingoqa,60D,8,60,canonical_finite,0.4687675833702087,1.0,0.9428571428571428,0.9705882352941176,0.0,664,22762,4070,5830,5744,54,34,33,1,21,5689,0.9705882352941176,0.6111111111111112,0.0001757469244288,0.75
llava15_lingoqa,llava15,lingoqa,60D,8,60,full,0.4687675833702087,1.0,0.9428571428571428,0.9705882352941176,0.0,664,22762,4070,5830,5830,140,120,119,1,21,5689,0.9916666666666668,0.85,0.0001757469244288,0.9153846153846154
llava15_vqav2,llava15,vqav2,60D,8,60,canonical_finite,0.5104902982711792,1.0,0.891156462585034,0.9424460431654677,0.0,26,22394,3806,6071,6013,43,26,26,0,17,5970,1.0,0.6046511627906976,0.0,0.7536231884057971
llava15_vqav2,llava15,vqav2,60D,8,60,full,0.5104902982711792,1.0,0.891156462585034,0.9424460431654677,0.0,26,22394,3806,6071,6094,124,107,107,0,17,5970,1.0,0.8629032258064516,0.0,0.9264069264069263
qwen25_vl_earthvqa,qwen25_vl,earthvqa,60D,8,60,canonical_finite,0.908598244190216,0.9932885906040269,0.8554913294797688,0.9192546583850932,0.0001783803068141,217,22831,4041,5779,5717,114,103,103,0,11,5603,1.0,0.9035087719298246,0.0,0.9493087557603688
qwen25_vl_earthvqa,qwen25_vl,earthvqa,60D,8,60,full,0.908598244190216,0.9932885906040269,0.8554913294797688,0.9192546583850932,0.0001783803068141,217,22831,4041,5779,5772,169,158,158,0,11,5603,1.0,0.9349112426035504,0.0,0.9663608562691132
qwen25_vl_lingoqa,qwen25_vl,lingoqa,60D,8,60,canonical_finite,0.8133078217506409,1.0,0.910828025477707,0.9533333333333334,0.0,803,22745,4067,5830,5786,141,104,104,0,37,5645,1.0,0.7375886524822695,0.0,0.8489795918367347
qwen25_vl_lingoqa,qwen25_vl,lingoqa,60D,8,60,full,0.8133078217506409,1.0,0.910828025477707,0.9533333333333334,0.0,803,22745,4067,5830,5824,179,142,142,0,37,5645,1.0,0.7932960893854749,0.0,0.8847352024922118
qwen25_vl_vqav2,qwen25_vl,vqav2,60D,8,60,canonical_finite,0.5300246477127075,0.992248062015504,0.6808510638297872,0.8075709779179809,0.000170386777986,38,22380,3802,6057,6035,141,105,83,22,58,5872,0.7904761904761904,0.5886524822695035,0.003732609433322,0.6747967479674797
qwen25_vl_vqav2,qwen25_vl,vqav2,60D,8,60,full,0.5300246477127075,0.992248062015504,0.6808510638297872,0.8075709779179809,0.000170386777986,38,22380,3802,6057,6084,190,154,132,22,58,5872,0.8571428571428571,0.6947368421052632,0.003732609433322,0.7674418604651163
internvl3_earthvqa,internvl3,earthvqa,60D,12,60,canonical_finite,0.9580453634262084,0.9968553459119496,0.9434523809523808,0.9694189602446482,0.0001842299189388,276,22824,4039,5764,5715,253,235,234,1,19,5461,0.9957446808510638,0.924901185770751,0.0001830831197363,0.9590163934426228
internvl3_earthvqa,internvl3,earthvqa,60D,12,60,full,0.9580453634262084,0.9968553459119496,0.9434523809523808,0.9694189602446482,0.0001842299189388,276,22824,4039,5764,5773,311,293,292,1,19,5461,0.9965870307167236,0.9389067524115756,0.0001830831197363,0.9668874172185432
internvl3_lingoqa,internvl3,lingoqa,60D,12,60,canonical_finite,0.5016323924064636,0.9969135802469136,0.8590425531914894,0.9228571428571428,0.0001834525775087,2,22757,4069,5827,5776,273,291,265,26,8,5477,0.9106529209621992,0.9706959706959708,0.0047246956205705,0.9397163120567376
internvl3_lingoqa,internvl3,lingoqa,60D,12,60,full,0.5016323924064636,0.9969135802469136,0.8590425531914894,0.9228571428571428,0.0001834525775087,2,22757,4069,5827,5827,324,342,316,26,8,5477,0.9239766081871345,0.9753086419753086,0.0047246956205705,0.948948948948949
internvl3_vqav2,internvl3,vqav2,60D,12,60,canonical_finite,0.8913135528564453,0.988795518207283,0.9097938144329896,0.9476510067114094,0.0007038535984515,502,22389,3796,6071,6031,289,279,268,11,21,5731,0.9605734767025088,0.9273356401384084,0.0019157088122605,0.943661971830986
internvl3_vqav2,internvl3,vqav2,60D,12,60,full,0.8913135528564453,0.988795518207283,0.9097938144329896,0.9476510067114094,0.0007038535984515,502,22389,3796,6071,6086,344,334,323,11,21,5731,0.9670658682634732,0.938953488372093,0.0019157088122605,0.952802359882006
llava15_earthvqa,llava15,earthvqa,60D,12,60,canonical_finite,0.6765786409378052,1.0,0.943089430894309,0.9707112970711296,0.0,47,22878,4047,5786,5697,42,35,33,2,9,5653,0.9428571428571428,0.7857142857142857,0.0003536693191865,0.8571428571428571
llava15_earthvqa,llava15,earthvqa,60D,12,60,full,0.6765786409378052,1.0,0.943089430894309,0.9707112970711296,0.0,47,22878,4047,5786,5786,131,124,122,2,9,5653,0.9838709677419356,0.931297709923664,0.0003536693191865,0.9568627450980391
llava15_lingoqa,llava15,lingoqa,60D,12,60,canonical_finite,0.6916455626487732,1.0,0.9428571428571428,0.9705882352941176,0.0,276,22762,4070,5830,5744,54,33,33,0,21,5690,1.0,0.6111111111111112,0.0,0.7586206896551724
llava15_lingoqa,llava15,lingoqa,60D,12,60,full,0.6916455626487732,1.0,0.9428571428571428,0.9705882352941176,0.0,276,22762,4070,5830,5830,140,119,119,0,21,5690,1.0,0.85,0.0,0.918918918918919
llava15_vqav2,llava15,vqav2,60D,12,60,canonical_finite,0.3440704941749573,1.0,0.9047619047619048,0.95,0.0,239,22394,3806,6071,6013,43,27,27,0,16,5970,1.0,0.627906976744186,0.0,0.7714285714285715
llava15_vqav2,llava15,vqav2,60D,12,60,full,0.3440704941749573,1.0,0.9047619047619048,0.95,0.0,239,22394,3806,6071,6094,124,108,108,0,16,5970,1.0,0.8709677419354839,0.0,0.9310344827586208
qwen25_vl_earthvqa,qwen25_vl,earthvqa,60D,12,60,canonical_finite,0.8589515089988708,0.9932885906040269,0.8554913294797688,0.9192546583850932,0.0001783803068141,152,22831,4041,5779,5717,114,101,101,0,13,5603,1.0,0.8859649122807017,0.0,0.9395348837209302
qwen25_vl_earthvqa,qwen25_vl,earthvqa,60D,12,60,full,0.8589515089988708,0.9932885906040269,0.8554913294797688,0.9192546583850932,0.0001783803068141,152,22831,4041,5779,5772,169,156,156,0,13,5603,1.0,0.9230769230769232,0.0,0.96
qwen25_vl_lingoqa,qwen25_vl,lingoqa,60D,12,60,canonical_finite,0.7713188529014587,1.0,0.910828025477707,0.9533333333333334,0.0,138,22745,4067,5830,5786,141,106,105,1,36,5644,0.9905660377358492,0.7446808510638298,0.0001771479185119,0.8502024291497976
qwen25_vl_lingoqa,qwen25_vl,lingoqa,60D,12,60,full,0.7713188529014587,1.0,0.910828025477707,0.9533333333333334,0.0,138,22745,4067,5830,5824,179,144,143,1,36,5644,0.9930555555555556,0.7988826815642458,0.0001771479185119,0.8854489164086687
qwen25_vl_vqav2,qwen25_vl,vqav2,60D,12,60,canonical_finite,0.5474540591239929,1.0,0.6702127659574468,0.802547770700637,0.0,101,22380,3802,6057,6035,141,86,83,3,58,5891,0.9651162790697676,0.5886524822695035,0.000508992195453,0.7312775330396476
qwen25_vl_vqav2,qwen25_vl,vqav2,60D,12,60,full,0.5474540591239929,1.0,0.6702127659574468,0.802547770700637,0.0,101,22380,3802,6057,6084,190,135,132,3,58,5891,0.9777777777777776,0.6947368421052632,0.000508992195453,0.8123076923076923
internvl3_earthvqa,internvl3,earthvqa,60D,16,60,canonical_finite,0.8339898586273193,0.99375,0.9464285714285714,0.9695121951219512,0.0003684598378776,662,22824,4039,5764,5715,253,238,237,1,16,5461,0.9957983193277312,0.9367588932806324,0.0001830831197363,0.9653767820773932
internvl3_earthvqa,internvl3,earthvqa,60D,16,60,full,0.8339898586273193,0.99375,0.9464285714285714,0.9695121951219512,0.0003684598378776,662,22824,4039,5764,5773,311,296,295,1,16,5461,0.9966216216216216,0.9485530546623794,0.0001830831197363,0.971993410214168
internvl3_lingoqa,internvl3,lingoqa,60D,16,60,canonical_finite,0.468710333108902,0.9969325153374232,0.8643617021276596,0.925925925925926,0.0001834525775087,96,22757,4069,5827,5776,273,288,265,23,8,5480,0.9201388888888888,0.9706959706959708,0.0041795384335816,0.9447415329768272
internvl3_lingoqa,internvl3,lingoqa,60D,16,60,full,0.468710333108902,0.9969325153374232,0.8643617021276596,0.925925925925926,0.0001834525775087,96,22757,4069,5827,5827,324,339,316,23,8,5480,0.9321533923303836,0.9753086419753086,0.0041795384335816,0.9532428355957768
internvl3_vqav2,internvl3,vqav2,60D,16,60,canonical_finite,0.5206403732299805,0.9887640449438202,0.9072164948453608,0.9462365591397848,0.0007038535984515,7,22389,3796,6071,6031,289,278,267,11,22,5731,0.960431654676259,0.9238754325259516,0.0019157088122605,0.9417989417989416
internvl3_vqav2,internvl3,vqav2,60D,16,60,full,0.5206403732299805,0.9887640449438202,0.9072164948453608,0.9462365591397848,0.0007038535984515,7,22389,3796,6071,6086,344,333,322,11,22,5731,0.9669669669669668,0.936046511627907,0.0019157088122605,0.9512555391432792
llava15_earthvqa,llava15,earthvqa,60D,16,60,canonical_finite,0.6051322221755981,1.0,0.943089430894309,0.9707112970711296,0.0,25,22878,4047,5786,5697,42,35,34,1,8,5654,0.9714285714285714,0.8095238095238095,0.0001768346595932,0.8831168831168831
llava15_earthvqa,llava15,earthvqa,60D,16,60,full,0.6051322221755981,1.0,0.943089430894309,0.9707112970711296,0.0,25,22878,4047,5786,5786,131,124,123,1,8,5654,0.9919354838709676,0.9389312977099236,0.0001768346595932,0.9647058823529412
llava15_lingoqa,llava15,lingoqa,60D,16,60,canonical_finite,0.4193556606769562,1.0,0.9428571428571428,0.9705882352941176,0.0,549,22762,4070,5830,5744,54,33,33,0,21,5690,1.0,0.6111111111111112,0.0,0.7586206896551724
llava15_lingoqa,llava15,lingoqa,60D,16,60,full,0.4193556606769562,1.0,0.9428571428571428,0.9705882352941176,0.0,549,22762,4070,5830,5830,140,119,119,0,21,5690,1.0,0.85,0.0,0.918918918918919
llava15_vqav2,llava15,vqav2,60D,16,60,canonical_finite,0.2104533612728119,1.0,0.9047619047619048,0.95,0.0,459,22394,3806,6071,6013,43,50,27,23,16,5947,0.54,0.627906976744186,0.0038525963149078,0.5806451612903226
llava15_vqav2,llava15,vqav2,60D,16,60,full,0.2104533612728119,1.0,0.9047619047619048,0.95,0.0,459,22394,3806,6071,6094,124,131,108,23,16,5947,0.8244274809160306,0.8709677419354839,0.0038525963149078,0.8470588235294118
qwen25_vl_earthvqa,qwen25_vl,earthvqa,60D,16,60,canonical_finite,0.5070430636405945,0.9866666666666668,0.8554913294797688,0.9164086687306504,0.0003567606136282,20,22831,4041,5779,5717,114,113,104,9,10,5594,0.9203539823008848,0.912280701754386,0.0016062823487417,0.9162995594713657
qwen25_vl_earthvqa,qwen25_vl,earthvqa,60D,16,60,full,0.5070430636405945,0.9866666666666668,0.8554913294797688,0.9164086687306504,0.0003567606136282,20,22831,4041,5779,5772,169,168,159,9,10,5594,0.9464285714285714,0.940828402366864,0.0016062823487417,0.9436201780415432
qwen25_vl_lingoqa,qwen25_vl,lingoqa,60D,16,60,canonical_finite,0.6253640055656433,1.0,0.910828025477707,0.9533333333333334,0.0,38,22745,4067,5830,5786,141,104,104,0,37,5645,1.0,0.7375886524822695,0.0,0.8489795918367347
qwen25_vl_lingoqa,qwen25_vl,lingoqa,60D,16,60,full,0.6253640055656433,1.0,0.910828025477707,0.9533333333333334,0.0,38,22745,4067,5830,5824,179,142,142,0,37,5645,1.0,0.7932960893854749,0.0,0.8847352024922118
qwen25_vl_vqav2,qwen25_vl,vqav2,60D,16,60,canonical_finite,0.5900775790214539,1.0,0.675531914893617,0.8063492063492063,0.0,23,22380,3802,6057,6035,141,81,81,0,60,5894,1.0,0.574468085106383,0.0,0.7297297297297297
qwen25_vl_vqav2,qwen25_vl,vqav2,60D,16,60,full,0.5900775790214539,1.0,0.675531914893617,0.8063492063492063,0.0,23,22380,3802,6057,6084,190,130,130,0,60,5894,1.0,0.6842105263157895,0.0,0.8125
internvl3_earthvqa,internvl3,earthvqa,60D,20,60,canonical_finite,0.5055292248725891,0.9937304075235108,0.9434523809523808,0.96793893129771,0.0003684598378776,2,22824,4039,5764,5715,253,238,237,1,16,5461,0.9957983193277312,0.9367588932806324,0.0001830831197363,0.9653767820773932
internvl3_earthvqa,internvl3,earthvqa,60D,20,60,full,0.5055292248725891,0.9937304075235108,0.9434523809523808,0.96793893129771,0.0003684598378776,2,22824,4039,5764,5773,311,296,295,1,16,5461,0.9966216216216216,0.9485530546623794,0.0001830831197363,0.971993410214168
internvl3_lingoqa,internvl3,lingoqa,60D,20,60,canonical_finite,0.5050882697105408,1.0,0.8670212765957447,0.9287749287749288,0.0,2,22757,4069,5827,5776,273,287,266,21,7,5482,0.926829268292683,0.9743589743589745,0.0038161003089224,0.95
internvl3_lingoqa,internvl3,lingoqa,60D,20,60,full,0.5050882697105408,1.0,0.8670212765957447,0.9287749287749288,0.0,2,22757,4069,5827,5827,324,338,317,21,7,5482,0.9378698224852072,0.9783950617283952,0.0038161003089224,0.9577039274924471
internvl3_vqav2,internvl3,vqav2,60D,20,60,canonical_finite,0.931881070137024,0.997134670487106,0.8969072164948454,0.9443690637720488,0.0001759633996128,366,22389,3796,6071,6031,289,289,267,22,22,5720,0.9238754325259516,0.9238754325259516,0.003831417624521,0.9238754325259516
internvl3_vqav2,internvl3,vqav2,60D,20,60,full,0.931881070137024,0.997134670487106,0.8969072164948454,0.9443690637720488,0.0001759633996128,366,22389,3796,6071,6086,344,344,322,22,22,5720,0.936046511627907,0.936046511627907,0.003831417624521,0.936046511627907
llava15_earthvqa,llava15,earthvqa,60D,20,60,canonical_finite,0.6040776968002319,0.9914529914529916,0.943089430894309,0.9666666666666668,0.0001765848490199,26,22878,4047,5786,5697,42,36,34,2,8,5653,0.9444444444444444,0.8095238095238095,0.0003536693191865,0.8717948717948718
llava15_earthvqa,llava15,earthvqa,60D,20,60,full,0.6040776968002319,0.9914529914529916,0.943089430894309,0.9666666666666668,0.0001765848490199,26,22878,4047,5786,5786,131,125,123,2,8,5653,0.984,0.9389312977099236,0.0003536693191865,0.9609375
llava15_lingoqa,llava15,lingoqa,60D,20,60,canonical_finite,0.5082991719245911,1.0,0.9333333333333332,0.9655172413793104,0.0,5,22762,4070,5830,5744,54,57,34,23,20,5667,0.5964912280701754,0.6296296296296297,0.0040421792618629,0.6126126126126126
llava15_lingoqa,llava15,lingoqa,60D,20,60,full,0.5082991719245911,1.0,0.9333333333333332,0.9655172413793104,0.0,5,22762,4070,5830,5830,140,143,120,23,20,5667,0.8391608391608392,0.8571428571428571,0.0040421792618629,0.8480565371024735
llava15_vqav2,llava15,vqav2,60D,20,60,canonical_finite,0.2119088172912597,1.0,0.9047619047619048,0.95,0.0,350,22394,3806,6071,6013,43,61,27,34,16,5936,0.4426229508196721,0.627906976744186,0.0056951423785594,0.5192307692307693
llava15_vqav2,llava15,vqav2,60D,20,60,full,0.2119088172912597,1.0,0.9047619047619048,0.95,0.0,350,22394,3806,6071,6094,124,142,108,34,16,5936,0.7605633802816901,0.8709677419354839,0.0056951423785594,0.8120300751879699
qwen25_vl_earthvqa,qwen25_vl,earthvqa,60D,20,60,canonical_finite,0.9123501777648926,0.9932885906040269,0.8554913294797688,0.9192546583850932,0.0001783803068141,235,22831,4041,5779,5717,114,103,103,0,11,5603,1.0,0.9035087719298246,0.0,0.9493087557603688
qwen25_vl_earthvqa,qwen25_vl,earthvqa,60D,20,60,full,0.9123501777648926,0.9932885906040269,0.8554913294797688,0.9192546583850932,0.0001783803068141,235,22831,4041,5779,5772,169,158,158,0,11,5603,1.0,0.9349112426035504,0.0,0.9663608562691132
qwen25_vl_lingoqa,qwen25_vl,lingoqa,60D,20,60,canonical_finite,0.5047942996025085,0.9794520547945206,0.910828025477707,0.9438943894389438,0.0005288207297726,0,22745,4067,5830,5786,141,135,103,32,38,5613,0.762962962962963,0.7304964539007093,0.0056687333923826,0.7463768115942029
qwen25_vl_lingoqa,qwen25_vl,lingoqa,60D,20,60,full,0.5047942996025085,0.9794520547945206,0.910828025477707,0.9438943894389438,0.0005288207297726,0,22745,4067,5830,5824,179,173,141,32,38,5613,0.815028901734104,0.7877094972067039,0.0056687333923826,0.8011363636363636
qwen25_vl_vqav2,qwen25_vl,vqav2,60D,20,60,canonical_finite,0.5215362906455994,1.0,0.675531914893617,0.8063492063492063,0.0,7,22380,3802,6057,6035,141,82,82,0,59,5894,1.0,0.5815602836879432,0.0,0.7354260089686099
qwen25_vl_vqav2,qwen25_vl,vqav2,60D,20,60,full,0.5215362906455994,1.0,0.675531914893617,0.8063492063492063,0.0,7,22380,3802,6057,6084,190,131,131,0,59,5894,1.0,0.6894736842105263,0.0,0.8161993769470405
internvl3_earthvqa,internvl3,earthvqa,60D,24,60,canonical_finite,0.5080558657646179,0.9937304075235108,0.9434523809523808,0.96793893129771,0.0003684598378776,1,22824,4039,5764,5715,253,238,237,1,16,5461,0.9957983193277312,0.9367588932806324,0.0001830831197363,0.9653767820773932
internvl3_earthvqa,internvl3,earthvqa,60D,24,60,full,0.5080558657646179,0.9937304075235108,0.9434523809523808,0.96793893129771,0.0003684598378776,1,22824,4039,5764,5773,311,296,295,1,16,5461,0.9966216216216216,0.9485530546623794,0.0001830831197363,0.971993410214168
internvl3_lingoqa,internvl3,lingoqa,60D,24,60,canonical_finite,0.4193381071090698,0.9969604863221884,0.8723404255319149,0.9304964539007092,0.0001834525775087,100,22757,4069,5827,5776,273,303,266,37,7,5466,0.8778877887788779,0.9743589743589745,0.0067236053061966,0.9236111111111112
internvl3_lingoqa,internvl3,lingoqa,60D,24,60,full,0.4193381071090698,0.9969604863221884,0.8723404255319149,0.9304964539007092,0.0001834525775087,100,22757,4069,5827,5827,324,354,317,37,7,5466,0.8954802259887006,0.9783950617283952,0.0067236053061966,0.935103244837758
internvl3_vqav2,internvl3,vqav2,60D,24,60,canonical_finite,0.8729203343391418,0.9859943977591036,0.9072164948453608,0.9449664429530202,0.0008798169980644,313,22389,3796,6071,6031,289,280,269,11,20,5731,0.9607142857142856,0.9307958477508652,0.0019157088122605,0.945518453427065
internvl3_vqav2,internvl3,vqav2,60D,24,60,full,0.8729203343391418,0.9859943977591036,0.9072164948453608,0.9449664429530202,0.0008798169980644,313,22389,3796,6071,6086,344,335,324,11,20,5731,0.9671641791044776,0.9418604651162792,0.0019157088122605,0.9543446244477172
llava15_earthvqa,llava15,earthvqa,60D,24,60,canonical_finite,0.7765318751335144,1.0,0.943089430894309,0.9707112970711296,0.0,88,22878,4047,5786,5697,42,35,34,1,8,5654,0.9714285714285714,0.8095238095238095,0.0001768346595932,0.8831168831168831
llava15_earthvqa,llava15,earthvqa,60D,24,60,full,0.7765318751335144,1.0,0.943089430894309,0.9707112970711296,0.0,88,22878,4047,5786,5786,131,124,123,1,8,5654,0.9919354838709676,0.9389312977099236,0.0001768346595932,0.9647058823529412
llava15_lingoqa,llava15,lingoqa,60D,24,60,canonical_finite,0.3705047965049743,1.0,0.9428571428571428,0.9705882352941176,0.0,205,22762,4070,5830,5744,54,36,34,2,20,5688,0.9444444444444444,0.6296296296296297,0.0003514938488576,0.7555555555555555
llava15_lingoqa,llava15,lingoqa,60D,24,60,full,0.3705047965049743,1.0,0.9428571428571428,0.9705882352941176,0.0,205,22762,4070,5830,5830,140,122,120,2,20,5688,0.9836065573770492,0.8571428571428571,0.0003514938488576,0.916030534351145
llava15_vqav2,llava15,vqav2,60D,24,60,canonical_finite,0.1992405652999878,1.0,0.9047619047619048,0.95,0.0,374,22394,3806,6071,6013,43,61,27,34,16,5936,0.4426229508196721,0.627906976744186,0.0056951423785594,0.5192307692307693
llava15_vqav2,llava15,vqav2,60D,24,60,full,0.1992405652999878,1.0,0.9047619047619048,0.95,0.0,374,22394,3806,6071,6094,124,142,108,34,16,5936,0.7605633802816901,0.8709677419354839,0.0056951423785594,0.8120300751879699
qwen25_vl_earthvqa,qwen25_vl,earthvqa,60D,24,60,canonical_finite,0.5576537251472473,0.9932885906040269,0.8554913294797688,0.9192546583850932,0.0001783803068141,12,22831,4041,5779,5717,114,103,103,0,11,5603,1.0,0.9035087719298246,0.0,0.9493087557603688
qwen25_vl_earthvqa,qwen25_vl,earthvqa,60D,24,60,full,0.5576537251472473,0.9932885906040269,0.8554913294797688,0.9192546583850932,0.0001783803068141,12,22831,4041,5779,5772,169,158,158,0,11,5603,1.0,0.9349112426035504,0.0,0.9663608562691132
qwen25_vl_lingoqa,qwen25_vl,lingoqa,60D,24,60,canonical_finite,0.5047401189804077,0.9794520547945206,0.910828025477707,0.9438943894389438,0.0005288207297726,0,22745,4067,5830,5786,141,126,103,23,38,5622,0.8174603174603174,0.7304964539007093,0.004074402125775,0.7715355805243446
qwen25_vl_lingoqa,qwen25_vl,lingoqa,60D,24,60,full,0.5047401189804077,0.9794520547945206,0.910828025477707,0.9438943894389438,0.0005288207297726,0,22745,4067,5830,5824,179,164,141,23,38,5622,0.8597560975609756,0.7877094972067039,0.004074402125775,0.8221574344023324
qwen25_vl_vqav2,qwen25_vl,vqav2,60D,24,60,canonical_finite,0.7025524377822876,0.9923076923076924,0.6861702127659575,0.8113207547169812,0.000170386777986,793,22380,3802,6057,6035,141,86,86,0,55,5894,1.0,0.6099290780141844,0.0,0.7577092511013216
qwen25_vl_vqav2,qwen25_vl,vqav2,60D,24,60,full,0.7025524377822876,0.9923076923076924,0.6861702127659575,0.8113207547169812,0.000170386777986,793,22380,3802,6057,6084,190,135,135,0,55,5894,1.0,0.7105263157894737,0.0,0.8307692307692308
internvl3_earthvqa,internvl3,earthvqa,60D,28,60,canonical_finite,0.9873017072677612,0.9968553459119496,0.9434523809523808,0.9694189602446482,0.0001842299189388,566,22824,4039,5764,5715,253,235,234,1,19,5461,0.9957446808510638,0.924901185770751,0.0001830831197363,0.9590163934426228
internvl3_earthvqa,internvl3,earthvqa,60D,28,60,full,0.9873017072677612,0.9968553459119496,0.9434523809523808,0.9694189602446482,0.0001842299189388,566,22824,4039,5764,5773,311,293,292,1,19,5461,0.9965870307167236,0.9389067524115756,0.0001830831197363,0.9668874172185432
internvl3_lingoqa,internvl3,lingoqa,60D,28,60,canonical_finite,0.4360243082046509,0.996969696969697,0.875,0.9320113314447592,0.0001834525775087,166,22757,4069,5827,5776,273,328,267,61,6,5442,0.8140243902439024,0.978021978021978,0.0110848628021079,0.8885191347753744
internvl3_lingoqa,internvl3,lingoqa,60D,28,60,full,0.4360243082046509,0.996969696969697,0.875,0.9320113314447592,0.0001834525775087,166,22757,4069,5827,5827,324,379,318,61,6,5442,0.8390501319261213,0.9814814814814816,0.0110848628021079,0.9046941678520626
internvl3_vqav2,internvl3,vqav2,60D,28,60,canonical_finite,0.526242196559906,0.9971590909090908,0.904639175257732,0.9486486486486486,0.0001759633996128,6,22389,3796,6071,6031,289,276,265,11,24,5731,0.960144927536232,0.916955017301038,0.0019157088122605,0.9380530973451328
internvl3_vqav2,internvl3,vqav2,60D,28,60,full,0.526242196559906,0.9971590909090908,0.904639175257732,0.9486486486486486,0.0001759633996128,6,22389,3796,6071,6086,344,331,320,11,24,5731,0.9667673716012084,0.9302325581395348,0.0019157088122605,0.9481481481481482
llava15_earthvqa,llava15,earthvqa,60D,28,60,canonical_finite,0.5689475536346436,0.9914529914529916,0.943089430894309,0.9666666666666668,0.0001765848490199,16,22878,4047,5786,5697,42,35,34,1,8,5654,0.9714285714285714,0.8095238095238095,0.0001768346595932,0.8831168831168831
llava15_earthvqa,llava15,earthvqa,60D,28,60,full,0.5689475536346436,0.9914529914529916,0.943089430894309,0.9666666666666668,0.0001765848490199,16,22878,4047,5786,5786,131,124,123,1,8,5654,0.9919354838709676,0.9389312977099236,0.0001768346595932,0.9647058823529412
llava15_lingoqa,llava15,lingoqa,60D,28,60,canonical_finite,0.4314424395561218,1.0,0.9428571428571428,0.9705882352941176,0.0,107,22762,4070,5830,5744,54,57,33,24,21,5666,0.5789473684210527,0.6111111111111112,0.0042179261862917,0.5945945945945946
llava15_lingoqa,llava15,lingoqa,60D,28,60,full,0.4314424395561218,1.0,0.9428571428571428,0.9705882352941176,0.0,107,22762,4070,5830,5830,140,143,119,24,21,5666,0.8321678321678322,0.85,0.0042179261862917,0.8409893992932862
llava15_vqav2,llava15,vqav2,60D,28,60,canonical_finite,0.2041132152080536,1.0,0.9047619047619048,0.95,0.0,352,22394,3806,6071,6013,43,62,27,35,16,5935,0.4354838709677419,0.627906976744186,0.0058626465661641,0.5142857142857142
llava15_vqav2,llava15,vqav2,60D,28,60,full,0.2041132152080536,1.0,0.9047619047619048,0.95,0.0,352,22394,3806,6071,6094,124,143,108,35,16,5935,0.7552447552447552,0.8709677419354839,0.0058626465661641,0.8089887640449438
qwen25_vl_earthvqa,qwen25_vl,earthvqa,60D,28,60,canonical_finite,0.465257316827774,0.9345238095238096,0.907514450867052,0.9208211143695016,0.0019621833749554,43,22831,4041,5779,5717,114,107,104,3,10,5600,0.97196261682243,0.912280701754386,0.0005354274495805,0.9411764705882352
qwen25_vl_earthvqa,qwen25_vl,earthvqa,60D,28,60,full,0.465257316827774,0.9345238095238096,0.907514450867052,0.9208211143695016,0.0019621833749554,43,22831,4041,5779,5772,169,162,159,3,10,5600,0.9814814814814816,0.940828402366864,0.0005354274495805,0.9607250755287008
qwen25_vl_lingoqa,qwen25_vl,lingoqa,60D,28,60,canonical_finite,0.7942666411399841,1.0,0.910828025477707,0.9533333333333334,0.0,583,22745,4067,5830,5786,141,107,105,2,36,5643,0.9813084112149532,0.7446808510638298,0.0003542958370239,0.8467741935483871
qwen25_vl_lingoqa,qwen25_vl,lingoqa,60D,28,60,full,0.7942666411399841,1.0,0.910828025477707,0.9533333333333334,0.0,583,22745,4067,5830,5824,179,145,143,2,36,5643,0.986206896551724,0.7988826815642458,0.0003542958370239,0.8827160493827161
qwen25_vl_vqav2,qwen25_vl,vqav2,60D,28,60,canonical_finite,0.5309370160102844,1.0,0.675531914893617,0.8063492063492063,0.0,9,22380,3802,6057,6035,141,82,82,0,59,5894,1.0,0.5815602836879432,0.0,0.7354260089686099
qwen25_vl_vqav2,qwen25_vl,vqav2,60D,28,60,full,0.5309370160102844,1.0,0.675531914893617,0.8063492063492063,0.0,9,22380,3802,6057,6084,190,131,131,0,59,5894,1.0,0.6894736842105263,0.0,0.8161993769470405
internvl3_earthvqa,internvl3,earthvqa,60D,32,60,canonical_finite,0.5040457844734192,0.99375,0.9464285714285714,0.9695121951219512,0.0003684598378776,0,22824,4039,5764,5715,253,238,236,2,17,5460,0.9915966386554622,0.932806324110672,0.0003661662394727,0.9613034623217924
internvl3_earthvqa,internvl3,earthvqa,60D,32,60,full,0.5040457844734192,0.99375,0.9464285714285714,0.9695121951219512,0.0003684598378776,0,22824,4039,5764,5773,311,296,294,2,17,5460,0.9932432432432432,0.945337620578778,0.0003661662394727,0.9686985172981878
internvl3_lingoqa,internvl3,lingoqa,60D,32,60,canonical_finite,0.3066827356815338,0.996969696969697,0.875,0.9320113314447592,0.0001834525775087,234,22757,4069,5827,5776,273,309,267,42,6,5461,0.8640776699029126,0.978021978021978,0.0076322006178448,0.9175257731958762
internvl3_lingoqa,internvl3,lingoqa,60D,32,60,full,0.3066827356815338,0.996969696969697,0.875,0.9320113314447592,0.0001834525775087,234,22757,4069,5827,5827,324,360,318,42,6,5461,0.8833333333333333,0.9814814814814816,0.0076322006178448,0.9298245614035088
internvl3_vqav2,internvl3,vqav2,60D,32,60,canonical_finite,0.5053613185882568,0.9618528610354224,0.9097938144329896,0.9350993377483444,0.0024634875945803,2,22389,3796,6071,6031,289,279,268,11,21,5731,0.9605734767025088,0.9273356401384084,0.0019157088122605,0.943661971830986
internvl3_vqav2,internvl3,vqav2,60D,32,60,full,0.5053613185882568,0.9618528610354224,0.9097938144329896,0.9350993377483444,0.0024634875945803,2,22389,3796,6071,6086,344,334,323,11,21,5731,0.9670658682634732,0.938953488372093,0.0019157088122605,0.952802359882006
llava15_earthvqa,llava15,earthvqa,60D,32,60,canonical_finite,0.5433813333511353,0.9830508474576272,0.943089430894309,0.9626556016597512,0.0003531696980399,16,22878,4047,5786,5697,42,40,35,5,7,5650,0.875,0.8333333333333334,0.0008841732979664,0.8536585365853658
llava15_earthvqa,llava15,earthvqa,60D,32,60,full,0.5433813333511353,0.9830508474576272,0.943089430894309,0.9626556016597512,0.0003531696980399,16,22878,4047,5786,5786,131,129,124,5,7,5650,0.9612403100775194,0.9465648854961832,0.0008841732979664,0.953846153846154
llava15_lingoqa,llava15,lingoqa,60D,32,60,canonical_finite,0.4722655713558197,1.0,0.9333333333333332,0.9655172413793104,0.0,160,22762,4070,5830,5744,54,36,33,3,21,5687,0.9166666666666666,0.6111111111111112,0.0005272407732864,0.7333333333333333
llava15_lingoqa,llava15,lingoqa,60D,32,60,full,0.4722655713558197,1.0,0.9333333333333332,0.9655172413793104,0.0,160,22762,4070,5830,5830,140,122,119,3,21,5687,0.9754098360655736,0.85,0.0005272407732864,0.9083969465648856
llava15_vqav2,llava15,vqav2,60D,32,60,canonical_finite,0.214465245604515,1.0,0.9047619047619048,0.95,0.0,329,22394,3806,6071,6013,43,72,27,45,16,5925,0.375,0.627906976744186,0.007537688442211,0.4695652173913043
llava15_vqav2,llava15,vqav2,60D,32,60,full,0.214465245604515,1.0,0.9047619047619048,0.95,0.0,329,22394,3806,6071,6094,124,153,108,45,16,5925,0.7058823529411765,0.8709677419354839,0.007537688442211,0.779783393501805
qwen25_vl_earthvqa,qwen25_vl,earthvqa,60D,32,60,canonical_finite,0.4905333518981933,0.9746835443037974,0.8901734104046243,0.930513595166163,0.0007135212272565,20,22831,4041,5779,5717,114,112,104,8,10,5595,0.9285714285714286,0.912280701754386,0.0014278065322148,0.9203539823008848
qwen25_vl_earthvqa,qwen25_vl,earthvqa,60D,32,60,full,0.4905333518981933,0.9746835443037974,0.8901734104046243,0.930513595166163,0.0007135212272565,20,22831,4041,5779,5772,169,167,159,8,10,5595,0.9520958083832336,0.940828402366864,0.0014278065322148,0.9464285714285714
qwen25_vl_lingoqa,qwen25_vl,lingoqa,60D,32,60,canonical_finite,0.4408551156520843,0.993103448275862,0.9171974522292994,0.9536423841059604,0.0001762735765908,550,22745,4067,5830,5786,141,113,105,8,36,5637,0.9292035398230089,0.7446808510638298,0.0014171833480956,0.8267716535433071
qwen25_vl_lingoqa,qwen25_vl,lingoqa,60D,32,60,full,0.4408551156520843,0.993103448275862,0.9171974522292994,0.9536423841059604,0.0001762735765908,550,22745,4067,5830,5824,179,151,143,8,36,5637,0.9470198675496688,0.7988826815642458,0.0014171833480956,0.8666666666666667
qwen25_vl_vqav2,qwen25_vl,vqav2,60D,32,60,canonical_finite,0.5309593677520752,1.0,0.675531914893617,0.8063492063492063,0.0,9,22380,3802,6057,6035,141,82,82,0,59,5894,1.0,0.5815602836879432,0.0,0.7354260089686099
qwen25_vl_vqav2,qwen25_vl,vqav2,60D,32,60,full,0.5309593677520752,1.0,0.675531914893617,0.8063492063492063,0.0,9,22380,3802,6057,6084,190,131,131,0,59,5894,1.0,0.6894736842105263,0.0,0.8161993769470405
internvl3_earthvqa,internvl3,earthvqa,72D,1,72,canonical_finite,0.7519985437393188,0.99375,0.9464285714285714,0.9695121951219512,0.0003684598378776,424,22824,4039,5764,5715,253,240,237,3,16,5459,0.9875,0.9367588932806324,0.000549249359209,0.9614604462474644
internvl3_earthvqa,internvl3,earthvqa,72D,1,72,full,0.7519985437393188,0.99375,0.9464285714285714,0.9695121951219512,0.0003684598378776,424,22824,4039,5764,5773,311,298,295,3,16,5459,0.9899328859060402,0.9485530546623794,0.000549249359209,0.9688013136289
internvl3_lingoqa,internvl3,lingoqa,72D,1,72,canonical_finite,0.4981573522090912,0.993939393939394,0.8723404255319149,0.9291784702549576,0.0003669051550174,0,22757,4069,5827,5776,273,299,267,32,6,5471,0.8929765886287625,0.978021978021978,0.0058150099945484,0.9335664335664337
internvl3_lingoqa,internvl3,lingoqa,72D,1,72,full,0.4981573522090912,0.993939393939394,0.8723404255319149,0.9291784702549576,0.0003669051550174,0,22757,4069,5827,5827,324,350,318,32,6,5471,0.9085714285714286,0.9814814814814816,0.0058150099945484,0.9436201780415432
internvl3_vqav2,internvl3,vqav2,72D,1,72,canonical_finite,0.6342923045158386,1.0,0.9149484536082474,0.955585464333782,0.0,458,22389,3796,6071,6031,289,266,265,1,24,5741,0.9962406015037594,0.916955017301038,0.0001741553465691,0.954954954954955
internvl3_vqav2,internvl3,vqav2,72D,1,72,full,0.6342923045158386,1.0,0.9149484536082474,0.955585464333782,0.0,458,22389,3796,6071,6086,344,321,320,1,24,5741,0.9968847352024922,0.9302325581395348,0.0001741553465691,0.962406015037594
llava15_earthvqa,llava15,earthvqa,72D,1,72,canonical_finite,0.9495505690574646,0.9914529914529916,0.943089430894309,0.9666666666666668,0.0001765848490199,480,22878,4047,5786,5697,42,33,33,0,9,5655,1.0,0.7857142857142857,0.0,0.88
llava15_earthvqa,llava15,earthvqa,72D,1,72,full,0.9495505690574646,0.9914529914529916,0.943089430894309,0.9666666666666668,0.0001765848490199,480,22878,4047,5786,5786,131,122,122,0,9,5655,1.0,0.931297709923664,0.0,0.9644268774703556
llava15_lingoqa,llava15,lingoqa,72D,1,72,canonical_finite,0.7479034662246704,0.9897959183673468,0.923809523809524,0.955665024630542,0.0001746724890829,212,22762,4070,5830,5744,54,32,31,1,23,5689,0.96875,0.5740740740740741,0.0001757469244288,0.7209302325581395
llava15_lingoqa,llava15,lingoqa,72D,1,72,full,0.7479034662246704,0.9897959183673468,0.923809523809524,0.955665024630542,0.0001746724890829,212,22762,4070,5830,5830,140,118,117,1,23,5689,0.9915254237288136,0.8357142857142857,0.0001757469244288,0.9069767441860463
llava15_vqav2,llava15,vqav2,72D,1,72,canonical_finite,0.5383992195129395,1.0,0.8979591836734694,0.9462365591397848,0.0,370,22394,3806,6071,6013,43,26,26,0,17,5970,1.0,0.6046511627906976,0.0,0.7536231884057971
llava15_vqav2,llava15,vqav2,72D,1,72,full,0.5383992195129395,1.0,0.8979591836734694,0.9462365591397848,0.0,370,22394,3806,6071,6094,124,107,107,0,17,5970,1.0,0.8629032258064516,0.0,0.9264069264069263
qwen25_vl_earthvqa,qwen25_vl,earthvqa,72D,1,72,canonical_finite,0.5075697898864746,0.9932885906040269,0.8554913294797688,0.9192546583850932,0.0001783803068141,1,22831,4041,5779,5717,114,109,105,4,9,5599,0.963302752293578,0.9210526315789472,0.0007139032661074,0.9417040358744396
qwen25_vl_earthvqa,qwen25_vl,earthvqa,72D,1,72,full,0.5075697898864746,0.9932885906040269,0.8554913294797688,0.9192546583850932,0.0001783803068141,1,22831,4041,5779,5772,169,164,160,4,9,5599,0.975609756097561,0.9467455621301776,0.0007139032661074,0.960960960960961
qwen25_vl_lingoqa,qwen25_vl,lingoqa,72D,1,72,canonical_finite,0.9480934143066406,1.0,0.910828025477707,0.9533333333333334,0.0,453,22745,4067,5830,5786,141,124,101,23,40,5622,0.8145161290322581,0.7163120567375887,0.004074402125775,0.7622641509433963
qwen25_vl_lingoqa,qwen25_vl,lingoqa,72D,1,72,full,0.9480934143066406,1.0,0.910828025477707,0.9533333333333334,0.0,453,22745,4067,5830,5824,179,162,139,23,40,5622,0.8580246913580247,0.776536312849162,0.004074402125775,0.8152492668621701
qwen25_vl_vqav2,qwen25_vl,vqav2,72D,1,72,canonical_finite,0.6495619416236877,1.0,0.6808510638297872,0.810126582278481,0.0,143,22380,3802,6057,6035,141,111,88,23,53,5871,0.7927927927927928,0.624113475177305,0.003902273498473,0.6984126984126984
qwen25_vl_vqav2,qwen25_vl,vqav2,72D,1,72,full,0.6495619416236877,1.0,0.6808510638297872,0.810126582278481,0.0,143,22380,3802,6057,6084,190,160,137,23,53,5871,0.85625,0.7210526315789474,0.003902273498473,0.7828571428571428
internvl3_earthvqa,internvl3,earthvqa,72D,2,72,canonical_finite,0.8520111441612244,1.0,0.9464285714285714,0.9724770642201834,0.0,256,22824,4039,5764,5715,253,237,236,1,17,5461,0.9957805907172996,0.932806324110672,0.0001830831197363,0.963265306122449
internvl3_earthvqa,internvl3,earthvqa,72D,2,72,full,0.8520111441612244,1.0,0.9464285714285714,0.9724770642201834,0.0,256,22824,4039,5764,5773,311,295,294,1,17,5461,0.9966101694915256,0.945337620578778,0.0001830831197363,0.9702970297029704
internvl3_lingoqa,internvl3,lingoqa,72D,2,72,canonical_finite,0.508155345916748,1.0,0.8670212765957447,0.9287749287749288,0.0,3,22757,4069,5827,5776,273,271,267,4,6,5499,0.985239852398524,0.978021978021978,0.0007268762493185,0.9816176470588236
internvl3_lingoqa,internvl3,lingoqa,72D,2,72,full,0.508155345916748,1.0,0.8670212765957447,0.9287749287749288,0.0,3,22757,4069,5827,5827,324,322,318,4,6,5499,0.9875776397515528,0.9814814814814816,0.0007268762493185,0.9845201238390092
internvl3_vqav2,internvl3,vqav2,72D,2,72,canonical_finite,0.5162479281425476,1.0,0.9149484536082474,0.955585464333782,0.0,3,22389,3796,6071,6031,289,266,265,1,24,5741,0.9962406015037594,0.916955017301038,0.0001741553465691,0.954954954954955
internvl3_vqav2,internvl3,vqav2,72D,2,72,full,0.5162479281425476,1.0,0.9149484536082474,0.955585464333782,0.0,3,22389,3796,6071,6086,344,321,320,1,24,5741,0.9968847352024922,0.9302325581395348,0.0001741553465691,0.962406015037594
llava15_earthvqa,llava15,earthvqa,72D,2,72,canonical_finite,0.8405812382698059,0.9913793103448276,0.934959349593496,0.9623430962343096,0.0001765848490199,335,22878,4047,5786,5697,42,34,34,0,8,5655,1.0,0.8095238095238095,0.0,0.8947368421052632
llava15_earthvqa,llava15,earthvqa,72D,2,72,full,0.8405812382698059,0.9913793103448276,0.934959349593496,0.9623430962343096,0.0001765848490199,335,22878,4047,5786,5786,131,123,123,0,8,5655,1.0,0.9389312977099236,0.0,0.968503937007874
llava15_lingoqa,llava15,lingoqa,72D,2,72,canonical_finite,0.5129066109657288,0.98,0.9333333333333332,0.9560975609756096,0.0003493449781659,147,22762,4070,5830,5744,54,39,34,5,20,5685,0.8717948717948718,0.6296296296296297,0.0008787346221441,0.7311827956989247
llava15_lingoqa,llava15,lingoqa,72D,2,72,full,0.5129066109657288,0.98,0.9333333333333332,0.9560975609756096,0.0003493449781659,147,22762,4070,5830,5830,140,125,120,5,20,5685,0.96,0.8571428571428571,0.0008787346221441,0.9056603773584906
llava15_vqav2,llava15,vqav2,72D,2,72,canonical_finite,0.5004538297653198,1.0,0.8979591836734694,0.9462365591397848,0.0,9,22394,3806,6071,6013,43,28,25,3,18,5967,0.8928571428571429,0.5813953488372093,0.000502512562814,0.704225352112676
llava15_vqav2,llava15,vqav2,72D,2,72,full,0.5004538297653198,1.0,0.8979591836734694,0.9462365591397848,0.0,9,22394,3806,6071,6094,124,109,106,3,18,5967,0.9724770642201837,0.8548387096774194,0.000502512562814,0.9098712446351932
qwen25_vl_earthvqa,qwen25_vl,earthvqa,72D,2,72,canonical_finite,0.453205943107605,0.9870967741935484,0.884393063583815,0.9329268292682924,0.0003567606136282,767,22831,4041,5779,5717,114,108,104,4,10,5599,0.9629629629629628,0.912280701754386,0.0007139032661074,0.9369369369369368
qwen25_vl_earthvqa,qwen25_vl,earthvqa,72D,2,72,full,0.453205943107605,0.9870967741935484,0.884393063583815,0.9329268292682924,0.0003567606136282,767,22831,4041,5779,5772,169,163,159,4,10,5599,0.9754601226993864,0.940828402366864,0.0007139032661074,0.9578313253012049
qwen25_vl_lingoqa,qwen25_vl,lingoqa,72D,2,72,canonical_finite,0.9751254320144652,1.0,0.910828025477707,0.9533333333333334,0.0,492,22745,4067,5830,5786,141,123,101,22,40,5623,0.8211382113821138,0.7163120567375887,0.003897254207263,0.7651515151515151
qwen25_vl_lingoqa,qwen25_vl,lingoqa,72D,2,72,full,0.9751254320144652,1.0,0.910828025477707,0.9533333333333334,0.0,492,22745,4067,5830,5824,179,161,139,22,40,5623,0.8633540372670807,0.776536312849162,0.003897254207263,0.8176470588235294
qwen25_vl_vqav2,qwen25_vl,vqav2,72D,2,72,canonical_finite,0.528437614440918,1.0,0.675531914893617,0.8063492063492063,0.0,10,22380,3802,6057,6035,141,109,86,23,55,5871,0.7889908256880734,0.6099290780141844,0.003902273498473,0.688
qwen25_vl_vqav2,qwen25_vl,vqav2,72D,2,72,full,0.528437614440918,1.0,0.675531914893617,0.8063492063492063,0.0,10,22380,3802,6057,6084,190,158,135,23,55,5871,0.8544303797468354,0.7105263157894737,0.003902273498473,0.7758620689655172
internvl3_earthvqa,internvl3,earthvqa,72D,4,72,canonical_finite,0.2083816826343536,0.9906832298136646,0.949404761904762,0.9696048632218844,0.0005526897568165,202,22824,4039,5764,5715,253,270,239,31,14,5431,0.8851851851851852,0.9446640316205532,0.0056755767118271,0.9139579349904398
internvl3_earthvqa,internvl3,earthvqa,72D,4,72,full,0.2083816826343536,0.9906832298136646,0.949404761904762,0.9696048632218844,0.0005526897568165,202,22824,4039,5764,5773,311,328,297,31,14,5431,0.9054878048780488,0.954983922829582,0.0056755767118271,0.9295774647887324
internvl3_lingoqa,internvl3,lingoqa,72D,4,72,canonical_finite,0.5053858160972595,0.993939393939394,0.8723404255319149,0.9291784702549576,0.0003669051550174,1,22757,4069,5827,5776,273,273,267,6,6,5497,0.978021978021978,0.978021978021978,0.0010903143739778,0.978021978021978
internvl3_lingoqa,internvl3,lingoqa,72D,4,72,full,0.5053858160972595,0.993939393939394,0.8723404255319149,0.9291784702549576,0.0003669051550174,1,22757,4069,5827,5827,324,324,318,6,6,5497,0.9814814814814816,0.9814814814814816,0.0010903143739778,0.9814814814814816
internvl3_vqav2,internvl3,vqav2,72D,4,72,canonical_finite,0.3967255651950836,0.9943977591036416,0.9149484536082474,0.953020134228188,0.0003519267992257,185,22389,3796,6071,6031,289,282,269,13,20,5729,0.953900709219858,0.9307958477508652,0.0022640195053988,0.9422066549912436
internvl3_vqav2,internvl3,vqav2,72D,4,72,full,0.3967255651950836,0.9943977591036416,0.9149484536082474,0.953020134228188,0.0003519267992257,185,22389,3796,6071,6086,344,337,324,13,20,5729,0.9614243323442137,0.9418604651162792,0.0022640195053988,0.9515418502202644
llava15_earthvqa,llava15,earthvqa,72D,4,72,canonical_finite,0.9018600583076476,0.9914529914529916,0.943089430894309,0.9666666666666668,0.0001765848490199,325,22878,4047,5786,5697,42,36,34,2,8,5653,0.9444444444444444,0.8095238095238095,0.0003536693191865,0.8717948717948718
llava15_earthvqa,llava15,earthvqa,72D,4,72,full,0.9018600583076476,0.9914529914529916,0.943089430894309,0.9666666666666668,0.0001765848490199,325,22878,4047,5786,5786,131,125,123,2,8,5653,0.984,0.9389312977099236,0.0003536693191865,0.9609375
llava15_lingoqa,llava15,lingoqa,72D,4,72,canonical_finite,0.2023590505123138,1.0,0.9428571428571428,0.9705882352941176,0.0,716,22762,4070,5830,5744,54,56,34,22,20,5668,0.6071428571428571,0.6296296296296297,0.003866432337434,0.6181818181818182
llava15_lingoqa,llava15,lingoqa,72D,4,72,full,0.2023590505123138,1.0,0.9428571428571428,0.9705882352941176,0.0,716,22762,4070,5830,5830,140,142,120,22,20,5668,0.8450704225352113,0.8571428571428571,0.003866432337434,0.851063829787234
llava15_vqav2,llava15,vqav2,72D,4,72,canonical_finite,0.5013231039047241,1.0,0.9047619047619048,0.95,0.0,3,22394,3806,6071,6013,43,37,26,11,17,5959,0.7027027027027027,0.6046511627906976,0.0018425460636515,0.65
llava15_vqav2,llava15,vqav2,72D,4,72,full,0.5013231039047241,1.0,0.9047619047619048,0.95,0.0,3,22394,3806,6071,6094,124,118,107,11,17,5959,0.9067796610169492,0.8629032258064516,0.0018425460636515,0.8842975206611571
qwen25_vl_earthvqa,qwen25_vl,earthvqa,72D,4,72,canonical_finite,0.9583046436309814,0.9932885906040269,0.8554913294797688,0.9192546583850932,0.0001783803068141,697,22831,4041,5779,5717,114,103,103,0,11,5603,1.0,0.9035087719298246,0.0,0.9493087557603688
qwen25_vl_earthvqa,qwen25_vl,earthvqa,72D,4,72,full,0.9583046436309814,0.9932885906040269,0.8554913294797688,0.9192546583850932,0.0001783803068141,697,22831,4041,5779,5772,169,158,158,0,11,5603,1.0,0.9349112426035504,0.0,0.9663608562691132
qwen25_vl_lingoqa,qwen25_vl,lingoqa,72D,4,72,canonical_finite,0.5083829164505005,0.9930555555555556,0.910828025477707,0.9501661129568106,0.0001762735765908,1,22745,4067,5830,5786,141,106,104,2,37,5643,0.981132075471698,0.7375886524822695,0.0003542958370239,0.8421052631578947
qwen25_vl_lingoqa,qwen25_vl,lingoqa,72D,4,72,full,0.5083829164505005,0.9930555555555556,0.910828025477707,0.9501661129568106,0.0001762735765908,1,22745,4067,5830,5824,179,144,142,2,37,5643,0.9861111111111112,0.7932960893854749,0.0003542958370239,0.8792569659442725
qwen25_vl_vqav2,qwen25_vl,vqav2,72D,4,72,canonical_finite,0.5430623292922974,0.992248062015504,0.6808510638297872,0.8075709779179809,0.000170386777986,10,22380,3802,6057,6035,141,120,88,32,53,5862,0.7333333333333333,0.624113475177305,0.005429250084832,0.6743295019157088
qwen25_vl_vqav2,qwen25_vl,vqav2,72D,4,72,full,0.5430623292922974,0.992248062015504,0.6808510638297872,0.8075709779179809,0.000170386777986,10,22380,3802,6057,6084,190,169,137,32,53,5862,0.8106508875739645,0.7210526315789474,0.005429250084832,0.7632311977715878
internvl3_earthvqa,internvl3,earthvqa,72D,8,72,canonical_finite,0.51332688331604,0.9937304075235108,0.9434523809523808,0.96793893129771,0.0003684598378776,2,22824,4039,5764,5715,253,237,236,1,17,5461,0.9957805907172996,0.932806324110672,0.0001830831197363,0.963265306122449
internvl3_earthvqa,internvl3,earthvqa,72D,8,72,full,0.51332688331604,0.9937304075235108,0.9434523809523808,0.96793893129771,0.0003684598378776,2,22824,4039,5764,5773,311,295,294,1,17,5461,0.9966101694915256,0.945337620578778,0.0001830831197363,0.9702970297029704
internvl3_lingoqa,internvl3,lingoqa,72D,8,72,canonical_finite,0.5881852507591248,1.0,0.8696808510638298,0.930298719772404,0.0,196,22757,4069,5827,5776,273,279,266,13,7,5490,0.953405017921147,0.9743589743589745,0.0023623478102852,0.9637681159420288
internvl3_lingoqa,internvl3,lingoqa,72D,8,72,full,0.5881852507591248,1.0,0.8696808510638298,0.930298719772404,0.0,196,22757,4069,5827,5827,324,330,317,13,7,5490,0.9606060606060606,0.9783950617283952,0.0023623478102852,0.9694189602446484
internvl3_vqav2,internvl3,vqav2,72D,8,72,canonical_finite,0.6926565766334534,0.9943977591036416,0.9149484536082474,0.953020134228188,0.0003519267992257,204,22389,3796,6071,6031,289,279,267,12,22,5730,0.956989247311828,0.9238754325259516,0.0020898641588296,0.9401408450704224
internvl3_vqav2,internvl3,vqav2,72D,8,72,full,0.6926565766334534,0.9943977591036416,0.9149484536082474,0.953020134228188,0.0003519267992257,204,22389,3796,6071,6086,344,334,322,12,22,5730,0.9640718562874252,0.936046511627907,0.0020898641588296,0.9498525073746312
llava15_earthvqa,llava15,earthvqa,72D,8,72,canonical_finite,0.5987173914909363,0.9914529914529916,0.943089430894309,0.9666666666666668,0.0001765848490199,23,22878,4047,5786,5697,42,35,34,1,8,5654,0.9714285714285714,0.8095238095238095,0.0001768346595932,0.8831168831168831
llava15_earthvqa,llava15,earthvqa,72D,8,72,full,0.5987173914909363,0.9914529914529916,0.943089430894309,0.9666666666666668,0.0001765848490199,23,22878,4047,5786,5786,131,124,123,1,8,5654,0.9919354838709676,0.9389312977099236,0.0001768346595932,0.9647058823529412
llava15_lingoqa,llava15,lingoqa,72D,8,72,canonical_finite,0.3066146671772003,1.0,0.9428571428571428,0.9705882352941176,0.0,902,22762,4070,5830,5744,54,36,35,1,19,5689,0.9722222222222222,0.6481481481481481,0.0001757469244288,0.7777777777777778
llava15_lingoqa,llava15,lingoqa,72D,8,72,full,0.3066146671772003,1.0,0.9428571428571428,0.9705882352941176,0.0,902,22762,4070,5830,5830,140,122,121,1,19,5689,0.9918032786885246,0.8642857142857143,0.0001757469244288,0.9236641221374046
llava15_vqav2,llava15,vqav2,72D,8,72,canonical_finite,0.2805168926715851,1.0,0.9047619047619048,0.95,0.0,226,22394,3806,6071,6013,43,51,27,24,16,5946,0.5294117647058824,0.627906976744186,0.0040201005025125,0.574468085106383
llava15_vqav2,llava15,vqav2,72D,8,72,full,0.2805168926715851,1.0,0.9047619047619048,0.95,0.0,226,22394,3806,6071,6094,124,132,108,24,16,5946,0.8181818181818182,0.8709677419354839,0.0040201005025125,0.84375
qwen25_vl_earthvqa,qwen25_vl,earthvqa,72D,8,72,canonical_finite,0.5093910098075867,0.9932885906040269,0.8554913294797688,0.9192546583850932,0.0001783803068141,1,22831,4041,5779,5717,114,104,104,0,10,5603,1.0,0.912280701754386,0.0,0.9541284403669724
qwen25_vl_earthvqa,qwen25_vl,earthvqa,72D,8,72,full,0.5093910098075867,0.9932885906040269,0.8554913294797688,0.9192546583850932,0.0001783803068141,1,22831,4041,5779,5772,169,159,159,0,10,5603,1.0,0.940828402366864,0.0,0.9695121951219512
qwen25_vl_lingoqa,qwen25_vl,lingoqa,72D,8,72,canonical_finite,0.7850959300994873,1.0,0.9171974522292994,0.956810631229236,0.0,833,22745,4067,5830,5786,141,108,105,3,36,5642,0.9722222222222222,0.7446808510638298,0.0005314437555358,0.8433734939759037
qwen25_vl_lingoqa,qwen25_vl,lingoqa,72D,8,72,full,0.7850959300994873,1.0,0.9171974522292994,0.956810631229236,0.0,833,22745,4067,5830,5824,179,146,143,3,36,5642,0.9794520547945206,0.7988826815642458,0.0005314437555358,0.88
qwen25_vl_vqav2,qwen25_vl,vqav2,72D,8,72,canonical_finite,0.5126039385795593,1.0,0.6808510638297872,0.810126582278481,0.0,18,22380,3802,6057,6035,141,119,88,31,53,5863,0.7394957983193278,0.624113475177305,0.005259586019681,0.676923076923077
qwen25_vl_vqav2,qwen25_vl,vqav2,72D,8,72,full,0.5126039385795593,1.0,0.6808510638297872,0.810126582278481,0.0,18,22380,3802,6057,6084,190,168,137,31,53,5863,0.8154761904761905,0.7210526315789474,0.005259586019681,0.7653631284916201
internvl3_earthvqa,internvl3,earthvqa,72D,12,72,canonical_finite,0.8773164749145508,0.99375,0.9464285714285714,0.9695121951219512,0.0003684598378776,188,22824,4039,5764,5715,253,236,235,1,18,5461,0.9957627118644068,0.9288537549407114,0.0001830831197363,0.9611451942740288
internvl3_earthvqa,internvl3,earthvqa,72D,12,72,full,0.8773164749145508,0.99375,0.9464285714285714,0.9695121951219512,0.0003684598378776,188,22824,4039,5764,5773,311,294,293,1,18,5461,0.9965986394557824,0.9421221864951768,0.0001830831197363,0.968595041322314
internvl3_lingoqa,internvl3,lingoqa,72D,12,72,canonical_finite,0.5194231271743774,1.0,0.8696808510638298,0.930298719772404,0.0,6,22757,4069,5827,5776,273,268,265,3,8,5500,0.9888059701492538,0.9706959706959708,0.0005451571869889,0.9796672828096118
internvl3_lingoqa,internvl3,lingoqa,72D,12,72,full,0.5194231271743774,1.0,0.8696808510638298,0.930298719772404,0.0,6,22757,4069,5827,5827,324,319,316,3,8,5500,0.9905956112852664,0.9753086419753086,0.0005451571869889,0.9828926905132191
internvl3_vqav2,internvl3,vqav2,72D,12,72,canonical_finite,0.7869238257408142,0.99438202247191,0.9123711340206184,0.9516129032258064,0.0003519267992257,376,22389,3796,6071,6031,289,278,267,11,22,5731,0.960431654676259,0.9238754325259516,0.0019157088122605,0.9417989417989416
internvl3_vqav2,internvl3,vqav2,72D,12,72,full,0.7869238257408142,0.99438202247191,0.9123711340206184,0.9516129032258064,0.0003519267992257,376,22389,3796,6071,6086,344,333,322,11,22,5731,0.9669669669669668,0.936046511627907,0.0019157088122605,0.9512555391432792
llava15_earthvqa,llava15,earthvqa,72D,12,72,canonical_finite,0.7543612718582153,1.0,0.943089430894309,0.9707112970711296,0.0,84,22878,4047,5786,5697,42,36,34,2,8,5653,0.9444444444444444,0.8095238095238095,0.0003536693191865,0.8717948717948718
llava15_earthvqa,llava15,earthvqa,72D,12,72,full,0.7543612718582153,1.0,0.943089430894309,0.9707112970711296,0.0,84,22878,4047,5786,5786,131,125,123,2,8,5653,0.984,0.9389312977099236,0.0003536693191865,0.9609375
llava15_lingoqa,llava15,lingoqa,72D,12,72,canonical_finite,0.5085383653640747,0.9896907216494846,0.9142857142857144,0.9504950495049506,0.0001746724890829,1,22762,4070,5830,5744,54,34,33,1,21,5689,0.9705882352941176,0.6111111111111112,0.0001757469244288,0.75
llava15_lingoqa,llava15,lingoqa,72D,12,72,full,0.5085383653640747,0.9896907216494846,0.9142857142857144,0.9504950495049506,0.0001746724890829,1,22762,4070,5830,5830,140,120,119,1,21,5689,0.9916666666666668,0.85,0.0001757469244288,0.9153846153846154
llava15_vqav2,llava15,vqav2,72D,12,72,canonical_finite,0.5379959940910339,1.0,0.8979591836734694,0.9462365591397848,0.0,171,22394,3806,6071,6013,43,26,26,0,17,5970,1.0,0.6046511627906976,0.0,0.7536231884057971
llava15_vqav2,llava15,vqav2,72D,12,72,full,0.5379959940910339,1.0,0.8979591836734694,0.9462365591397848,0.0,171,22394,3806,6071,6094,124,107,107,0,17,5970,1.0,0.8629032258064516,0.0,0.9264069264069263
qwen25_vl_earthvqa,qwen25_vl,earthvqa,72D,12,72,canonical_finite,0.96177738904953,0.9932885906040269,0.8554913294797688,0.9192546583850932,0.0001783803068141,616,22831,4041,5779,5717,114,104,104,0,10,5603,1.0,0.912280701754386,0.0,0.9541284403669724
qwen25_vl_earthvqa,qwen25_vl,earthvqa,72D,12,72,full,0.96177738904953,0.9932885906040269,0.8554913294797688,0.9192546583850932,0.0001783803068141,616,22831,4041,5779,5772,169,159,159,0,10,5603,1.0,0.940828402366864,0.0,0.9695121951219512
qwen25_vl_lingoqa,qwen25_vl,lingoqa,72D,12,72,canonical_finite,0.6659219264984131,1.0,0.9171974522292994,0.956810631229236,0.0,749,22745,4067,5830,5786,141,106,104,2,37,5643,0.981132075471698,0.7375886524822695,0.0003542958370239,0.8421052631578947
qwen25_vl_lingoqa,qwen25_vl,lingoqa,72D,12,72,full,0.6659219264984131,1.0,0.9171974522292994,0.956810631229236,0.0,749,22745,4067,5830,5824,179,144,142,2,37,5643,0.9861111111111112,0.7932960893854749,0.0003542958370239,0.8792569659442725
qwen25_vl_vqav2,qwen25_vl,vqav2,72D,12,72,canonical_finite,0.5532834529876709,1.0,0.675531914893617,0.8063492063492063,0.0,26,22380,3802,6057,6035,141,89,88,1,53,5893,0.9887640449438202,0.624113475177305,0.000169664065151,0.7652173913043478
qwen25_vl_vqav2,qwen25_vl,vqav2,72D,12,72,full,0.5532834529876709,1.0,0.675531914893617,0.8063492063492063,0.0,26,22380,3802,6057,6084,190,138,137,1,53,5893,0.9927536231884058,0.7210526315789474,0.000169664065151,0.8353658536585366
internvl3_earthvqa,internvl3,earthvqa,72D,16,72,canonical_finite,0.9906147718429564,0.9968652037617556,0.9464285714285714,0.9709923664122138,0.0001842299189388,570,22824,4039,5764,5715,253,232,232,0,21,5462,1.0,0.91699604743083,0.0,0.9567010309278352
internvl3_earthvqa,internvl3,earthvqa,72D,16,72,full,0.9906147718429564,0.9968652037617556,0.9464285714285714,0.9709923664122138,0.0001842299189388,570,22824,4039,5764,5773,311,290,290,0,21,5462,1.0,0.932475884244373,0.0,0.9650582362728786
internvl3_lingoqa,internvl3,lingoqa,72D,16,72,canonical_finite,0.607623815536499,1.0,0.8696808510638298,0.930298719772404,0.0,59,22757,4069,5827,5776,273,271,266,5,7,5498,0.981549815498155,0.9743589743589745,0.0009085953116481,0.9779411764705882
internvl3_lingoqa,internvl3,lingoqa,72D,16,72,full,0.607623815536499,1.0,0.8696808510638298,0.930298719772404,0.0,59,22757,4069,5827,5827,324,322,317,5,7,5498,0.984472049689441,0.9783950617283952,0.0009085953116481,0.9814241486068112
internvl3_vqav2,internvl3,vqav2,72D,16,72,canonical_finite,0.6972254514694214,0.9888888888888888,0.9175257731958762,0.9518716577540108,0.0007038535984515,377,22389,3796,6071,6031,289,280,269,11,20,5731,0.9607142857142856,0.9307958477508652,0.0019157088122605,0.945518453427065
internvl3_vqav2,internvl3,vqav2,72D,16,72,full,0.6972254514694214,0.9888888888888888,0.9175257731958762,0.9518716577540108,0.0007038535984515,377,22389,3796,6071,6086,344,335,324,11,20,5731,0.9671641791044776,0.9418604651162792,0.0019157088122605,0.9543446244477172
llava15_earthvqa,llava15,earthvqa,72D,16,72,canonical_finite,0.6562784314155579,0.9914529914529916,0.943089430894309,0.9666666666666668,0.0001765848490199,45,22878,4047,5786,5697,42,35,33,2,9,5653,0.9428571428571428,0.7857142857142857,0.0003536693191865,0.8571428571428571
llava15_earthvqa,llava15,earthvqa,72D,16,72,full,0.6562784314155579,0.9914529914529916,0.943089430894309,0.9666666666666668,0.0001765848490199,45,22878,4047,5786,5786,131,124,122,2,9,5653,0.9838709677419356,0.931297709923664,0.0003536693191865,0.9568627450980391
llava15_lingoqa,llava15,lingoqa,72D,16,72,canonical_finite,0.505267322063446,0.98989898989899,0.9333333333333332,0.9607843137254904,0.0001746724890829,13,22762,4070,5830,5744,54,37,34,3,20,5687,0.918918918918919,0.6296296296296297,0.0005272407732864,0.7472527472527473
llava15_lingoqa,llava15,lingoqa,72D,16,72,full,0.505267322063446,0.98989898989899,0.9333333333333332,0.9607843137254904,0.0001746724890829,13,22762,4070,5830,5830,140,123,120,3,20,5687,0.975609756097561,0.8571428571428571,0.0005272407732864,0.9125475285171104
llava15_vqav2,llava15,vqav2,72D,16,72,canonical_finite,0.2708545327186584,1.0,0.9047619047619048,0.95,0.0,537,22394,3806,6071,6013,43,27,27,0,16,5970,1.0,0.627906976744186,0.0,0.7714285714285715
llava15_vqav2,llava15,vqav2,72D,16,72,full,0.2708545327186584,1.0,0.9047619047619048,0.95,0.0,537,22394,3806,6071,6094,124,108,108,0,16,5970,1.0,0.8709677419354839,0.0,0.9310344827586208
qwen25_vl_earthvqa,qwen25_vl,earthvqa,72D,16,72,canonical_finite,0.9619645476341248,0.9932885906040269,0.8554913294797688,0.9192546583850932,0.0001783803068141,607,22831,4041,5779,5717,114,104,104,0,10,5603,1.0,0.912280701754386,0.0,0.9541284403669724
qwen25_vl_earthvqa,qwen25_vl,earthvqa,72D,16,72,full,0.9619645476341248,0.9932885906040269,0.8554913294797688,0.9192546583850932,0.0001783803068141,607,22831,4041,5779,5772,169,159,159,0,10,5603,1.0,0.940828402366864,0.0,0.9695121951219512
qwen25_vl_lingoqa,qwen25_vl,lingoqa,72D,16,72,canonical_finite,0.5181149840354919,1.0,0.9171974522292994,0.956810631229236,0.0,92,22745,4067,5830,5786,141,107,105,2,36,5643,0.9813084112149532,0.7446808510638298,0.0003542958370239,0.8467741935483871
qwen25_vl_lingoqa,qwen25_vl,lingoqa,72D,16,72,full,0.5181149840354919,1.0,0.9171974522292994,0.956810631229236,0.0,92,22745,4067,5830,5824,179,145,143,2,36,5643,0.986206896551724,0.7988826815642458,0.0003542958370239,0.8827160493827161
qwen25_vl_vqav2,qwen25_vl,vqav2,72D,16,72,canonical_finite,0.5128446817398071,1.0,0.675531914893617,0.8063492063492063,0.0,7,22380,3802,6057,6035,141,89,88,1,53,5893,0.9887640449438202,0.624113475177305,0.000169664065151,0.7652173913043478
qwen25_vl_vqav2,qwen25_vl,vqav2,72D,16,72,full,0.5128446817398071,1.0,0.675531914893617,0.8063492063492063,0.0,7,22380,3802,6057,6084,190,138,137,1,53,5893,0.9927536231884058,0.7210526315789474,0.000169664065151,0.8353658536585366
internvl3_earthvqa,internvl3,earthvqa,72D,20,72,canonical_finite,0.676520824432373,0.99375,0.9464285714285714,0.9695121951219512,0.0003684598378776,173,22824,4039,5764,5715,253,238,237,1,16,5461,0.9957983193277312,0.9367588932806324,0.0001830831197363,0.9653767820773932
internvl3_earthvqa,internvl3,earthvqa,72D,20,72,full,0.676520824432373,0.99375,0.9464285714285714,0.9695121951219512,0.0003684598378776,173,22824,4039,5764,5773,311,296,295,1,16,5461,0.9966216216216216,0.9485530546623794,0.0001830831197363,0.971993410214168
internvl3_lingoqa,internvl3,lingoqa,72D,20,72,canonical_finite,0.5107795000076294,1.0,0.8670212765957447,0.9287749287749288,0.0,3,22757,4069,5827,5776,273,269,265,4,8,5499,0.9851301115241636,0.9706959706959708,0.0007268762493185,0.977859778597786
internvl3_lingoqa,internvl3,lingoqa,72D,20,72,full,0.5107795000076294,1.0,0.8670212765957447,0.9287749287749288,0.0,3,22757,4069,5827,5827,324,320,316,4,8,5499,0.9875,0.9753086419753086,0.0007268762493185,0.9813664596273292
internvl3_vqav2,internvl3,vqav2,72D,20,72,canonical_finite,0.5179900527000427,0.9888579387186628,0.9149484536082474,0.9504685408299864,0.0007038535984515,3,22389,3796,6071,6031,289,279,268,11,21,5731,0.9605734767025088,0.9273356401384084,0.0019157088122605,0.943661971830986
internvl3_vqav2,internvl3,vqav2,72D,20,72,full,0.5179900527000427,0.9888579387186628,0.9149484536082474,0.9504685408299864,0.0007038535984515,3,22389,3796,6071,6086,344,334,323,11,21,5731,0.9670658682634732,0.938953488372093,0.0019157088122605,0.952802359882006
llava15_earthvqa,llava15,earthvqa,72D,20,72,canonical_finite,0.5226709246635437,0.9914529914529916,0.943089430894309,0.9666666666666668,0.0001765848490199,4,22878,4047,5786,5697,42,35,33,2,9,5653,0.9428571428571428,0.7857142857142857,0.0003536693191865,0.8571428571428571
llava15_earthvqa,llava15,earthvqa,72D,20,72,full,0.5226709246635437,0.9914529914529916,0.943089430894309,0.9666666666666668,0.0001765848490199,4,22878,4047,5786,5786,131,124,122,2,9,5653,0.9838709677419356,0.931297709923664,0.0003536693191865,0.9568627450980391
llava15_lingoqa,llava15,lingoqa,72D,20,72,canonical_finite,0.4980382621288299,0.99,0.9428571428571428,0.9658536585365852,0.0001746724890829,7,22762,4070,5830,5744,54,60,34,26,20,5664,0.5666666666666667,0.6296296296296297,0.0045694200351493,0.5964912280701754
llava15_lingoqa,llava15,lingoqa,72D,20,72,full,0.4980382621288299,0.99,0.9428571428571428,0.9658536585365852,0.0001746724890829,7,22762,4070,5830,5830,140,146,120,26,20,5664,0.821917808219178,0.8571428571428571,0.0045694200351493,0.8391608391608392
llava15_vqav2,llava15,vqav2,72D,20,72,canonical_finite,0.2455341666936874,1.0,0.9047619047619048,0.95,0.0,424,22394,3806,6071,6013,43,52,27,25,16,5945,0.5192307692307693,0.627906976744186,0.0041876046901172,0.5684210526315789
llava15_vqav2,llava15,vqav2,72D,20,72,full,0.2455341666936874,1.0,0.9047619047619048,0.95,0.0,424,22394,3806,6071,6094,124,133,108,25,16,5945,0.8120300751879699,0.8709677419354839,0.0041876046901172,0.8404669260700389
qwen25_vl_earthvqa,qwen25_vl,earthvqa,72D,20,72,canonical_finite,0.9672656059265136,0.9932885906040269,0.8554913294797688,0.9192546583850932,0.0001783803068141,638,22831,4041,5779,5717,114,104,104,0,10,5603,1.0,0.912280701754386,0.0,0.9541284403669724
qwen25_vl_earthvqa,qwen25_vl,earthvqa,72D,20,72,full,0.9672656059265136,0.9932885906040269,0.8554913294797688,0.9192546583850932,0.0001783803068141,638,22831,4041,5779,5772,169,159,159,0,10,5603,1.0,0.940828402366864,0.0,0.9695121951219512
qwen25_vl_lingoqa,qwen25_vl,lingoqa,72D,20,72,canonical_finite,0.735162079334259,1.0,0.9171974522292994,0.956810631229236,0.0,202,22745,4067,5830,5786,141,106,104,2,37,5643,0.981132075471698,0.7375886524822695,0.0003542958370239,0.8421052631578947
qwen25_vl_lingoqa,qwen25_vl,lingoqa,72D,20,72,full,0.735162079334259,1.0,0.9171974522292994,0.956810631229236,0.0,202,22745,4067,5830,5824,179,144,142,2,37,5643,0.9861111111111112,0.7932960893854749,0.0003542958370239,0.8792569659442725
qwen25_vl_vqav2,qwen25_vl,vqav2,72D,20,72,canonical_finite,0.5134044289588928,0.9921875,0.675531914893617,0.8037974683544304,0.000170386777986,6,22380,3802,6057,6035,141,90,88,2,53,5892,0.9777777777777776,0.624113475177305,0.000339328130302,0.7619047619047619
qwen25_vl_vqav2,qwen25_vl,vqav2,72D,20,72,full,0.5134044289588928,0.9921875,0.675531914893617,0.8037974683544304,0.000170386777986,6,22380,3802,6057,6084,190,139,137,2,53,5892,0.9856115107913668,0.7210526315789474,0.000339328130302,0.8328267477203647
internvl3_earthvqa,internvl3,earthvqa,72D,24,72,canonical_finite,0.5936462879180908,0.99375,0.9464285714285714,0.9695121951219512,0.0003684598378776,660,22824,4039,5764,5715,253,238,237,1,16,5461,0.9957983193277312,0.9367588932806324,0.0001830831197363,0.9653767820773932
internvl3_earthvqa,internvl3,earthvqa,72D,24,72,full,0.5936462879180908,0.99375,0.9464285714285714,0.9695121951219512,0.0003684598378776,660,22824,4039,5764,5773,311,296,295,1,16,5461,0.9966216216216216,0.9485530546623794,0.0001830831197363,0.971993410214168
internvl3_lingoqa,internvl3,lingoqa,72D,24,72,canonical_finite,0.666408360004425,1.0,0.8696808510638298,0.930298719772404,0.0,123,22757,4069,5827,5776,273,270,266,4,7,5499,0.9851851851851852,0.9743589743589745,0.0007268762493185,0.9797421731123388
internvl3_lingoqa,internvl3,lingoqa,72D,24,72,full,0.666408360004425,1.0,0.8696808510638298,0.930298719772404,0.0,123,22757,4069,5827,5827,324,321,317,4,7,5499,0.9875389408099688,0.9783950617283952,0.0007268762493185,0.9829457364341084
internvl3_vqav2,internvl3,vqav2,72D,24,72,canonical_finite,0.518581748008728,0.9971590909090908,0.904639175257732,0.9486486486486486,0.0001759633996128,3,22389,3796,6071,6031,289,267,267,0,22,5742,1.0,0.9238754325259516,0.0,0.960431654676259
internvl3_vqav2,internvl3,vqav2,72D,24,72,full,0.518581748008728,0.9971590909090908,0.904639175257732,0.9486486486486486,0.0001759633996128,3,22389,3796,6071,6086,344,322,322,0,22,5742,1.0,0.936046511627907,0.0,0.9669669669669668
llava15_earthvqa,llava15,earthvqa,72D,24,72,canonical_finite,0.5226709246635437,0.9914529914529916,0.943089430894309,0.9666666666666668,0.0001765848490199,4,22878,4047,5786,5697,42,35,33,2,9,5653,0.9428571428571428,0.7857142857142857,0.0003536693191865,0.8571428571428571
llava15_earthvqa,llava15,earthvqa,72D,24,72,full,0.5226709246635437,0.9914529914529916,0.943089430894309,0.9666666666666668,0.0001765848490199,4,22878,4047,5786,5786,131,124,122,2,9,5653,0.9838709677419356,0.931297709923664,0.0003536693191865,0.9568627450980391
llava15_lingoqa,llava15,lingoqa,72D,24,72,canonical_finite,0.4992295503616333,0.99,0.9428571428571428,0.9658536585365852,0.0001746724890829,7,22762,4070,5830,5744,54,38,34,4,20,5686,0.8947368421052632,0.6296296296296297,0.0007029876977152,0.7391304347826086
llava15_lingoqa,llava15,lingoqa,72D,24,72,full,0.4992295503616333,0.99,0.9428571428571428,0.9658536585365852,0.0001746724890829,7,22762,4070,5830,5830,140,124,120,4,20,5686,0.967741935483871,0.8571428571428571,0.0007029876977152,0.9090909090909092
llava15_vqav2,llava15,vqav2,72D,24,72,canonical_finite,0.2563860714435577,1.0,0.9047619047619048,0.95,0.0,368,22394,3806,6071,6013,43,51,27,24,16,5946,0.5294117647058824,0.627906976744186,0.0040201005025125,0.574468085106383
llava15_vqav2,llava15,vqav2,72D,24,72,full,0.2563860714435577,1.0,0.9047619047619048,0.95,0.0,368,22394,3806,6071,6094,124,132,108,24,16,5946,0.8181818181818182,0.8709677419354839,0.0040201005025125,0.84375
qwen25_vl_earthvqa,qwen25_vl,earthvqa,72D,24,72,canonical_finite,0.8204526901245117,0.9932885906040269,0.8554913294797688,0.9192546583850932,0.0001783803068141,121,22831,4041,5779,5717,114,103,103,0,11,5603,1.0,0.9035087719298246,0.0,0.9493087557603688
qwen25_vl_earthvqa,qwen25_vl,earthvqa,72D,24,72,full,0.8204526901245117,0.9932885906040269,0.8554913294797688,0.9192546583850932,0.0001783803068141,121,22831,4041,5779,5772,169,158,158,0,11,5603,1.0,0.9349112426035504,0.0,0.9663608562691132
qwen25_vl_lingoqa,qwen25_vl,lingoqa,72D,24,72,canonical_finite,0.5312359929084778,1.0,0.9171974522292994,0.956810631229236,0.0,6,22745,4067,5830,5786,141,105,103,2,38,5643,0.9809523809523808,0.7304964539007093,0.0003542958370239,0.8373983739837398
qwen25_vl_lingoqa,qwen25_vl,lingoqa,72D,24,72,full,0.5312359929084778,1.0,0.9171974522292994,0.956810631229236,0.0,6,22745,4067,5830,5824,179,143,141,2,38,5643,0.986013986013986,0.7877094972067039,0.0003542958370239,0.8757763975155279
qwen25_vl_vqav2,qwen25_vl,vqav2,72D,24,72,canonical_finite,0.621852457523346,1.0,0.6702127659574468,0.802547770700637,0.0,51,22380,3802,6057,6035,141,88,87,1,54,5893,0.9886363636363636,0.6170212765957447,0.000169664065151,0.759825327510917
qwen25_vl_vqav2,qwen25_vl,vqav2,72D,24,72,full,0.621852457523346,1.0,0.6702127659574468,0.802547770700637,0.0,51,22380,3802,6057,6084,190,137,136,1,54,5893,0.9927007299270072,0.7157894736842105,0.000169664065151,0.8318042813455657
internvl3_earthvqa,internvl3,earthvqa,72D,28,72,canonical_finite,0.7579761147499084,0.9937694704049844,0.949404761904762,0.9710806697108066,0.0003684598378776,483,22824,4039,5764,5715,253,239,237,2,16,5460,0.99163179916318,0.9367588932806324,0.0003661662394727,0.9634146341463414
internvl3_earthvqa,internvl3,earthvqa,72D,28,72,full,0.7579761147499084,0.9937694704049844,0.949404761904762,0.9710806697108066,0.0003684598378776,483,22824,4039,5764,5773,311,297,295,2,16,5460,0.9932659932659932,0.9485530546623794,0.0003661662394727,0.9703947368421052
internvl3_lingoqa,internvl3,lingoqa,72D,28,72,canonical_finite,0.8088598847389221,1.0,0.8696808510638298,0.930298719772404,0.0,186,22757,4069,5827,5776,273,267,265,2,8,5501,0.99250936329588,0.9706959706959708,0.0003634381246592,0.9814814814814816
internvl3_lingoqa,internvl3,lingoqa,72D,28,72,full,0.8088598847389221,1.0,0.8696808510638298,0.930298719772404,0.0,186,22757,4069,5827,5827,324,318,316,2,8,5501,0.9937106918238994,0.9753086419753086,0.0003634381246592,0.9844236760124612
internvl3_vqav2,internvl3,vqav2,72D,28,72,canonical_finite,0.5184057354927063,0.9888579387186628,0.9149484536082474,0.9504685408299864,0.0007038535984515,3,22389,3796,6071,6031,289,272,268,4,21,5738,0.9852941176470588,0.9273356401384084,0.0006966213862765,0.9554367201426024
internvl3_vqav2,internvl3,vqav2,72D,28,72,full,0.5184057354927063,0.9888579387186628,0.9149484536082474,0.9504685408299864,0.0007038535984515,3,22389,3796,6071,6086,344,327,323,4,21,5738,0.9877675840978594,0.938953488372093,0.0006966213862765,0.96274217585693
llava15_earthvqa,llava15,earthvqa,72D,28,72,canonical_finite,0.5226709246635437,0.9914529914529916,0.943089430894309,0.9666666666666668,0.0001765848490199,4,22878,4047,5786,5697,42,35,33,2,9,5653,0.9428571428571428,0.7857142857142857,0.0003536693191865,0.8571428571428571
llava15_earthvqa,llava15,earthvqa,72D,28,72,full,0.5226709246635437,0.9914529914529916,0.943089430894309,0.9666666666666668,0.0001765848490199,4,22878,4047,5786,5786,131,124,122,2,9,5653,0.9838709677419356,0.931297709923664,0.0003536693191865,0.9568627450980391
llava15_lingoqa,llava15,lingoqa,72D,28,72,canonical_finite,0.5146329998970032,1.0,0.9333333333333332,0.9655172413793104,0.0,9,22762,4070,5830,5744,54,34,33,1,21,5689,0.9705882352941176,0.6111111111111112,0.0001757469244288,0.75
llava15_lingoqa,llava15,lingoqa,72D,28,72,full,0.5146329998970032,1.0,0.9333333333333332,0.9655172413793104,0.0,9,22762,4070,5830,5830,140,120,119,1,21,5689,0.9916666666666668,0.85,0.0001757469244288,0.9153846153846154
llava15_vqav2,llava15,vqav2,72D,28,72,canonical_finite,0.2473037987947464,1.0,0.9047619047619048,0.95,0.0,373,22394,3806,6071,6013,43,52,27,25,16,5945,0.5192307692307693,0.627906976744186,0.0041876046901172,0.5684210526315789
llava15_vqav2,llava15,vqav2,72D,28,72,full,0.2473037987947464,1.0,0.9047619047619048,0.95,0.0,373,22394,3806,6071,6094,124,133,108,25,16,5945,0.8120300751879699,0.8709677419354839,0.0041876046901172,0.8404669260700389
qwen25_vl_earthvqa,qwen25_vl,earthvqa,72D,28,72,canonical_finite,0.4935704469680786,0.9685534591194968,0.8901734104046243,0.927710843373494,0.0008919015340706,19,22831,4041,5779,5717,114,113,104,9,10,5594,0.9203539823008848,0.912280701754386,0.0016062823487417,0.9162995594713657
qwen25_vl_earthvqa,qwen25_vl,earthvqa,72D,28,72,full,0.4935704469680786,0.9685534591194968,0.8901734104046243,0.927710843373494,0.0008919015340706,19,22831,4041,5779,5772,169,168,159,9,10,5594,0.9464285714285714,0.940828402366864,0.0016062823487417,0.9436201780415432
qwen25_vl_lingoqa,qwen25_vl,lingoqa,72D,28,72,canonical_finite,0.5005374550819397,1.0,0.9171974522292994,0.956810631229236,0.0,8,22745,4067,5830,5786,141,131,106,25,35,5620,0.8091603053435115,0.75177304964539,0.0044286979627989,0.7794117647058824
qwen25_vl_lingoqa,qwen25_vl,lingoqa,72D,28,72,full,0.5005374550819397,1.0,0.9171974522292994,0.956810631229236,0.0,8,22745,4067,5830,5824,179,169,144,25,35,5620,0.8520710059171598,0.8044692737430168,0.0044286979627989,0.8275862068965517
qwen25_vl_vqav2,qwen25_vl,vqav2,72D,28,72,canonical_finite,0.5166717171669006,1.0,0.6702127659574468,0.802547770700637,0.0,3,22380,3802,6057,6035,141,89,88,1,53,5893,0.9887640449438202,0.624113475177305,0.000169664065151,0.7652173913043478
qwen25_vl_vqav2,qwen25_vl,vqav2,72D,28,72,full,0.5166717171669006,1.0,0.6702127659574468,0.802547770700637,0.0,3,22380,3802,6057,6084,190,138,137,1,53,5893,0.9927536231884058,0.7210526315789474,0.000169664065151,0.8353658536585366
internvl3_earthvqa,internvl3,earthvqa,72D,32,72,canonical_finite,0.5040457844734192,0.99375,0.9464285714285714,0.9695121951219512,0.0003684598378776,0,22824,4039,5764,5715,253,236,234,2,19,5460,0.9915254237288136,0.924901185770751,0.0003661662394727,0.9570552147239264
internvl3_earthvqa,internvl3,earthvqa,72D,32,72,full,0.5040457844734192,0.99375,0.9464285714285714,0.9695121951219512,0.0003684598378776,0,22824,4039,5764,5773,311,294,292,2,19,5460,0.9931972789115646,0.9389067524115756,0.0003661662394727,0.9652892561983472
internvl3_lingoqa,internvl3,lingoqa,72D,32,72,canonical_finite,0.5292338728904724,0.9969604863221884,0.8723404255319149,0.9304964539007092,0.0001834525775087,190,22757,4069,5827,5776,273,272,267,5,6,5498,0.9816176470588236,0.978021978021978,0.0009085953116481,0.979816513761468
internvl3_lingoqa,internvl3,lingoqa,72D,32,72,full,0.5292338728904724,0.9969604863221884,0.8723404255319149,0.9304964539007092,0.0001834525775087,190,22757,4069,5827,5827,324,323,318,5,6,5498,0.9845201238390092,0.9814814814814816,0.0009085953116481,0.982998454404946
internvl3_vqav2,internvl3,vqav2,72D,32,72,canonical_finite,0.6171812415122986,0.9916201117318436,0.9149484536082474,0.9517426273458444,0.0005278901988386,57,22389,3796,6071,6031,289,274,270,4,19,5738,0.9854014598540146,0.9342560553633218,0.0006966213862765,0.9591474245115452
internvl3_vqav2,internvl3,vqav2,72D,32,72,full,0.6171812415122986,0.9916201117318436,0.9149484536082474,0.9517426273458444,0.0005278901988386,57,22389,3796,6071,6086,344,329,325,4,19,5738,0.9878419452887538,0.9447674418604652,0.0006966213862765,0.9658246656760772
llava15_earthvqa,llava15,earthvqa,72D,32,72,canonical_finite,0.5226707458496094,0.9914529914529916,0.943089430894309,0.9666666666666668,0.0001765848490199,4,22878,4047,5786,5697,42,35,33,2,9,5653,0.9428571428571428,0.7857142857142857,0.0003536693191865,0.8571428571428571
llava15_earthvqa,llava15,earthvqa,72D,32,72,full,0.5226707458496094,0.9914529914529916,0.943089430894309,0.9666666666666668,0.0001765848490199,4,22878,4047,5786,5786,131,124,122,2,9,5653,0.9838709677419356,0.931297709923664,0.0003536693191865,0.9568627450980391
llava15_lingoqa,llava15,lingoqa,72D,32,72,canonical_finite,0.4993852078914642,0.9801980198019802,0.9428571428571428,0.9611650485436892,0.0003493449781659,5,22762,4070,5830,5744,54,37,34,3,20,5687,0.918918918918919,0.6296296296296297,0.0005272407732864,0.7472527472527473
llava15_lingoqa,llava15,lingoqa,72D,32,72,full,0.4993852078914642,0.9801980198019802,0.9428571428571428,0.9611650485436892,0.0003493449781659,5,22762,4070,5830,5830,140,123,120,3,20,5687,0.975609756097561,0.8571428571428571,0.0005272407732864,0.9125475285171104
llava15_vqav2,llava15,vqav2,72D,32,72,canonical_finite,0.1824506819248199,1.0,0.9047619047619048,0.95,0.0,354,22394,3806,6071,6013,43,63,27,36,16,5934,0.4285714285714285,0.627906976744186,0.0060301507537688,0.5094339622641509
llava15_vqav2,llava15,vqav2,72D,32,72,full,0.1824506819248199,1.0,0.9047619047619048,0.95,0.0,354,22394,3806,6071,6094,124,144,108,36,16,5934,0.75,0.8709677419354839,0.0060301507537688,0.8059701492537313
qwen25_vl_earthvqa,qwen25_vl,earthvqa,72D,32,72,canonical_finite,0.4938178360462188,0.9625,0.8901734104046243,0.924924924924925,0.0010702818408847,35,22831,4041,5779,5717,114,115,104,11,10,5592,0.9043478260869564,0.912280701754386,0.0019632339817954,0.9082969432314412
qwen25_vl_earthvqa,qwen25_vl,earthvqa,72D,32,72,full,0.4938178360462188,0.9625,0.8901734104046243,0.924924924924925,0.0010702818408847,35,22831,4041,5779,5772,169,170,159,11,10,5592,0.9352941176470588,0.940828402366864,0.0019632339817954,0.9380530973451328
qwen25_vl_lingoqa,qwen25_vl,lingoqa,72D,32,72,canonical_finite,0.5092421770095825,1.0,0.9171974522292994,0.956810631229236,0.0,8,22745,4067,5830,5786,141,129,105,24,36,5621,0.813953488372093,0.7446808510638298,0.0042515500442869,0.7777777777777778
qwen25_vl_lingoqa,qwen25_vl,lingoqa,72D,32,72,full,0.5092421770095825,1.0,0.9171974522292994,0.956810631229236,0.0,8,22745,4067,5830,5824,179,167,143,24,36,5621,0.8562874251497006,0.7988826815642458,0.0042515500442869,0.8265895953757225
qwen25_vl_vqav2,qwen25_vl,vqav2,72D,32,72,canonical_finite,0.529394805431366,1.0,0.675531914893617,0.8063492063492063,0.0,10,22380,3802,6057,6035,141,88,87,1,54,5893,0.9886363636363636,0.6170212765957447,0.000169664065151,0.759825327510917
qwen25_vl_vqav2,qwen25_vl,vqav2,72D,32,72,full,0.529394805431366,1.0,0.675531914893617,0.8063492063492063,0.0,10,22380,3802,6057,6084,190,137,136,1,54,5893,0.9927007299270072,0.7157894736842105,0.000169664065151,0.8318042813455657
