job,model,dataset,metric,src_layer,tgt_layer,sdc_group,rows,semantic_groups,finite_rows,non_finite_rows,non_finite_rate,mean_value,median_value,std_value,q25_value,q75_value,mean_ci95_low,mean_ci95_high,evidence
qwen25_vl_earthvqa,Qwen2.5-VL-7B,EarthVQA,cos_sim,0,1,non_sdc,5540,375,5540,0,0.0,0.8475635380445157,0.8528943911194802,0.036060361003497174,0.8288865053937549,0.8734962989886602,0.8447334614663787,0.8504302033102936,adequate
qwen25_vl_earthvqa,Qwen2.5-VL-7B,EarthVQA,cos_sim,0,1,non_significant_sdc,1723,315,1723,0,0.0,0.8443318148142088,0.8500844580786568,0.0381563156109491,0.827416471640269,0.8683045889650072,0.8407800321126012,0.8477483587857463,adequate
qwen25_vl_earthvqa,Qwen2.5-VL-7B,EarthVQA,cos_sim,0,1,significant_sdc,224,122,184,40,0.1785714285714286,0.3927509726633692,0.25962991434700633,0.25226404209184744,0.25065685215653205,0.49603769836985334,0.33005250310525686,0.4534479390395445,adequate
qwen25_vl_earthvqa,Qwen2.5-VL-7B,EarthVQA,cos_sim,1,2,non_sdc,5540,375,5540,0,0.0,0.8424899423864483,0.8424514432748158,0.04149060760315757,0.811337251663208,0.8768851346138752,0.8397370078965913,0.8452394057362365,adequate
qwen25_vl_earthvqa,Qwen2.5-VL-7B,EarthVQA,cos_sim,1,2,non_significant_sdc,1723,315,1723,0,0.0,0.8334131126364622,0.8337763905525207,0.047523004675767345,0.8060695792619998,0.8651167789432738,0.8291000710142743,0.8376978941680999,adequate
qwen25_vl_earthvqa,Qwen2.5-VL-7B,EarthVQA,cos_sim,1,2,significant_sdc,224,121,181,43,0.1919642857142857,0.19155974106401313,-0.007114962351565458,0.34152159784218017,-0.018869666572736234,0.2756813591232105,0.10599660407636269,0.2739781463912608,adequate
qwen25_vl_earthvqa,Qwen2.5-VL-7B,EarthVQA,cos_sim,2,3,non_sdc,5540,375,5540,0,0.0,0.786543376326382,0.7928011959249323,0.049744884126416755,0.7557674243368886,0.8219774449244142,0.7827319344612337,0.7902743138139,adequate
qwen25_vl_earthvqa,Qwen2.5-VL-7B,EarthVQA,cos_sim,2,3,non_significant_sdc,1723,315,1723,0,0.0,0.7747875252048875,0.7797343160795129,0.05067126094604506,0.744428727518567,0.8097391312321027,0.7699614580184875,0.7795047040094752,adequate
qwen25_vl_earthvqa,Qwen2.5-VL-7B,EarthVQA,cos_sim,2,3,significant_sdc,224,121,183,41,0.1830357142857143,0.3451785610064779,0.24610326758452825,0.21186330500238723,0.23412711538222372,0.2969632746056229,0.2940550011091671,0.3944463406925279,adequate
qwen25_vl_earthvqa,Qwen2.5-VL-7B,EarthVQA,cos_sim,3,4,non_sdc,5540,375,5540,0,0.0,0.8453806521626414,0.8503184158068438,0.037435800832367215,0.8225729732463757,0.8721409626305103,0.8424833502508962,0.8482660852179204,adequate
qwen25_vl_earthvqa,Qwen2.5-VL-7B,EarthVQA,cos_sim,3,4,non_significant_sdc,1723,315,1723,0,0.0,0.8379710511457965,0.8413052525785234,0.03887409015441988,0.815729477575847,0.8625561788126275,0.8341279734575449,0.8418287202676902,adequate
qwen25_vl_earthvqa,Qwen2.5-VL-7B,EarthVQA,cos_sim,3,4,significant_sdc,224,119,179,45,0.2008928571428571,0.5120788748154775,0.45804191487176077,0.19045155256673488,0.4506297652818719,0.48037466406822205,0.4674360971518163,0.5552979293156044,adequate
qwen25_vl_earthvqa,Qwen2.5-VL-7B,EarthVQA,cos_sim,4,5,non_sdc,5540,375,5540,0,0.0,0.8225512035840727,0.8281906309880709,0.03937790234859324,0.8023326198259989,0.8484107631224173,0.8195766679134885,0.8254961295912869,adequate
qwen25_vl_earthvqa,Qwen2.5-VL-7B,EarthVQA,cos_sim,4,5,non_significant_sdc,1723,315,1723,0,0.0,0.8149413945111434,0.8225815783847462,0.0469805135450202,0.7941236571623729,0.8422085009515285,0.8106511341978415,0.8189615589567515,adequate
qwen25_vl_earthvqa,Qwen2.5-VL-7B,EarthVQA,cos_sim,4,5,significant_sdc,224,116,175,49,0.21875,0.40685163338095304,0.3013387757296465,0.2154029811385237,0.29502682783165757,0.4118480797933073,0.35294147287554656,0.457035102537267,adequate
qwen25_vl_earthvqa,Qwen2.5-VL-7B,EarthVQA,cos_sim,5,6,non_sdc,5540,375,5540,0,0.0,0.8493373773244632,0.8566906750202179,0.034076211928556206,0.8297157356090713,0.874029214538279,0.8466430491070148,0.8519236899352859,adequate
qwen25_vl_earthvqa,Qwen2.5-VL-7B,EarthVQA,cos_sim,5,6,non_significant_sdc,1723,315,1723,0,0.0,0.8430579232961251,0.8524584003857204,0.041337272870119735,0.8236715582509835,0.8680584116985923,0.8393349047618879,0.8465726497737275,adequate
qwen25_vl_earthvqa,Qwen2.5-VL-7B,EarthVQA,cos_sim,5,6,significant_sdc,224,117,179,45,0.2008928571428571,0.2056725710594215,0.053173971457444895,0.38185500446012893,0.0432491441095742,0.4427506482722808,0.11286973442557907,0.29423057424766624,adequate
qwen25_vl_earthvqa,Qwen2.5-VL-7B,EarthVQA,cos_sim,6,7,non_sdc,5540,375,5540,0,0.0,0.7594249386033873,0.7659574121236801,0.06485200597023935,0.7201211198612496,0.8103371637535619,0.7548623344139016,0.764006945056942,adequate
qwen25_vl_earthvqa,Qwen2.5-VL-7B,EarthVQA,cos_sim,6,7,non_significant_sdc,1723,315,1723,0,0.0,0.7458299978222873,0.7499825870990753,0.06919545376224817,0.7060106641612947,0.789404422044754,0.7392570424481227,0.752193892514148,adequate
qwen25_vl_earthvqa,Qwen2.5-VL-7B,EarthVQA,cos_sim,6,7,significant_sdc,224,118,178,46,0.2053571428571429,0.3426372165441625,0.2969667342852573,0.21514720827665054,0.2728125051196132,0.3235819704678594,0.2918776383395936,0.3943615968580764,adequate
qwen25_vl_earthvqa,Qwen2.5-VL-7B,EarthVQA,cos_sim,7,8,non_sdc,5540,375,5540,0,0.0,0.8166376401190465,0.825601998430032,0.0514325355032226,0.7942923055245326,0.8526530177891255,0.8124211134352726,0.8206941951929394,adequate
qwen25_vl_earthvqa,Qwen2.5-VL-7B,EarthVQA,cos_sim,7,8,non_significant_sdc,1723,315,1723,0,0.0,0.8100359405014455,0.8190165442578933,0.05527797622089424,0.7841469231744607,0.8481402179037316,0.8044713690920559,0.81527512297942,adequate
qwen25_vl_earthvqa,Qwen2.5-VL-7B,EarthVQA,cos_sim,7,8,significant_sdc,224,116,176,48,0.2142857142857143,0.17796816817517097,-0.015013663516360886,0.32117999672168634,-0.027915991614667734,0.3115457881362412,0.09924240420087238,0.25358648418851487,adequate
qwen25_vl_earthvqa,Qwen2.5-VL-7B,EarthVQA,cos_sim,8,9,non_sdc,5540,375,5540,0,0.0,0.8759617806514445,0.8817295048918042,0.03249366369992229,0.8597931905704386,0.8975793149541407,0.8732973341330585,0.8785633035587233,adequate
qwen25_vl_earthvqa,Qwen2.5-VL-7B,EarthVQA,cos_sim,8,9,non_significant_sdc,1723,315,1723,0,0.0,0.8712020194978615,0.87568732102712,0.03628762329469405,0.8570832500332279,0.8927187696099281,0.8677348161378402,0.8745133132758662,adequate
qwen25_vl_earthvqa,Qwen2.5-VL-7B,EarthVQA,cos_sim,8,9,significant_sdc,224,113,170,54,0.2410714285714286,0.3291641456389832,0.08697194467317693,0.32439187276866804,0.0677853028327987,0.6660540183940072,0.251194513100321,0.40468816458190715,adequate
qwen25_vl_earthvqa,Qwen2.5-VL-7B,EarthVQA,cos_sim,9,10,non_sdc,5540,375,5540,0,0.0,0.8589018518480779,0.8654147585233053,0.03181213016665391,0.8444311569134394,0.8804606672908579,0.8562310318673664,0.8613820662179136,adequate
qwen25_vl_earthvqa,Qwen2.5-VL-7B,EarthVQA,cos_sim,9,10,non_significant_sdc,1723,315,1723,0,0.0,0.8536129175864736,0.8593443891276484,0.036410606458738684,0.8381950661888888,0.8766145990008399,0.8500702778371051,0.8569280315133816,adequate
qwen25_vl_earthvqa,Qwen2.5-VL-7B,EarthVQA,cos_sim,9,10,significant_sdc,224,113,167,57,0.2544642857142857,0.2891817989443641,0.1274827983306379,0.3237461850663279,0.09253556990273754,0.6993979946301695,0.20623277335322326,0.369957834975757,adequate
qwen25_vl_earthvqa,Qwen2.5-VL-7B,EarthVQA,cos_sim,10,11,non_sdc,5540,375,5540,0,0.0,0.836712328187847,0.8426327109336853,0.046132575805058106,0.8151544635617077,0.8695671941552844,0.833083483683788,0.8402514982365512,adequate
qwen25_vl_earthvqa,Qwen2.5-VL-7B,EarthVQA,cos_sim,10,11,non_significant_sdc,1723,315,1723,0,0.0,0.8304500346013686,0.8359249035517374,0.047758938760354475,0.8090482878684998,0.8600281836478028,0.8257995263609438,0.8348981138304853,adequate
qwen25_vl_earthvqa,Qwen2.5-VL-7B,EarthVQA,cos_sim,10,11,significant_sdc,224,111,166,58,0.2589285714285714,0.27135751888875986,0.11032684020013833,0.30326949162531164,0.09047027097596806,0.6620937288787805,0.19414574489356146,0.3490250185063659,adequate
qwen25_vl_earthvqa,Qwen2.5-VL-7B,EarthVQA,cos_sim,11,12,non_sdc,5540,375,5540,0,0.0,0.8736445488116473,0.8797395137841242,0.03461649187179763,0.8608373274867502,0.8948755072695869,0.8707091761985691,0.876439871558938,adequate
qwen25_vl_earthvqa,Qwen2.5-VL-7B,EarthVQA,cos_sim,11,12,non_significant_sdc,1723,315,1723,0,0.0,0.8688613412894323,0.8744933832259405,0.036728404172647604,0.8539364586993692,0.8913574118559857,0.8651326227485735,0.8723712046341651,adequate
qwen25_vl_earthvqa,Qwen2.5-VL-7B,EarthVQA,cos_sim,11,12,significant_sdc,224,112,166,58,0.2589285714285714,0.2843289512629964,0.20678374163654387,0.35943464879313997,0.18316596592966541,0.6721382227165309,0.1953169344852903,0.36872218986743593,adequate
qwen25_vl_earthvqa,Qwen2.5-VL-7B,EarthVQA,cos_sim,12,13,non_sdc,5540,375,5540,0,0.0,0.867207961595085,0.8721703059143491,0.03394802959717634,0.8544550410712274,0.8885035127401352,0.8641146658722928,0.8701225706375668,adequate
qwen25_vl_earthvqa,Qwen2.5-VL-7B,EarthVQA,cos_sim,12,13,non_significant_sdc,1723,315,1723,0,0.0,0.8646080236430052,0.8696190030486496,0.03583327311064024,0.8517379570698392,0.886932307168057,0.8610221027216798,0.8680314822638782,adequate
qwen25_vl_earthvqa,Qwen2.5-VL-7B,EarthVQA,cos_sim,12,13,significant_sdc,224,107,160,64,0.2857142857142857,0.35315050709325535,0.17068709102364218,0.2986515485586245,0.15615998723601202,0.7356252462144882,0.2733177768719333,0.4310529339138744,adequate
qwen25_vl_earthvqa,Qwen2.5-VL-7B,EarthVQA,cos_sim,13,14,non_sdc,5540,375,5540,0,0.0,0.8704341828889376,0.8755681344441005,0.02891401138208155,0.8597910469397902,0.8889331516623498,0.8678082297910084,0.8728531205258797,adequate
qwen25_vl_earthvqa,Qwen2.5-VL-7B,EarthVQA,cos_sim,13,14,non_significant_sdc,1723,315,1723,0,0.0,0.8692221923314253,0.8752118282847934,0.03293122870039265,0.857977132862195,0.8885453540267366,0.8658969740237116,0.8722267990356003,adequate
qwen25_vl_earthvqa,Qwen2.5-VL-7B,EarthVQA,cos_sim,13,14,significant_sdc,224,107,161,63,0.28125,0.26204803215277384,0.2552093125271554,0.4402039635856585,0.19075431267977977,0.7478925232534055,0.1596631238708557,0.36053373149175394,adequate
qwen25_vl_earthvqa,Qwen2.5-VL-7B,EarthVQA,cos_sim,14,15,non_sdc,5540,375,5540,0,0.0,0.867221895931455,0.870771935681248,0.02896891017724538,0.8498522263986094,0.8869965283767037,0.865028227017075,0.8693390208603748,adequate
qwen25_vl_earthvqa,Qwen2.5-VL-7B,EarthVQA,cos_sim,14,15,non_significant_sdc,1723,315,1723,0,0.0,0.862429624972579,0.8649264921744665,0.0349339750079366,0.8467060120387392,0.8821979479831562,0.859315245120486,0.8654643718742989,adequate
qwen25_vl_earthvqa,Qwen2.5-VL-7B,EarthVQA,cos_sim,14,15,significant_sdc,224,106,160,64,0.2857142857142857,0.38440943707393316,0.3106778034446191,0.28923738741742405,0.15906961391946034,0.750628032537985,0.30956726992300265,0.4565002649185493,adequate
qwen25_vl_earthvqa,Qwen2.5-VL-7B,EarthVQA,cos_sim,15,16,non_sdc,5540,375,5540,0,0.0,0.8520443440131009,0.8561162747442722,0.03104557766042835,0.8360425755381584,0.8740109653000669,0.8494531837903073,0.8546112315301463,adequate
qwen25_vl_earthvqa,Qwen2.5-VL-7B,EarthVQA,cos_sim,15,16,non_significant_sdc,1723,315,1723,0,0.0,0.8508034263408275,0.8546084976196289,0.0325092704177188,0.8369157612323761,0.87188490412452,0.8474504985394182,0.8539388283051322,adequate
qwen25_vl_earthvqa,Qwen2.5-VL-7B,EarthVQA,cos_sim,15,16,significant_sdc,224,107,160,64,0.2857142857142857,0.30684718867922844,0.2691807258798151,0.37736659616433116,0.03544600920428579,0.7619982964935758,0.216588569790173,0.392660739504354,adequate
qwen25_vl_earthvqa,Qwen2.5-VL-7B,EarthVQA,cos_sim,16,17,non_sdc,5540,375,5540,0,0.0,0.8230805448146022,0.8255185037851334,0.04467106861484345,0.794196922382618,0.8523693099325779,0.8197005188816299,0.8263592108002099,adequate
qwen25_vl_earthvqa,Qwen2.5-VL-7B,EarthVQA,cos_sim,16,17,non_significant_sdc,1723,315,1723,0,0.0,0.8200269060151089,0.8244160335996876,0.04445935125893303,0.7964499914559765,0.8485032612723964,0.8154917879084101,0.8243621591340056,adequate
qwen25_vl_earthvqa,Qwen2.5-VL-7B,EarthVQA,cos_sim,16,17,significant_sdc,224,102,154,70,0.3125,0.22965045980818052,0.20550469004986238,0.4141432704274965,-0.17227418454630034,0.7264967675877627,0.130211723969867,0.32643615257451153,adequate
qwen25_vl_earthvqa,Qwen2.5-VL-7B,EarthVQA,cos_sim,17,18,non_sdc,5540,375,5540,0,0.0,0.8302554784055888,0.8326331807507409,0.04179545907620349,0.8063885545866056,0.8595782078993626,0.8269454085561656,0.8335193914768498,adequate
qwen25_vl_earthvqa,Qwen2.5-VL-7B,EarthVQA,cos_sim,17,18,non_significant_sdc,1723,315,1723,0,0.0,0.8247947317684154,0.8287565767765045,0.04461309743405127,0.8015145542608066,0.8536580209744805,0.8203533158633435,0.8291993745308417,adequate
qwen25_vl_earthvqa,Qwen2.5-VL-7B,EarthVQA,cos_sim,17,18,significant_sdc,224,99,150,74,0.3303571428571429,0.4407877724108034,0.3636094467068205,0.2199692544701017,0.30512707294630154,0.7015354406952675,0.3839414583617634,0.4947505035621881,adequate
qwen25_vl_earthvqa,Qwen2.5-VL-7B,EarthVQA,cos_sim,18,19,non_sdc,5540,375,5540,0,0.0,0.8895619963439685,0.8930976785945169,0.026280054296207438,0.8778380930423736,0.9075556627728723,0.8873249641429454,0.8916445665308177,adequate
qwen25_vl_earthvqa,Qwen2.5-VL-7B,EarthVQA,cos_sim,18,19,non_significant_sdc,1723,315,1723,0,0.0,0.8876225749043112,0.8915552454335349,0.0273838367867952,0.876061792174975,0.9055207507477866,0.8848212988614408,0.8902700923860382,adequate
qwen25_vl_earthvqa,Qwen2.5-VL-7B,EarthVQA,cos_sim,18,19,significant_sdc,224,102,151,73,0.3258928571428571,0.6246455045827872,0.6858114040627772,0.2083140515357519,0.47847777878751563,0.8128335121132079,0.5772200582367815,0.6675363742108468,adequate
qwen25_vl_earthvqa,Qwen2.5-VL-7B,EarthVQA,cos_sim,19,20,non_sdc,5540,375,5540,0,0.0,0.8386016646204838,0.8454789243638515,0.040290071120063095,0.8173308772966266,0.8670577213168144,0.8352264181480409,0.8418945057205833,adequate
qwen25_vl_earthvqa,Qwen2.5-VL-7B,EarthVQA,cos_sim,19,20,non_significant_sdc,1723,315,1723,0,0.0,0.8378748181330308,0.8438026659628924,0.039856476146357206,0.8168703603247801,0.8662583016686969,0.833532013912968,0.8420920563938549,adequate
qwen25_vl_earthvqa,Qwen2.5-VL-7B,EarthVQA,cos_sim,19,20,significant_sdc,224,95,143,81,0.3616071428571429,0.45258878314183687,0.6806510893666015,0.3408074395310943,0.08301071343677385,0.7565205537660723,0.37280097074586216,0.5247312904952994,adequate
qwen25_vl_earthvqa,Qwen2.5-VL-7B,EarthVQA,cos_sim,20,21,non_sdc,5540,375,5540,0,0.0,0.8714757451323538,0.875517874956131,0.03168113163515774,0.8548757691557208,0.8936109130199139,0.8686995084083418,0.8741870565456131,adequate
qwen25_vl_earthvqa,Qwen2.5-VL-7B,EarthVQA,cos_sim,20,21,non_significant_sdc,1723,315,1723,0,0.0,0.870110817340956,0.8735231533646584,0.031859464615332456,0.8535349289854091,0.8926930422584216,0.8666144874237552,0.8734515316705035,adequate
qwen25_vl_earthvqa,Qwen2.5-VL-7B,EarthVQA,cos_sim,20,21,significant_sdc,224,93,139,85,0.3794642857142857,0.6989929978055145,0.694277180700886,0.1507241286987915,0.6627431232102063,0.8294997144004573,0.6632729799317599,0.7302472894962029,adequate
qwen25_vl_earthvqa,Qwen2.5-VL-7B,EarthVQA,cos_sim,21,22,non_sdc,5540,375,5540,0,0.0,0.85239899221429,0.8568557761265682,0.03890764411110497,0.834655904450139,0.8785677508761485,0.8488517765976524,0.855672071930652,adequate
qwen25_vl_earthvqa,Qwen2.5-VL-7B,EarthVQA,cos_sim,21,22,non_significant_sdc,1723,315,1723,0,0.0,0.8499076176509575,0.8560971595622875,0.03967837646245532,0.8349057339966811,0.8728737650370156,0.8455084863022101,0.8538752568687901,adequate
qwen25_vl_earthvqa,Qwen2.5-VL-7B,EarthVQA,cos_sim,21,22,significant_sdc,224,90,137,87,0.3883928571428571,0.2848735609659309,0.16374749827141666,0.3601873792101849,-0.02619373319404466,0.7721281548341116,0.18201702079290613,0.38218873656332136,adequate
qwen25_vl_earthvqa,Qwen2.5-VL-7B,EarthVQA,cos_sim,22,23,non_sdc,5540,375,5540,0,0.0,0.8984453891008763,0.9020663648843765,0.02192452370819201,0.889486435731804,0.9121267501796995,0.8965334344231494,0.9002609153577461,adequate
qwen25_vl_earthvqa,Qwen2.5-VL-7B,EarthVQA,cos_sim,22,23,non_significant_sdc,1723,315,1723,0,0.0,0.8969388200833691,0.9013801586060297,0.02379044661089087,0.889709138490937,0.9105351120233536,0.8944151489325538,0.8992718478958512,adequate
qwen25_vl_earthvqa,Qwen2.5-VL-7B,EarthVQA,cos_sim,22,23,significant_sdc,224,87,133,91,0.40625,0.649748965545964,0.5749360991983997,0.17633290666880233,0.5658479685686073,0.8675080786148707,0.6000527016052829,0.6949623967910968,adequate
qwen25_vl_earthvqa,Qwen2.5-VL-7B,EarthVQA,cos_sim,23,24,non_sdc,5540,375,5540,0,0.0,0.8801284687644187,0.885701698064804,0.0316174999136164,0.8664851250156523,0.9010474464263428,0.8772574847368428,0.8828507546308737,adequate
qwen25_vl_earthvqa,Qwen2.5-VL-7B,EarthVQA,cos_sim,23,24,non_significant_sdc,1723,315,1723,0,0.0,0.8792588627303944,0.8843064932596116,0.03199368999417045,0.864443919488362,0.9000301065899077,0.8756521477405222,0.8825970179742829,adequate
qwen25_vl_earthvqa,Qwen2.5-VL-7B,EarthVQA,cos_sim,23,24,significant_sdc,224,86,131,93,0.4151785714285714,0.5698868218943297,0.46531069339538106,0.22357648446267048,0.4374328544553445,0.8156400596102078,0.5094842951704684,0.6264890066696602,adequate
qwen25_vl_earthvqa,Qwen2.5-VL-7B,EarthVQA,cos_sim,24,25,non_sdc,5540,375,5540,0,0.0,0.905349738663995,0.9090950657964236,0.0260202324394893,0.8933519007777979,0.9245690221969898,0.9031698040419597,0.9074846341606745,adequate
qwen25_vl_earthvqa,Qwen2.5-VL-7B,EarthVQA,cos_sim,24,25,non_significant_sdc,1723,315,1723,0,0.0,0.9045293462533524,0.909252201517423,0.02794021191135821,0.8936232224891061,0.9219285440795562,0.9018230004704834,0.9071033400935518,adequate
qwen25_vl_earthvqa,Qwen2.5-VL-7B,EarthVQA,cos_sim,24,25,significant_sdc,224,84,128,96,0.4285714285714286,0.7316028150801581,0.720890934370002,0.16866826008845245,0.7125807091289637,0.8616478436936935,0.691645401717481,0.7668282483529779,adequate
qwen25_vl_earthvqa,Qwen2.5-VL-7B,EarthVQA,cos_sim,25,26,non_sdc,5540,375,5540,0,0.0,0.9452395969573637,0.9485964312737167,0.016463350238775324,0.937596785219816,0.9568624502349748,0.9438523872971293,0.9465909621302553,adequate
qwen25_vl_earthvqa,Qwen2.5-VL-7B,EarthVQA,cos_sim,25,26,non_significant_sdc,1723,315,1723,0,0.0,0.9449518824929269,0.9481256777240384,0.01798190666131052,0.9387824013829231,0.9551018532635509,0.9432585013751482,0.9465583272460957,adequate
qwen25_vl_earthvqa,Qwen2.5-VL-7B,EarthVQA,cos_sim,25,26,significant_sdc,224,85,127,97,0.4330357142857143,0.7064941777906625,0.6820309989306391,0.2324916887629684,0.648576161435032,0.9333782027597013,0.6448033366748036,0.7600620031233946,adequate
qwen25_vl_earthvqa,Qwen2.5-VL-7B,EarthVQA,cos_sim,26,27,non_sdc,5540,375,5540,0,0.0,0.986995917927315,0.9880514609748903,0.0052921924241734145,0.9850135517740681,0.990395007081903,0.9865646784321601,0.9874199777914359,adequate
qwen25_vl_earthvqa,Qwen2.5-VL-7B,EarthVQA,cos_sim,26,27,non_significant_sdc,1723,315,1723,0,0.0,0.9859352405405629,0.9876836156845092,0.009214307512736305,0.9842069286202628,0.9898523425354677,0.985110298278139,0.9866607058205075,adequate
qwen25_vl_earthvqa,Qwen2.5-VL-7B,EarthVQA,cos_sim,26,27,significant_sdc,224,83,123,101,0.4508928571428571,0.737939751042295,0.6841298390407952,0.2378593122448502,0.6787296247725584,0.979954879892909,0.674259572576595,0.7920938959134919,adequate
qwen25_vl_lingoqa,Qwen2.5-VL-7B,LingoQA,cos_sim,0,1,non_sdc,5906,75,5906,0,0.0,0.801100978314858,0.7987159490585327,0.05001913305477622,0.7727109829584757,0.8352055366222675,0.7912603948381157,0.8110673318997583,adequate
qwen25_vl_lingoqa,Qwen2.5-VL-7B,LingoQA,cos_sim,0,1,non_significant_sdc,1327,73,1327,0,0.0,0.792326154177614,0.7929926199071547,0.044251906611642924,0.7660352802938886,0.8221754237772927,0.7819365092768605,0.8028553224473123,adequate
qwen25_vl_lingoqa,Qwen2.5-VL-7B,LingoQA,cos_sim,0,1,significant_sdc,264,67,216,48,0.18181818181818177,0.3870808811425167,0.23250260249692567,0.24937365202001271,0.21768263347294867,0.712636003891627,0.29241698679493827,0.461473758261048,adequate
qwen25_vl_lingoqa,Qwen2.5-VL-7B,LingoQA,cos_sim,1,2,non_sdc,5906,75,5906,0,0.0,0.77634948282799,0.7786993563368723,0.05659653752658541,0.741156317293644,0.8198250817755858,0.7643855342938083,0.7877161859848975,adequate
qwen25_vl_lingoqa,Qwen2.5-VL-7B,LingoQA,cos_sim,1,2,non_significant_sdc,1327,73,1327,0,0.0,0.7658037563911675,0.7702824017580818,0.05191263959590185,0.7366574650959057,0.7959754700388979,0.7543756366409489,0.7769570393179648,adequate
qwen25_vl_lingoqa,Qwen2.5-VL-7B,LingoQA,cos_sim,1,2,significant_sdc,264,66,214,50,0.18939393939393945,0.21637842151112915,0.014286515055870523,0.32739646879927625,-0.0027212250635636095,0.675434177617232,0.0948472058007071,0.3161891929366334,adequate
qwen25_vl_lingoqa,Qwen2.5-VL-7B,LingoQA,cos_sim,2,3,non_sdc,5906,75,5906,0,0.0,0.7066010981272322,0.7097654975950718,0.08033208692670438,0.6564435541045432,0.7581965501109759,0.6903972670541526,0.7225515184941917,adequate
qwen25_vl_lingoqa,Qwen2.5-VL-7B,LingoQA,cos_sim,2,3,non_significant_sdc,1327,73,1327,0,0.0,0.690077575786068,0.7080825989445051,0.06933897319889595,0.6484528883643772,0.7343006352583568,0.6728164338130033,0.7058608454817905,adequate
qwen25_vl_lingoqa,Qwen2.5-VL-7B,LingoQA,cos_sim,2,3,significant_sdc,264,67,212,52,0.19696969696969702,0.3785678994416327,0.2855018068637167,0.19847071722714127,0.27156364613649797,0.5647263730565707,0.3003738615239223,0.4414787626163505,adequate
qwen25_vl_lingoqa,Qwen2.5-VL-7B,LingoQA,cos_sim,3,4,non_sdc,5906,75,5906,0,0.0,0.7825500711343083,0.7881577253341675,0.05119917786509527,0.7453758948379092,0.8176141427829862,0.7721602343156683,0.7927250277482079,adequate
qwen25_vl_lingoqa,Qwen2.5-VL-7B,LingoQA,cos_sim,3,4,non_significant_sdc,1327,73,1327,0,0.0,0.7700801063832976,0.7723567022217644,0.04868452853212302,0.7356027135482202,0.8047277977069218,0.7587488240651529,0.7818245923575518,adequate
qwen25_vl_lingoqa,Qwen2.5-VL-7B,LingoQA,cos_sim,3,4,significant_sdc,264,67,209,55,0.20833333333333337,0.47066002235355525,0.3872377367652192,0.17708842364573554,0.3702860699624431,0.6519675413767497,0.4053473667290005,0.5239092562644951,adequate
qwen25_vl_lingoqa,Qwen2.5-VL-7B,LingoQA,cos_sim,4,5,non_sdc,5906,75,5906,0,0.0,0.7520951676713725,0.750937493223893,0.06682495048528413,0.7058729223229668,0.7996751643144168,0.7379093640735508,0.7659478553807165,adequate
qwen25_vl_lingoqa,Qwen2.5-VL-7B,LingoQA,cos_sim,4,5,non_significant_sdc,1327,73,1327,0,0.0,0.7306017806850065,0.7283549457788467,0.06840554360348657,0.6877992541875158,0.7780601690626807,0.7143144208047579,0.7476317888048107,adequate
qwen25_vl_lingoqa,Qwen2.5-VL-7B,LingoQA,cos_sim,4,5,significant_sdc,264,67,205,59,0.2234848484848485,0.3609710051726971,0.2325070865300237,0.231480014422963,0.1989461156178494,0.611106541894731,0.27732671016005916,0.4278505496103942,adequate
qwen25_vl_lingoqa,Qwen2.5-VL-7B,LingoQA,cos_sim,5,6,non_sdc,5906,75,5906,0,0.0,0.7998584674603622,0.8056248360209994,0.04098510481554533,0.7781300562269547,0.8243131408324609,0.7920439981646485,0.8075484630004186,adequate
qwen25_vl_lingoqa,Qwen2.5-VL-7B,LingoQA,cos_sim,5,6,non_significant_sdc,1327,73,1327,0,0.0,0.7931332540365417,0.8006333573298021,0.043587139129737724,0.7680399839083354,0.8210542684903852,0.7854260529166254,0.8007009076729508,adequate
qwen25_vl_lingoqa,Qwen2.5-VL-7B,LingoQA,cos_sim,5,6,significant_sdc,264,67,202,62,0.23484848484848486,0.32644266686996576,0.21017235137370166,0.3250364801042958,0.18258661256000705,0.7334852447876563,0.2084280069125416,0.41816747651935626,adequate
qwen25_vl_lingoqa,Qwen2.5-VL-7B,LingoQA,cos_sim,6,7,non_sdc,5906,75,5906,0,0.0,0.6627343541751746,0.6623216867446899,0.09271935568394891,0.6044164695418798,0.7107865564963397,0.6437316097263175,0.6815565841386652,adequate
qwen25_vl_lingoqa,Qwen2.5-VL-7B,LingoQA,cos_sim,6,7,non_significant_sdc,1327,73,1327,0,0.0,0.64218632253704,0.6428967818617821,0.07384407035373304,0.5978554176787536,0.6842047153484254,0.6266738352224259,0.6583602712357618,adequate
qwen25_vl_lingoqa,Qwen2.5-VL-7B,LingoQA,cos_sim,6,7,significant_sdc,264,66,204,60,0.2272727272727273,0.37181542244447796,0.34415296503171633,0.19507585095375796,0.31291341929867555,0.5458048640821989,0.30272848511974576,0.4289317603581806,adequate
qwen25_vl_lingoqa,Qwen2.5-VL-7B,LingoQA,cos_sim,7,8,non_sdc,5906,75,5906,0,0.0,0.6630959839532871,0.6570279975732167,0.09606277798735247,0.5947130673948456,0.7284426938455839,0.6425890307395581,0.6837865887424232,adequate
qwen25_vl_lingoqa,Qwen2.5-VL-7B,LingoQA,cos_sim,7,8,non_significant_sdc,1327,73,1327,0,0.0,0.6416581781678623,0.6314292470614116,0.08676186207017501,0.5899975316392051,0.7040855785210927,0.6204394995632421,0.6630750950621076,adequate
qwen25_vl_lingoqa,Qwen2.5-VL-7B,LingoQA,cos_sim,7,8,significant_sdc,264,63,197,67,0.2537878787878788,0.25751468850831927,0.1520577893421358,0.2282305051867324,0.12662014935393723,0.4838231149173918,0.1725757326665587,0.3257785201283934,adequate
qwen25_vl_lingoqa,Qwen2.5-VL-7B,LingoQA,cos_sim,8,9,non_sdc,5906,75,5906,0,0.0,0.7936568183190574,0.7975542147954305,0.050857051808727856,0.763561895205861,0.832069571201618,0.7833879907960224,0.8037859295945795,adequate
qwen25_vl_lingoqa,Qwen2.5-VL-7B,LingoQA,cos_sim,8,9,non_significant_sdc,1327,73,1327,0,0.0,0.7840466699864853,0.7823061347007751,0.049722008235857124,0.7608029217079835,0.8170506728357738,0.7735952731559753,0.7949251930090702,adequate
qwen25_vl_lingoqa,Qwen2.5-VL-7B,LingoQA,cos_sim,8,9,significant_sdc,264,61,190,74,0.2803030303030303,0.3679063352278843,0.2106196092066298,0.300177348337428,0.11464030359282482,0.7672625375645501,0.2560474945083206,0.4602348565971913,adequate
qwen25_vl_lingoqa,Qwen2.5-VL-7B,LingoQA,cos_sim,9,10,non_sdc,5906,75,5906,0,0.0,0.7638345933009993,0.7710208720282504,0.05904343382506429,0.7315172891996123,0.8009898136643803,0.7509868555932459,0.7757534118517209,adequate
qwen25_vl_lingoqa,Qwen2.5-VL-7B,LingoQA,cos_sim,9,10,non_significant_sdc,1327,73,1327,0,0.0,0.7511802784340382,0.7603073091734023,0.0536306955307524,0.7233986620392118,0.781322674618827,0.7394954114697508,0.7628430638302048,adequate
qwen25_vl_lingoqa,Qwen2.5-VL-7B,LingoQA,cos_sim,9,10,significant_sdc,264,60,186,78,0.2954545454545454,0.3455717397052279,0.22793891729444873,0.25174910893898256,0.18775870899992936,0.6339049703545041,0.24312196265099417,0.42338781441516476,adequate
qwen25_vl_lingoqa,Qwen2.5-VL-7B,LingoQA,cos_sim,10,11,non_sdc,5906,75,5906,0,0.0,0.7327965668095485,0.7381057590246201,0.07476602974713259,0.6809161911408107,0.7867738322207802,0.7170273899656769,0.7483915276974992,adequate
qwen25_vl_lingoqa,Qwen2.5-VL-7B,LingoQA,cos_sim,10,11,non_significant_sdc,1327,73,1327,0,0.0,0.719704140850897,0.7142051855723063,0.07315157061485773,0.6701399702578783,0.773211020231247,0.7018388097064194,0.7376998124847797,adequate
qwen25_vl_lingoqa,Qwen2.5-VL-7B,LingoQA,cos_sim,10,11,significant_sdc,264,59,184,80,0.303030303030303,0.2466781556888277,0.10007302395581287,0.32985013531795077,0.07161765849711943,0.6575195101045427,0.112175409205551,0.3546436758468448,adequate
qwen25_vl_lingoqa,Qwen2.5-VL-7B,LingoQA,cos_sim,11,12,non_sdc,5906,75,5906,0,0.0,0.7852450769646694,0.7912175783089228,0.05667713203922252,0.747167706489563,0.8291513413190842,0.7728967702144568,0.7970104605260111,adequate
qwen25_vl_lingoqa,Qwen2.5-VL-7B,LingoQA,cos_sim,11,12,non_significant_sdc,1327,73,1327,0,0.0,0.7727186938765581,0.7772421658039093,0.056429357202299774,0.7385373872518539,0.8151057594352298,0.7583512424475221,0.7866882234895052,adequate
qwen25_vl_lingoqa,Qwen2.5-VL-7B,LingoQA,cos_sim,11,12,significant_sdc,264,60,180,84,0.31818181818181823,0.3312545358742837,0.19331989954320752,0.3213812659803984,0.14982124678410436,0.7173886828952365,0.198266396048541,0.43295328189324883,adequate
qwen25_vl_lingoqa,Qwen2.5-VL-7B,LingoQA,cos_sim,12,13,non_sdc,5906,75,5906,0,0.0,0.8100552344252826,0.8167578535420554,0.054497259252637396,0.7799049574595232,0.8503189669414,0.7987165193270045,0.8206934713670487,adequate
qwen25_vl_lingoqa,Qwen2.5-VL-7B,LingoQA,cos_sim,12,13,non_significant_sdc,1327,73,1327,0,0.0,0.797207701939995,0.8066485737051282,0.05725066363991414,0.7575562030076981,0.8375055805708354,0.7826006365852448,0.8113792227123119,adequate
qwen25_vl_lingoqa,Qwen2.5-VL-7B,LingoQA,cos_sim,12,13,significant_sdc,264,59,173,91,0.3446969696969697,0.4304926575825065,0.3323727371741314,0.26553318370020496,0.19978346348721154,0.737089869521913,0.3196621509999272,0.5134756240957392,adequate
qwen25_vl_lingoqa,Qwen2.5-VL-7B,LingoQA,cos_sim,13,14,non_sdc,5906,75,5906,0,0.0,0.7930564302408989,0.802703645080328,0.0638397650667399,0.7596110573836735,0.8429386869072915,0.7790586856815052,0.8064049551103435,adequate
qwen25_vl_lingoqa,Qwen2.5-VL-7B,LingoQA,cos_sim,13,14,non_significant_sdc,1327,73,1327,0,0.0,0.7813655817237269,0.7875354707241058,0.05963580667893345,0.7466655444531214,0.8284715125763338,0.7677478897684438,0.7950021581611879,adequate
qwen25_vl_lingoqa,Qwen2.5-VL-7B,LingoQA,cos_sim,13,14,significant_sdc,264,58,168,96,0.36363636363636365,0.34675938001292556,0.33287138535584115,0.38349111767930705,0.2946091577866856,0.7060292832967308,0.200770278858019,0.45461022191114364,adequate
qwen25_vl_lingoqa,Qwen2.5-VL-7B,LingoQA,cos_sim,14,15,non_sdc,5906,75,5906,0,0.0,0.8050326570021796,0.8110744178295135,0.04721086346705954,0.7824762887543156,0.8380883232905314,0.7951821575346086,0.8140891536320688,adequate
qwen25_vl_lingoqa,Qwen2.5-VL-7B,LingoQA,cos_sim,14,15,non_significant_sdc,1327,73,1327,0,0.0,0.7983459213403423,0.8034698208173116,0.048238230843682006,0.7803261606395244,0.8285885017517715,0.7880163320519141,0.8077486554500065,adequate
qwen25_vl_lingoqa,Qwen2.5-VL-7B,LingoQA,cos_sim,14,15,significant_sdc,264,58,172,92,0.3484848484848485,0.42701177368259247,0.3901709670923194,0.2744977740527721,0.2455972026016715,0.746476971440845,0.3127099670395416,0.5163672115347034,adequate
qwen25_vl_lingoqa,Qwen2.5-VL-7B,LingoQA,cos_sim,15,16,non_sdc,5906,75,5906,0,0.0,0.7833319241280937,0.785273718206506,0.05481699411429128,0.7479998421143084,0.8256119675558022,0.7717320598404096,0.7944480626771717,adequate
qwen25_vl_lingoqa,Qwen2.5-VL-7B,LingoQA,cos_sim,15,16,non_significant_sdc,1327,73,1327,0,0.0,0.7765607130077414,0.782037405591262,0.05785498458945011,0.7473928942566825,0.8143238572106846,0.764461912009838,0.7884838318203127,adequate
qwen25_vl_lingoqa,Qwen2.5-VL-7B,LingoQA,cos_sim,15,16,significant_sdc,264,57,169,95,0.35984848484848486,0.39636873348699614,0.4366363597159483,0.36390177474381513,0.33704767915971423,0.7333235400063651,0.2530548888291394,0.5041936023277009,adequate
qwen25_vl_lingoqa,Qwen2.5-VL-7B,LingoQA,cos_sim,16,17,non_sdc,5906,75,5906,0,0.0,0.7581284488555539,0.7595594381292661,0.06339497828971938,0.7234286358579993,0.8081088165442148,0.7448207052127697,0.7710372835074975,adequate
qwen25_vl_lingoqa,Qwen2.5-VL-7B,LingoQA,cos_sim,16,17,non_significant_sdc,1327,73,1327,0,0.0,0.7527363603605899,0.7607753802748287,0.05834819732340076,0.7189933284757217,0.7949816573258729,0.7395395503859024,0.7656991443511029,adequate
qwen25_vl_lingoqa,Qwen2.5-VL-7B,LingoQA,cos_sim,16,17,significant_sdc,264,57,169,95,0.35984848484848486,0.27478806484258156,0.19706146061724547,0.38437890586717127,0.04516919206219668,0.6924672524134318,0.11417803076947655,0.3964707562352553,adequate
qwen25_vl_lingoqa,Qwen2.5-VL-7B,LingoQA,cos_sim,17,18,non_sdc,5906,75,5906,0,0.0,0.7485345076941741,0.7527607040745872,0.061758437957659125,0.7118702161312103,0.7914808708078721,0.7356751324459707,0.7607177567167527,adequate
qwen25_vl_lingoqa,Qwen2.5-VL-7B,LingoQA,cos_sim,17,18,non_significant_sdc,1327,73,1327,0,0.0,0.7321477564017153,0.7353156856868578,0.057121309415769934,0.6989914327859879,0.7655313685536385,0.7200100654525973,0.744818318838861,adequate
qwen25_vl_lingoqa,Qwen2.5-VL-7B,LingoQA,cos_sim,17,18,significant_sdc,264,57,166,98,0.3712121212121212,0.5494405660065858,0.5315813714144182,0.16517263119906436,0.47967200669250926,0.711664681278524,0.4898217778085772,0.5968156056322356,adequate
qwen25_vl_lingoqa,Qwen2.5-VL-7B,LingoQA,cos_sim,18,19,non_sdc,5906,75,5906,0,0.0,0.8308364517771147,0.8312385989272076,0.03523236980895135,0.8089197027055841,0.8580702009953951,0.8232672347133825,0.8381450070317719,adequate
qwen25_vl_lingoqa,Qwen2.5-VL-7B,LingoQA,cos_sim,18,19,non_significant_sdc,1327,73,1327,0,0.0,0.8224316314335772,0.8229360491037369,0.03349745114009733,0.8052616024017334,0.8439753241837025,0.8153258740604222,0.8297366327927175,adequate
qwen25_vl_lingoqa,Qwen2.5-VL-7B,LingoQA,cos_sim,18,19,significant_sdc,264,57,161,103,0.39015151515151514,0.6138171687704931,0.6614330532599468,0.19555885780469948,0.4522051683494023,0.76841578575281,0.5492505490313424,0.661427700300869,adequate
qwen25_vl_lingoqa,Qwen2.5-VL-7B,LingoQA,cos_sim,19,20,non_sdc,5906,75,5906,0,0.0,0.7594894779508694,0.7621322040898459,0.05505444629394587,0.7274186956882477,0.796697747233239,0.7474594305189983,0.770983619965821,adequate
qwen25_vl_lingoqa,Qwen2.5-VL-7B,LingoQA,cos_sim,19,20,non_significant_sdc,1327,73,1327,0,0.0,0.7527949029486233,0.7561910643297083,0.04683669534593271,0.7290284104290463,0.779187334492093,0.7429482864491294,0.7626484411670637,adequate
qwen25_vl_lingoqa,Qwen2.5-VL-7B,LingoQA,cos_sim,19,20,significant_sdc,264,56,157,107,0.4053030303030303,0.4669087181043599,0.6687591489480467,0.3595422929034983,0.0,0.7278367804021252,0.3564968101613861,0.5447975792395535,adequate
qwen25_vl_lingoqa,Qwen2.5-VL-7B,LingoQA,cos_sim,20,21,non_sdc,5906,75,5906,0,0.0,0.7915104494534908,0.791106281372217,0.05318056074311076,0.7656548793117206,0.827399636737325,0.7804159998632915,0.8018414747272647,adequate
qwen25_vl_lingoqa,Qwen2.5-VL-7B,LingoQA,cos_sim,20,21,non_significant_sdc,1327,73,1327,0,0.0,0.7824655743280351,0.7845202452606626,0.050208880266092985,0.7607227514187496,0.8131102005108481,0.7713782322160212,0.7934602559412145,adequate
qwen25_vl_lingoqa,Qwen2.5-VL-7B,LingoQA,cos_sim,20,21,significant_sdc,264,54,154,110,0.41666666666666663,0.5004014026941567,0.5669984689050791,0.2615728117133912,0.16606653048371783,0.720493308490231,0.39731041059059413,0.5761157779885908,adequate
qwen25_vl_lingoqa,Qwen2.5-VL-7B,LingoQA,cos_sim,21,22,non_sdc,5906,75,5906,0,0.0,0.7596337547118629,0.7572426497936249,0.06578640357650618,0.7204856180718967,0.8004839472910937,0.7455197306371012,0.7734322002224899,adequate
qwen25_vl_lingoqa,Qwen2.5-VL-7B,LingoQA,cos_sim,21,22,non_significant_sdc,1327,73,1327,0,0.0,0.7480150423445303,0.7465498256683349,0.057762105722877904,0.7195248618721961,0.7785218973954519,0.7341483208538366,0.7617963795187213,adequate
qwen25_vl_lingoqa,Qwen2.5-VL-7B,LingoQA,cos_sim,21,22,significant_sdc,264,53,152,112,0.4242424242424242,0.327791000535381,0.19368135100420641,0.317244843360416,0.025532033218412985,0.5960739575326444,0.1847675007722841,0.43187187486671275,adequate
qwen25_vl_lingoqa,Qwen2.5-VL-7B,LingoQA,cos_sim,22,23,non_sdc,5906,75,5906,0,0.0,0.8339247335495944,0.8359020090612925,0.04573665145604787,0.8040406595874618,0.861365710526428,0.8243687971800009,0.8433019285113603,adequate
qwen25_vl_lingoqa,Qwen2.5-VL-7B,LingoQA,cos_sim,22,23,non_significant_sdc,1327,73,1327,0,0.0,0.8268975832839669,0.8284291570836847,0.041410775778433155,0.8003115070717676,0.8560220540472956,0.8158950898664192,0.8374330797263395,adequate
qwen25_vl_lingoqa,Qwen2.5-VL-7B,LingoQA,cos_sim,22,23,significant_sdc,264,52,147,117,0.44318181818181823,0.6245091444854837,0.5777466637747628,0.17506557550905677,0.5152032144215642,0.7870905089836855,0.5539562272939819,0.6754157909021191,adequate
qwen25_vl_lingoqa,Qwen2.5-VL-7B,LingoQA,cos_sim,23,24,non_sdc,5906,75,5906,0,0.0,0.798682697587529,0.7936782594112789,0.05158349176774252,0.7587039315008692,0.8365699363012726,0.788187807211941,0.809765035610999,adequate
qwen25_vl_lingoqa,Qwen2.5-VL-7B,LingoQA,cos_sim,23,24,non_significant_sdc,1327,73,1327,0,0.0,0.7871901014102982,0.7847652756250821,0.047394466339030564,0.7579314956352824,0.8150298181507323,0.7762210160155308,0.7987506528529676,adequate
qwen25_vl_lingoqa,Qwen2.5-VL-7B,LingoQA,cos_sim,23,24,significant_sdc,264,52,144,120,0.4545454545454546,0.6209826278125377,0.6167734572473837,0.17222407228174103,0.5609483749282604,0.7301965890561833,0.5636855516840092,0.6638080120041292,adequate
qwen25_vl_lingoqa,Qwen2.5-VL-7B,LingoQA,cos_sim,24,25,non_sdc,5906,75,5906,0,0.0,0.8157804190154259,0.8138104031483332,0.05165620791952076,0.7801672940452894,0.8477979302406311,0.804821195871652,0.8263617321880544,adequate
qwen25_vl_lingoqa,Qwen2.5-VL-7B,LingoQA,cos_sim,24,25,non_significant_sdc,1327,73,1327,0,0.0,0.8036797620158778,0.809014835357666,0.045062678460644295,0.7751770054592806,0.8286793729976604,0.7931155358150723,0.8144750174631042,adequate
qwen25_vl_lingoqa,Qwen2.5-VL-7B,LingoQA,cos_sim,24,25,significant_sdc,264,50,139,125,0.4734848484848485,0.6816165524128114,0.7135891366978081,0.18729425565741434,0.7022443547540781,0.7588703105847041,0.6242839735412685,0.725571764763145,adequate
qwen25_vl_lingoqa,Qwen2.5-VL-7B,LingoQA,cos_sim,25,26,non_sdc,5906,75,5906,0,0.0,0.9062101423572815,0.9115223627998715,0.035346373753885864,0.8892317990816775,0.9303242416573752,0.8990307172543043,0.9131746863587521,adequate
qwen25_vl_lingoqa,Qwen2.5-VL-7B,LingoQA,cos_sim,25,26,non_significant_sdc,1327,73,1327,0,0.0,0.9031072010032817,0.909190890689691,0.03455452268799518,0.8901667899482852,0.9238117501687844,0.8957674406706065,0.909586996121241,adequate
qwen25_vl_lingoqa,Qwen2.5-VL-7B,LingoQA,cos_sim,25,26,significant_sdc,264,50,134,130,0.49242424242424243,0.6581049898043808,0.6511642245613799,0.2731961457686052,0.5344433957824901,0.8943016288372186,0.542474043911238,0.7335720563629015,adequate
qwen25_vl_lingoqa,Qwen2.5-VL-7B,LingoQA,cos_sim,26,27,non_sdc,5906,75,5906,0,0.0,0.9809698130979853,0.9828372311807866,0.010734849258656127,0.9779303556138819,0.9873119993342293,0.978951677552998,0.9828321546933078,adequate
qwen25_vl_lingoqa,Qwen2.5-VL-7B,LingoQA,cos_sim,26,27,non_significant_sdc,1327,73,1327,0,0.0,0.9791170431659596,0.9811116357644399,0.019841628408281364,0.9772833473041278,0.9845729753375053,0.977051023059462,0.9809146768184814,adequate
qwen25_vl_lingoqa,Qwen2.5-VL-7B,LingoQA,cos_sim,26,27,significant_sdc,264,49,126,138,0.5227272727272727,0.7796250663135234,0.6990995334119212,0.21923662444382205,0.6701894758307204,0.9796074138811002,0.6892778409883981,0.8367855806922933,adequate
qwen25_vl_vqav2,Qwen2.5-VL-7B,VQAv2,cos_sim,0,1,non_sdc,6331,133,6331,0,0.0,0.7597018407221928,0.7684763755117144,0.05324469914908484,0.7294468487563887,0.7973166520778949,0.7537760657461023,0.7653937427198532,adequate
qwen25_vl_vqav2,Qwen2.5-VL-7B,VQAv2,cos_sim,0,1,non_significant_sdc,911,112,911,0,0.0,0.7660974673509049,0.7693864173359342,0.046764870994255005,0.7418231513479661,0.7961551959698017,0.7582901011480608,0.7736077167927335,adequate
qwen25_vl_vqav2,Qwen2.5-VL-7B,VQAv2,cos_sim,0,1,significant_sdc,258,89,199,59,0.22868217054263562,0.30397215584335147,0.23744150540050196,0.18285341483650464,0.22904619757010014,0.24870017961579927,0.26424592808494574,0.34585912345492353,adequate
qwen25_vl_vqav2,Qwen2.5-VL-7B,VQAv2,cos_sim,1,2,non_sdc,6331,133,6331,0,0.0,0.7473536660275957,0.7535413959447075,0.05591287738128194,0.7176418734921349,0.7852906584739685,0.7393167880289995,0.7539511402769467,adequate
qwen25_vl_vqav2,Qwen2.5-VL-7B,VQAv2,cos_sim,1,2,non_significant_sdc,911,112,911,0,0.0,0.7450917912669746,0.7512548310416085,0.052341348475903396,0.7141651483252645,0.7788623596231143,0.7379585213873151,0.7526946000084019,adequate
qwen25_vl_vqav2,Qwen2.5-VL-7B,VQAv2,cos_sim,1,2,significant_sdc,258,89,197,61,0.23643410852713176,0.0952163265063004,-0.007315565736926332,0.25243193913673534,-0.021285935552144537,0.006140715461604449,0.041600098549334864,0.15014705500792244,adequate
qwen25_vl_vqav2,Qwen2.5-VL-7B,VQAv2,cos_sim,2,3,non_sdc,6331,133,6331,0,0.0,0.6622081595119904,0.6645404435694218,0.07869396880227875,0.6176810874180361,0.7149397350019879,0.6553543973935672,0.6689684396338378,adequate
qwen25_vl_vqav2,Qwen2.5-VL-7B,VQAv2,cos_sim,2,3,non_significant_sdc,911,112,911,0,0.0,0.6560894811479422,0.6523304004222155,0.07421316924280441,0.6098788257720125,0.7177168386174249,0.6442889104678076,0.6678533254501084,adequate
qwen25_vl_vqav2,Qwen2.5-VL-7B,VQAv2,cos_sim,2,3,significant_sdc,258,87,196,62,0.24031007751937983,0.4481611851975784,0.4495162337410207,0.12107429586475964,0.4378462540251868,0.465897586880898,0.42338189618261174,0.47251923374388116,adequate
qwen25_vl_vqav2,Qwen2.5-VL-7B,VQAv2,cos_sim,3,4,non_sdc,6331,133,6331,0,0.0,0.7114809316690475,0.7187989038579604,0.06536140350010955,0.6733724692693124,0.7562131583690643,0.7048034874430136,0.7177087161689593,adequate
qwen25_vl_vqav2,Qwen2.5-VL-7B,VQAv2,cos_sim,3,4,non_significant_sdc,911,112,911,0,0.0,0.7057479342702905,0.7148719821125269,0.06299630056768227,0.6755057902171694,0.7488183133742389,0.6963178464103524,0.714936690152469,adequate
qwen25_vl_vqav2,Qwen2.5-VL-7B,VQAv2,cos_sim,3,4,significant_sdc,258,84,192,66,0.2558139534883721,0.42306033647820773,0.39819620914605197,0.1339350699458239,0.3880317490928027,0.41331967468164404,0.3955192656824621,0.4512871725006804,adequate
qwen25_vl_vqav2,Qwen2.5-VL-7B,VQAv2,cos_sim,4,5,non_sdc,6331,133,6331,0,0.0,0.707610065154983,0.716882818688949,0.062008007878092464,0.6756217093986758,0.7502448633313179,0.7018483672654587,0.7132294182455214,adequate
qwen25_vl_vqav2,Qwen2.5-VL-7B,VQAv2,cos_sim,4,5,non_significant_sdc,911,112,911,0,0.0,0.7015254948868617,0.7139883855214486,0.0684079089495719,0.6721270103007555,0.7438368057472664,0.6921359645953771,0.7100399483903266,adequate
qwen25_vl_vqav2,Qwen2.5-VL-7B,VQAv2,cos_sim,4,5,significant_sdc,258,85,188,70,0.2713178294573644,0.34816964056228633,0.308893764505581,0.1600798782849285,0.2909094625133641,0.33409936878145957,0.31137169323950725,0.3859443219923914,adequate
qwen25_vl_vqav2,Qwen2.5-VL-7B,VQAv2,cos_sim,5,6,non_sdc,6331,133,6331,0,0.0,0.7803641207990466,0.787244588136673,0.04673563319242069,0.7574262501228424,0.8104069530963898,0.7766318409575271,0.783970065730684,adequate
qwen25_vl_vqav2,Qwen2.5-VL-7B,VQAv2,cos_sim,5,6,non_significant_sdc,911,112,911,0,0.0,0.7727983088800704,0.7782360056172246,0.050244034993177346,0.7509153266459847,0.8022527280781004,0.7669170277112349,0.7786846085034523,adequate
qwen25_vl_vqav2,Qwen2.5-VL-7B,VQAv2,cos_sim,5,6,significant_sdc,258,84,184,74,0.28682170542635654,0.21919304821618862,0.1657031600800704,0.24654614300920077,0.14789517685694964,0.1855891394091542,0.16595103516693577,0.27405887939835455,adequate
qwen25_vl_vqav2,Qwen2.5-VL-7B,VQAv2,cos_sim,6,7,non_sdc,6331,133,6331,0,0.0,0.5461205139613832,0.5545567211351896,0.09112191230705097,0.49482508363823097,0.6049243536065607,0.5371108345700825,0.5549474454294511,adequate
qwen25_vl_vqav2,Qwen2.5-VL-7B,VQAv2,cos_sim,6,7,non_significant_sdc,911,112,911,0,0.0,0.5370547992462457,0.5383357882499695,0.08191938847565663,0.4982831289370855,0.5893157780170442,0.5259832657226571,0.5477261204682518,adequate
qwen25_vl_vqav2,Qwen2.5-VL-7B,VQAv2,cos_sim,6,7,significant_sdc,258,85,185,73,0.2829457364341085,0.3120153950309748,0.3353978544473648,0.1364359264362782,0.30649347998658005,0.35711128431923533,0.28520660255974023,0.3365032706936213,adequate
qwen25_vl_vqav2,Qwen2.5-VL-7B,VQAv2,cos_sim,7,8,non_sdc,6331,133,6331,0,0.0,0.5764850791546398,0.5799189316374915,0.0764974070653468,0.5281722421447436,0.6291844091481633,0.5681819657557434,0.5845176541766519,adequate
qwen25_vl_vqav2,Qwen2.5-VL-7B,VQAv2,cos_sim,7,8,non_significant_sdc,911,112,911,0,0.0,0.5725839496449632,0.5762923901731317,0.07875163083441819,0.5270044863720735,0.6256493086164647,0.5592088390083418,0.5852678153448228,adequate
qwen25_vl_vqav2,Qwen2.5-VL-7B,VQAv2,cos_sim,7,8,significant_sdc,258,83,182,76,0.2945736434108527,0.1383679770770515,0.10283227406955343,0.16330600995807176,0.06443685976484297,0.13321228825715276,0.10379500748214388,0.17323568490099042,adequate
qwen25_vl_vqav2,Qwen2.5-VL-7B,VQAv2,cos_sim,8,9,non_sdc,6331,133,6331,0,0.0,0.6640270821002913,0.676442407644712,0.0808330724669749,0.62506084021573,0.7195683715371746,0.6550388261200621,0.6730015920627747,adequate
qwen25_vl_vqav2,Qwen2.5-VL-7B,VQAv2,cos_sim,8,9,non_significant_sdc,911,112,911,0,0.0,0.6760083202583774,0.6904163708289465,0.07951379718615406,0.635501967235045,0.7280789346922012,0.663043940305843,0.6874336895676428,adequate
qwen25_vl_vqav2,Qwen2.5-VL-7B,VQAv2,cos_sim,8,9,significant_sdc,258,85,181,77,0.29844961240310075,0.19334997075898408,0.10298144762233204,0.21405855433945864,0.06615391312813272,0.23421397744392863,0.14706236560205105,0.24145082457759473,adequate
qwen25_vl_vqav2,Qwen2.5-VL-7B,VQAv2,cos_sim,9,10,non_sdc,6331,133,6331,0,0.0,0.6672064893496463,0.670721635222435,0.06087315674072823,0.6306239556935098,0.7116862916284137,0.6615801795067964,0.672605667624412,adequate
qwen25_vl_vqav2,Qwen2.5-VL-7B,VQAv2,cos_sim,9,10,non_significant_sdc,911,112,911,0,0.0,0.6542954736830233,0.6569331351079439,0.06059887878395481,0.6190049960701303,0.6979081429363716,0.6461728213081627,0.6622812789167397,adequate
qwen25_vl_vqav2,Qwen2.5-VL-7B,VQAv2,cos_sim,9,10,significant_sdc,258,85,181,77,0.29844961240310075,0.2524735735394726,0.24165022570867928,0.18542571403049227,0.20457508643062747,0.2728279944585294,0.21151696168833814,0.29517998923951905,adequate
qwen25_vl_vqav2,Qwen2.5-VL-7B,VQAv2,cos_sim,10,11,non_sdc,6331,133,6331,0,0.0,0.5895694788236483,0.6031646728515625,0.08890023219324651,0.5406163110355147,0.6476527765393257,0.5810227839876573,0.5971363712609165,adequate
qwen25_vl_vqav2,Qwen2.5-VL-7B,VQAv2,cos_sim,10,11,non_significant_sdc,911,112,911,0,0.0,0.5880571025121517,0.5898159272395648,0.08090262011468834,0.537685652879845,0.6456778219767979,0.5770132800528367,0.5986075324321702,adequate
qwen25_vl_vqav2,Qwen2.5-VL-7B,VQAv2,cos_sim,10,11,significant_sdc,258,82,173,85,0.3294573643410853,0.1505714333835238,0.12296655816881329,0.18377224943991574,0.09522500683610537,0.14207694192930143,0.1065756459576416,0.19451096934736753,adequate
qwen25_vl_vqav2,Qwen2.5-VL-7B,VQAv2,cos_sim,11,12,non_sdc,6331,133,6331,0,0.0,0.7128884829641956,0.7236014447714153,0.07051298772928431,0.675383848803384,0.7609305679798126,0.7053557124296361,0.7202299252174643,adequate
qwen25_vl_vqav2,Qwen2.5-VL-7B,VQAv2,cos_sim,11,12,non_significant_sdc,911,112,911,0,0.0,0.7078810641163099,0.7135248271857991,0.0678427144851105,0.6828045517206192,0.7587456131265278,0.6980228809456128,0.7167943404022379,adequate
qwen25_vl_vqav2,Qwen2.5-VL-7B,VQAv2,cos_sim,11,12,significant_sdc,258,82,171,87,0.33720930232558144,0.1857801302135725,0.1629750263516088,0.2394826671199744,0.12561729239603997,0.19904759108107917,0.13089010226950326,0.23986039162035838,adequate
qwen25_vl_vqav2,Qwen2.5-VL-7B,VQAv2,cos_sim,12,13,non_sdc,6331,133,6331,0,0.0,0.6664255713360252,0.6718202978372574,0.07730792914641875,0.6320042054813642,0.7202250747768968,0.6586559781854429,0.6742354600692262,adequate
qwen25_vl_vqav2,Qwen2.5-VL-7B,VQAv2,cos_sim,12,13,non_significant_sdc,911,112,911,0,0.0,0.6583587694286509,0.670086848108392,0.07818255145589362,0.6241096289534318,0.7080240981145338,0.6458558683672782,0.6697623608341495,adequate
qwen25_vl_vqav2,Qwen2.5-VL-7B,VQAv2,cos_sim,12,13,significant_sdc,258,80,165,93,0.36046511627906974,0.23834516527457333,0.2619582458722348,0.2480208970057806,0.08595578315458735,0.2965423958946247,0.18164054681538522,0.29583418789189025,adequate
qwen25_vl_vqav2,Qwen2.5-VL-7B,VQAv2,cos_sim,13,14,non_sdc,6331,133,6331,0,0.0,0.7143928180784804,0.726854699353377,0.06859295767843496,0.6876258353392283,0.7594245649874211,0.7073712257701509,0.7210803725601318,adequate
qwen25_vl_vqav2,Qwen2.5-VL-7B,VQAv2,cos_sim,13,14,non_significant_sdc,911,112,911,0,0.0,0.7082749340043567,0.7211347997188569,0.06841038314593102,0.6813313759490848,0.7523451120435417,0.6985600289953489,0.7177976866721996,adequate
qwen25_vl_vqav2,Qwen2.5-VL-7B,VQAv2,cos_sim,13,14,significant_sdc,258,80,162,96,0.37209302325581395,0.12470976362838358,0.21142187889437286,0.378137314022574,-0.32921225121434855,0.2634264494634556,0.04104409055552856,0.20390360956800088,adequate
qwen25_vl_vqav2,Qwen2.5-VL-7B,VQAv2,cos_sim,14,15,non_sdc,6331,133,6331,0,0.0,0.7487654144941579,0.7535805842455696,0.04731702414062348,0.7202610105276108,0.782896850258112,0.7435697551475869,0.753751114383375,adequate
qwen25_vl_vqav2,Qwen2.5-VL-7B,VQAv2,cos_sim,14,15,non_significant_sdc,911,112,911,0,0.0,0.7459985690526683,0.7491596159727677,0.053469099075405556,0.7176238603535152,0.787515356685176,0.7381358848968976,0.7535698285012415,adequate
qwen25_vl_vqav2,Qwen2.5-VL-7B,VQAv2,cos_sim,14,15,significant_sdc,258,80,160,98,0.3798449612403101,0.2712997339372481,0.25147197585628955,0.21643524909761483,0.06726980853673756,0.3165922253107538,0.21805587952546396,0.32568548961658433,adequate
qwen25_vl_vqav2,Qwen2.5-VL-7B,VQAv2,cos_sim,15,16,non_sdc,6331,133,6331,0,0.0,0.6447604589349062,0.654307307941573,0.0704873585641707,0.6037619437145836,0.6952631453974079,0.6371942622091705,0.6519180704406087,adequate
qwen25_vl_vqav2,Qwen2.5-VL-7B,VQAv2,cos_sim,15,16,non_significant_sdc,911,112,911,0,0.0,0.6487720303159807,0.661191151900725,0.06760159368614557,0.6194474785165354,0.6903630763292312,0.6393076350510417,0.6576790782943617,adequate
qwen25_vl_vqav2,Qwen2.5-VL-7B,VQAv2,cos_sim,15,16,significant_sdc,258,77,148,110,0.4263565891472868,0.15365136509710203,0.3192305534469838,0.38838823457658794,-0.2686387184171044,0.36964408840451923,0.07270158667184677,0.23406332020012366,adequate
qwen25_vl_vqav2,Qwen2.5-VL-7B,VQAv2,cos_sim,16,17,non_sdc,6331,133,6331,0,0.0,0.6579465940171209,0.6668690890073776,0.07541106421680563,0.6075144425818795,0.7139031846149295,0.6493695885223347,0.6652524476395308,adequate
qwen25_vl_vqav2,Qwen2.5-VL-7B,VQAv2,cos_sim,16,17,non_significant_sdc,911,112,911,0,0.0,0.6672744695246179,0.6737317903475328,0.06993142635497374,0.6232005537751324,0.7154551655054092,0.6570074758566938,0.6774609958814402,adequate
qwen25_vl_vqav2,Qwen2.5-VL-7B,VQAv2,cos_sim,16,17,significant_sdc,258,78,149,109,0.42248062015503873,0.0739265908987153,0.23501053270028563,0.40807048660342965,-0.4133537800944581,0.29709017276763916,-0.01676082953300747,0.15536714984354,adequate
qwen25_vl_vqav2,Qwen2.5-VL-7B,VQAv2,cos_sim,17,18,non_sdc,6331,133,6331,0,0.0,0.6737606191732513,0.6830397486686707,0.07067064340582037,0.6344628851860762,0.7237164666255316,0.6663047325435311,0.681175054932081,adequate
qwen25_vl_vqav2,Qwen2.5-VL-7B,VQAv2,cos_sim,17,18,non_significant_sdc,911,112,911,0,0.0,0.6682424671679831,0.6787537604570388,0.07637481376600436,0.6356465040395658,0.7186223001456729,0.6549094727763214,0.6798233097251771,adequate
qwen25_vl_vqav2,Qwen2.5-VL-7B,VQAv2,cos_sim,17,18,significant_sdc,258,76,142,116,0.4496124031007752,0.3773061956568667,0.37864213269584035,0.1787156266652566,0.27840140798338214,0.4673647013854007,0.3340222581754443,0.4188941598355098,adequate
qwen25_vl_vqav2,Qwen2.5-VL-7B,VQAv2,cos_sim,18,19,non_sdc,6331,133,6331,0,0.0,0.7534063051548561,0.7578650116920471,0.050137737176721556,0.7280467413365841,0.7872061297478463,0.7467103422696633,0.7602521472707119,adequate
qwen25_vl_vqav2,Qwen2.5-VL-7B,VQAv2,cos_sim,18,19,non_significant_sdc,911,112,911,0,0.0,0.7519632932347504,0.7590726684121525,0.046331326064419996,0.7274185325754317,0.783705884919447,0.7456218393599041,0.758391457582961,adequate
qwen25_vl_vqav2,Qwen2.5-VL-7B,VQAv2,cos_sim,18,19,significant_sdc,258,75,143,115,0.44573643410852715,0.5516092089487022,0.611197695744281,0.16817359715007243,0.41033981588422036,0.6756008559343767,0.5132431441671117,0.584912568160649,adequate
qwen25_vl_vqav2,Qwen2.5-VL-7B,VQAv2,cos_sim,19,20,non_sdc,6331,133,6331,0,0.0,0.6450606113299814,0.6535341080866361,0.06881881713121238,0.6072129944705555,0.6941751947528438,0.6372990898531075,0.6525306605866733,adequate
qwen25_vl_vqav2,Qwen2.5-VL-7B,VQAv2,cos_sim,19,20,non_significant_sdc,911,112,911,0,0.0,0.6457247357599885,0.6527306323959714,0.06240362872480273,0.6130216689336867,0.6937181850752006,0.6355559992940775,0.6551864667286508,adequate
qwen25_vl_vqav2,Qwen2.5-VL-7B,VQAv2,cos_sim,19,20,significant_sdc,258,74,136,122,0.4728682170542635,0.4302366868545729,0.5301293474527038,0.23526999911496524,0.2147944202380521,0.6591731350754901,0.3778312801853709,0.47531779736018404,adequate
qwen25_vl_vqav2,Qwen2.5-VL-7B,VQAv2,cos_sim,20,21,non_sdc,6331,133,6331,0,0.0,0.6260781205771285,0.6395247741179033,0.0942695673999682,0.5857922130988704,0.684289650867951,0.6173535329935708,0.6342916525249441,adequate
qwen25_vl_vqav2,Qwen2.5-VL-7B,VQAv2,cos_sim,20,21,non_significant_sdc,911,112,911,0,0.0,0.6293630428705387,0.6524945944547653,0.09250827951696214,0.5965524415175121,0.6873601886133354,0.6156160265757982,0.6428575539964968,adequate
qwen25_vl_vqav2,Qwen2.5-VL-7B,VQAv2,cos_sim,20,21,significant_sdc,258,73,134,124,0.48062015503875966,0.5054894871307398,0.5199664989296271,0.1507625079695857,0.45177054268365,0.617470747049974,0.4819307507520474,0.5274003982275601,adequate
qwen25_vl_vqav2,Qwen2.5-VL-7B,VQAv2,cos_sim,21,22,non_sdc,6331,133,6331,0,0.0,0.5906662398722192,0.5941356301307679,0.07086240565109836,0.5490784574888254,0.6390493754297495,0.5821504930568903,0.5989806823507876,adequate
qwen25_vl_vqav2,Qwen2.5-VL-7B,VQAv2,cos_sim,21,22,non_significant_sdc,911,112,911,0,0.0,0.5845949464352339,0.5863421571751436,0.06756374633344225,0.5469301762059331,0.6286643797159195,0.5747793100969217,0.5948868386681758,adequate
qwen25_vl_vqav2,Qwen2.5-VL-7B,VQAv2,cos_sim,21,22,significant_sdc,258,71,126,132,0.5116279069767442,0.1329664414703062,0.02273134483328583,0.2497727926384439,-0.054091903248003545,0.16867086348332921,0.062166926598027264,0.20492048170894084,adequate
qwen25_vl_vqav2,Qwen2.5-VL-7B,VQAv2,cos_sim,22,23,non_sdc,6331,133,6331,0,0.0,0.7220574585973295,0.7291550167969295,0.05621632896290544,0.6909280190101037,0.7614000554789196,0.7159568586127076,0.727688007709104,adequate
qwen25_vl_vqav2,Qwen2.5-VL-7B,VQAv2,cos_sim,22,23,non_significant_sdc,911,112,911,0,0.0,0.7264008480124615,0.7325810857794501,0.05547636152963232,0.6987252260247867,0.7640088661795571,0.717187493290683,0.7342752857001913,adequate
qwen25_vl_vqav2,Qwen2.5-VL-7B,VQAv2,cos_sim,22,23,significant_sdc,258,70,127,131,0.5077519379844961,0.5750945301985161,0.5673244936125619,0.12333025351030288,0.5507768714914516,0.6195903073768226,0.5463870924754928,0.6029044269716154,adequate
qwen25_vl_vqav2,Qwen2.5-VL-7B,VQAv2,cos_sim,23,24,non_sdc,6331,133,6331,0,0.0,0.6655694831158718,0.6719480492174625,0.0758684525565556,0.6284616367447944,0.7097851680384741,0.6577039730631492,0.6731636097063491,adequate
qwen25_vl_vqav2,Qwen2.5-VL-7B,VQAv2,cos_sim,23,24,non_significant_sdc,911,112,911,0,0.0,0.6608276936274265,0.6690524909645319,0.065390525244038,0.6235596567944244,0.708342400758634,0.6506617345068486,0.6699211457230151,adequate
qwen25_vl_vqav2,Qwen2.5-VL-7B,VQAv2,cos_sim,23,24,significant_sdc,258,70,125,133,0.5155038759689923,0.5344935070643998,0.539100783820055,0.10387373493307175,0.5136549138292974,0.5525653477834196,0.5030083277508125,0.5597637999092231,adequate
qwen25_vl_vqav2,Qwen2.5-VL-7B,VQAv2,cos_sim,24,25,non_sdc,6331,133,6331,0,0.0,0.7153169447577007,0.7230294872732723,0.05797699051464525,0.6888298650582632,0.7534557152485502,0.7070514348641014,0.7225168826416051,adequate
qwen25_vl_vqav2,Qwen2.5-VL-7B,VQAv2,cos_sim,24,25,non_significant_sdc,911,112,911,0,0.0,0.7261149290579315,0.7351044331278119,0.05412572491251827,0.7028555965526796,0.759263283931292,0.7175119321704766,0.733916190590142,adequate
qwen25_vl_vqav2,Qwen2.5-VL-7B,VQAv2,cos_sim,24,25,significant_sdc,258,67,122,136,0.5271317829457365,0.7372064523453244,0.8054431999216274,0.14835246346181213,0.6961365778349403,0.8142945380235205,0.7063062160597142,0.7685025035340851,adequate
qwen25_vl_vqav2,Qwen2.5-VL-7B,VQAv2,cos_sim,25,26,non_sdc,6331,133,6331,0,0.0,0.849976683779374,0.8575043082237244,0.04160076484911783,0.8266176513085763,0.877362134326406,0.8449874364370179,0.8546427873596465,adequate
qwen25_vl_vqav2,Qwen2.5-VL-7B,VQAv2,cos_sim,25,26,non_significant_sdc,911,112,911,0,0.0,0.8594245314383641,0.8637301723162333,0.04278150517222686,0.8408895519044663,0.8870849766983435,0.8532298635598103,0.8654880428978714,adequate
qwen25_vl_vqav2,Qwen2.5-VL-7B,VQAv2,cos_sim,25,26,significant_sdc,258,66,119,139,0.5387596899224807,0.6173765808093901,0.5964495174738825,0.17299693738489516,0.5591912616272362,0.6386179540838515,0.575333111147554,0.6573204648236702,adequate
qwen25_vl_vqav2,Qwen2.5-VL-7B,VQAv2,cos_sim,26,27,non_sdc,6331,133,6331,0,0.0,0.9625172859317406,0.968958763515248,0.02239637765617672,0.9598273665477068,0.9749160708422866,0.960024048713993,0.9646963945175926,adequate
qwen25_vl_vqav2,Qwen2.5-VL-7B,VQAv2,cos_sim,26,27,non_significant_sdc,911,112,911,0,0.0,0.9620419412296255,0.9679418024809464,0.02247211219376959,0.9591840863227844,0.9740090136877214,0.958430755760842,0.9652138924185654,adequate
qwen25_vl_vqav2,Qwen2.5-VL-7B,VQAv2,cos_sim,26,27,significant_sdc,258,64,115,143,0.5542635658914729,0.7041571372434583,0.6916646118066749,0.21960816006606845,0.6750128834831471,0.710076086375178,0.6490392994748095,0.755066610922917,adequate
internvl3_earthvqa,InternVL3-8B,EarthVQA,cos_sim,0,1,non_sdc,5364,375,5364,0,0.0,0.8536447913994387,0.8533891412344846,0.032744666135346816,0.8328182430317005,0.8746084620555242,0.8513162320869696,0.855934412730573,adequate
internvl3_earthvqa,InternVL3-8B,EarthVQA,cos_sim,0,1,non_significant_sdc,1685,313,1685,0,0.0,0.8488952267080954,0.8483994266261226,0.03206204212324209,0.828919169306755,0.8701328215775667,0.845778873300332,0.8518982618663785,adequate
internvl3_earthvqa,InternVL3-8B,EarthVQA,cos_sim,0,1,significant_sdc,436,250,419,17,0.03899082568807344,0.32194596761993466,0.2949362120458058,0.11214619388518196,0.2866893097454188,0.3011882084668899,0.30688740105510665,0.3396097022293545,adequate
internvl3_earthvqa,InternVL3-8B,EarthVQA,cos_sim,1,2,non_sdc,5364,375,5364,0,0.0,0.795982841445051,0.7964716025374152,0.05929201980596236,0.7547046943851139,0.8397116190508792,0.7917984334519913,0.8001055001812631,adequate
internvl3_earthvqa,InternVL3-8B,EarthVQA,cos_sim,1,2,non_significant_sdc,1685,313,1685,0,0.0,0.7845458056863897,0.7827677953810919,0.05681110166225053,0.749576185060584,0.8233514130115509,0.7785444212428272,0.7901778243042067,adequate
internvl3_earthvqa,InternVL3-8B,EarthVQA,cos_sim,1,2,significant_sdc,436,248,414,22,0.050458715596330306,0.08894458302068256,0.06032396651500342,0.13019151798329046,0.047834592937890975,0.06912524950671561,0.07157138851253135,0.10884485050352949,adequate
internvl3_earthvqa,InternVL3-8B,EarthVQA,cos_sim,2,3,non_sdc,5364,375,5364,0,0.0,0.7777870767436447,0.7751462599810433,0.05623728620363454,0.7451085513330574,0.8151049117247263,0.7737560986497627,0.7818006592356501,adequate
internvl3_earthvqa,InternVL3-8B,EarthVQA,cos_sim,2,3,non_significant_sdc,1685,313,1685,0,0.0,0.7679055171150752,0.7691840493679046,0.05315123728948659,0.7334621792489832,0.8030244688193003,0.7622290196934626,0.7733812959543941,adequate
internvl3_earthvqa,InternVL3-8B,EarthVQA,cos_sim,2,3,significant_sdc,436,247,407,29,0.0665137614678899,0.21155396222427,0.19573910230276537,0.10174339785969848,0.18775524062161542,0.2036717716528445,0.19792519056945018,0.2273865487178167,adequate
internvl3_earthvqa,InternVL3-8B,EarthVQA,cos_sim,3,4,non_sdc,5364,375,5364,0,0.0,0.8454072415316717,0.8466032519936562,0.041746757903868496,0.8219652528112585,0.8724706520636877,0.8421199448219339,0.8486792803932509,adequate
internvl3_earthvqa,InternVL3-8B,EarthVQA,cos_sim,3,4,non_significant_sdc,1685,313,1685,0,0.0,0.8376745033279527,0.8399564146995544,0.041154811057525,0.8160910525105216,0.8631552212378558,0.8328040385138273,0.8420791387339489,adequate
internvl3_earthvqa,InternVL3-8B,EarthVQA,cos_sim,3,4,significant_sdc,436,246,403,33,0.07568807339449546,0.42583000093778633,0.42380951375377424,0.10303869043284951,0.418584372316088,0.43079231101639415,0.4131678213487458,0.43924852070958803,adequate
internvl3_earthvqa,InternVL3-8B,EarthVQA,cos_sim,4,5,non_sdc,5364,375,5364,0,0.0,0.8126548923869372,0.8165644769157682,0.05351314027967732,0.7792073763333834,0.8509565989176432,0.8087705995781077,0.8164445574261502,adequate
internvl3_earthvqa,InternVL3-8B,EarthVQA,cos_sim,4,5,non_significant_sdc,1685,313,1685,0,0.0,0.8015212352220736,0.8057828448914193,0.05595112492108163,0.7726271290045518,0.8374968145204627,0.7956771542645588,0.807168582477521,adequate
internvl3_earthvqa,InternVL3-8B,EarthVQA,cos_sim,4,5,significant_sdc,436,240,390,46,0.10550458715596334,0.177528617956789,0.1587545915829892,0.11787984800774401,0.14454192257657345,0.17167299126788063,0.1620977279632196,0.19521493637849277,adequate
internvl3_earthvqa,InternVL3-8B,EarthVQA,cos_sim,5,6,non_sdc,5364,375,5364,0,0.0,0.8318120546654841,0.8344000394527729,0.04257422234241077,0.8043935969471931,0.8610801249742508,0.8287447010959362,0.834853880224802,adequate
internvl3_earthvqa,InternVL3-8B,EarthVQA,cos_sim,5,6,non_significant_sdc,1685,313,1685,0,0.0,0.8240469891286698,0.827743851620218,0.04238981815744775,0.7986858487129211,0.8520371526479721,0.8198248456674313,0.8281776327285223,adequate
internvl3_earthvqa,InternVL3-8B,EarthVQA,cos_sim,5,6,significant_sdc,436,238,379,57,0.1307339449541285,0.2240550845845953,0.21351824989732432,0.15804608258832117,0.19174453616142273,0.22360068932175636,0.20359215673553993,0.24628557344175817,adequate
internvl3_earthvqa,InternVL3-8B,EarthVQA,cos_sim,6,7,non_sdc,5364,375,5364,0,0.0,0.7327771225351235,0.73548624708372,0.07498631284554057,0.6810058027505874,0.7842344250672918,0.7267226123076028,0.7387225144002862,adequate
internvl3_earthvqa,InternVL3-8B,EarthVQA,cos_sim,6,7,non_significant_sdc,1685,313,1685,0,0.0,0.716027662800642,0.7208473792782536,0.07908638282357179,0.6736208956975204,0.7682881702979406,0.7067652383744043,0.7245037668179812,adequate
internvl3_earthvqa,InternVL3-8B,EarthVQA,cos_sim,6,7,significant_sdc,436,236,370,66,0.1513761467889908,0.36787501969981284,0.3866128340667608,0.09715508072991265,0.3702635187275556,0.39648085923827425,0.3569172857591454,0.37828722941302667,adequate
internvl3_earthvqa,InternVL3-8B,EarthVQA,cos_sim,7,8,non_sdc,5364,375,5364,0,0.0,0.7990998501980131,0.8056243277021817,0.05934204977951046,0.7608468218853599,0.8420404480770229,0.7944011749884016,0.803680093380771,adequate
internvl3_earthvqa,InternVL3-8B,EarthVQA,cos_sim,7,8,non_significant_sdc,1685,313,1685,0,0.0,0.7868841408362865,0.7954248167850353,0.06449482656451377,0.7504270265499751,0.8303953775992761,0.7799304635527442,0.793549278480645,adequate
internvl3_earthvqa,InternVL3-8B,EarthVQA,cos_sim,7,8,significant_sdc,436,232,354,82,0.18807339449541283,0.10371847644442062,0.07892697790105427,0.13727587759835802,0.06534133611332474,0.08790453323828323,0.08554768641542627,0.124149743600776,adequate
internvl3_earthvqa,InternVL3-8B,EarthVQA,cos_sim,8,9,non_sdc,5364,375,5364,0,0.0,0.8209638467621065,0.8274523337824005,0.04647209017082549,0.7999571152969137,0.8524032286975695,0.8168487000607626,0.82508119798215,adequate
internvl3_earthvqa,InternVL3-8B,EarthVQA,cos_sim,8,9,non_significant_sdc,1685,313,1685,0,0.0,0.8131214017268813,0.8212927239281791,0.05295699569060921,0.7886066599325701,0.8498705077171326,0.8066310202759659,0.8191743555935639,adequate
internvl3_earthvqa,InternVL3-8B,EarthVQA,cos_sim,8,9,significant_sdc,436,229,345,91,0.20871559633027525,0.2398879338424021,0.18922368786772903,0.14174589405992527,0.17470284520971532,0.22386099899909934,0.21962770563642983,0.262376153395659,adequate
internvl3_earthvqa,InternVL3-8B,EarthVQA,cos_sim,9,10,non_sdc,5364,375,5364,0,0.0,0.8301477962543481,0.8328960041205088,0.04170578506794685,0.8028659462928772,0.8568412140011787,0.8266547311379039,0.8335210249114602,adequate
internvl3_earthvqa,InternVL3-8B,EarthVQA,cos_sim,9,10,non_significant_sdc,1685,313,1685,0,0.0,0.8220083938921895,0.8259002891453829,0.04272388833510914,0.7988617926836014,0.8488020720305266,0.817043748776085,0.8266166911643891,adequate
internvl3_earthvqa,InternVL3-8B,EarthVQA,cos_sim,9,10,significant_sdc,436,226,336,100,0.22935779816513757,0.24081139882445268,0.21769431088956037,0.12563739143437092,0.20808155249272076,0.22721693925179387,0.22396229389799788,0.2594970013506243,adequate
internvl3_earthvqa,InternVL3-8B,EarthVQA,cos_sim,10,11,non_sdc,5364,375,5364,0,0.0,0.8014099908752504,0.8084023427963257,0.05664790805855675,0.7652018252346251,0.8402745247903195,0.7969954974894105,0.805813228590296,adequate
internvl3_earthvqa,InternVL3-8B,EarthVQA,cos_sim,10,11,non_significant_sdc,1685,313,1685,0,0.0,0.7914782201340279,0.7990565625104037,0.05798975792551987,0.7544951054357714,0.8312672313890959,0.785044446848979,0.797481167543362,adequate
internvl3_earthvqa,InternVL3-8B,EarthVQA,cos_sim,10,11,significant_sdc,436,223,326,110,0.2522935779816514,-0.023272443631986463,-0.07940672158871834,0.17822058924686573,-0.0826450762034831,-0.07341274086324193,-0.049805515508827794,0.005910472643024434,adequate
internvl3_earthvqa,InternVL3-8B,EarthVQA,cos_sim,11,12,non_sdc,5364,375,5364,0,0.0,0.8115035466502815,0.8204954649335232,0.05589351886404064,0.7807451145026995,0.8481301032006741,0.807020581463044,0.8158706491603872,adequate
internvl3_earthvqa,InternVL3-8B,EarthVQA,cos_sim,11,12,non_significant_sdc,1685,313,1685,0,0.0,0.804479783963682,0.8147828387362617,0.05865437446791143,0.7751606213194984,0.8413317664103075,0.7975721203133324,0.8105945046330338,adequate
internvl3_earthvqa,InternVL3-8B,EarthVQA,cos_sim,11,12,significant_sdc,436,214,305,131,0.3004587155963303,0.06156388740008021,0.02167535212119015,0.15854049719164579,0.014242979298744882,0.029441016669176062,0.03775422921877177,0.08783653029670677,adequate
internvl3_earthvqa,InternVL3-8B,EarthVQA,cos_sim,12,13,non_sdc,5364,375,5364,0,0.0,0.810252804914979,0.8191526286843894,0.053542427527989545,0.7827431119301103,0.8463520175569197,0.8055452607230116,0.8147644781974822,adequate
internvl3_earthvqa,InternVL3-8B,EarthVQA,cos_sim,12,13,non_significant_sdc,1685,313,1685,0,0.0,0.8006365786703672,0.8107031912639223,0.06165843459706396,0.7746625672216001,0.8400229905780993,0.7926944986802047,0.8075282485090327,adequate
internvl3_earthvqa,InternVL3-8B,EarthVQA,cos_sim,12,13,significant_sdc,436,208,294,142,0.32568807339449546,0.21568677887963889,0.21422525946697107,0.1329157451889601,0.20188621682951188,0.2239185758315179,0.1966802121477973,0.2347672268794853,adequate
internvl3_earthvqa,InternVL3-8B,EarthVQA,cos_sim,13,14,non_sdc,5364,375,5364,0,0.0,0.8298101840210437,0.8368893206119538,0.04800583501255393,0.8087526222730016,0.862704176683175,0.8256639571605863,0.8337724173185898,adequate
internvl3_earthvqa,InternVL3-8B,EarthVQA,cos_sim,13,14,non_significant_sdc,1685,313,1685,0,0.0,0.8243747234980885,0.8344227955454872,0.052864988815891065,0.803245197082388,0.8577984981238842,0.8177447063111776,0.8302099567104282,adequate
internvl3_earthvqa,InternVL3-8B,EarthVQA,cos_sim,13,14,significant_sdc,436,205,288,148,0.33944954128440363,0.16122995538332693,0.19006699878646405,0.19761701489334565,0.1719544233032027,0.203696483518092,0.1356001414877357,0.18666491307085872,adequate
internvl3_earthvqa,InternVL3-8B,EarthVQA,cos_sim,14,15,non_sdc,5364,375,5364,0,0.0,0.8146427696707744,0.8188945213298657,0.040848492357505005,0.7883394769259862,0.8454452963436351,0.811213359102489,0.8179871358565332,adequate
internvl3_earthvqa,InternVL3-8B,EarthVQA,cos_sim,14,15,non_significant_sdc,1685,313,1685,0,0.0,0.8073165412412834,0.8147495121791445,0.04713761709533728,0.7824698526684831,0.8395224710305532,0.801745075882335,0.81234067879545,adequate
internvl3_earthvqa,InternVL3-8B,EarthVQA,cos_sim,14,15,significant_sdc,436,201,275,161,0.3692660550458715,0.21157026714684654,0.22184025127516718,0.16190619516581914,0.16032357866001523,0.24392050185373854,0.18956690615520502,0.2346167985758809,adequate
internvl3_earthvqa,InternVL3-8B,EarthVQA,cos_sim,15,16,non_sdc,5364,375,5364,0,0.0,0.7862387369701943,0.793330988394033,0.05226259373293237,0.7595518598189721,0.8237042186891332,0.781547910628,0.7907941907011002,adequate
internvl3_earthvqa,InternVL3-8B,EarthVQA,cos_sim,15,16,non_significant_sdc,1685,313,1685,0,0.0,0.780207877532185,0.7883243527677324,0.05634713980676604,0.7560482525399753,0.8188703187874385,0.7741107315873321,0.7861744847240849,adequate
internvl3_earthvqa,InternVL3-8B,EarthVQA,cos_sim,15,16,significant_sdc,436,192,262,174,0.3990825688073395,0.009382474277236983,0.014276617843353627,0.22097519430800353,-0.0034402220852064844,0.0292593059130013,-0.02433046888084499,0.04411512181056267,adequate
internvl3_earthvqa,InternVL3-8B,EarthVQA,cos_sim,16,17,non_sdc,5364,375,5364,0,0.0,0.7588772977686828,0.7652016254494601,0.06364491709414978,0.7203846974298358,0.8065683163214523,0.7538696996055858,0.7636617778068183,adequate
internvl3_earthvqa,InternVL3-8B,EarthVQA,cos_sim,16,17,non_significant_sdc,1685,313,1685,0,0.0,0.74917907554605,0.7541457664582037,0.06505123307969722,0.7124723962375096,0.7979737321535746,0.7421102028165913,0.7558024979602679,adequate
internvl3_earthvqa,InternVL3-8B,EarthVQA,cos_sim,16,17,significant_sdc,436,188,254,182,0.4174311926605505,0.09675285147156189,0.14816255645579374,0.24251979037879542,0.0,0.20731278382507817,0.06304180297396811,0.12990862905332967,adequate
internvl3_earthvqa,InternVL3-8B,EarthVQA,cos_sim,17,18,non_sdc,5364,375,5364,0,0.0,0.7663144786423726,0.7751386381428818,0.05713656051982435,0.7315382018573302,0.8046187625119561,0.7614928049347135,0.7710067044063107,adequate
internvl3_earthvqa,InternVL3-8B,EarthVQA,cos_sim,17,18,non_significant_sdc,1685,313,1685,0,0.0,0.7562245886568888,0.767213415531885,0.061059411070224764,0.7268527814975152,0.7970369805892309,0.749003619165642,0.762839953757814,adequate
internvl3_earthvqa,InternVL3-8B,EarthVQA,cos_sim,17,18,significant_sdc,436,179,238,198,0.45412844036697253,0.3178213878512494,0.29424067890765715,0.14389402142606847,0.25939101128059683,0.3562779720036351,0.29624190421000457,0.33912139617250975,adequate
internvl3_earthvqa,InternVL3-8B,EarthVQA,cos_sim,18,19,non_sdc,5364,375,5364,0,0.0,0.831678664403412,0.8361300106706291,0.04335760177443813,0.8085309674865321,0.8604464618598714,0.8281900382040752,0.8350968941914872,adequate
internvl3_earthvqa,InternVL3-8B,EarthVQA,cos_sim,18,19,non_significant_sdc,1685,313,1685,0,0.0,0.8248718941167121,0.8315453577041626,0.05026293930301027,0.801854188243548,0.8580709278583527,0.8190641044615943,0.8300868842666512,adequate
internvl3_earthvqa,InternVL3-8B,EarthVQA,cos_sim,18,19,significant_sdc,436,175,231,205,0.4701834862385321,0.22367600915740385,0.22370506070402205,0.17404371430253945,0.09135030407686623,0.2563073497113525,0.1959538898141367,0.25318961743956925,adequate
internvl3_earthvqa,InternVL3-8B,EarthVQA,cos_sim,19,20,non_sdc,5364,375,5364,0,0.0,0.7699004643726747,0.7815846865918457,0.06369166701428798,0.727550955919119,0.8176775219348761,0.7643806112053599,0.7752355436866633,adequate
internvl3_earthvqa,InternVL3-8B,EarthVQA,cos_sim,19,20,non_significant_sdc,1685,313,1685,0,0.0,0.7586952169579742,0.7731851183849833,0.06515535858949181,0.7184891372919082,0.8058375255628065,0.7514389090325974,0.7656675273151653,adequate
internvl3_earthvqa,InternVL3-8B,EarthVQA,cos_sim,19,20,significant_sdc,436,170,222,214,0.49082568807339455,-0.00887845631569804,0.030263536144047976,0.28587534600823483,-0.3193670714996299,0.1481842699327639,-0.053099234725292696,0.03533044597004031,adequate
internvl3_earthvqa,InternVL3-8B,EarthVQA,cos_sim,20,21,non_sdc,5364,375,5364,0,0.0,0.7826896026101345,0.7920822966843843,0.06098923230015831,0.746543280113311,0.8291028615256602,0.7774964630031309,0.7878039384761858,adequate
internvl3_earthvqa,InternVL3-8B,EarthVQA,cos_sim,20,21,non_significant_sdc,1685,313,1685,0,0.0,0.7762930002063761,0.7843484655022621,0.06379624879230175,0.7425728966208065,0.8218542707377466,0.7693878883934309,0.7828920634677365,adequate
internvl3_earthvqa,InternVL3-8B,EarthVQA,cos_sim,20,21,significant_sdc,436,165,213,223,0.5114678899082569,0.3363948421676922,0.30584181906009206,0.1411638917825851,0.26466167946251073,0.4283359026422306,0.3145303032179716,0.35832776232292496,adequate
internvl3_earthvqa,InternVL3-8B,EarthVQA,cos_sim,21,22,non_sdc,5364,375,5364,0,0.0,0.815963764140743,0.8283664841973593,0.05716941869408148,0.7825743949056423,0.855423238008253,0.8109757552508985,0.8207045328486847,adequate
internvl3_earthvqa,InternVL3-8B,EarthVQA,cos_sim,21,22,non_significant_sdc,1685,313,1685,0,0.0,0.8086799613147947,0.8212846157879665,0.061914616917211195,0.7802173630757765,0.8502222375992017,0.8012281021976567,0.8154786888730482,adequate
internvl3_earthvqa,InternVL3-8B,EarthVQA,cos_sim,21,22,significant_sdc,436,158,201,235,0.5389908256880733,0.20152975435138862,0.19774993463438384,0.163857469473027,0.10151563904115132,0.2077672131815735,0.17047260164999514,0.23515673012283408,adequate
internvl3_earthvqa,InternVL3-8B,EarthVQA,cos_sim,22,23,non_sdc,5364,375,5364,0,0.0,0.8112035221512782,0.8163010858827167,0.04569439655554928,0.7864610075950622,0.844343946234464,0.8073056615836754,0.8149902842929223,adequate
internvl3_earthvqa,InternVL3-8B,EarthVQA,cos_sim,22,23,non_significant_sdc,1685,313,1685,0,0.0,0.8060527031189973,0.815547784169515,0.04636165604619195,0.7814343738555908,0.8367888604601225,0.8008658971346582,0.8108087886605065,adequate
internvl3_earthvqa,InternVL3-8B,EarthVQA,cos_sim,22,23,significant_sdc,436,146,184,252,0.5779816513761468,0.3700387905760846,0.4054875355594012,0.16362455606938384,0.26298447893647364,0.42024931463660026,0.33948392381745435,0.40107313831837593,adequate
internvl3_earthvqa,InternVL3-8B,EarthVQA,cos_sim,23,24,non_sdc,5364,375,5364,0,0.0,0.8273806130129306,0.8343825762470563,0.04417604030543005,0.8028641860254786,0.8576752079562062,0.823618582900927,0.8310747712427824,adequate
internvl3_earthvqa,InternVL3-8B,EarthVQA,cos_sim,23,24,non_significant_sdc,1685,313,1685,0,0.0,0.8180174910136466,0.8256521731615066,0.05109427338196105,0.7959814739227294,0.8513733148574829,0.8125418479291678,0.8232989503907013,adequate
internvl3_earthvqa,InternVL3-8B,EarthVQA,cos_sim,23,24,significant_sdc,436,137,173,263,0.6032110091743119,0.4939112171745104,0.5181996560826594,0.16282839604114652,0.48453156862940105,0.5554193489405573,0.46661747837437295,0.5203083030318633,adequate
internvl3_earthvqa,InternVL3-8B,EarthVQA,cos_sim,24,25,non_sdc,5364,375,5364,0,0.0,0.8397145818344136,0.845581518976312,0.0472878783753097,0.810057932960576,0.8744681230906782,0.835814726418677,0.8435653463767486,adequate
internvl3_earthvqa,InternVL3-8B,EarthVQA,cos_sim,24,25,non_significant_sdc,1685,313,1685,0,0.0,0.8344400374020721,0.8433781001302931,0.05369862419965955,0.8107864300409953,0.8696835807391575,0.8286087076156232,0.8399463826677867,adequate
internvl3_earthvqa,InternVL3-8B,EarthVQA,cos_sim,24,25,significant_sdc,436,130,164,272,0.6238532110091743,0.5490209279717104,0.601329998702419,0.16186822152918068,0.5372561237641743,0.6114294164034785,0.5216012030187244,0.5735719109132474,adequate
internvl3_earthvqa,InternVL3-8B,EarthVQA,cos_sim,25,26,non_sdc,5364,375,5364,0,0.0,0.899008366931375,0.9023818999528885,0.02772559010279595,0.8846652386710048,0.9192231006243012,0.8966200976072646,0.9012859797161883,adequate
internvl3_earthvqa,InternVL3-8B,EarthVQA,cos_sim,25,26,non_significant_sdc,1685,313,1685,0,0.0,0.8964010607869949,0.902979998588562,0.036384632461658246,0.8833187041860638,0.9181467841068903,0.8928676322591346,0.8997064225948799,adequate
internvl3_earthvqa,InternVL3-8B,EarthVQA,cos_sim,25,26,significant_sdc,436,122,151,285,0.6536697247706422,0.4387426938244047,0.41344304656495856,0.19720726109202913,0.3397308213978397,0.5260375397545951,0.39953155881927643,0.4771769332196677,adequate
internvl3_earthvqa,InternVL3-8B,EarthVQA,cos_sim,26,27,non_sdc,5364,375,5364,0,0.0,0.977776229163872,0.9781909518138222,0.008211027280765693,0.9739159754624491,0.9835955861481753,0.9770906544627728,0.9784252713575715,adequate
internvl3_earthvqa,InternVL3-8B,EarthVQA,cos_sim,26,27,non_significant_sdc,1685,313,1685,0,0.0,0.9764175526657229,0.9782758893505219,0.01192509498835459,0.9728016567230224,0.9822994768619537,0.9754433494666436,0.9773436488994878,adequate
internvl3_earthvqa,InternVL3-8B,EarthVQA,cos_sim,26,27,significant_sdc,436,116,143,293,0.6720183486238532,0.6022004024592912,0.6065414061351698,0.23523386958619283,0.5993712824218127,0.6177275941079976,0.5555421576249917,0.6462302615568076,adequate
internvl3_lingoqa,InternVL3-8B,LingoQA,cos_sim,0,1,non_sdc,5762,75,5762,0,0.0,0.807998786365719,0.8094549819827079,0.03987605959864875,0.782636290623082,0.8337973952293396,0.799483535893051,0.8165256787894184,adequate
internvl3_lingoqa,InternVL3-8B,LingoQA,cos_sim,0,1,non_significant_sdc,1293,70,1293,0,0.0,0.7969490700642472,0.7985148184439715,0.03542428337431437,0.7784791173356952,0.8219969415664673,0.7897327642451327,0.8039722668627166,adequate
internvl3_lingoqa,InternVL3-8B,LingoQA,cos_sim,0,1,significant_sdc,433,75,424,9,0.020785219399538146,0.2711480568298844,0.2610127629370106,0.08764179335242302,0.24916306837480895,0.274420611180213,0.2609728100673699,0.282049070554834,adequate
internvl3_lingoqa,InternVL3-8B,LingoQA,cos_sim,1,2,non_sdc,5762,75,5762,0,0.0,0.7405707058417067,0.7404568570631521,0.053304251956702936,0.702507774417217,0.7723854459249057,0.7298586612689252,0.7517805362717555,adequate
internvl3_lingoqa,InternVL3-8B,LingoQA,cos_sim,1,2,non_significant_sdc,1293,70,1293,0,0.0,0.7220844767563753,0.7234617156140944,0.04763863824871986,0.691569559276104,0.7465549260377884,0.7126042568667768,0.7321699791236446,adequate
internvl3_lingoqa,InternVL3-8B,LingoQA,cos_sim,1,2,significant_sdc,433,75,414,19,0.04387990762124716,0.10757576050610132,0.09232406063499499,0.0874227575440611,0.08625541574188642,0.10188386585487395,0.0981858529257243,0.11885929232483314,adequate
internvl3_lingoqa,InternVL3-8B,LingoQA,cos_sim,2,3,non_sdc,5762,75,5762,0,0.0,0.6874706652563584,0.6868815503337167,0.06986821570458772,0.6307614463217118,0.7397875102857748,0.6728461595760082,0.7018684194573117,adequate
internvl3_lingoqa,InternVL3-8B,LingoQA,cos_sim,2,3,non_significant_sdc,1293,70,1293,0,0.0,0.6628101253320374,0.6647812090814114,0.0624241295324367,0.6148563131042148,0.7047082092612982,0.6489574035852248,0.6773735281980798,adequate
internvl3_lingoqa,InternVL3-8B,LingoQA,cos_sim,2,3,significant_sdc,433,74,405,28,0.0646651270207852,0.07816238195315678,0.05991715660356745,0.08369455304682723,0.051274486000136454,0.07247034042161338,0.06911940280488198,0.08928389971088818,adequate
internvl3_lingoqa,InternVL3-8B,LingoQA,cos_sim,3,4,non_sdc,5762,75,5762,0,0.0,0.7823649836100104,0.7873348407447338,0.046225259808974906,0.7564643811095845,0.8134746828249523,0.7730359850831885,0.791640766012057,adequate
internvl3_lingoqa,InternVL3-8B,LingoQA,cos_sim,3,4,non_significant_sdc,1293,70,1293,0,0.0,0.768229537563494,0.770649631023407,0.04094268582046887,0.741315466662248,0.7958219158649444,0.7598216422937131,0.7766051453731865,adequate
internvl3_lingoqa,InternVL3-8B,LingoQA,cos_sim,3,4,significant_sdc,433,75,399,34,0.07852193995381063,0.4201791350615281,0.43971265153009065,0.10445400975291935,0.43129362561264817,0.4461549575231513,0.4089537585160051,0.4311336240796179,adequate
internvl3_lingoqa,InternVL3-8B,LingoQA,cos_sim,4,5,non_sdc,5762,75,5762,0,0.0,0.7356812361417076,0.7324558451123859,0.05940289556362004,0.6991317702664269,0.7744562001455397,0.7230382557204832,0.7481921694467453,adequate
internvl3_lingoqa,InternVL3-8B,LingoQA,cos_sim,4,5,non_significant_sdc,1293,70,1293,0,0.0,0.7175929419922561,0.7178809009492397,0.05323052444469171,0.6872775759547949,0.7515565485789858,0.7059402461928733,0.7292786391591665,adequate
internvl3_lingoqa,InternVL3-8B,LingoQA,cos_sim,4,5,significant_sdc,433,75,387,46,0.10623556581986138,0.2878232889958134,0.3015592590886719,0.08798758646668019,0.2928053043326553,0.3104727037098943,0.27876103958239257,0.2973778392914407,adequate
internvl3_lingoqa,InternVL3-8B,LingoQA,cos_sim,5,6,non_sdc,5762,75,5762,0,0.0,0.777736981704397,0.779789112508297,0.04446813913293252,0.746502358127724,0.8072693109512329,0.7681150515965386,0.7871848254519775,adequate
internvl3_lingoqa,InternVL3-8B,LingoQA,cos_sim,5,6,non_significant_sdc,1293,70,1293,0,0.0,0.7625067563673652,0.7631480002403259,0.037926732273385354,0.7367819507916769,0.7895049723711881,0.7540982032301751,0.7709725340526891,adequate
internvl3_lingoqa,InternVL3-8B,LingoQA,cos_sim,5,6,significant_sdc,433,75,378,55,0.12702078521939952,0.21632136078811967,0.23178000124741574,0.15569219465881884,0.2195374906367185,0.24650551758858621,0.19974731242782115,0.23275270022639244,adequate
internvl3_lingoqa,InternVL3-8B,LingoQA,cos_sim,6,7,non_sdc,5762,75,5762,0,0.0,0.6311089382208582,0.6335193663835526,0.0717706955917623,0.5813388874133428,0.6778206110000611,0.6161474272311309,0.646399433896858,adequate
internvl3_lingoqa,InternVL3-8B,LingoQA,cos_sim,6,7,non_significant_sdc,1293,70,1293,0,0.0,0.6092704464594891,0.6167299437981385,0.062304538542984844,0.563075764612718,0.6553903967142105,0.5951768480869843,0.6235153886791996,adequate
internvl3_lingoqa,InternVL3-8B,LingoQA,cos_sim,6,7,significant_sdc,433,75,366,67,0.15473441108545039,0.22268538906623583,0.2307450658812815,0.08490103382838264,0.2158718010296627,0.24674376666697923,0.21267266380385172,0.23305514813322106,adequate
internvl3_lingoqa,InternVL3-8B,LingoQA,cos_sim,7,8,non_sdc,5762,75,5762,0,0.0,0.6632781836462865,0.6617407890466543,0.06762912202027108,0.613471001959764,0.7114893678914417,0.6491124280458496,0.677409596177165,adequate
internvl3_lingoqa,InternVL3-8B,LingoQA,cos_sim,7,8,non_significant_sdc,1293,70,1293,0,0.0,0.6468378826608813,0.6468196702003479,0.05714815489997267,0.610591221600771,0.6893842575095949,0.6347612835370319,0.6590727107715854,adequate
internvl3_lingoqa,InternVL3-8B,LingoQA,cos_sim,7,8,significant_sdc,433,75,362,71,0.16397228637413397,0.12369641112316566,0.1350151000126284,0.10648608472655918,0.12140808817075223,0.1474901589812065,0.11075131376334413,0.13700513089222244,adequate
internvl3_lingoqa,InternVL3-8B,LingoQA,cos_sim,8,9,non_sdc,5762,75,5762,0,0.0,0.7386872763702392,0.74600497986141,0.0554781094428134,0.7013152150267905,0.7740891476472219,0.7268269076299307,0.7500547298486988,adequate
internvl3_lingoqa,InternVL3-8B,LingoQA,cos_sim,8,9,non_significant_sdc,1293,70,1293,0,0.0,0.7311153720988018,0.7392364263534545,0.05151968309093478,0.7004974028095603,0.7665600671487696,0.719273879491897,0.7423885800155526,adequate
internvl3_lingoqa,InternVL3-8B,LingoQA,cos_sim,8,9,significant_sdc,433,75,344,89,0.20554272517321015,0.37654085443280627,0.36651137167093706,0.10954280926372476,0.327461697693382,0.41896066845071556,0.3626995163395046,0.39066980654029226,adequate
internvl3_lingoqa,InternVL3-8B,LingoQA,cos_sim,9,10,non_sdc,5762,75,5762,0,0.0,0.7368459372536674,0.7413300693035125,0.06414246354985313,0.7012116118437715,0.7802984403651296,0.7227201813683755,0.7510199922182991,adequate
internvl3_lingoqa,InternVL3-8B,LingoQA,cos_sim,9,10,non_significant_sdc,1293,70,1293,0,0.0,0.7273439510268777,0.7263770898183187,0.05214336467459959,0.7041707265944708,0.7578379895005908,0.7157820398520005,0.7381952666462377,adequate
internvl3_lingoqa,InternVL3-8B,LingoQA,cos_sim,9,10,significant_sdc,433,75,335,98,0.2263279445727483,0.27599001001120776,0.2916263080373102,0.10561428573943146,0.26445426655058957,0.3093897014552233,0.26269585724439587,0.2903731857236393,adequate
internvl3_lingoqa,InternVL3-8B,LingoQA,cos_sim,10,11,non_sdc,5762,75,5762,0,0.0,0.6958117855084397,0.698376893760666,0.06872551529820504,0.6508424371595566,0.740350271264712,0.6811623335850914,0.7106839369728338,adequate
internvl3_lingoqa,InternVL3-8B,LingoQA,cos_sim,10,11,non_significant_sdc,1293,70,1293,0,0.0,0.6922589077445943,0.6946811059425617,0.06016202116564529,0.6520135709733674,0.7340571209788322,0.6795307189006788,0.7053452376541723,adequate
internvl3_lingoqa,InternVL3-8B,LingoQA,cos_sim,10,11,significant_sdc,433,75,322,111,0.25635103926097,0.06312952102386413,0.10176079408550749,0.16971124477056115,0.07822261853333638,0.11630883887030032,0.04152544897952573,0.08498331795911136,adequate
internvl3_lingoqa,InternVL3-8B,LingoQA,cos_sim,11,12,non_sdc,5762,75,5762,0,0.0,0.6891185938968414,0.6929736852645874,0.06115202236167779,0.6482527766908918,0.7261754708630699,0.6757701812804808,0.701980661389368,adequate
internvl3_lingoqa,InternVL3-8B,LingoQA,cos_sim,11,12,non_significant_sdc,1293,70,1293,0,0.0,0.6892056064531396,0.6874455809593201,0.05232549651265327,0.6531420621004972,0.7207418458802359,0.6780555205966861,0.7007125124611684,adequate
internvl3_lingoqa,InternVL3-8B,LingoQA,cos_sim,11,12,significant_sdc,433,75,314,119,0.2748267898383372,0.07801047730040812,0.04216050511530163,0.11996200166131062,0.021325534627753863,0.08075343969525123,0.06246171181145458,0.09608419643317494,adequate
internvl3_lingoqa,InternVL3-8B,LingoQA,cos_sim,12,13,non_sdc,5762,75,5762,0,0.0,0.7301726510762965,0.7366324663162231,0.054004319179408886,0.6933164298534393,0.7749727048807674,0.7183573157394413,0.741635471270458,adequate
internvl3_lingoqa,InternVL3-8B,LingoQA,cos_sim,12,13,non_significant_sdc,1293,70,1293,0,0.0,0.722083161576903,0.730389251428492,0.050968807832454534,0.6962066132288712,0.7588073886357821,0.7104047381972141,0.7331744996313884,adequate
internvl3_lingoqa,InternVL3-8B,LingoQA,cos_sim,12,13,significant_sdc,433,75,300,133,0.3071593533487298,0.19042740136046674,0.17760815336464011,0.10208496951270359,0.13517228985319332,0.21002206947578458,0.17514197446351684,0.20715547998915107,adequate
internvl3_lingoqa,InternVL3-8B,LingoQA,cos_sim,13,14,non_sdc,5762,75,5762,0,0.0,0.7394774274988626,0.7515741053380465,0.06509325250595084,0.7095911627014478,0.7857370755889199,0.7245923393469316,0.7534037687470386,adequate
internvl3_lingoqa,InternVL3-8B,LingoQA,cos_sim,13,14,non_significant_sdc,1293,70,1293,0,0.0,0.7340493771641787,0.7449022883718665,0.05975040975413713,0.7108404015501341,0.7770155163911673,0.7199561070965825,0.7470877037445383,adequate
internvl3_lingoqa,InternVL3-8B,LingoQA,cos_sim,13,14,significant_sdc,433,75,294,139,0.3210161662817552,0.1642892866747725,0.26749334195438695,0.2384955289910582,0.011091610663855563,0.2855192365847072,0.13473575117066294,0.19345980040329233,adequate
internvl3_lingoqa,InternVL3-8B,LingoQA,cos_sim,14,15,non_sdc,5762,75,5762,0,0.0,0.7404641651386289,0.7479608788572509,0.04762315416876831,0.7050842829141999,0.774868819448683,0.7304904029051486,0.7503237230900249,adequate
internvl3_lingoqa,InternVL3-8B,LingoQA,cos_sim,14,15,non_significant_sdc,1293,70,1293,0,0.0,0.73787376773134,0.7441974528904619,0.045070925953414644,0.7068099956959486,0.7729071544276344,0.7269279388261746,0.7486819418470543,adequate
internvl3_lingoqa,InternVL3-8B,LingoQA,cos_sim,14,15,significant_sdc,433,75,280,153,0.3533487297921478,0.3265720266814134,0.3612408166637226,0.12896687974191826,0.216273697055116,0.4065247549086201,0.3085006036698297,0.3446467830800578,adequate
internvl3_lingoqa,InternVL3-8B,LingoQA,cos_sim,15,16,non_sdc,5762,75,5762,0,0.0,0.6616658736455382,0.6692741298427185,0.07351087233544663,0.6214654681583246,0.7083203720431479,0.6462288941246087,0.6768510467075608,adequate
internvl3_lingoqa,InternVL3-8B,LingoQA,cos_sim,15,16,non_significant_sdc,1293,70,1293,0,0.0,0.6652600064152625,0.6674766563452207,0.06764680109870568,0.6185711642791485,0.7161435037851334,0.6488779009653295,0.6813384738430261,adequate
internvl3_lingoqa,InternVL3-8B,LingoQA,cos_sim,15,16,significant_sdc,433,75,275,158,0.36489607390300227,0.031917934282854755,0.08893772564372238,0.18604503400183475,-0.20573201684319242,0.11988837782255546,0.006586721591620722,0.05800941167563133,adequate
internvl3_lingoqa,InternVL3-8B,LingoQA,cos_sim,16,17,non_sdc,5762,75,5762,0,0.0,0.6329945295688509,0.6363503532484174,0.06643074719594892,0.591629012886967,0.669027749981199,0.6195884260795402,0.646612024944088,adequate
internvl3_lingoqa,InternVL3-8B,LingoQA,cos_sim,16,17,non_significant_sdc,1293,70,1293,0,0.0,0.630746508135019,0.6327154704115607,0.058424880447407575,0.597858343612064,0.6707758083939552,0.618039064004703,0.6425940684863636,adequate
internvl3_lingoqa,InternVL3-8B,LingoQA,cos_sim,16,17,significant_sdc,433,73,252,181,0.418013856812933,0.10536652772344766,0.19517841562628746,0.21891116938013808,-0.14318937245680363,0.2464670148126933,0.07730542367030446,0.13373474930997345,adequate
internvl3_lingoqa,InternVL3-8B,LingoQA,cos_sim,17,18,non_sdc,5762,75,5762,0,0.0,0.6479809717970662,0.6493967113395532,0.06128699245038979,0.6094678229381961,0.6857384589190285,0.6355385195043283,0.6608639533107403,adequate
internvl3_lingoqa,InternVL3-8B,LingoQA,cos_sim,17,18,non_significant_sdc,1293,70,1293,0,0.0,0.6426727835281685,0.6441511579535224,0.056691831256630264,0.6096625097773292,0.6815955564379692,0.6307350568096407,0.6542648157546695,adequate
internvl3_lingoqa,InternVL3-8B,LingoQA,cos_sim,17,18,significant_sdc,433,73,241,192,0.4434180138568129,0.26417973960912644,0.31764667131462876,0.15601520544218656,0.16671806056888736,0.37103188524440844,0.24479814295129923,0.2846713190118089,adequate
internvl3_lingoqa,InternVL3-8B,LingoQA,cos_sim,18,19,non_sdc,5762,75,5762,0,0.0,0.7538303852988327,0.7624131129760492,0.045226459197348065,0.7245712086913132,0.7865900390527465,0.744602809021399,0.7629756207953505,adequate
internvl3_lingoqa,InternVL3-8B,LingoQA,cos_sim,18,19,non_significant_sdc,1293,70,1293,0,0.0,0.7628011602837456,0.7708471417427063,0.040726070627761755,0.7402444829543432,0.7896073961257934,0.7529898583661639,0.7715301161407361,adequate
internvl3_lingoqa,InternVL3-8B,LingoQA,cos_sim,18,19,significant_sdc,433,73,233,200,0.4618937644341802,0.19604875239063482,0.2673941449243195,0.17766693793051402,0.02030607122851878,0.30359767863945086,0.17224195068216577,0.2215707899572679,adequate
internvl3_lingoqa,InternVL3-8B,LingoQA,cos_sim,19,20,non_sdc,5762,75,5762,0,0.0,0.6320181419122699,0.6317525481184323,0.08142398901019492,0.5886607917689759,0.6815136102338631,0.6149079441124676,0.6496564845407414,adequate
internvl3_lingoqa,InternVL3-8B,LingoQA,cos_sim,19,20,non_significant_sdc,1293,70,1293,0,0.0,0.637692180249512,0.6352531455812,0.060583347946820514,0.6055179703235626,0.6787448426087698,0.6238414829313372,0.6507095826504575,adequate
internvl3_lingoqa,InternVL3-8B,LingoQA,cos_sim,19,20,significant_sdc,433,73,217,216,0.4988452655889145,0.13029770408227453,0.20890209829548792,0.2482302233387844,-0.10374881129483787,0.3478439921247108,0.09474150239670741,0.16773405246610654,adequate
internvl3_lingoqa,InternVL3-8B,LingoQA,cos_sim,20,21,non_sdc,5762,75,5762,0,0.0,0.6933540694741448,0.7027591590000235,0.07057001066352339,0.6490395850936572,0.7393316897478971,0.6786382462548575,0.7080075348953268,adequate
internvl3_lingoqa,InternVL3-8B,LingoQA,cos_sim,20,21,non_significant_sdc,1293,70,1293,0,0.0,0.7045154296031253,0.7152245885559491,0.06258598423738823,0.6667410123348236,0.7542845732287357,0.6891172403967072,0.71954903108865,adequate
internvl3_lingoqa,InternVL3-8B,LingoQA,cos_sim,20,21,significant_sdc,433,72,215,218,0.5034642032332564,0.24165578705156826,0.20276070614250338,0.1456358566941293,0.1259375274637524,0.34767525855984005,0.21793731500277036,0.2665777893813537,adequate
internvl3_lingoqa,InternVL3-8B,LingoQA,cos_sim,21,22,non_sdc,5762,75,5762,0,0.0,0.6602447369556561,0.6636542777972991,0.07106760929543063,0.6084132690004826,0.7072400870291811,0.6452811167412831,0.6752003286424645,adequate
internvl3_lingoqa,InternVL3-8B,LingoQA,cos_sim,21,22,non_significant_sdc,1293,70,1293,0,0.0,0.6694603782222808,0.6868436875251623,0.06307829908566889,0.6321581083795299,0.7083214407875424,0.655082351070446,0.6823259254376272,adequate
internvl3_lingoqa,InternVL3-8B,LingoQA,cos_sim,21,22,significant_sdc,433,70,201,232,0.535796766743649,0.09780330787988357,0.08268968046319727,0.12088719407729837,0.0581870543181288,0.09707505309156009,0.07816268449661244,0.12007793439908498,adequate
internvl3_lingoqa,InternVL3-8B,LingoQA,cos_sim,22,23,non_sdc,5762,75,5762,0,0.0,0.7251164976442953,0.7258843719959259,0.05879658540151844,0.6897650139236992,0.761214326257291,0.7125506705644066,0.7380288278384038,adequate
internvl3_lingoqa,InternVL3-8B,LingoQA,cos_sim,22,23,non_significant_sdc,1293,70,1293,0,0.0,0.735104736117888,0.7423632407188415,0.055757601751602937,0.7034100691477457,0.7752543091773987,0.7201653664441855,0.7483276643999374,adequate
internvl3_lingoqa,InternVL3-8B,LingoQA,cos_sim,22,23,significant_sdc,433,69,199,234,0.5404157043879907,0.30071024816778175,0.26101296592731865,0.1236377933340796,0.2544032745823568,0.33030043603206166,0.2821159217678417,0.321314099701851,adequate
internvl3_lingoqa,InternVL3-8B,LingoQA,cos_sim,23,24,non_sdc,5762,75,5762,0,0.0,0.7056112789153329,0.710231442291003,0.05149381928411664,0.6681341813542905,0.7409738078713417,0.6949516003676135,0.7165048169994638,adequate
internvl3_lingoqa,InternVL3-8B,LingoQA,cos_sim,23,24,non_significant_sdc,1293,70,1293,0,0.0,0.7141392189669895,0.7218069647039685,0.046427862935734976,0.6809708898266157,0.7474401387675055,0.7030044138047461,0.7249519871528276,adequate
internvl3_lingoqa,InternVL3-8B,LingoQA,cos_sim,23,24,significant_sdc,433,68,180,253,0.5842956120092379,0.5435593932609404,0.5839517268599297,0.15416439371068322,0.5497320571116038,0.6138599268635925,0.5223051554907285,0.5640901692184932,adequate
internvl3_lingoqa,InternVL3-8B,LingoQA,cos_sim,24,25,non_sdc,5762,75,5762,0,0.0,0.6963621637695723,0.6994265913963318,0.06570573130118526,0.6576834029501135,0.7375024198912656,0.6820893654332283,0.7103692187038648,adequate
internvl3_lingoqa,InternVL3-8B,LingoQA,cos_sim,24,25,non_significant_sdc,1293,70,1293,0,0.0,0.7041196006178421,0.7044461195667585,0.053271184521652505,0.6676548248843143,0.7411931768441812,0.6916470687921837,0.7160883669626866,adequate
internvl3_lingoqa,InternVL3-8B,LingoQA,cos_sim,24,25,significant_sdc,433,67,163,270,0.6235565819861432,0.4793977369158512,0.5338942432890132,0.13938629448496617,0.4546200672582704,0.5453550310767427,0.46008167837040154,0.499026707596741,adequate
internvl3_lingoqa,InternVL3-8B,LingoQA,cos_sim,25,26,non_sdc,5762,75,5762,0,0.0,0.8104738202562377,0.8171144038438798,0.050951448677289214,0.781130010431463,0.8437211710214615,0.7994441957961275,0.8211635344761975,adequate
internvl3_lingoqa,InternVL3-8B,LingoQA,cos_sim,25,26,non_significant_sdc,1293,70,1293,0,0.0,0.8127206447051384,0.8179363443933684,0.04537180574365567,0.7962577087538583,0.842927468234095,0.8032216458570429,0.8212465607749072,adequate
internvl3_lingoqa,InternVL3-8B,LingoQA,cos_sim,25,26,significant_sdc,433,66,160,273,0.6304849884526559,0.3661852260608434,0.3260761706196532,0.16512848525789156,0.2634368360954888,0.44565403187761504,0.33975459469897706,0.3956171689596533,adequate
internvl3_lingoqa,InternVL3-8B,LingoQA,cos_sim,26,27,non_sdc,5762,75,5762,0,0.0,0.966061275084402,0.9688311931159761,0.015167302681042093,0.9616617220640182,0.9741924650246098,0.9627165538941775,0.968993612890316,adequate
internvl3_lingoqa,InternVL3-8B,LingoQA,cos_sim,26,27,non_significant_sdc,1293,70,1293,0,0.0,0.9648872407315142,0.9666948165212359,0.02502910440513447,0.9615857526659966,0.9720148473978043,0.9624390603002022,0.9671768351037525,adequate
internvl3_lingoqa,InternVL3-8B,LingoQA,cos_sim,26,27,significant_sdc,433,61,146,287,0.6628175519630485,0.454551650020006,0.4357234455493032,0.21683022976033292,0.33229387156209167,0.5213569843647431,0.4141610102023269,0.4989569792821739,adequate
internvl3_vqav2,InternVL3-8B,VQAv2,cos_sim,0,1,non_sdc,5786,133,5786,0,0.0,0.7809035828926564,0.7834524142692796,0.03821339066838604,0.7609501381715139,0.8066973308237588,0.7764528223100695,0.785050418734052,adequate
internvl3_vqav2,InternVL3-8B,VQAv2,cos_sim,0,1,non_significant_sdc,1239,123,1239,0,0.0,0.7731542016623795,0.7766087368130684,0.04098083952272324,0.7458286338618824,0.8019143150698754,0.7671467387074111,0.7792244232082223,adequate
internvl3_vqav2,InternVL3-8B,VQAv2,cos_sim,0,1,significant_sdc,465,123,452,13,0.027956989247311825,0.27413588186584825,0.24495110067786002,0.12034118591110456,0.23702871617005794,0.25218306869572527,0.25825217616066165,0.29316113872636634,adequate
internvl3_vqav2,InternVL3-8B,VQAv2,cos_sim,1,2,non_sdc,5786,133,5786,0,0.0,0.7212276401183471,0.724633227288723,0.04859090813585061,0.6917623409203121,0.7541380599141121,0.7164377696937276,0.726301026307155,adequate
internvl3_vqav2,InternVL3-8B,VQAv2,cos_sim,1,2,non_significant_sdc,1239,123,1239,0,0.0,0.7086637112104183,0.7142673448512429,0.05105051660681548,0.6810688720299647,0.7425640909760086,0.7007866662706799,0.7163803333970984,adequate
internvl3_vqav2,InternVL3-8B,VQAv2,cos_sim,1,2,significant_sdc,465,122,446,19,0.04086021505376347,0.13734892373456145,0.10897981097959743,0.1265667214184213,0.09924348306899168,0.12170851876845165,0.12166357804700924,0.15577019061410508,adequate
internvl3_vqav2,InternVL3-8B,VQAv2,cos_sim,2,3,non_sdc,5786,133,5786,0,0.0,0.6462093402226965,0.6518038455396891,0.0611410615696156,0.6083806658332997,0.6880455304836405,0.6397247304313909,0.6530480885843741,adequate
internvl3_vqav2,InternVL3-8B,VQAv2,cos_sim,2,3,non_significant_sdc,1239,123,1239,0,0.0,0.63046104482888,0.6376089677214622,0.058945425873344795,0.5913932539877438,0.6757802923520406,0.6217782054581293,0.6387059297038086,adequate
internvl3_vqav2,InternVL3-8B,VQAv2,cos_sim,2,3,significant_sdc,465,122,436,29,0.062365591397849474,0.1296378706814391,0.09704242576369826,0.11910108777650376,0.08542739037348299,0.10849690355588587,0.11452881968035572,0.14715389193126996,adequate
internvl3_vqav2,InternVL3-8B,VQAv2,cos_sim,3,4,non_sdc,5786,133,5786,0,0.0,0.7124498598214467,0.7152214907109737,0.055256759632179096,0.6818847734030786,0.7536018341779709,0.7070090130718675,0.7178092274523158,adequate
internvl3_vqav2,InternVL3-8B,VQAv2,cos_sim,3,4,non_significant_sdc,1239,123,1239,0,0.0,0.700241080442906,0.70689900053872,0.05656240095703958,0.6691683423519135,0.7389380627281064,0.6922037123659742,0.7077688370355159,adequate
internvl3_vqav2,InternVL3-8B,VQAv2,cos_sim,3,4,significant_sdc,465,121,419,46,0.09892473118279566,0.46154498087138013,0.47549851269138105,0.10929820068609548,0.46687054603683703,0.4825742600523696,0.4495904899903078,0.47426713883022975,adequate
internvl3_vqav2,InternVL3-8B,VQAv2,cos_sim,4,5,non_sdc,5786,133,5786,0,0.0,0.6991563267301446,0.7051379837487873,0.05408675799071494,0.6675792422007631,0.7376364560249974,0.6933239560021938,0.7052392495997866,adequate
internvl3_vqav2,InternVL3-8B,VQAv2,cos_sim,4,5,non_significant_sdc,1239,123,1239,0,0.0,0.6850269018900816,0.6886218658515385,0.05740550036164934,0.6531020470423884,0.7263100087327301,0.6756970572252256,0.6939782353466638,adequate
internvl3_vqav2,InternVL3-8B,VQAv2,cos_sim,4,5,significant_sdc,465,120,406,59,0.12688172043010748,0.3113727003166715,0.30800674399551076,0.10339597737098573,0.29194542317062006,0.3217412056211306,0.2987983099901461,0.32533552072341904,adequate
internvl3_vqav2,InternVL3-8B,VQAv2,cos_sim,5,6,non_sdc,5786,133,5786,0,0.0,0.7525127496084405,0.7559882601102194,0.047254124698012684,0.72340099300657,0.7846755761919277,0.7481222560800957,0.7567760483410989,adequate
internvl3_vqav2,InternVL3-8B,VQAv2,cos_sim,5,6,non_significant_sdc,1239,123,1239,0,0.0,0.7441733446992441,0.7518697634339333,0.04705766495981549,0.722147528330485,0.7762872542847287,0.7373315854907982,0.7503145523209737,adequate
internvl3_vqav2,InternVL3-8B,VQAv2,cos_sim,5,6,significant_sdc,465,118,390,75,0.16129032258064513,0.2597172800067765,0.25563705727762104,0.1844625144244455,0.23729173660430372,0.2748103116695978,0.23587327924453177,0.28444993983638767,adequate
internvl3_vqav2,InternVL3-8B,VQAv2,cos_sim,6,7,non_sdc,5786,133,5786,0,0.0,0.517987161723462,0.5170473145401996,0.07452724389026184,0.47513868801650544,0.5701147733713712,0.5110832917457097,0.5247068102999137,adequate
internvl3_vqav2,InternVL3-8B,VQAv2,cos_sim,6,7,non_significant_sdc,1239,123,1239,0,0.0,0.4994891719393849,0.5042387721213427,0.07536684767678005,0.4509381658591338,0.5540100431868008,0.4882846407252279,0.5096642002339465,adequate
internvl3_vqav2,InternVL3-8B,VQAv2,cos_sim,6,7,significant_sdc,465,119,380,85,0.18279569892473113,0.34559770439593274,0.3769281322554666,0.12231753800121545,0.3640074878170782,0.38736807053186456,0.33260805530996207,0.3583741634884657,adequate
internvl3_vqav2,InternVL3-8B,VQAv2,cos_sim,7,8,non_sdc,5786,133,5786,0,0.0,0.594265228358647,0.6030998461776309,0.0668903484495097,0.5552592062950135,0.6401457331058654,0.5866523784156076,0.6020230875910461,adequate
internvl3_vqav2,InternVL3-8B,VQAv2,cos_sim,7,8,non_significant_sdc,1239,123,1239,0,0.0,0.5721940033380953,0.5756640513332523,0.06654601640280916,0.5359698674258064,0.6214893485109011,0.5604076508675307,0.5838365408881092,adequate
internvl3_vqav2,InternVL3-8B,VQAv2,cos_sim,7,8,significant_sdc,465,118,370,95,0.20430107526881724,0.06024431547820526,0.03646231311544472,0.14211106710555557,0.01909977946506471,0.054457286762415756,0.040729783093185264,0.08277550411970304,adequate
internvl3_vqav2,InternVL3-8B,VQAv2,cos_sim,8,9,non_sdc,5786,133,5786,0,0.0,0.6369980619076232,0.6458634750710593,0.07460751896261988,0.5986660803141801,0.6871459811925889,0.6281103141784194,0.6455200380969356,adequate
internvl3_vqav2,InternVL3-8B,VQAv2,cos_sim,8,9,non_significant_sdc,1239,123,1239,0,0.0,0.6268270665441193,0.6406970138351122,0.08439583508515663,0.5889625555632272,0.6816507733116547,0.6135192636549255,0.6393847267616738,adequate
internvl3_vqav2,InternVL3-8B,VQAv2,cos_sim,8,9,significant_sdc,465,119,365,100,0.21505376344086025,0.28309187333270264,0.2556917057657728,0.12234751704806465,0.21881081680862272,0.30031854826576854,0.2651800813132453,0.30169745101001694,adequate
internvl3_vqav2,InternVL3-8B,VQAv2,cos_sim,9,10,non_sdc,5786,133,5786,0,0.0,0.6654779154265207,0.6704638681784194,0.05990491410339352,0.626504027375988,0.7078093776479364,0.6596112009306415,0.6712407209213188,adequate
internvl3_vqav2,InternVL3-8B,VQAv2,cos_sim,9,10,non_significant_sdc,1239,123,1239,0,0.0,0.6467262953895228,0.6522110263506572,0.054628166468895886,0.6118142226360794,0.6834494081036798,0.638466494027713,0.655235032873499,adequate
internvl3_vqav2,InternVL3-8B,VQAv2,cos_sim,9,10,significant_sdc,465,118,355,110,0.23655913978494625,0.33356767007698424,0.33488281770628325,0.12089389177961558,0.3156434619913296,0.35854402032433724,0.31667591113758375,0.3517155798802212,adequate
internvl3_vqav2,InternVL3-8B,VQAv2,cos_sim,10,11,non_sdc,5786,133,5786,0,0.0,0.598788051283861,0.604521583853399,0.06828921965253448,0.5565912111809379,0.6457368731498718,0.592967720538219,0.6042124822510289,adequate
internvl3_vqav2,InternVL3-8B,VQAv2,cos_sim,10,11,non_significant_sdc,1239,123,1239,0,0.0,0.5845963633103607,0.5917095964153608,0.06806014276523555,0.5459286601562284,0.6372550627267038,0.5762286860813287,0.5923414057510094,adequate
internvl3_vqav2,InternVL3-8B,VQAv2,cos_sim,10,11,significant_sdc,465,116,346,119,0.2559139784946236,0.0028321098809160226,-0.04840925423789541,0.16828792065727224,-0.06718057564136629,-0.026106989472078124,-0.020016428738409867,0.03025432959444028,adequate
internvl3_vqav2,InternVL3-8B,VQAv2,cos_sim,11,12,non_sdc,5786,133,5786,0,0.0,0.6183767384730301,0.6248158441189139,0.06706456566548025,0.5728026812689172,0.6668914934319834,0.6115101279249991,0.6248275694906361,adequate
internvl3_vqav2,InternVL3-8B,VQAv2,cos_sim,11,12,non_significant_sdc,1239,123,1239,0,0.0,0.6107760219345723,0.6120285155142055,0.06384335361796148,0.5710995800438381,0.6526559996936057,0.6011840683420955,0.6197932357150169,adequate
internvl3_vqav2,InternVL3-8B,VQAv2,cos_sim,11,12,significant_sdc,465,114,337,128,0.2752688172043011,0.1219082026122297,0.09449327824523254,0.14886551793677918,0.08119515390982004,0.11425434022533651,0.10102475639431795,0.14669822507971858,adequate
internvl3_vqav2,InternVL3-8B,VQAv2,cos_sim,12,13,non_sdc,5786,133,5786,0,0.0,0.5993925539343875,0.6068143974989653,0.0752916675333372,0.5632459911007789,0.6511808522045612,0.5907868759498921,0.6074085313379756,adequate
internvl3_vqav2,InternVL3-8B,VQAv2,cos_sim,12,13,non_significant_sdc,1239,123,1239,0,0.0,0.587949419732244,0.5999879991566693,0.0753824076311795,0.5404132637388421,0.6418707933690813,0.5756107082891102,0.5992584504187665,adequate
internvl3_vqav2,InternVL3-8B,VQAv2,cos_sim,12,13,significant_sdc,465,111,318,147,0.31612903225806455,0.20673314696501335,0.2059982193595901,0.13153689527919882,0.17929182671086522,0.22893618883527056,0.1887623080040227,0.22789032924446156,adequate
internvl3_vqav2,InternVL3-8B,VQAv2,cos_sim,13,14,non_sdc,5786,133,5786,0,0.0,0.6431920450270987,0.6499138455837965,0.06575541321573933,0.603303000330925,0.6871944643557072,0.6366365429387036,0.6499289630660404,adequate
internvl3_vqav2,InternVL3-8B,VQAv2,cos_sim,13,14,non_significant_sdc,1239,123,1239,0,0.0,0.6284276467698781,0.631261150042216,0.07011415346879075,0.5880215756154705,0.6817333797328317,0.618310996242214,0.637899642005052,adequate
internvl3_vqav2,InternVL3-8B,VQAv2,cos_sim,13,14,significant_sdc,465,110,310,155,0.33333333333333337,0.2104906105269264,0.2098049583597755,0.16117226689333422,0.18892107373673697,0.23825504720135002,0.18856746736425115,0.23352199206828558,adequate
internvl3_vqav2,InternVL3-8B,VQAv2,cos_sim,14,15,non_sdc,5786,133,5786,0,0.0,0.6370495134402511,0.6428476774692535,0.05668462390221321,0.5987605373516227,0.6804073580673763,0.6307807056910558,0.6427753845299099,adequate
internvl3_vqav2,InternVL3-8B,VQAv2,cos_sim,14,15,non_significant_sdc,1239,123,1239,0,0.0,0.6327808885311977,0.637133967417937,0.05438567546036526,0.5995036824183031,0.6715919762378625,0.6248203741676326,0.6397811882013815,adequate
internvl3_vqav2,InternVL3-8B,VQAv2,cos_sim,14,15,significant_sdc,465,109,305,160,0.34408602150537637,0.24972844283832044,0.2766316996849313,0.14784898322354734,0.23159326506512506,0.3039700413236813,0.23064099509339103,0.2708916605725495,adequate
internvl3_vqav2,InternVL3-8B,VQAv2,cos_sim,15,16,non_sdc,5786,133,5786,0,0.0,0.5642380625974076,0.5694347479277186,0.06427717477271805,0.5241081515470376,0.6107954435227883,0.5577053175183718,0.570668738854462,adequate
internvl3_vqav2,InternVL3-8B,VQAv2,cos_sim,15,16,non_significant_sdc,1239,123,1239,0,0.0,0.5571882125726091,0.5626734380017627,0.06123166643803545,0.5165061006943386,0.5986350823464719,0.5488094839240844,0.5650500645862536,adequate
internvl3_vqav2,InternVL3-8B,VQAv2,cos_sim,15,16,significant_sdc,465,109,291,174,0.37419354838709673,0.07217457424564097,0.07598203294245261,0.1703050223785679,0.030078613807504276,0.1057442018895277,0.0486219593094678,0.09784198537649152,adequate
internvl3_vqav2,InternVL3-8B,VQAv2,cos_sim,16,17,non_sdc,5786,133,5786,0,0.0,0.5892213542434668,0.5904247068306979,0.07127866546740169,0.5400804870684321,0.6443179387768562,0.5804491185279833,0.5967893480450315,adequate
internvl3_vqav2,InternVL3-8B,VQAv2,cos_sim,16,17,non_significant_sdc,1239,123,1239,0,0.0,0.5799923152196881,0.5824684831831191,0.06718363952699273,0.5343340546358377,0.6296918791803446,0.5696699459167845,0.5894542085659842,adequate
internvl3_vqav2,InternVL3-8B,VQAv2,cos_sim,16,17,significant_sdc,465,106,279,186,0.4,0.2632266060469218,0.31799966066467517,0.19371920298595177,0.16698690134157634,0.37739191006641,0.2380795588672654,0.2888185843199939,adequate
internvl3_vqav2,InternVL3-8B,VQAv2,cos_sim,17,18,non_sdc,5786,133,5786,0,0.0,0.6063328632361541,0.6154433826299814,0.06661995351530071,0.5648899178419795,0.6516332235187292,0.60014143935083,0.6126931208804709,adequate
internvl3_vqav2,InternVL3-8B,VQAv2,cos_sim,17,18,non_significant_sdc,1239,123,1239,0,0.0,0.5923321485793942,0.6026001580059528,0.06875802421363586,0.5451629599427572,0.6420769027609756,0.5829428675454008,0.6018221598779188,adequate
internvl3_vqav2,InternVL3-8B,VQAv2,cos_sim,17,18,significant_sdc,465,103,261,204,0.43870967741935485,0.32636253650917113,0.3421558427567385,0.1372901667511467,0.296634138390726,0.38280353193380395,0.30759571506199346,0.34457820909323444,adequate
internvl3_vqav2,InternVL3-8B,VQAv2,cos_sim,18,19,non_sdc,5786,133,5786,0,0.0,0.6672672636239289,0.6720866937386362,0.05551604382900096,0.6397056697734765,0.7037877324450851,0.660695496537601,0.6744900786032764,adequate
internvl3_vqav2,InternVL3-8B,VQAv2,cos_sim,18,19,non_significant_sdc,1239,123,1239,0,0.0,0.6663980706170493,0.6739995280901591,0.05973221594277393,0.638378004853924,0.7049153162931141,0.6578484492529401,0.6753081277156676,adequate
internvl3_vqav2,InternVL3-8B,VQAv2,cos_sim,18,19,significant_sdc,465,102,247,218,0.4688172043010753,0.23303620799384983,0.2178448804331069,0.160664191782072,0.09331274382313903,0.2924663774403078,0.20707964381728552,0.2604905703111196,adequate
internvl3_vqav2,InternVL3-8B,VQAv2,cos_sim,19,20,non_sdc,5786,133,5786,0,0.0,0.5327843899152549,0.5380935713096902,0.07628166037973526,0.4847773054242134,0.585900197572568,0.5258420825358812,0.5390188061517581,adequate
internvl3_vqav2,InternVL3-8B,VQAv2,cos_sim,19,20,non_significant_sdc,1239,123,1239,0,0.0,0.5222553337068626,0.5318270921707153,0.07550583673841321,0.47025058742499715,0.5718607940024844,0.5109557168454635,0.5327043621332217,adequate
internvl3_vqav2,InternVL3-8B,VQAv2,cos_sim,19,20,significant_sdc,465,99,229,236,0.5075268817204301,0.2168925868284115,0.2246596530383947,0.1763112442594513,0.07407094887932952,0.3207733880500404,0.18848362162379165,0.24606828518869997,adequate
internvl3_vqav2,InternVL3-8B,VQAv2,cos_sim,20,21,non_sdc,5786,133,5786,0,0.0,0.512184767887343,0.5203101933570136,0.08826841170822433,0.4654109253333165,0.5752827463050683,0.5039650166502702,0.5205813549221919,adequate
internvl3_vqav2,InternVL3-8B,VQAv2,cos_sim,20,21,non_significant_sdc,1239,123,1239,0,0.0,0.4936924171730159,0.5025081876665354,0.09557928839182336,0.4453674157095306,0.56049842622244,0.4783515152477234,0.5083233979109114,adequate
internvl3_vqav2,InternVL3-8B,VQAv2,cos_sim,20,21,significant_sdc,465,99,221,244,0.5247311827956989,0.45863379048434316,0.49358429774946094,0.1333531958094596,0.40288493219687016,0.5635440912511613,0.44124588662258063,0.4751668774975501,adequate
internvl3_vqav2,InternVL3-8B,VQAv2,cos_sim,21,22,non_sdc,5786,133,5786,0,0.0,0.517175565214266,0.5222552386777741,0.06979960702342124,0.47238517530036694,0.5666970113913218,0.5097227033541766,0.5247813823204313,adequate
internvl3_vqav2,InternVL3-8B,VQAv2,cos_sim,21,22,non_significant_sdc,1239,123,1239,0,0.0,0.5127172832132095,0.5164878999903089,0.06876232344525525,0.47106242471804416,0.5605919599369331,0.5028976659901641,0.5221389107132889,adequate
internvl3_vqav2,InternVL3-8B,VQAv2,cos_sim,21,22,significant_sdc,465,97,214,251,0.5397849462365591,0.1566191608619956,0.13182764941332292,0.1322148425390673,0.10040970303460348,0.15929099340562006,0.1329579931559014,0.18219849300584343,adequate
internvl3_vqav2,InternVL3-8B,VQAv2,cos_sim,22,23,non_sdc,5786,133,5786,0,0.0,0.6153610562725026,0.6213574260473251,0.05958589704694364,0.5784107570618611,0.6578399193557827,0.6081168649687252,0.6222207920987782,adequate
internvl3_vqav2,InternVL3-8B,VQAv2,cos_sim,22,23,non_significant_sdc,1239,123,1239,0,0.0,0.6024489546327657,0.6121055030822754,0.06288508186185092,0.5646067375228518,0.6444540489464998,0.5911164743306462,0.6127578287740001,adequate
internvl3_vqav2,InternVL3-8B,VQAv2,cos_sim,22,23,significant_sdc,465,96,201,264,0.567741935483871,0.4076233138821968,0.4134207690248684,0.14977176283222246,0.30344874457437165,0.5204124633146792,0.38299299078207294,0.43185507570608017,adequate
internvl3_vqav2,InternVL3-8B,VQAv2,cos_sim,23,24,non_sdc,5786,133,5786,0,0.0,0.5669509731881334,0.5729355913836781,0.06190060949125321,0.5325642961722153,0.6100604411746775,0.5608377750277276,0.5729530481948935,adequate
internvl3_vqav2,InternVL3-8B,VQAv2,cos_sim,23,24,non_significant_sdc,1239,123,1239,0,0.0,0.5598592742828336,0.5668412086463743,0.062184280269322,0.5246439275934416,0.6012988324587544,0.5498474376629613,0.5694980462452308,adequate
internvl3_vqav2,InternVL3-8B,VQAv2,cos_sim,23,24,significant_sdc,465,92,183,282,0.6064516129032258,0.49412053928979055,0.5310564217518787,0.14690420091664058,0.4687832016117719,0.5695848522745833,0.4716143989127913,0.5145493750447662,adequate
internvl3_vqav2,InternVL3-8B,VQAv2,cos_sim,24,25,non_sdc,5786,133,5786,0,0.0,0.6209862600502974,0.626497319189661,0.05338537392242116,0.585793551754824,0.6586212615172068,0.6143595177430328,0.627225169996808,adequate
internvl3_vqav2,InternVL3-8B,VQAv2,cos_sim,24,25,non_significant_sdc,1239,123,1239,0,0.0,0.6141486138420672,0.6178295463323593,0.053348938352098675,0.5854662248527097,0.6507348982351167,0.6044983909025932,0.6232514685183584,adequate
internvl3_vqav2,InternVL3-8B,VQAv2,cos_sim,24,25,significant_sdc,465,86,171,294,0.6322580645161291,0.558103250910221,0.6491678158442179,0.18337079385410293,0.49704835065325403,0.6814831087783891,0.5306972100048291,0.5840833927045679,adequate
internvl3_vqav2,InternVL3-8B,VQAv2,cos_sim,25,26,non_sdc,5786,133,5786,0,0.0,0.7566075817067209,0.7633057328339281,0.052850965996805374,0.7272888583981472,0.7943706393241883,0.7506352476472065,0.7623333267471193,adequate
internvl3_vqav2,InternVL3-8B,VQAv2,cos_sim,25,26,non_significant_sdc,1239,123,1239,0,0.0,0.7573784589633863,0.7654149418785459,0.05770195989166023,0.7204438562098986,0.7975605543611085,0.7479426796283527,0.7663362334421923,adequate
internvl3_vqav2,InternVL3-8B,VQAv2,cos_sim,25,26,significant_sdc,465,86,159,306,0.6580645161290323,0.41873566750153113,0.44248432164289514,0.22064444997850874,0.30987169365493616,0.566661953621981,0.3854607915009809,0.45137814108127416,adequate
internvl3_vqav2,InternVL3-8B,VQAv2,cos_sim,26,27,non_sdc,5786,133,5786,0,0.0,0.9543397682021479,0.9602854680834394,0.021020809631451504,0.951482766522811,0.9659242009123166,0.9522590659501301,0.956288611376913,adequate
internvl3_vqav2,InternVL3-8B,VQAv2,cos_sim,26,27,non_significant_sdc,1239,123,1239,0,0.0,0.9505202746895104,0.9581874896740091,0.027498865708265173,0.9468455761671066,0.9659635557068719,0.9471922506220062,0.9535589275439973,adequate
internvl3_vqav2,InternVL3-8B,VQAv2,cos_sim,26,27,significant_sdc,465,74,139,326,0.7010752688172043,0.5911356000012435,0.6156871927027799,0.24993011023291786,0.60901397892407,0.634594133922032,0.5502472815527546,0.6315993545543722,adequate
llava15_earthvqa,LLaVA-1.5-7B,EarthVQA,cos_sim,0,1,non_sdc,7249,375,7249,0,0.0,0.9518043754107458,0.9712717175483704,0.05012352595961591,0.9432298881667001,0.9813161373138428,0.9477178973526236,0.9556410442604473,adequate
llava15_earthvqa,LLaVA-1.5-7B,EarthVQA,cos_sim,0,1,non_significant_sdc,68,42,68,0,0.0,0.9183890762452224,0.9454759125198637,0.06213193985307292,0.8697390067908499,0.9595582243055105,0.8931748815589485,0.9400306439685673,adequate
llava15_earthvqa,LLaVA-1.5-7B,EarthVQA,cos_sim,0,1,significant_sdc,183,69,73,110,0.6010928961748634,0.18348737434680146,0.07680185663760924,0.2666055997496624,0.06155150231658196,0.11856972289328672,0.12748100142701546,0.24782384026902735,adequate
llava15_earthvqa,LLaVA-1.5-7B,EarthVQA,cos_sim,1,2,non_sdc,7249,375,7249,0,0.0,0.9449524455973487,0.9729791283607483,0.06442471922151767,0.9323631525039673,0.9809730648994446,0.9399375056659934,0.9497380370322249,adequate
llava15_earthvqa,LLaVA-1.5-7B,EarthVQA,cos_sim,1,2,non_significant_sdc,68,42,68,0,0.0,0.8824653542230562,0.9093655745188396,0.092357619167752,0.8165037631988525,0.9625931419432163,0.8487006034550327,0.9147767913054553,adequate
llava15_earthvqa,LLaVA-1.5-7B,EarthVQA,cos_sim,1,2,significant_sdc,183,66,70,113,0.6174863387978142,0.34388877079806296,0.2812091142547374,0.19172172303264434,0.26366121702048245,0.29601400223921753,0.30242427140683464,0.3914183287057062,adequate
llava15_earthvqa,LLaVA-1.5-7B,EarthVQA,cos_sim,2,3,non_sdc,7249,375,7249,0,0.0,0.9539780579308718,0.9734527468681335,0.04504426357585974,0.9380461772282919,0.9795371890068054,0.950287085083342,0.9573583547977592,adequate
llava15_earthvqa,LLaVA-1.5-7B,EarthVQA,cos_sim,2,3,non_significant_sdc,68,42,68,0,0.0,0.8987232633596199,0.9214641427000363,0.07935040045245206,0.8765624339381853,0.9597962699830531,0.8706273974685479,0.9233488194114686,adequate
llava15_earthvqa,LLaVA-1.5-7B,EarthVQA,cos_sim,2,3,significant_sdc,183,66,70,113,0.6174863387978142,0.3763475658821324,0.32616736253305356,0.1913809673811772,0.2898118996194431,0.35630367057664053,0.3352478745288632,0.4236203490060842,adequate
llava15_earthvqa,LLaVA-1.5-7B,EarthVQA,cos_sim,3,4,non_sdc,7249,375,7249,0,0.0,0.958658891405905,0.9754583835601807,0.04042056885459514,0.945861428976059,0.9837207794189453,0.9554086695189393,0.9617335303325352,adequate
llava15_earthvqa,LLaVA-1.5-7B,EarthVQA,cos_sim,3,4,non_significant_sdc,68,42,68,0,0.0,0.9112525932530425,0.9310007797820228,0.07385956817196246,0.8785453364253044,0.9699910749991735,0.8838124602179522,0.9342501251553252,adequate
llava15_earthvqa,LLaVA-1.5-7B,EarthVQA,cos_sim,3,4,significant_sdc,183,63,67,116,0.6338797814207651,0.34351613233448397,0.28074534237384796,0.1995067503669985,0.25542230828075996,0.3028929850884846,0.2999090572329378,0.3931846605117613,adequate
llava15_earthvqa,LLaVA-1.5-7B,EarthVQA,cos_sim,4,5,non_sdc,7249,375,7249,0,0.0,0.9376814080306902,0.9554408958980015,0.057284201241403175,0.9181591272354126,0.975948691368103,0.9330146592041829,0.9420437102553034,adequate
llava15_earthvqa,LLaVA-1.5-7B,EarthVQA,cos_sim,4,5,non_significant_sdc,68,42,68,0,0.0,0.8761158015300651,0.8933516831109019,0.09359827141076155,0.8308500908315182,0.9512730437730039,0.8353590195151769,0.9087870087056389,adequate
llava15_earthvqa,LLaVA-1.5-7B,EarthVQA,cos_sim,4,5,significant_sdc,183,59,63,120,0.6557377049180328,0.44422490016163124,0.41120802383033594,0.18647422964150326,0.39425720206024695,0.43253380151427523,0.3994405961568868,0.4930165235984322,adequate
llava15_earthvqa,LLaVA-1.5-7B,EarthVQA,cos_sim,5,6,non_sdc,7249,375,7249,0,0.0,0.9468858660279041,0.9674251675605774,0.05407415622780142,0.9308955669403076,0.9788004875183105,0.9424326056890572,0.951000973199139,adequate
llava15_earthvqa,LLaVA-1.5-7B,EarthVQA,cos_sim,5,6,non_significant_sdc,68,42,68,0,0.0,0.893725599744366,0.9215004727953956,0.0840116532202491,0.8579928890730326,0.94235034180539,0.8634979412213023,0.9172659883441275,adequate
llava15_earthvqa,LLaVA-1.5-7B,EarthVQA,cos_sim,5,6,significant_sdc,183,57,60,123,0.6721311475409837,0.26304979199913103,0.19005278292663244,0.25200860205202436,0.1599197380187712,0.21479040844251915,0.20418180836796976,0.32947464618789934,adequate
llava15_earthvqa,LLaVA-1.5-7B,EarthVQA,cos_sim,6,7,non_sdc,7249,375,7249,0,0.0,0.9345272100064348,0.9462456405162811,0.052167093727007924,0.918593168258667,0.970634251832962,0.930361627515784,0.9383894286476808,adequate
llava15_earthvqa,LLaVA-1.5-7B,EarthVQA,cos_sim,6,7,non_significant_sdc,68,42,68,0,0.0,0.8798409264097115,0.8945300408772059,0.08745150117008291,0.8520926386117935,0.9359660744667053,0.8501804647479331,0.9040139148147694,adequate
llava15_earthvqa,LLaVA-1.5-7B,EarthVQA,cos_sim,6,7,significant_sdc,183,56,59,124,0.6775956284153005,0.38739036040943503,0.3345218659663687,0.19626852184053858,0.31546952811126805,0.3585850278637847,0.3407404719470293,0.439900808868782,adequate
llava15_earthvqa,LLaVA-1.5-7B,EarthVQA,cos_sim,7,8,non_sdc,7249,375,7249,0,0.0,0.9227331245139213,0.9375777542591095,0.05801470931744971,0.9047645926475525,0.9627159535884857,0.9180024549379786,0.9272545664776344,adequate
llava15_earthvqa,LLaVA-1.5-7B,EarthVQA,cos_sim,7,8,non_significant_sdc,68,42,68,0,0.0,0.8672249543037001,0.8852098675874563,0.08644433750539783,0.8316065904039602,0.9242330491542816,0.8363955052623049,0.892830398608946,adequate
llava15_earthvqa,LLaVA-1.5-7B,EarthVQA,cos_sim,7,8,significant_sdc,183,55,58,125,0.6830601092896175,0.2480733021118532,0.17442462467873582,0.24742638645246628,0.15862647149407744,0.19842109756962378,0.19021017576974109,0.3170286013898285,adequate
llava15_earthvqa,LLaVA-1.5-7B,EarthVQA,cos_sim,8,9,non_sdc,7249,375,7249,0,0.0,0.9294741444371986,0.9524825572967529,0.06102821364165261,0.9140649735927582,0.9662144184112549,0.9244616820055291,0.9341601452945982,adequate
llava15_earthvqa,LLaVA-1.5-7B,EarthVQA,cos_sim,8,9,non_significant_sdc,68,42,68,0,0.0,0.8676513474239494,0.886834626396497,0.09591095159703204,0.8474102765321732,0.9331890754401684,0.8293527319899159,0.8987951457681342,adequate
llava15_earthvqa,LLaVA-1.5-7B,EarthVQA,cos_sim,8,9,significant_sdc,183,53,56,127,0.6939890710382514,0.27359919542482164,0.1992110937681733,0.23698554623168155,0.1592116048844645,0.24396724010608634,0.21596645852719773,0.34082904688965077,adequate
llava15_earthvqa,LLaVA-1.5-7B,EarthVQA,cos_sim,9,10,non_sdc,7249,375,7249,0,0.0,0.934858493206045,0.9516723677515984,0.050087383268307965,0.9201626289974559,0.9676564931869507,0.930903983144513,0.938632036605878,adequate
llava15_earthvqa,LLaVA-1.5-7B,EarthVQA,cos_sim,9,10,non_significant_sdc,68,42,68,0,0.0,0.8906614115137771,0.9060292508867052,0.07563918510963681,0.8710204716771841,0.9415976735098022,0.8634503990235294,0.9123584163303603,adequate
llava15_earthvqa,LLaVA-1.5-7B,EarthVQA,cos_sim,9,10,significant_sdc,183,51,54,129,0.7049180327868853,0.3194535043516897,0.24442849536331332,0.23205560031801697,0.21751398851676862,0.27468129848035017,0.26233462849745154,0.3859343104110221,adequate
llava15_earthvqa,LLaVA-1.5-7B,EarthVQA,cos_sim,10,11,non_sdc,7249,375,7249,0,0.0,0.8978737417034174,0.9126839518547059,0.05531240295014516,0.875456690788269,0.9340461492538452,0.8934860969773912,0.9020138852049293,adequate
llava15_earthvqa,LLaVA-1.5-7B,EarthVQA,cos_sim,10,11,non_significant_sdc,68,42,68,0,0.0,0.8648254657707821,0.8668807297945023,0.07853827452489266,0.8479613829404116,0.9202649580617236,0.838905565092528,0.886729977785062,adequate
llava15_earthvqa,LLaVA-1.5-7B,EarthVQA,cos_sim,10,11,significant_sdc,183,50,53,130,0.7103825136612022,0.22160816226196228,0.12964487773347266,0.25179546894652605,0.09376838442166241,0.1749645939895085,0.15921911896109206,0.291467477976961,adequate
llava15_earthvqa,LLaVA-1.5-7B,EarthVQA,cos_sim,11,12,non_sdc,7249,375,7249,0,0.0,0.9003850965354862,0.916730260848999,0.06291711515151538,0.8754250918115888,0.9437716484069825,0.8948302822072302,0.9053951185041748,adequate
llava15_earthvqa,LLaVA-1.5-7B,EarthVQA,cos_sim,11,12,non_significant_sdc,68,42,68,0,0.0,0.8444033077353986,0.8649215133159192,0.09200723930685471,0.8187424093484879,0.9012031384876796,0.8085124812310714,0.8718582753288947,adequate
llava15_earthvqa,LLaVA-1.5-7B,EarthVQA,cos_sim,11,12,significant_sdc,183,50,53,130,0.7103825136612022,0.05318225112492939,-0.07939734857301323,0.321577991002906,-0.0984064560307532,-0.041104866419823805,-0.026999531953062844,0.14430740840741074,adequate
llava15_earthvqa,LLaVA-1.5-7B,EarthVQA,cos_sim,12,13,non_sdc,7249,375,7249,0,0.0,0.9166958554610692,0.9347796638806661,0.05842847047350062,0.8857369050383568,0.9575598239898682,0.9115639033218553,0.9214964149154267,adequate
llava15_earthvqa,LLaVA-1.5-7B,EarthVQA,cos_sim,12,13,non_significant_sdc,68,42,68,0,0.0,0.8592256961734421,0.8861134774409808,0.09436864095700134,0.8379302846060859,0.9166380933352879,0.8262873798748641,0.8871049925143422,adequate
llava15_earthvqa,LLaVA-1.5-7B,EarthVQA,cos_sim,12,13,significant_sdc,183,50,52,131,0.7158469945355191,0.2015109086487327,0.1015642402617603,0.27204995694615997,0.08532799415442407,0.12476180733314582,0.1345845872025523,0.2836288649864109,adequate
llava15_earthvqa,LLaVA-1.5-7B,EarthVQA,cos_sim,13,14,non_sdc,7249,375,7249,0,0.0,0.9195232657159641,0.9390023350715637,0.05638483131670503,0.8910305003325144,0.9583793878555298,0.9151553505208856,0.9238152609701908,adequate
llava15_earthvqa,LLaVA-1.5-7B,EarthVQA,cos_sim,13,14,non_significant_sdc,68,42,68,0,0.0,0.850961448922214,0.8872231670788356,0.09674944632518441,0.8304416060979878,0.90736551124316,0.8172241641140537,0.8789103268374499,adequate
llava15_earthvqa,LLaVA-1.5-7B,EarthVQA,cos_sim,13,14,significant_sdc,183,48,50,133,0.7267759562841529,0.21174198101231664,0.11440563559228059,0.28086107734749594,0.06279417574500704,0.17007711465109368,0.14142535369031942,0.2932564686417368,adequate
llava15_earthvqa,LLaVA-1.5-7B,EarthVQA,cos_sim,14,15,non_sdc,7249,375,7249,0,0.0,0.935560883164533,0.9554067015647888,0.05603118246279288,0.9131187200546265,0.9721344312032064,0.931226299605589,0.9396308587921601,adequate
llava15_earthvqa,LLaVA-1.5-7B,EarthVQA,cos_sim,14,15,non_significant_sdc,68,42,68,0,0.0,0.8604523324307818,0.8974770550544445,0.10575260834753102,0.8525001155951667,0.9217918571084738,0.8132629548087594,0.897760829316465,adequate
llava15_earthvqa,LLaVA-1.5-7B,EarthVQA,cos_sim,14,15,significant_sdc,183,48,50,133,0.7267759562841529,0.3736003226678342,0.309293980044978,0.22441919573403013,0.2876908429423157,0.33824209131452504,0.3154902934997856,0.4398505586437261,adequate
llava15_earthvqa,LLaVA-1.5-7B,EarthVQA,cos_sim,15,16,non_sdc,7249,375,7249,0,0.0,0.9363880093486776,0.9533785283565521,0.051910300943065785,0.9179506003856659,0.9690997004508972,0.9318614990100048,0.9404995484519791,adequate
llava15_earthvqa,LLaVA-1.5-7B,EarthVQA,cos_sim,15,16,non_significant_sdc,68,42,68,0,0.0,0.8789742406996027,0.9096305258572102,0.09046653785082727,0.8810385907334941,0.9349321659122194,0.8472128056319259,0.9061473114541828,adequate
llava15_earthvqa,LLaVA-1.5-7B,EarthVQA,cos_sim,15,16,significant_sdc,183,47,49,134,0.7322404371584699,0.32517871156272454,0.2505031422692902,0.24344885598555455,0.21425418312452277,0.28930350469083205,0.26296182429058734,0.3970445120288915,adequate
llava15_earthvqa,LLaVA-1.5-7B,EarthVQA,cos_sim,16,17,non_sdc,7249,375,7249,0,0.0,0.9112024362916901,0.9348289370536804,0.06964200851508275,0.8847990198568865,0.9558432221412658,0.9053892165315962,0.9167025921751704,adequate
llava15_earthvqa,LLaVA-1.5-7B,EarthVQA,cos_sim,16,17,non_significant_sdc,68,42,68,0,0.0,0.8389083439002784,0.8772929497439452,0.11630956652144195,0.8236251542610782,0.9073828916464534,0.7968025613790842,0.8714040066201919,adequate
llava15_earthvqa,LLaVA-1.5-7B,EarthVQA,cos_sim,16,17,significant_sdc,183,45,47,136,0.7431693989071038,0.3934905940419836,0.341354919483467,0.20453860060844758,0.3074946832291934,0.3887842216966103,0.3390182531876508,0.45473685108895545,adequate
llava15_earthvqa,LLaVA-1.5-7B,EarthVQA,cos_sim,17,18,non_sdc,7249,375,7249,0,0.0,0.9367870408683177,0.9570704698562622,0.054847925470996525,0.9154630140824751,0.9727482199668884,0.9324444940591741,0.9408730255364555,adequate
llava15_earthvqa,LLaVA-1.5-7B,EarthVQA,cos_sim,17,18,non_significant_sdc,68,42,68,0,0.0,0.8702943896449548,0.9104100180168946,0.10369276649556308,0.8554901356498401,0.9397503044456244,0.830446894551036,0.9027687044196401,adequate
llava15_earthvqa,LLaVA-1.5-7B,EarthVQA,cos_sim,17,18,significant_sdc,183,44,46,137,0.7486338797814207,0.4991749186257229,0.48496947179035266,0.20709728612065842,0.4606442091112234,0.5402550872187225,0.43904414560713817,0.5585892644310182,adequate
llava15_earthvqa,LLaVA-1.5-7B,EarthVQA,cos_sim,18,19,non_sdc,7249,375,7249,0,0.0,0.9224799819832374,0.9431090652942657,0.06298597630756851,0.9010451634724935,0.9618031978607178,0.9174141290842103,0.9272094594060517,adequate
llava15_earthvqa,LLaVA-1.5-7B,EarthVQA,cos_sim,18,19,non_significant_sdc,68,42,68,0,0.0,0.8374577682930111,0.8775974713792705,0.12182016764220047,0.8195881923394543,0.9117189741560391,0.790139190127092,0.8756077653725374,adequate
llava15_earthvqa,LLaVA-1.5-7B,EarthVQA,cos_sim,18,19,significant_sdc,183,40,42,141,0.7704918032786885,0.46224241253762405,0.41844125380929637,0.185093543712777,0.3780425327772997,0.4430066301506393,0.41167816318601275,0.5224416263297452,adequate
llava15_earthvqa,LLaVA-1.5-7B,EarthVQA,cos_sim,19,20,non_sdc,7249,375,7249,0,0.0,0.9338841601316941,0.9496820569038391,0.04741284477257738,0.91646665760449,0.9650120735168457,0.9299468983922398,0.9375739828206379,adequate
llava15_earthvqa,LLaVA-1.5-7B,EarthVQA,cos_sim,19,20,non_significant_sdc,68,42,68,0,0.0,0.8768639216041995,0.9017043428288566,0.08071410322452399,0.8630047043164571,0.9291980918496847,0.8469890980831419,0.9017049615726237,adequate
llava15_earthvqa,LLaVA-1.5-7B,EarthVQA,cos_sim,19,20,significant_sdc,183,39,41,142,0.7759562841530054,0.5694163156298284,0.570777487998106,0.1940381795100201,0.47408715924438166,0.6392102521293017,0.511705062814324,0.628380728329959,adequate
llava15_earthvqa,LLaVA-1.5-7B,EarthVQA,cos_sim,20,21,non_sdc,7249,375,7249,0,0.0,0.9128693856865827,0.9309872627258301,0.06307478530878309,0.8879771530628204,0.9569541215896606,0.9079542351475625,0.9176358251423339,adequate
llava15_earthvqa,LLaVA-1.5-7B,EarthVQA,cos_sim,20,21,non_significant_sdc,68,42,68,0,0.0,0.8100529612698001,0.8518750794932373,0.1257620485329918,0.7668415009975433,0.8932012096047401,0.7672034790731045,0.8441785231007178,adequate
llava15_earthvqa,LLaVA-1.5-7B,EarthVQA,cos_sim,20,21,significant_sdc,183,38,39,144,0.7868852459016393,0.35826147979850775,0.26004546759079916,0.23945718668951035,0.23020207190087866,0.3042028681660185,0.28807006510010913,0.4367995746301054,adequate
llava15_earthvqa,LLaVA-1.5-7B,EarthVQA,cos_sim,21,22,non_sdc,7249,375,7249,0,0.0,0.9303922854114343,0.9490562677383423,0.053869743586802646,0.9134871297412448,0.9648460149765015,0.9262472319738029,0.934363224499497,adequate
llava15_earthvqa,LLaVA-1.5-7B,EarthVQA,cos_sim,21,22,non_significant_sdc,68,42,68,0,0.0,0.856982449452406,0.8731617589791616,0.10374579979301389,0.8369436481824288,0.9225235618650913,0.8198662490693504,0.8867366580369628,adequate
llava15_earthvqa,LLaVA-1.5-7B,EarthVQA,cos_sim,21,22,significant_sdc,183,35,36,147,0.8032786885245902,0.48893633281107324,0.4342956390916085,0.2231471830008581,0.3975913076072323,0.5008914812791104,0.419131594009907,0.5650332690830179,adequate
llava15_earthvqa,LLaVA-1.5-7B,EarthVQA,cos_sim,22,23,non_sdc,7249,375,7249,0,0.0,0.9226251537134066,0.9464809468814305,0.06981527965671215,0.9028373848308217,0.9645107686519623,0.917545784994934,0.927575203706934,adequate
llava15_earthvqa,LLaVA-1.5-7B,EarthVQA,cos_sim,22,23,non_significant_sdc,68,42,68,0,0.0,0.8148608663849739,0.8647668853638664,0.13136049568137614,0.7450380598505338,0.9115000698301527,0.7660831035823396,0.8561013977275623,adequate
llava15_earthvqa,LLaVA-1.5-7B,EarthVQA,cos_sim,22,23,significant_sdc,183,32,33,150,0.819672131147541,0.5383857849530913,0.5164228568271715,0.2037685743978063,0.46378278549836605,0.5663875499550177,0.4711861450863675,0.6096457829434051,adequate
llava15_earthvqa,LLaVA-1.5-7B,EarthVQA,cos_sim,23,24,non_sdc,7249,375,7249,0,0.0,0.9134227718453568,0.9280619621276855,0.056421185524863596,0.8994644338434393,0.9475395381450653,0.9088213211843741,0.9177266208520408,adequate
llava15_earthvqa,LLaVA-1.5-7B,EarthVQA,cos_sim,23,24,non_significant_sdc,68,42,68,0,0.0,0.8399316927038759,0.8831965132719941,0.11270505020269105,0.8191954736198698,0.9148158822208643,0.7998218241561735,0.8730322991358173,adequate
llava15_earthvqa,LLaVA-1.5-7B,EarthVQA,cos_sim,23,24,significant_sdc,183,32,33,150,0.819672131147541,0.6283003627100253,0.633700796536037,0.1913333939145858,0.5992514637051797,0.6597733996352371,0.5640659114344057,0.6897194637981188,adequate
llava15_earthvqa,LLaVA-1.5-7B,EarthVQA,cos_sim,24,25,non_sdc,7249,375,7249,0,0.0,0.8965313843299735,0.9222018241882324,0.08145824194213003,0.8678830067316691,0.9516204595565796,0.8900541989917824,0.9028294480245515,adequate
llava15_earthvqa,LLaVA-1.5-7B,EarthVQA,cos_sim,24,25,non_significant_sdc,68,42,68,0,0.0,0.7738442248978333,0.8258284543241774,0.16614816816832467,0.7146963696831312,0.8712874185293913,0.7180318355349716,0.8149599070837354,adequate
llava15_earthvqa,LLaVA-1.5-7B,EarthVQA,cos_sim,24,25,significant_sdc,183,28,29,154,0.8415300546448088,0.33138141572961727,0.215950146317482,0.2921909452117364,0.16988469386587338,0.3762749814324909,0.23156428148185115,0.4446840350910256,underpowered
llava15_earthvqa,LLaVA-1.5-7B,EarthVQA,cos_sim,25,26,non_sdc,7249,375,7249,0,0.0,0.9150877531690943,0.9333440661430359,0.05919045832361009,0.893164767159356,0.9537157416343689,0.9102992134528708,0.9197099851507776,adequate
llava15_earthvqa,LLaVA-1.5-7B,EarthVQA,cos_sim,25,26,non_significant_sdc,68,42,68,0,0.0,0.8447764464585037,0.8861379367964608,0.10831817372217324,0.7965506795379851,0.9058992601931095,0.8058723803327076,0.8741917000389923,adequate
llava15_earthvqa,LLaVA-1.5-7B,EarthVQA,cos_sim,25,26,significant_sdc,183,26,27,156,0.8524590163934427,0.5888643479063284,0.5651875138282776,0.20837142133722925,0.5066712331406924,0.7002093186131632,0.5127653945576116,0.6668263359299536,underpowered
llava15_earthvqa,LLaVA-1.5-7B,EarthVQA,cos_sim,26,27,non_sdc,7249,375,7249,0,0.0,0.940019326244304,0.9600997567176819,0.05889564790893369,0.9234607484605577,0.9751374125480652,0.9356329061447825,0.9440491429336205,adequate
llava15_earthvqa,LLaVA-1.5-7B,EarthVQA,cos_sim,26,27,non_significant_sdc,68,42,68,0,0.0,0.832323219816742,0.9092024473043588,0.19155135925800976,0.7869130609891354,0.9299803659319879,0.7688473202771506,0.8782692508313135,adequate
llava15_earthvqa,LLaVA-1.5-7B,EarthVQA,cos_sim,26,27,significant_sdc,183,23,24,159,0.8688524590163934,0.6278886781956681,0.7268002584171134,0.2639257234479269,0.5803349276164086,0.782910341206862,0.5276950544844301,0.7238023471501506,underpowered
llava15_earthvqa,LLaVA-1.5-7B,EarthVQA,cos_sim,27,28,non_sdc,7249,375,7249,0,0.0,0.9319114871881555,0.9480703175067902,0.05493997914184133,0.918115800077265,0.9662851435797555,0.9277729479313386,0.9358095379475033,adequate
llava15_earthvqa,LLaVA-1.5-7B,EarthVQA,cos_sim,27,28,non_significant_sdc,68,42,68,0,0.0,0.8315511502128332,0.8967140118281047,0.18080955856201897,0.7667602140169877,0.9318470649230175,0.7683950663897394,0.8767602206536468,adequate
llava15_earthvqa,LLaVA-1.5-7B,EarthVQA,cos_sim,27,28,significant_sdc,183,21,22,161,0.8797814207650273,0.5714891596797994,0.6671708153218638,0.2486333437327446,0.47116202131217844,0.7122204559189933,0.47801557583652377,0.6633194279292531,underpowered
llava15_earthvqa,LLaVA-1.5-7B,EarthVQA,cos_sim,28,29,non_sdc,7249,375,7249,0,0.0,0.9167138386032343,0.9383382201194763,0.06915520025007359,0.8991886973381042,0.9586115002632141,0.9115132874870313,0.9218714026961463,adequate
llava15_earthvqa,LLaVA-1.5-7B,EarthVQA,cos_sim,28,29,non_significant_sdc,68,42,68,0,0.0,0.8120701241191761,0.8636439681053162,0.16980340415712508,0.7444596363911553,0.925371310540608,0.7498286774991327,0.8607042633884333,adequate
llava15_earthvqa,LLaVA-1.5-7B,EarthVQA,cos_sim,28,29,significant_sdc,183,19,19,164,0.8961748633879781,0.4982134008808475,0.5668220410541612,0.2800148628002722,0.4071408651617109,0.6590419718805625,0.37087483611304883,0.6145442664648205,underpowered
llava15_earthvqa,LLaVA-1.5-7B,EarthVQA,cos_sim,29,30,non_sdc,7249,375,7249,0,0.0,0.9350062149440378,0.9553744196891785,0.06002784373266989,0.9187987208366394,0.9722276329994202,0.9309213775528097,0.9389212386782632,adequate
llava15_earthvqa,LLaVA-1.5-7B,EarthVQA,cos_sim,29,30,non_significant_sdc,68,42,68,0,0.0,0.8225939120349651,0.9044835226876395,0.17515762081331473,0.7933585517681562,0.9300482658935445,0.75906451028087,0.8668850122034112,adequate
llava15_earthvqa,LLaVA-1.5-7B,EarthVQA,cos_sim,29,30,significant_sdc,183,17,17,166,0.907103825136612,0.5096455718031687,0.6041838688155016,0.3025423722687464,0.3823646772272733,0.7313117847150686,0.3681004506999002,0.6439942357378874,underpowered
llava15_earthvqa,LLaVA-1.5-7B,EarthVQA,cos_sim,30,31,non_sdc,7249,375,7249,0,0.0,0.9511704019248776,0.9657926559448242,0.04571639955547579,0.9421772824393378,0.9773907661437988,0.9479362066438028,0.9541066144316629,adequate
llava15_earthvqa,LLaVA-1.5-7B,EarthVQA,cos_sim,30,31,non_significant_sdc,68,42,68,0,0.0,0.8761061949553702,0.9396347717924433,0.1591643629486658,0.8531451414931904,0.9537316277623177,0.8210312862268254,0.9138347140212741,adequate
llava15_earthvqa,LLaVA-1.5-7B,EarthVQA,cos_sim,30,31,significant_sdc,183,11,11,172,0.9398907103825137,0.5985088929773487,0.733016699552536,0.35292331508324676,0.3863282936230268,0.8640385419130325,0.38678407993311675,0.7831662164694059,underpowered
llava15_lingoqa,LLaVA-1.5-7B,LingoQA,cos_sim,0,1,non_sdc,7232,75,7232,0,0.0,0.8946822671480033,0.8975741863250732,0.06741590725523672,0.8437543043068477,0.9674378037452698,0.87997586550486,0.9091830319646621,adequate
llava15_lingoqa,LLaVA-1.5-7B,LingoQA,cos_sim,0,1,non_significant_sdc,102,33,102,0,0.0,0.832673636282942,0.8318542674347595,0.04975031905138378,0.8082076935813978,0.8550279662013054,0.8106064193398069,0.856907730020517,adequate
llava15_lingoqa,LLaVA-1.5-7B,LingoQA,cos_sim,0,1,significant_sdc,166,41,59,107,0.6445783132530121,0.22087366562471872,0.08390397441630461,0.3007276595978316,0.07371731482598246,0.10794678041521383,0.15157410760929935,0.29883467811009,adequate
llava15_lingoqa,LLaVA-1.5-7B,LingoQA,cos_sim,1,2,non_sdc,7232,75,7232,0,0.0,0.8604076827038283,0.8740044981241226,0.10353311075796699,0.7777065902948379,0.9637957811355591,0.8376358733951998,0.8826295292428499,adequate
llava15_lingoqa,LLaVA-1.5-7B,LingoQA,cos_sim,1,2,non_significant_sdc,102,33,102,0,0.0,0.7834320491400149,0.7686036806423348,0.07981615178730107,0.73049140919228,0.8601376034996726,0.7544365926916338,0.8168546066222135,adequate
llava15_lingoqa,LLaVA-1.5-7B,LingoQA,cos_sim,1,2,significant_sdc,166,41,57,109,0.6566265060240963,0.29780527474519025,0.2040074972473845,0.23730827648626956,0.1949543706616577,0.21374739676105733,0.24415497553761373,0.3585793401120849,adequate
llava15_lingoqa,LLaVA-1.5-7B,LingoQA,cos_sim,2,3,non_sdc,7232,75,7232,0,0.0,0.8791918533214914,0.8799629062414169,0.07788706018979263,0.8126442432403564,0.9615638256072998,0.8618220469685486,0.8956081425192269,adequate
llava15_lingoqa,LLaVA-1.5-7B,LingoQA,cos_sim,2,3,non_significant_sdc,102,33,102,0,0.0,0.7923774007287395,0.7994597229090603,0.06482938764839331,0.762341745653931,0.8189554051919417,0.7683269954322314,0.8190860099698668,adequate
llava15_lingoqa,LLaVA-1.5-7B,LingoQA,cos_sim,2,3,significant_sdc,166,41,57,109,0.6566265060240963,0.39653522401142477,0.2957629190415752,0.22022454031062091,0.2886643023515234,0.3160053439894501,0.3443006807110602,0.45383659495534345,adequate
llava15_lingoqa,LLaVA-1.5-7B,LingoQA,cos_sim,3,4,non_sdc,7232,75,7232,0,0.0,0.876741636083805,0.8859202861785889,0.07998614583794433,0.8169183455980741,0.9578002095222473,0.8590769874669462,0.8936792945256192,adequate
llava15_lingoqa,LLaVA-1.5-7B,LingoQA,cos_sim,3,4,non_significant_sdc,102,33,102,0,0.0,0.7918544721300281,0.7795137429938597,0.05697293042107405,0.7626796209690522,0.8201027593829415,0.7752719169387774,0.8140695364998108,adequate
llava15_lingoqa,LLaVA-1.5-7B,LingoQA,cos_sim,3,4,significant_sdc,166,41,57,109,0.6566265060240963,0.5735704692331414,0.529878111446605,0.13354629482147806,0.5157712989923905,0.5390754932043503,0.5454388056768128,0.6056502500681383,adequate
llava15_lingoqa,LLaVA-1.5-7B,LingoQA,cos_sim,4,5,non_sdc,7232,75,7232,0,0.0,0.8352952278837016,0.8437777161598206,0.08928345747991126,0.7566132360586413,0.9259558320045471,0.8159567161363197,0.8541653523890758,adequate
llava15_lingoqa,LLaVA-1.5-7B,LingoQA,cos_sim,4,5,non_significant_sdc,102,33,102,0,0.0,0.7533282576587373,0.7407121663647038,0.06813503534804571,0.7073853669726119,0.7972021833062173,0.7301413268930695,0.7801750650783136,adequate
llava15_lingoqa,LLaVA-1.5-7B,LingoQA,cos_sim,4,5,significant_sdc,166,41,57,109,0.6566265060240963,0.54742856855683,0.5148454655189904,0.13108364167307518,0.5065236900533948,0.5238406122947226,0.5171226170058513,0.5809936218417094,adequate
llava15_lingoqa,LLaVA-1.5-7B,LingoQA,cos_sim,5,6,non_sdc,7232,75,7232,0,0.0,0.7903133808279111,0.804636538028717,0.10344828516326428,0.715927745614733,0.8790472894906998,0.7676463693186404,0.8130040633298962,adequate
llava15_lingoqa,LLaVA-1.5-7B,LingoQA,cos_sim,5,6,non_significant_sdc,102,33,102,0,0.0,0.735138663245114,0.7253413842274592,0.08191492935651866,0.6603524330361136,0.8161913630153451,0.6955603883311327,0.7761224840818369,adequate
llava15_lingoqa,LLaVA-1.5-7B,LingoQA,cos_sim,5,6,significant_sdc,166,38,54,112,0.6746987951807228,0.44213868574035725,0.39372554436630136,0.16111211057428204,0.37885502879792937,0.4084860995715978,0.4030027736384133,0.4865509450860719,adequate
llava15_lingoqa,LLaVA-1.5-7B,LingoQA,cos_sim,6,7,non_sdc,7232,75,7232,0,0.0,0.8097641694931585,0.8226819038391113,0.09960830572362278,0.7673941610114915,0.8837887048721313,0.7871283774994716,0.8300424700987795,adequate
llava15_lingoqa,LLaVA-1.5-7B,LingoQA,cos_sim,6,7,non_significant_sdc,102,33,102,0,0.0,0.7495393434753989,0.7481944687704352,0.08106765295826997,0.6662175564893654,0.8242829367518425,0.7111255680575157,0.7934138980571965,adequate
llava15_lingoqa,LLaVA-1.5-7B,LingoQA,cos_sim,6,7,significant_sdc,166,38,54,112,0.6746987951807228,0.43995298218009066,0.3924437204794008,0.18450901414969959,0.379435050472313,0.41005612613291154,0.38890530918314764,0.49060792072216836,adequate
llava15_lingoqa,LLaVA-1.5-7B,LingoQA,cos_sim,7,8,non_sdc,7232,75,7232,0,0.0,0.7646968483908109,0.7741356492042542,0.10582257642367639,0.7076640129089355,0.8462662547826767,0.7411615424997168,0.7869963698364174,adequate
llava15_lingoqa,LLaVA-1.5-7B,LingoQA,cos_sim,7,8,non_significant_sdc,102,33,102,0,0.0,0.7138839354817998,0.7073640302471492,0.08289905262717817,0.6509603734674125,0.7811024237710695,0.6747156009499018,0.7537433979430586,adequate
llava15_lingoqa,LLaVA-1.5-7B,LingoQA,cos_sim,7,8,significant_sdc,166,38,52,114,0.6867469879518072,0.3552416213636705,0.27882376989843893,0.1831843331305967,0.2703394757355658,0.30550949419943657,0.31156399971184673,0.4051347867569077,adequate
llava15_lingoqa,LLaVA-1.5-7B,LingoQA,cos_sim,8,9,non_sdc,7232,75,7232,0,0.0,0.7678243855124669,0.7832703870885512,0.1052537877390045,0.6946982770196853,0.8488694303310834,0.7446959383477029,0.7901665711735801,adequate
llava15_lingoqa,LLaVA-1.5-7B,LingoQA,cos_sim,8,9,non_significant_sdc,102,33,102,0,0.0,0.7124310719107995,0.7086189687252045,0.08011733669578484,0.6481161852750708,0.7777316157113422,0.6725305620097005,0.7519312502601827,adequate
llava15_lingoqa,LLaVA-1.5-7B,LingoQA,cos_sim,8,9,significant_sdc,166,38,50,116,0.6987951807228916,0.2877183378906349,0.20497602452428973,0.20355766629092953,0.18582898655868307,0.24322735685475017,0.23605057619804803,0.3459141024407612,adequate
llava15_lingoqa,LLaVA-1.5-7B,LingoQA,cos_sim,9,10,non_sdc,7232,75,7232,0,0.0,0.8255978592240634,0.8388858875807594,0.0965884422658928,0.7770409137010574,0.9100013375282288,0.8048023389565784,0.8458568929845505,adequate
llava15_lingoqa,LLaVA-1.5-7B,LingoQA,cos_sim,9,10,non_significant_sdc,102,33,102,0,0.0,0.7316731587593753,0.7414143045698356,0.11505310559297072,0.6665346721719418,0.8398288078606129,0.6686886705814219,0.791315203833439,adequate
llava15_lingoqa,LLaVA-1.5-7B,LingoQA,cos_sim,9,10,significant_sdc,166,37,48,118,0.7108433734939759,0.2690985838478169,0.15007923465526227,0.2543211171295549,0.13234227616339922,0.20356744379565422,0.204134888402151,0.3422721231615059,adequate
llava15_lingoqa,LLaVA-1.5-7B,LingoQA,cos_sim,10,11,non_sdc,7232,75,7232,0,0.0,0.7146413053552342,0.7255339473485947,0.11855682022145933,0.6625334471464157,0.8101555148760478,0.6881338141865121,0.7393965523525582,adequate
llava15_lingoqa,LLaVA-1.5-7B,LingoQA,cos_sim,10,11,non_significant_sdc,102,33,102,0,0.0,0.71958051662297,0.7116606682538986,0.09890176839191119,0.6443424488284758,0.8099650835188535,0.6711827857476481,0.768905815714956,adequate
llava15_lingoqa,LLaVA-1.5-7B,LingoQA,cos_sim,10,11,significant_sdc,166,36,47,119,0.7168674698795181,0.2071594524734711,0.09849956472005163,0.23705519429614513,0.07923577049252939,0.1252984790112443,0.14856213069146368,0.27654429234313954,adequate
llava15_lingoqa,LLaVA-1.5-7B,LingoQA,cos_sim,11,12,non_sdc,7232,75,7232,0,0.0,0.7180129885931936,0.7299807667732239,0.10094254809460537,0.6552110612392426,0.788878504719053,0.695774898829431,0.738674257798674,adequate
llava15_lingoqa,LLaVA-1.5-7B,LingoQA,cos_sim,11,12,non_significant_sdc,102,33,102,0,0.0,0.700824629619954,0.7082267243128556,0.101241039294818,0.6228857618205401,0.7898181251117161,0.6412936068786972,0.754893727145527,adequate
llava15_lingoqa,LLaVA-1.5-7B,LingoQA,cos_sim,11,12,significant_sdc,166,34,44,122,0.7349397590361446,0.2268156711120974,0.15186978658965353,0.230466928367855,0.07768003015341807,0.2052699352462529,0.1689180910305358,0.292543643783681,adequate
llava15_lingoqa,LLaVA-1.5-7B,LingoQA,cos_sim,12,13,non_sdc,7232,75,7232,0,0.0,0.7272536635265615,0.7436559319496154,0.09512201334669242,0.6675703883171081,0.7985712024900649,0.7064826558664207,0.7470775288907747,adequate
llava15_lingoqa,LLaVA-1.5-7B,LingoQA,cos_sim,12,13,non_significant_sdc,102,33,102,0,0.0,0.6977224039020884,0.6909456879777067,0.10305705640852401,0.6316604232415557,0.7822863747189929,0.6417880133283544,0.7534859743222351,adequate
llava15_lingoqa,LLaVA-1.5-7B,LingoQA,cos_sim,12,13,significant_sdc,166,34,44,122,0.7349397590361446,0.2544350826611963,0.18783105339626877,0.20397921010839282,0.1252186988119264,0.24164819960691492,0.20329841106199636,0.31363473654783136,adequate
llava15_lingoqa,LLaVA-1.5-7B,LingoQA,cos_sim,13,14,non_sdc,7232,75,7232,0,0.0,0.7481073388359616,0.767810171842575,0.08602636549684974,0.7038976907730102,0.8102611814226423,0.7291483586947615,0.7657148051274294,adequate
llava15_lingoqa,LLaVA-1.5-7B,LingoQA,cos_sim,13,14,non_significant_sdc,102,33,102,0,0.0,0.6961058046510336,0.7045483226195359,0.11093733817808138,0.6228522844612598,0.7825571725314313,0.6303241887371286,0.7562900622339066,adequate
llava15_lingoqa,LLaVA-1.5-7B,LingoQA,cos_sim,13,14,significant_sdc,166,34,44,122,0.7349397590361446,0.0817613939525209,-0.035956835389441374,0.30481244812675057,-0.1160183561566685,0.012807965131883486,0.0033029524691387114,0.16944430429482443,adequate
llava15_lingoqa,LLaVA-1.5-7B,LingoQA,cos_sim,14,15,non_sdc,7232,75,7232,0,0.0,0.7769410738597569,0.8042523089577169,0.0980466434402486,0.7179103121161461,0.8527487516403198,0.755590730745388,0.7971913390787809,adequate
llava15_lingoqa,LLaVA-1.5-7B,LingoQA,cos_sim,14,15,non_significant_sdc,102,33,102,0,0.0,0.7036704311630665,0.7059109947898171,0.12459131541457527,0.6249358294349091,0.8171847462654114,0.6309047554196163,0.7730369266455601,adequate
llava15_lingoqa,LLaVA-1.5-7B,LingoQA,cos_sim,14,15,significant_sdc,166,32,41,125,0.7530120481927711,0.4326865500922278,0.3929263633124682,0.17022646885292678,0.3465234217595081,0.46215854372297016,0.3827672343252352,0.4842584053558121,adequate
llava15_lingoqa,LLaVA-1.5-7B,LingoQA,cos_sim,15,16,non_sdc,7232,75,7232,0,0.0,0.7486237120840392,0.7829007506370544,0.11156261271640303,0.7037199646234512,0.8246497511863708,0.7231670816617152,0.7715837547187981,adequate
llava15_lingoqa,LLaVA-1.5-7B,LingoQA,cos_sim,15,16,non_significant_sdc,102,33,102,0,0.0,0.7066327587385716,0.7149704144551203,0.10372447280956407,0.6014103173952678,0.804022150257459,0.6506003251307554,0.7590338541158359,adequate
llava15_lingoqa,LLaVA-1.5-7B,LingoQA,cos_sim,15,16,significant_sdc,166,31,40,126,0.7590361445783133,0.14030082431343552,-0.006534253171055901,0.292383926934357,-0.03151865792935904,0.09829371603315368,0.06158966370825762,0.22753729440050868,adequate
llava15_lingoqa,LLaVA-1.5-7B,LingoQA,cos_sim,16,17,non_sdc,7232,75,7232,0,0.0,0.717722471160335,0.7476162910461426,0.12382388467126647,0.6670295411691803,0.8097940683364868,0.6904275160681925,0.7436650236360384,adequate
llava15_lingoqa,LLaVA-1.5-7B,LingoQA,cos_sim,16,17,non_significant_sdc,102,33,102,0,0.0,0.6607021831130678,0.6625940203666687,0.14770921371873896,0.5417467424774478,0.7726683712968923,0.5878749703688182,0.7307699777442127,adequate
llava15_lingoqa,LLaVA-1.5-7B,LingoQA,cos_sim,16,17,significant_sdc,166,29,37,129,0.7771084337349398,0.22978469399220833,0.14810704743983794,0.25830589788293196,0.1094563896862828,0.24604934453964233,0.15677612252574652,0.30644486036167423,underpowered
llava15_lingoqa,LLaVA-1.5-7B,LingoQA,cos_sim,17,18,non_sdc,7232,75,7232,0,0.0,0.8025086229453868,0.8147745430469513,0.08934607427087543,0.7335973848899205,0.8736826727787653,0.7834254865986905,0.8206182694600026,adequate
llava15_lingoqa,LLaVA-1.5-7B,LingoQA,cos_sim,17,18,non_significant_sdc,102,33,102,0,0.0,0.7221478291030639,0.7091397362095968,0.09897479299286371,0.6409848089120826,0.8007656186819077,0.6807748388016677,0.7643384173944253,adequate
llava15_lingoqa,LLaVA-1.5-7B,LingoQA,cos_sim,17,18,significant_sdc,166,29,37,129,0.7771084337349398,0.4917929480242063,0.48725359293879295,0.20938235908214195,0.4437335559300014,0.5330905169248581,0.42346773617502137,0.5534603425057882,underpowered
llava15_lingoqa,LLaVA-1.5-7B,LingoQA,cos_sim,18,19,non_sdc,7232,75,7232,0,0.0,0.7568036756186398,0.7808818171421688,0.0937985051358687,0.7029643960297107,0.8279853509022639,0.7357716633343231,0.7763700825271355,adequate
llava15_lingoqa,LLaVA-1.5-7B,LingoQA,cos_sim,18,19,non_significant_sdc,102,33,102,0,0.0,0.7062313867643936,0.6985293609591631,0.10609880384073188,0.6060640456116929,0.7961587485941973,0.6552645462139549,0.759183709257566,adequate
llava15_lingoqa,LLaVA-1.5-7B,LingoQA,cos_sim,18,19,significant_sdc,166,28,35,131,0.7891566265060241,0.5097156172026875,0.5110168353635438,0.15368768928818907,0.4679791956227653,0.5446334905466255,0.45476755520517287,0.5606874564867954,underpowered
llava15_lingoqa,LLaVA-1.5-7B,LingoQA,cos_sim,19,20,non_sdc,7232,75,7232,0,0.0,0.7831207910680544,0.8027016123135885,0.08635409574678699,0.7380310818552971,0.8423426151275635,0.7639923400099443,0.8009895531624123,adequate
llava15_lingoqa,LLaVA-1.5-7B,LingoQA,cos_sim,19,20,non_significant_sdc,102,33,102,0,0.0,0.7354315980320819,0.7524253737467985,0.07502655946524305,0.6712755655147591,0.792757297200816,0.7022301859232701,0.7658225099144769,adequate
llava15_lingoqa,LLaVA-1.5-7B,LingoQA,cos_sim,19,20,significant_sdc,166,28,34,132,0.7951807228915663,0.5879450778612848,0.6071778423323924,0.2144736822460137,0.5487275530907268,0.7266592592904333,0.5127147041643653,0.654111919170769,underpowered
llava15_lingoqa,LLaVA-1.5-7B,LingoQA,cos_sim,20,21,non_sdc,7232,75,7232,0,0.0,0.7795882382095795,0.7948164367056512,0.09772614670388055,0.7268488645553589,0.8496115411130282,0.7583880282261947,0.7998549132444261,adequate
llava15_lingoqa,LLaVA-1.5-7B,LingoQA,cos_sim,20,21,non_significant_sdc,102,33,102,0,0.0,0.7239593627439344,0.75848910483447,0.08973975509804175,0.6780339496172204,0.8040972550710043,0.6862020546610713,0.7567745648191495,adequate
llava15_lingoqa,LLaVA-1.5-7B,LingoQA,cos_sim,20,21,significant_sdc,166,28,34,132,0.7951807228915663,0.44256902704578255,0.3941971346431849,0.16239021014849467,0.33971912710338226,0.4609595185944012,0.39523033517810136,0.5021377310297325,underpowered
llava15_lingoqa,LLaVA-1.5-7B,LingoQA,cos_sim,21,22,non_sdc,7232,75,7232,0,0.0,0.8263560921385891,0.8361739168564479,0.08024857651979399,0.7668689837058384,0.8814552409781351,0.8089007653405816,0.8428111265747027,adequate
llava15_lingoqa,LLaVA-1.5-7B,LingoQA,cos_sim,21,22,non_significant_sdc,102,33,102,0,0.0,0.7643649551804539,0.7559103054158828,0.0788230075843159,0.7193695698830309,0.8358655950675408,0.7264353234015825,0.803986914318197,adequate
llava15_lingoqa,LLaVA-1.5-7B,LingoQA,cos_sim,21,22,significant_sdc,166,27,33,133,0.8012048192771084,0.5525986633587059,0.5163716172077217,0.16941892642940815,0.46010824308103443,0.6420628428459167,0.49745147734135636,0.6105755527102321,underpowered
llava15_lingoqa,LLaVA-1.5-7B,LingoQA,cos_sim,22,23,non_sdc,7232,75,7232,0,0.0,0.7381578627354828,0.7435191571712494,0.09682244748683165,0.6756083071231842,0.8169388771057129,0.7173549867992186,0.7578881281330583,adequate
llava15_lingoqa,LLaVA-1.5-7B,LingoQA,cos_sim,22,23,non_significant_sdc,102,33,102,0,0.0,0.6701763632725863,0.6930254548788071,0.10890929197850234,0.5819862919802569,0.7615902511910959,0.6211001006878853,0.7169146152938995,adequate
llava15_lingoqa,LLaVA-1.5-7B,LingoQA,cos_sim,22,23,significant_sdc,166,26,32,134,0.8072289156626506,0.5813357214869088,0.6267321074799616,0.17057405634480152,0.5658550385166616,0.6737544337401584,0.5150997078495482,0.6371698909640368,underpowered
llava15_lingoqa,LLaVA-1.5-7B,LingoQA,cos_sim,23,24,non_sdc,7232,75,7232,0,0.0,0.8101276942473286,0.8184419870376587,0.07642292325672213,0.7634324835879462,0.8666190356016159,0.7947754023994527,0.8252510084511542,adequate
llava15_lingoqa,LLaVA-1.5-7B,LingoQA,cos_sim,23,24,non_significant_sdc,102,33,102,0,0.0,0.768280786197142,0.773537250665518,0.06800244184470085,0.7140568920544216,0.8291495189070702,0.7422165929604426,0.7929348952068828,adequate
llava15_lingoqa,LLaVA-1.5-7B,LingoQA,cos_sim,23,24,significant_sdc,166,26,32,134,0.8072289156626506,0.6674871714245376,0.7083634734153748,0.16610497793984014,0.6637947127791559,0.7372054581989904,0.6014967794985578,0.7217330539937639,underpowered
llava15_lingoqa,LLaVA-1.5-7B,LingoQA,cos_sim,24,25,non_sdc,7232,75,7232,0,0.0,0.7286047575827161,0.747179365158081,0.12034453600586734,0.642831102013588,0.8168100210336539,0.7037008030528498,0.7528028937535257,adequate
llava15_lingoqa,LLaVA-1.5-7B,LingoQA,cos_sim,24,25,non_significant_sdc,102,33,102,0,0.0,0.6508931314437688,0.6962084013682146,0.12475979440259316,0.5307276972478965,0.752656985933964,0.5935965969922775,0.6999536978809148,adequate
llava15_lingoqa,LLaVA-1.5-7B,LingoQA,cos_sim,24,25,significant_sdc,166,25,31,135,0.8132530120481928,0.28992356599460395,0.20048748139215974,0.21020750901784158,0.16293175754194356,0.3429561621792938,0.22215927516813322,0.3611075671542352,underpowered
llava15_lingoqa,LLaVA-1.5-7B,LingoQA,cos_sim,25,26,non_sdc,7232,75,7232,0,0.0,0.8312111587526899,0.8476117923855782,0.06740901517275222,0.8023913933762482,0.879352755844593,0.8167393915804564,0.8447813490101477,adequate
llava15_lingoqa,LLaVA-1.5-7B,LingoQA,cos_sim,25,26,non_significant_sdc,102,33,102,0,0.0,0.785850363359981,0.7701410173571536,0.0645328554568898,0.7330597541009893,0.8473806492984295,0.7591362206205304,0.8147490589566707,adequate
llava15_lingoqa,LLaVA-1.5-7B,LingoQA,cos_sim,25,26,significant_sdc,166,25,31,135,0.8132530120481928,0.6567751058242476,0.6831824803838924,0.15197834496449644,0.6502595990896225,0.7104382064877725,0.5999303863528493,0.7015991633117802,underpowered
llava15_lingoqa,LLaVA-1.5-7B,LingoQA,cos_sim,26,27,non_sdc,7232,75,7232,0,0.0,0.8311535544364743,0.8472045723881041,0.10947871254495448,0.7627351834223821,0.9311544448137283,0.8070260723634166,0.8543514646519903,adequate
llava15_lingoqa,LLaVA-1.5-7B,LingoQA,cos_sim,26,27,non_significant_sdc,102,33,102,0,0.0,0.7094916310291037,0.7430636550371463,0.11251476753815166,0.6179950489681595,0.760390393435955,0.669861299970831,0.7487566418151297,adequate
llava15_lingoqa,LLaVA-1.5-7B,LingoQA,cos_sim,26,27,significant_sdc,166,23,29,137,0.8253012048192772,0.5685736194095151,0.5834232164280755,0.21871294969333768,0.4871699763652013,0.709219041071376,0.48647177028169525,0.6424338722419991,underpowered
llava15_lingoqa,LLaVA-1.5-7B,LingoQA,cos_sim,27,28,non_sdc,7232,75,7232,0,0.0,0.8157055831753409,0.8362535255796769,0.08950246738914283,0.7740048923913171,0.8831945285201073,0.7970638166729418,0.8329247992863787,adequate
llava15_lingoqa,LLaVA-1.5-7B,LingoQA,cos_sim,27,28,non_significant_sdc,102,33,102,0,0.0,0.7292001297668531,0.7170487476082948,0.10493915623060661,0.6920689154340296,0.8108836798713757,0.6979382977654806,0.7610884498577267,adequate
llava15_lingoqa,LLaVA-1.5-7B,LingoQA,cos_sim,27,28,significant_sdc,166,21,24,142,0.8554216867469879,0.5400688596046371,0.5929541054884998,0.21805473260725833,0.5474293659612232,0.6389138231206001,0.4498583791858587,0.6189054650688761,underpowered
llava15_lingoqa,LLaVA-1.5-7B,LingoQA,cos_sim,28,29,non_sdc,7232,75,7232,0,0.0,0.8284583529608761,0.8456402063369751,0.06415098764339486,0.7973433931668599,0.8741256296634674,0.8162322714084357,0.8397285541459173,adequate
llava15_lingoqa,LLaVA-1.5-7B,LingoQA,cos_sim,28,29,non_significant_sdc,102,33,102,0,0.0,0.775041869754496,0.7738907908906743,0.09307938373177753,0.7390747998769467,0.8405329497023062,0.7450631049198053,0.8035355556469258,adequate
llava15_lingoqa,LLaVA-1.5-7B,LingoQA,cos_sim,28,29,significant_sdc,166,20,22,144,0.8674698795180723,0.6397292539507445,0.6990516477701615,0.22173901514546002,0.6339541015272238,0.7686265797621491,0.5392915939586657,0.7226253914224443,underpowered
llava15_lingoqa,LLaVA-1.5-7B,LingoQA,cos_sim,29,30,non_sdc,7232,75,7232,0,0.0,0.8501924118382638,0.8594606466153089,0.06237558669223595,0.8182838926712672,0.8961387276649475,0.8381668245612064,0.861619786688051,adequate
llava15_lingoqa,LLaVA-1.5-7B,LingoQA,cos_sim,29,30,non_significant_sdc,102,33,102,0,0.0,0.7488987870191011,0.780965944942163,0.11990510970866387,0.7258973808586597,0.8352815390779422,0.719105988169648,0.7670308734077312,adequate
llava15_lingoqa,LLaVA-1.5-7B,LingoQA,cos_sim,29,30,significant_sdc,166,17,19,147,0.8855421686746988,0.613115063117135,0.682969639247114,0.2535058337399594,0.6164814506714442,0.7552483975887299,0.4865591559673043,0.7134808867605906,underpowered
llava15_lingoqa,LLaVA-1.5-7B,LingoQA,cos_sim,30,31,non_sdc,7232,75,7232,0,0.0,0.8893533101832966,0.8965758979320526,0.06096152293388864,0.8554570227861404,0.9381018355488777,0.8762497812616905,0.9015234544691163,adequate
llava15_lingoqa,LLaVA-1.5-7B,LingoQA,cos_sim,30,31,non_significant_sdc,102,33,102,0,0.0,0.8119354949032365,0.8222937249407476,0.09418756667508807,0.7831184663451635,0.8614710269423274,0.7833544647495453,0.8339731215867744,adequate
llava15_lingoqa,LLaVA-1.5-7B,LingoQA,cos_sim,30,31,significant_sdc,166,11,12,154,0.927710843373494,0.6986100650615893,0.8149204039970017,0.25187684937086396,0.6467632129788399,0.8574482667304221,0.5566429432921625,0.8305104049031555,underpowered
llava15_vqav2,LLaVA-1.5-7B,VQAv2,cos_sim,0,1,non_sdc,7304,133,7304,0,0.0,0.8918718440038721,0.9344085454940796,0.10586300892505311,0.8143190741539001,0.9759539663791656,0.8832242878121054,0.8998408104240165,adequate
llava15_vqav2,LLaVA-1.5-7B,VQAv2,cos_sim,0,1,non_significant_sdc,14,6,14,0,0.0,0.9549360665537062,0.9670017957687378,0.030971755248102223,0.966987855732441,0.9670017957687378,0.9160118080951549,0.9718472934686221,underpowered
llava15_vqav2,LLaVA-1.5-7B,VQAv2,cos_sim,0,1,significant_sdc,182,45,71,111,0.6098901098901099,0.294670799357876,0.11008329157318388,0.36531074309268713,0.07304632903209754,0.43128108134379195,0.1779724757671078,0.4206839229974436,adequate
llava15_vqav2,LLaVA-1.5-7B,VQAv2,cos_sim,1,2,non_sdc,7304,133,7304,0,0.0,0.8734213658908085,0.9413136541843414,0.13571201634281457,0.8067000110944113,0.976291611790657,0.8630591704910433,0.882785466595893,adequate
llava15_vqav2,LLaVA-1.5-7B,VQAv2,cos_sim,1,2,non_significant_sdc,14,6,14,0,0.0,0.9393782107602983,0.971478134393692,0.07014506844068939,0.9714283645153046,0.971478134393692,0.8414875988607053,0.9751954353772677,underpowered
llava15_vqav2,LLaVA-1.5-7B,VQAv2,cos_sim,1,2,significant_sdc,182,44,69,113,0.6208791208791209,0.32687085239790437,0.14541715718045525,0.32846210352569466,0.12995591318728972,0.4551880160967509,0.21407118179090812,0.4456478968070715,adequate
llava15_vqav2,LLaVA-1.5-7B,VQAv2,cos_sim,2,3,non_sdc,7304,133,7304,0,0.0,0.910161713900594,0.9488347172737122,0.08746210622029069,0.8700860738754272,0.9779014587402344,0.9031089042889594,0.9169236575505991,adequate
llava15_vqav2,LLaVA-1.5-7B,VQAv2,cos_sim,2,3,non_significant_sdc,14,6,14,0,0.0,0.9227070582764488,0.9757440388202667,0.08711257463554412,0.9188141226768494,0.9757559299468994,0.8050427476565044,0.969319161441591,underpowered
llava15_vqav2,LLaVA-1.5-7B,VQAv2,cos_sim,2,3,significant_sdc,182,43,67,115,0.6318681318681318,0.5166765397105857,0.40239750669927016,0.22292837939866317,0.37453438219975455,0.5889147520065308,0.43598499217090103,0.6037369003326202,adequate
llava15_vqav2,LLaVA-1.5-7B,VQAv2,cos_sim,3,4,non_sdc,7304,133,7304,0,0.0,0.9088744156893217,0.920089840888977,0.0787468248737211,0.8663108870387077,0.9741720855236053,0.902597414138679,0.9145711567087369,adequate
llava15_vqav2,LLaVA-1.5-7B,VQAv2,cos_sim,3,4,non_significant_sdc,14,6,14,0,0.0,0.9254456870612644,0.9518811404705048,0.0476288478944213,0.899266354739666,0.9518811404705048,0.8635676838733531,0.950043251613776,underpowered
llava15_vqav2,LLaVA-1.5-7B,VQAv2,cos_sim,3,4,significant_sdc,182,42,65,117,0.6428571428571428,0.5806732767820878,0.4886793001573913,0.19793141894741698,0.4727515316739374,0.5519571767912971,0.507868413585481,0.6593106641512217,adequate
llava15_vqav2,LLaVA-1.5-7B,VQAv2,cos_sim,4,5,non_sdc,7304,133,7304,0,0.0,0.8473448565749784,0.8817700147628784,0.11819335116522123,0.7611930519342422,0.9510175883769989,0.837560396860795,0.8565869599986492,adequate
llava15_vqav2,LLaVA-1.5-7B,VQAv2,cos_sim,4,5,non_significant_sdc,14,6,14,0,0.0,0.8597726285457611,0.9300773441791534,0.12599309295744573,0.8540206849575043,0.9300773441791534,0.6831302291817134,0.9242675127806487,underpowered
llava15_vqav2,LLaVA-1.5-7B,VQAv2,cos_sim,4,5,significant_sdc,182,42,64,118,0.6483516483516483,0.554524397606627,0.4751309560877936,0.2079651596201074,0.46574116631277973,0.5607394994851075,0.48127740832420113,0.6266562421859889,adequate
llava15_vqav2,LLaVA-1.5-7B,VQAv2,cos_sim,5,6,non_sdc,7304,133,7304,0,0.0,0.8025097636832971,0.8423217833042145,0.1345502659773713,0.7009326219558716,0.9200398027896881,0.7907820577072345,0.8133323612012147,adequate
llava15_vqav2,LLaVA-1.5-7B,VQAv2,cos_sim,5,6,non_significant_sdc,14,6,14,0,0.0,0.8837723991700581,0.9388871043920517,0.0772902960516091,0.8338317275047302,0.939011424779892,0.7792579025030135,0.9271742469734616,underpowered
llava15_vqav2,LLaVA-1.5-7B,VQAv2,cos_sim,5,6,significant_sdc,182,40,62,120,0.6593406593406593,0.3972683857817664,0.25228527614048546,0.2753629862490289,0.23374650171216654,0.4630766287446022,0.2935257239211756,0.5033768924436919,adequate
llava15_vqav2,LLaVA-1.5-7B,VQAv2,cos_sim,6,7,non_sdc,7304,133,7304,0,0.0,0.8057697946134308,0.8363582193851471,0.11789344298189386,0.7288867458701134,0.9018705487251282,0.7939364278240122,0.8164829065199917,adequate
llava15_vqav2,LLaVA-1.5-7B,VQAv2,cos_sim,6,7,non_significant_sdc,14,6,14,0,0.0,0.7719420082512356,0.7648652493953705,0.047284247676972355,0.7647434994578362,0.7652572765946388,0.7454638648033142,0.822374868343273,underpowered
llava15_vqav2,LLaVA-1.5-7B,VQAv2,cos_sim,6,7,significant_sdc,182,40,62,120,0.6593406593406593,0.40448890688069067,0.26965396227885263,0.26527641309674416,0.23514127890978542,0.5675355692704519,0.3088769668928397,0.5069658913196158,adequate
llava15_vqav2,LLaVA-1.5-7B,VQAv2,cos_sim,7,8,non_sdc,7304,133,7304,0,0.0,0.7818423920268217,0.8012460470199585,0.1332826356513159,0.6905929346879324,0.9048520177602768,0.7679457018074632,0.7941385068970421,adequate
llava15_vqav2,LLaVA-1.5-7B,VQAv2,cos_sim,7,8,non_significant_sdc,14,6,14,0,0.0,0.7810574515944435,0.7564064264297485,0.06055429806428211,0.7562867999076843,0.7565963268280029,0.7556509384844039,0.8661684261427985,underpowered
llava15_vqav2,LLaVA-1.5-7B,VQAv2,cos_sim,7,8,significant_sdc,182,39,61,121,0.6648351648351649,0.30430130466284205,0.1443535674895559,0.29370983973363274,0.12348790455381481,0.5878162980079651,0.1978598928379192,0.4167395812375286,adequate
llava15_vqav2,LLaVA-1.5-7B,VQAv2,cos_sim,8,9,non_sdc,7304,133,7304,0,0.0,0.7412357649709012,0.7659343481063843,0.13457512013990375,0.647803395986557,0.8559823483228683,0.7293492441743613,0.7522841953143978,adequate
llava15_vqav2,LLaVA-1.5-7B,VQAv2,cos_sim,8,9,non_significant_sdc,14,6,14,0,0.0,0.7903857990389779,0.789644867181778,0.03627511785725196,0.7895919159054756,0.7899193465709686,0.7618028351238796,0.8212762957527524,underpowered
llava15_vqav2,LLaVA-1.5-7B,VQAv2,cos_sim,8,9,significant_sdc,182,38,60,122,0.6703296703296704,0.45005536034579363,0.3783558060091977,0.21584739610961703,0.33250449761292156,0.5263250544667244,0.3697785799832897,0.5317250297422473,adequate
llava15_vqav2,LLaVA-1.5-7B,VQAv2,cos_sim,9,10,non_sdc,7304,133,7304,0,0.0,0.8244727390799869,0.8432991206645966,0.10662599072511551,0.7543813288211823,0.9147762060165405,0.8153793414377879,0.8328800074774757,adequate
llava15_vqav2,LLaVA-1.5-7B,VQAv2,cos_sim,9,10,non_significant_sdc,14,6,14,0,0.0,0.8626464555660884,0.8574444949626923,0.024173214628750318,0.8573518842458725,0.8574444949626923,0.8513857777471895,0.8932026028633118,underpowered
llava15_vqav2,LLaVA-1.5-7B,VQAv2,cos_sim,9,10,significant_sdc,182,38,59,123,0.6758241758241759,0.4116953108726734,0.2826683293191754,0.25100673784122934,0.24956214534384863,0.7007792890071869,0.32232338787268866,0.501499381244035,adequate
llava15_vqav2,LLaVA-1.5-7B,VQAv2,cos_sim,10,11,non_sdc,7304,133,7304,0,0.0,0.7086180959135214,0.7272762954235077,0.11643015905086278,0.6417375206947327,0.7851923704147339,0.6995293780009108,0.7177240566664823,adequate
llava15_vqav2,LLaVA-1.5-7B,VQAv2,cos_sim,10,11,non_significant_sdc,14,6,14,0,0.0,0.7375975986321767,0.8086071461439133,0.14416195645102217,0.7147871017456056,0.808648943901062,0.534648640288247,0.7986696453321548,underpowered
llava15_vqav2,LLaVA-1.5-7B,VQAv2,cos_sim,10,11,significant_sdc,182,37,57,125,0.6868131868131868,0.3021903600717205,0.16238808559671958,0.270447988927348,0.13314422381547641,0.5911438167095184,0.20239737798000096,0.4024251357392978,adequate
llava15_vqav2,LLaVA-1.5-7B,VQAv2,cos_sim,11,12,non_sdc,7304,133,7304,0,0.0,0.7116515547768623,0.7319976687431335,0.11844064894583525,0.6384456753730774,0.8013497591018677,0.7024701046645987,0.7203704989773889,adequate
llava15_vqav2,LLaVA-1.5-7B,VQAv2,cos_sim,11,12,non_significant_sdc,14,6,14,0,0.0,0.7470608014435995,0.764153778553009,0.05116581332050205,0.7580420151352882,0.7642142474651337,0.6783779958883921,0.7689210764872723,underpowered
llava15_vqav2,LLaVA-1.5-7B,VQAv2,cos_sim,11,12,significant_sdc,182,35,54,128,0.7032967032967032,0.19865114319155358,0.005185327359608242,0.33464152137858155,-0.03434602855419626,0.5672714412212372,0.07050549584653794,0.3246313994022509,adequate
llava15_vqav2,LLaVA-1.5-7B,VQAv2,cos_sim,12,13,non_sdc,7304,133,7304,0,0.0,0.7075060848607987,0.7266274243593216,0.11205649448244638,0.6522071436047554,0.7870053350925446,0.6969946169191205,0.7169127533842234,adequate
llava15_vqav2,LLaVA-1.5-7B,VQAv2,cos_sim,12,13,non_significant_sdc,14,6,14,0,0.0,0.723120297775382,0.7380209863185883,0.0434678792661896,0.6903226636350155,0.7380992770195007,0.6739875390573784,0.7493947934773232,underpowered
llava15_vqav2,LLaVA-1.5-7B,VQAv2,cos_sim,12,13,significant_sdc,182,34,52,130,0.7142857142857143,0.25623381305286563,0.11013585009745189,0.2667431835816985,0.07985258308163254,0.5379016846418381,0.14833618839494997,0.35905520314394895,adequate
llava15_vqav2,LLaVA-1.5-7B,VQAv2,cos_sim,13,14,non_sdc,7304,133,7304,0,0.0,0.7217258392878411,0.7424097806215286,0.10548393348443934,0.660580575466156,0.7981003224849701,0.7136213507933457,0.7292933566663334,adequate
llava15_vqav2,LLaVA-1.5-7B,VQAv2,cos_sim,13,14,non_significant_sdc,14,6,14,0,0.0,0.731773087098485,0.7356224954128265,0.02238661965201594,0.7355682551860809,0.7357825711369514,0.7098662257194519,0.746936149067349,underpowered
llava15_vqav2,LLaVA-1.5-7B,VQAv2,cos_sim,13,14,significant_sdc,182,34,52,130,0.7142857142857143,0.22097452955192792,0.10903103444345144,0.2292903192461313,0.07934421046199847,0.45277163137992227,0.14321361107721392,0.29359215675930506,adequate
llava15_vqav2,LLaVA-1.5-7B,VQAv2,cos_sim,14,15,non_sdc,7304,133,7304,0,0.0,0.7945107754988066,0.8283153772354126,0.11542527110788504,0.7259174734354019,0.8861405849456787,0.7845240356578023,0.8035853529527335,adequate
llava15_vqav2,LLaVA-1.5-7B,VQAv2,cos_sim,14,15,non_significant_sdc,14,6,14,0,0.0,0.7390708057653336,0.7061382085084915,0.05828153674912509,0.7057727873325348,0.7253015518188477,0.7125682794017556,0.825687673356798,underpowered
llava15_vqav2,LLaVA-1.5-7B,VQAv2,cos_sim,14,15,significant_sdc,182,34,52,130,0.7142857142857143,0.3660032647850022,0.311492745517468,0.20409495013365841,0.2714043876574356,0.5073428576191267,0.3006704330863307,0.4228689213481063,adequate
llava15_vqav2,LLaVA-1.5-7B,VQAv2,cos_sim,15,16,non_sdc,7304,133,7304,0,0.0,0.7274251251930649,0.7511833608150482,0.12809929895817412,0.6395405232906342,0.8352306485176086,0.7157357604007576,0.7380086124840376,adequate
llava15_vqav2,LLaVA-1.5-7B,VQAv2,cos_sim,15,16,non_significant_sdc,14,6,14,0,0.0,0.6822938074668248,0.5993739813566208,0.1038352122638105,0.599125050008297,0.7651757746934891,0.6224076619118819,0.8225735591517553,underpowered
llava15_vqav2,LLaVA-1.5-7B,VQAv2,cos_sim,15,16,significant_sdc,182,33,49,133,0.7307692307692308,0.3340635173737498,0.2247494238675857,0.21674996312571096,0.18421556253214272,0.5433120230833689,0.25437331917836326,0.4078317663373694,adequate
llava15_vqav2,LLaVA-1.5-7B,VQAv2,cos_sim,16,17,non_sdc,7304,133,7304,0,0.0,0.6922412906192819,0.7418787777423859,0.17837260241908462,0.5650418698787689,0.8464282006025314,0.6758944055291528,0.7067794925565809,adequate
llava15_vqav2,LLaVA-1.5-7B,VQAv2,cos_sim,16,17,non_significant_sdc,14,6,14,0,0.0,0.7830248208273025,0.7850563675165176,0.030865522274421225,0.7807151153683662,0.7851933017373085,0.7562097770827158,0.8112148774994745,underpowered
llava15_vqav2,LLaVA-1.5-7B,VQAv2,cos_sim,16,17,significant_sdc,182,33,48,134,0.7362637362637363,0.1749979750776073,-0.006355297865764219,0.35317791347998045,-0.08416328736466869,0.5496572963893414,0.035935704389631395,0.308403174166344,adequate
llava15_vqav2,LLaVA-1.5-7B,VQAv2,cos_sim,17,18,non_sdc,7304,133,7304,0,0.0,0.7924318492897398,0.8350740969181061,0.14559189467888922,0.7014908492565155,0.9121509343385696,0.7806294791627614,0.8036998072433195,adequate
llava15_vqav2,LLaVA-1.5-7B,VQAv2,cos_sim,17,18,non_significant_sdc,14,6,14,0,0.0,0.8262577110812777,0.8057361543178558,0.058534861434455555,0.8056853637099266,0.8059453815221786,0.7999128977457681,0.9076977686749563,underpowered
llava15_vqav2,LLaVA-1.5-7B,VQAv2,cos_sim,17,18,significant_sdc,182,32,47,135,0.7417582417582418,0.5023212018692155,0.49222984271390097,0.18732054988941546,0.44315568981122,0.6156972150007884,0.434172066151073,0.5577076268527457,adequate
llava15_vqav2,LLaVA-1.5-7B,VQAv2,cos_sim,18,19,non_sdc,7304,133,7304,0,0.0,0.6752197875080008,0.693543553352356,0.16412632696677798,0.5576984013120334,0.8187914341688156,0.6602410039732317,0.6889890182179613,adequate
llava15_vqav2,LLaVA-1.5-7B,VQAv2,cos_sim,18,19,non_significant_sdc,14,6,14,0,0.0,0.7941453473908561,0.8182699680328369,0.05567958979448194,0.7848935648798943,0.8183429017663002,0.7233880147337913,0.8249340882668128,underpowered
llava15_vqav2,LLaVA-1.5-7B,VQAv2,cos_sim,18,19,significant_sdc,182,31,46,136,0.7472527472527473,0.48533272087240875,0.4945894961378404,0.18892695892696668,0.418706799192088,0.5874273261739588,0.407977550441525,0.5497914986030077,adequate
llava15_vqav2,LLaVA-1.5-7B,VQAv2,cos_sim,19,20,non_sdc,7304,133,7304,0,0.0,0.6769619397077508,0.7083613574504852,0.18930102042878214,0.5402218885719776,0.8439799547195435,0.6618434831532328,0.6905426228678746,adequate
llava15_vqav2,LLaVA-1.5-7B,VQAv2,cos_sim,19,20,non_significant_sdc,14,6,14,0,0.0,0.8136730084816615,0.8640326708555222,0.10566881686855245,0.7912113443017006,0.8640805184841156,0.6790528597931067,0.8702132988859106,underpowered
llava15_vqav2,LLaVA-1.5-7B,VQAv2,cos_sim,19,20,significant_sdc,182,30,45,137,0.7527472527472527,0.5179904796274154,0.4976013306984488,0.16883068091618747,0.45840489560244035,0.5244988630316696,0.45760465971800957,0.5856178590090966,adequate
llava15_vqav2,LLaVA-1.5-7B,VQAv2,cos_sim,20,21,non_sdc,7304,133,7304,0,0.0,0.6910569146533765,0.7005151510238647,0.1611995650473333,0.5813951939344406,0.8290140852332115,0.6782208938833068,0.7033995149556916,adequate
llava15_vqav2,LLaVA-1.5-7B,VQAv2,cos_sim,20,21,non_significant_sdc,14,6,14,0,0.0,0.747925184170405,0.7131237834692001,0.0728483697203595,0.7130526825785637,0.7571520656347275,0.7153775411938865,0.8455681130999609,underpowered
llava15_vqav2,LLaVA-1.5-7B,VQAv2,cos_sim,20,21,significant_sdc,182,28,42,140,0.7692307692307692,0.437293484273724,0.42611828628851445,0.19981382283373492,0.34998442065350865,0.4400937040241397,0.3622011277699363,0.5213187168489196,underpowered
llava15_vqav2,LLaVA-1.5-7B,VQAv2,cos_sim,21,22,non_sdc,7304,133,7304,0,0.0,0.7455941787248941,0.7796622067689896,0.15250698559620882,0.6620728373527527,0.8573403532306353,0.7336162015211276,0.7574414005629897,adequate
llava15_vqav2,LLaVA-1.5-7B,VQAv2,cos_sim,21,22,non_significant_sdc,14,6,14,0,0.0,0.8499816204820361,0.8911662697792053,0.06931535830855133,0.8150370791554451,0.8913075625896454,0.750301318988204,0.8825733617048301,underpowered
llava15_vqav2,LLaVA-1.5-7B,VQAv2,cos_sim,21,22,significant_sdc,182,27,41,141,0.7747252747252747,0.539123669311925,0.47249089394296917,0.19083637938425688,0.4444495360462033,0.6618776122728983,0.460853815173043,0.613819934377074,underpowered
llava15_vqav2,LLaVA-1.5-7B,VQAv2,cos_sim,22,23,non_sdc,7304,133,7304,0,0.0,0.7397682907075681,0.7660600543022156,0.15301960659295755,0.6589628259340922,0.8577055484056473,0.7262139860740907,0.7530503149303434,adequate
llava15_vqav2,LLaVA-1.5-7B,VQAv2,cos_sim,22,23,non_significant_sdc,14,6,14,0,0.0,0.8194741933118729,0.8682095110416412,0.08918962704758676,0.7742280885577202,0.8682773262262344,0.6953305951036789,0.8641034071644148,underpowered
llava15_vqav2,LLaVA-1.5-7B,VQAv2,cos_sim,22,23,significant_sdc,182,27,40,142,0.7802197802197802,0.5859718401717283,0.6313351465731251,0.19006386205521003,0.5434901739160221,0.6869825441010144,0.513246313323909,0.6491729878314227,underpowered
llava15_vqav2,LLaVA-1.5-7B,VQAv2,cos_sim,23,24,non_sdc,7304,133,7304,0,0.0,0.7692756680846894,0.7945482730865479,0.13470538047405875,0.6944752931594849,0.8743505477905273,0.7575831362468469,0.7793131319969792,adequate
llava15_vqav2,LLaVA-1.5-7B,VQAv2,cos_sim,23,24,non_significant_sdc,14,6,14,0,0.0,0.8180366981597175,0.8615359663963318,0.11785956443528776,0.8166663348674774,0.8618281334638596,0.671505195753915,0.8731823431120979,underpowered
llava15_vqav2,LLaVA-1.5-7B,VQAv2,cos_sim,23,24,significant_sdc,182,25,37,145,0.7967032967032968,0.6346758485507964,0.6699692467037512,0.21026833543039722,0.5701073110103607,0.7959621548652649,0.5389244734022681,0.7066478395572441,underpowered
llava15_vqav2,LLaVA-1.5-7B,VQAv2,cos_sim,24,25,non_sdc,7304,133,7304,0,0.0,0.7228105106042971,0.763164833188057,0.16848678167229394,0.6099336296319962,0.8595781922340393,0.7054264683673543,0.7389286659253729,adequate
llava15_vqav2,LLaVA-1.5-7B,VQAv2,cos_sim,24,25,non_significant_sdc,14,6,14,0,0.0,0.7942696928977967,0.8222302049398422,0.07264471381894694,0.7760612070560455,0.8223982751369476,0.7068095326423645,0.8328126485531147,underpowered
llava15_vqav2,LLaVA-1.5-7B,VQAv2,cos_sim,24,25,significant_sdc,182,25,37,145,0.7967032967032968,0.31365249337778134,0.214226633310318,0.2854632413512204,0.06697421429716811,0.48050480087598163,0.19346247241516312,0.42013273545717356,underpowered
llava15_vqav2,LLaVA-1.5-7B,VQAv2,cos_sim,25,26,non_sdc,7304,133,7304,0,0.0,0.7816600123166665,0.804855227470398,0.11316098473759469,0.7152812778949738,0.871174119412899,0.7699971334529124,0.7921806680508089,adequate
llava15_vqav2,LLaVA-1.5-7B,VQAv2,cos_sim,25,26,non_significant_sdc,14,6,14,0,0.0,0.8579386537983303,0.9000533819198608,0.06927891647895389,0.7920235127210618,0.9001302868127823,0.7690843247231983,0.8941060002939201,underpowered
llava15_vqav2,LLaVA-1.5-7B,VQAv2,cos_sim,25,26,significant_sdc,182,24,35,147,0.8076923076923077,0.6822258631484888,0.6938006792749677,0.16766676343749878,0.6129502550679811,0.8535289069016775,0.5989249135975812,0.7485230778015498,underpowered
llava15_vqav2,LLaVA-1.5-7B,VQAv2,cos_sim,26,27,non_sdc,7304,133,7304,0,0.0,0.8472175854992017,0.9003779888153076,0.12958221300516545,0.7910282202064991,0.9437752813100815,0.8380097889864481,0.8557822519306546,adequate
llava15_vqav2,LLaVA-1.5-7B,VQAv2,cos_sim,26,27,non_significant_sdc,14,6,14,0,0.0,0.8889178085894811,0.937784269452095,0.10954897229994968,0.9377169013023376,0.9378528445959091,0.7426446691707329,0.9471724239679483,underpowered
llava15_vqav2,LLaVA-1.5-7B,VQAv2,cos_sim,26,27,significant_sdc,182,23,32,150,0.8241758241758241,0.6605452181675177,0.6729424593932167,0.2785412790316774,0.5525570146844019,0.9069767544666926,0.5201177430746883,0.7679971676227155,underpowered
llava15_vqav2,LLaVA-1.5-7B,VQAv2,cos_sim,27,28,non_sdc,7304,133,7304,0,0.0,0.7900185034933959,0.8339130580425262,0.14263848330123682,0.7119915336370468,0.9016695767641068,0.7771039906460976,0.8019143840719072,adequate
llava15_vqav2,LLaVA-1.5-7B,VQAv2,cos_sim,27,28,non_significant_sdc,14,6,14,0,0.0,0.817909706774212,0.8214191198348999,0.05603778466646663,0.8204178288578987,0.8215821236371994,0.7706833209310259,0.8697469728333609,underpowered
llava15_vqav2,LLaVA-1.5-7B,VQAv2,cos_sim,27,28,significant_sdc,182,21,30,152,0.8351648351648352,0.5453191930685792,0.5299514665135315,0.2651677676184792,0.3516574530121015,0.7659842769304911,0.40451558085608286,0.6553205127894519,underpowered
llava15_vqav2,LLaVA-1.5-7B,VQAv2,cos_sim,28,29,non_sdc,7304,133,7304,0,0.0,0.7382714667350406,0.7678821384906769,0.12732785815935627,0.6723620444536209,0.8354533016681671,0.7261070279613794,0.749244210410491,adequate
llava15_vqav2,LLaVA-1.5-7B,VQAv2,cos_sim,28,29,non_significant_sdc,14,6,14,0,0.0,0.8441592188108535,0.880451425909996,0.07062916544036744,0.8000290617346764,0.8804971724748611,0.7521024602430838,0.8812006986540992,underpowered
llava15_vqav2,LLaVA-1.5-7B,VQAv2,cos_sim,28,29,significant_sdc,182,16,25,157,0.8626373626373627,0.6082745697421957,0.5958692066523493,0.22482628554403106,0.557662656112593,0.7585799694061279,0.47382735369217066,0.699342384363672,underpowered
llava15_vqav2,LLaVA-1.5-7B,VQAv2,cos_sim,29,30,non_sdc,7304,133,7304,0,0.0,0.8306093993723334,0.8624607622623444,0.1031520925012532,0.7792893201112747,0.9058154374361038,0.820563165633375,0.839264278385381,adequate
llava15_vqav2,LLaVA-1.5-7B,VQAv2,cos_sim,29,30,non_significant_sdc,14,6,14,0,0.0,0.8938794421298163,0.9304220378398895,0.06610191153487543,0.8643279522657394,0.930467277765274,0.8075718726430621,0.9281277336456157,underpowered
llava15_vqav2,LLaVA-1.5-7B,VQAv2,cos_sim,29,30,significant_sdc,182,15,24,158,0.8681318681318682,0.6358147942273119,0.7169463537177261,0.2951675125141798,0.43670569360256195,0.8760420034329096,0.44472971664567973,0.759959190188115,underpowered
llava15_vqav2,LLaVA-1.5-7B,VQAv2,cos_sim,30,31,non_sdc,7304,133,7304,0,0.0,0.8790984376961614,0.9253203570842743,0.09894686026474626,0.809244304895401,0.9538600444793701,0.8703451671665636,0.8868438275993592,adequate
llava15_vqav2,LLaVA-1.5-7B,VQAv2,cos_sim,30,31,non_significant_sdc,14,6,14,0,0.0,0.9312781572341918,0.9446766376495361,0.031714781314609586,0.930624820291996,0.9447068870067596,0.8893592014908791,0.9487228645728185,underpowered
llava15_vqav2,LLaVA-1.5-7B,VQAv2,cos_sim,30,31,significant_sdc,182,11,18,164,0.9010989010989011,0.7806327759207767,0.905260016520818,0.20817594908028508,0.677230216562748,0.9282506157954534,0.6181792208021789,0.8712524862027747,underpowered
