job,model,dataset,metric,src_layer,tgt_layer,sdc_group,rows,semantic_groups,finite_rows,non_finite_rows,non_finite_rate,mean_value,median_value,std_value,q25_value,q75_value,mean_ci95_low,mean_ci95_high,evidence
qwen25_vl_earthvqa,Qwen2.5-VL-7B,EarthVQA,cos_sim,0,1,non_sdc,5540,375,5540,0,0.0,0.8475635380445157,0.8528943911194802,0.036060361003497174,0.8288865053937549,0.8734962989886602,0.8447334614663787,0.8504302033102936,adequate
qwen25_vl_earthvqa,Qwen2.5-VL-7B,EarthVQA,cos_sim,0,1,non_significant_sdc,1723,315,1723,0,0.0,0.8443318148142088,0.8500844580786568,0.0381563156109491,0.827416471640269,0.8683045889650072,0.8407800321126012,0.8477483587857463,adequate
qwen25_vl_earthvqa,Qwen2.5-VL-7B,EarthVQA,cos_sim,0,1,significant_sdc,224,122,184,40,0.1785714285714286,0.3927509726633692,0.25962991434700633,0.25226404209184744,0.25065685215653205,0.49603769836985334,0.33005250310525686,0.4534479390395445,adequate
qwen25_vl_earthvqa,Qwen2.5-VL-7B,EarthVQA,cos_sim,1,2,non_sdc,5540,375,5540,0,0.0,0.8424899423864483,0.8424514432748158,0.04149060760315757,0.811337251663208,0.8768851346138752,0.8397370078965913,0.8452394057362365,adequate
qwen25_vl_earthvqa,Qwen2.5-VL-7B,EarthVQA,cos_sim,1,2,non_significant_sdc,1723,315,1723,0,0.0,0.8334131126364622,0.8337763905525207,0.047523004675767345,0.8060695792619998,0.8651167789432738,0.8291000710142743,0.8376978941680999,adequate
qwen25_vl_earthvqa,Qwen2.5-VL-7B,EarthVQA,cos_sim,1,2,significant_sdc,224,121,181,43,0.1919642857142857,0.19155974106401313,-0.007114962351565458,0.34152159784218017,-0.018869666572736234,0.2756813591232105,0.10599660407636269,0.2739781463912608,adequate
qwen25_vl_earthvqa,Qwen2.5-VL-7B,EarthVQA,cos_sim,2,3,non_sdc,5540,375,5540,0,0.0,0.786543376326382,0.7928011959249323,0.049744884126416755,0.7557674243368886,0.8219774449244142,0.7827319344612337,0.7902743138139,adequate
qwen25_vl_earthvqa,Qwen2.5-VL-7B,EarthVQA,cos_sim,2,3,non_significant_sdc,1723,315,1723,0,0.0,0.7747875252048875,0.7797343160795129,0.05067126094604506,0.744428727518567,0.8097391312321027,0.7699614580184875,0.7795047040094752,adequate
qwen25_vl_earthvqa,Qwen2.5-VL-7B,EarthVQA,cos_sim,2,3,significant_sdc,224,121,183,41,0.1830357142857143,0.3451785610064779,0.24610326758452825,0.21186330500238723,0.23412711538222372,0.2969632746056229,0.2940550011091671,0.3944463406925279,adequate
qwen25_vl_earthvqa,Qwen2.5-VL-7B,EarthVQA,cos_sim,3,4,non_sdc,5540,375,5540,0,0.0,0.8453806521626414,0.8503184158068438,0.037435800832367215,0.8225729732463757,0.8721409626305103,0.8424833502508962,0.8482660852179204,adequate
qwen25_vl_earthvqa,Qwen2.5-VL-7B,EarthVQA,cos_sim,3,4,non_significant_sdc,1723,315,1723,0,0.0,0.8379710511457965,0.8413052525785234,0.03887409015441988,0.815729477575847,0.8625561788126275,0.8341279734575449,0.8418287202676902,adequate
qwen25_vl_earthvqa,Qwen2.5-VL-7B,EarthVQA,cos_sim,3,4,significant_sdc,224,119,179,45,0.2008928571428571,0.5120788748154775,0.45804191487176077,0.19045155256673488,0.4506297652818719,0.48037466406822205,0.4674360971518163,0.5552979293156044,adequate
qwen25_vl_earthvqa,Qwen2.5-VL-7B,EarthVQA,cos_sim,4,5,non_sdc,5540,375,5540,0,0.0,0.8225512035840727,0.8281906309880709,0.03937790234859324,0.8023326198259989,0.8484107631224173,0.8195766679134885,0.8254961295912869,adequate
qwen25_vl_earthvqa,Qwen2.5-VL-7B,EarthVQA,cos_sim,4,5,non_significant_sdc,1723,315,1723,0,0.0,0.8149413945111434,0.8225815783847462,0.0469805135450202,0.7941236571623729,0.8422085009515285,0.8106511341978415,0.8189615589567515,adequate
qwen25_vl_earthvqa,Qwen2.5-VL-7B,EarthVQA,cos_sim,4,5,significant_sdc,224,116,175,49,0.21875,0.40685163338095304,0.3013387757296465,0.2154029811385237,0.29502682783165757,0.4118480797933073,0.35294147287554656,0.457035102537267,adequate
qwen25_vl_earthvqa,Qwen2.5-VL-7B,EarthVQA,cos_sim,5,6,non_sdc,5540,375,5540,0,0.0,0.8493373773244632,0.8566906750202179,0.034076211928556206,0.8297157356090713,0.874029214538279,0.8466430491070148,0.8519236899352859,adequate
qwen25_vl_earthvqa,Qwen2.5-VL-7B,EarthVQA,cos_sim,5,6,non_significant_sdc,1723,315,1723,0,0.0,0.8430579232961251,0.8524584003857204,0.041337272870119735,0.8236715582509835,0.8680584116985923,0.8393349047618879,0.8465726497737275,adequate
qwen25_vl_earthvqa,Qwen2.5-VL-7B,EarthVQA,cos_sim,5,6,significant_sdc,224,117,179,45,0.2008928571428571,0.2056725710594215,0.053173971457444895,0.38185500446012893,0.0432491441095742,0.4427506482722808,0.11286973442557907,0.29423057424766624,adequate
qwen25_vl_earthvqa,Qwen2.5-VL-7B,EarthVQA,cos_sim,6,7,non_sdc,5540,375,5540,0,0.0,0.7594249386033873,0.7659574121236801,0.06485200597023935,0.7201211198612496,0.8103371637535619,0.7548623344139016,0.764006945056942,adequate
qwen25_vl_earthvqa,Qwen2.5-VL-7B,EarthVQA,cos_sim,6,7,non_significant_sdc,1723,315,1723,0,0.0,0.7458299978222873,0.7499825870990753,0.06919545376224817,0.7060106641612947,0.789404422044754,0.7392570424481227,0.752193892514148,adequate
qwen25_vl_earthvqa,Qwen2.5-VL-7B,EarthVQA,cos_sim,6,7,significant_sdc,224,118,178,46,0.2053571428571429,0.3426372165441625,0.2969667342852573,0.21514720827665054,0.2728125051196132,0.3235819704678594,0.2918776383395936,0.3943615968580764,adequate
qwen25_vl_earthvqa,Qwen2.5-VL-7B,EarthVQA,cos_sim,7,8,non_sdc,5540,375,5540,0,0.0,0.8166376401190465,0.825601998430032,0.0514325355032226,0.7942923055245326,0.8526530177891255,0.8124211134352726,0.8206941951929394,adequate
qwen25_vl_earthvqa,Qwen2.5-VL-7B,EarthVQA,cos_sim,7,8,non_significant_sdc,1723,315,1723,0,0.0,0.8100359405014455,0.8190165442578933,0.05527797622089424,0.7841469231744607,0.8481402179037316,0.8044713690920559,0.81527512297942,adequate
qwen25_vl_earthvqa,Qwen2.5-VL-7B,EarthVQA,cos_sim,7,8,significant_sdc,224,116,176,48,0.2142857142857143,0.17796816817517097,-0.015013663516360886,0.32117999672168634,-0.027915991614667734,0.3115457881362412,0.09924240420087238,0.25358648418851487,adequate
qwen25_vl_earthvqa,Qwen2.5-VL-7B,EarthVQA,cos_sim,8,9,non_sdc,5540,375,5540,0,0.0,0.8759617806514445,0.8817295048918042,0.03249366369992229,0.8597931905704386,0.8975793149541407,0.8732973341330585,0.8785633035587233,adequate
qwen25_vl_earthvqa,Qwen2.5-VL-7B,EarthVQA,cos_sim,8,9,non_significant_sdc,1723,315,1723,0,0.0,0.8712020194978615,0.87568732102712,0.03628762329469405,0.8570832500332279,0.8927187696099281,0.8677348161378402,0.8745133132758662,adequate
qwen25_vl_earthvqa,Qwen2.5-VL-7B,EarthVQA,cos_sim,8,9,significant_sdc,224,113,170,54,0.2410714285714286,0.3291641456389832,0.08697194467317693,0.32439187276866804,0.0677853028327987,0.6660540183940072,0.251194513100321,0.40468816458190715,adequate
qwen25_vl_earthvqa,Qwen2.5-VL-7B,EarthVQA,cos_sim,9,10,non_sdc,5540,375,5540,0,0.0,0.8589018518480779,0.8654147585233053,0.03181213016665391,0.8444311569134394,0.8804606672908579,0.8562310318673664,0.8613820662179136,adequate
qwen25_vl_earthvqa,Qwen2.5-VL-7B,EarthVQA,cos_sim,9,10,non_significant_sdc,1723,315,1723,0,0.0,0.8536129175864736,0.8593443891276484,0.036410606458738684,0.8381950661888888,0.8766145990008399,0.8500702778371051,0.8569280315133816,adequate
qwen25_vl_earthvqa,Qwen2.5-VL-7B,EarthVQA,cos_sim,9,10,significant_sdc,224,113,167,57,0.2544642857142857,0.2891817989443641,0.1274827983306379,0.3237461850663279,0.09253556990273754,0.6993979946301695,0.20623277335322326,0.369957834975757,adequate
qwen25_vl_earthvqa,Qwen2.5-VL-7B,EarthVQA,cos_sim,10,11,non_sdc,5540,375,5540,0,0.0,0.836712328187847,0.8426327109336853,0.046132575805058106,0.8151544635617077,0.8695671941552844,0.833083483683788,0.8402514982365512,adequate
qwen25_vl_earthvqa,Qwen2.5-VL-7B,EarthVQA,cos_sim,10,11,non_significant_sdc,1723,315,1723,0,0.0,0.8304500346013686,0.8359249035517374,0.047758938760354475,0.8090482878684998,0.8600281836478028,0.8257995263609438,0.8348981138304853,adequate
qwen25_vl_earthvqa,Qwen2.5-VL-7B,EarthVQA,cos_sim,10,11,significant_sdc,224,111,166,58,0.2589285714285714,0.27135751888875986,0.11032684020013833,0.30326949162531164,0.09047027097596806,0.6620937288787805,0.19414574489356146,0.3490250185063659,adequate
qwen25_vl_earthvqa,Qwen2.5-VL-7B,EarthVQA,cos_sim,11,12,non_sdc,5540,375,5540,0,0.0,0.8736445488116473,0.8797395137841242,0.03461649187179763,0.8608373274867502,0.8948755072695869,0.8707091761985691,0.876439871558938,adequate
qwen25_vl_earthvqa,Qwen2.5-VL-7B,EarthVQA,cos_sim,11,12,non_significant_sdc,1723,315,1723,0,0.0,0.8688613412894323,0.8744933832259405,0.036728404172647604,0.8539364586993692,0.8913574118559857,0.8651326227485735,0.8723712046341651,adequate
qwen25_vl_earthvqa,Qwen2.5-VL-7B,EarthVQA,cos_sim,11,12,significant_sdc,224,112,166,58,0.2589285714285714,0.2843289512629964,0.20678374163654387,0.35943464879313997,0.18316596592966541,0.6721382227165309,0.1953169344852903,0.36872218986743593,adequate
qwen25_vl_earthvqa,Qwen2.5-VL-7B,EarthVQA,cos_sim,12,13,non_sdc,5540,375,5540,0,0.0,0.867207961595085,0.8721703059143491,0.03394802959717634,0.8544550410712274,0.8885035127401352,0.8641146658722928,0.8701225706375668,adequate
qwen25_vl_earthvqa,Qwen2.5-VL-7B,EarthVQA,cos_sim,12,13,non_significant_sdc,1723,315,1723,0,0.0,0.8646080236430052,0.8696190030486496,0.03583327311064024,0.8517379570698392,0.886932307168057,0.8610221027216798,0.8680314822638782,adequate
qwen25_vl_earthvqa,Qwen2.5-VL-7B,EarthVQA,cos_sim,12,13,significant_sdc,224,107,160,64,0.2857142857142857,0.35315050709325535,0.17068709102364218,0.2986515485586245,0.15615998723601202,0.7356252462144882,0.2733177768719333,0.4310529339138744,adequate
qwen25_vl_earthvqa,Qwen2.5-VL-7B,EarthVQA,cos_sim,13,14,non_sdc,5540,375,5540,0,0.0,0.8704341828889376,0.8755681344441005,0.02891401138208155,0.8597910469397902,0.8889331516623498,0.8678082297910084,0.8728531205258797,adequate
qwen25_vl_earthvqa,Qwen2.5-VL-7B,EarthVQA,cos_sim,13,14,non_significant_sdc,1723,315,1723,0,0.0,0.8692221923314253,0.8752118282847934,0.03293122870039265,0.857977132862195,0.8885453540267366,0.8658969740237116,0.8722267990356003,adequate
qwen25_vl_earthvqa,Qwen2.5-VL-7B,EarthVQA,cos_sim,13,14,significant_sdc,224,107,161,63,0.28125,0.26204803215277384,0.2552093125271554,0.4402039635856585,0.19075431267977977,0.7478925232534055,0.1596631238708557,0.36053373149175394,adequate
qwen25_vl_earthvqa,Qwen2.5-VL-7B,EarthVQA,cos_sim,14,15,non_sdc,5540,375,5540,0,0.0,0.867221895931455,0.870771935681248,0.02896891017724538,0.8498522263986094,0.8869965283767037,0.865028227017075,0.8693390208603748,adequate
qwen25_vl_earthvqa,Qwen2.5-VL-7B,EarthVQA,cos_sim,14,15,non_significant_sdc,1723,315,1723,0,0.0,0.862429624972579,0.8649264921744665,0.0349339750079366,0.8467060120387392,0.8821979479831562,0.859315245120486,0.8654643718742989,adequate
qwen25_vl_earthvqa,Qwen2.5-VL-7B,EarthVQA,cos_sim,14,15,significant_sdc,224,106,160,64,0.2857142857142857,0.38440943707393316,0.3106778034446191,0.28923738741742405,0.15906961391946034,0.750628032537985,0.30956726992300265,0.4565002649185493,adequate
qwen25_vl_earthvqa,Qwen2.5-VL-7B,EarthVQA,cos_sim,15,16,non_sdc,5540,375,5540,0,0.0,0.8520443440131009,0.8561162747442722,0.03104557766042835,0.8360425755381584,0.8740109653000669,0.8494531837903073,0.8546112315301463,adequate
qwen25_vl_earthvqa,Qwen2.5-VL-7B,EarthVQA,cos_sim,15,16,non_significant_sdc,1723,315,1723,0,0.0,0.8508034263408275,0.8546084976196289,0.0325092704177188,0.8369157612323761,0.87188490412452,0.8474504985394182,0.8539388283051322,adequate
qwen25_vl_earthvqa,Qwen2.5-VL-7B,EarthVQA,cos_sim,15,16,significant_sdc,224,107,160,64,0.2857142857142857,0.30684718867922844,0.2691807258798151,0.37736659616433116,0.03544600920428579,0.7619982964935758,0.216588569790173,0.392660739504354,adequate
qwen25_vl_earthvqa,Qwen2.5-VL-7B,EarthVQA,cos_sim,16,17,non_sdc,5540,375,5540,0,0.0,0.8230805448146022,0.8255185037851334,0.04467106861484345,0.794196922382618,0.8523693099325779,0.8197005188816299,0.8263592108002099,adequate
qwen25_vl_earthvqa,Qwen2.5-VL-7B,EarthVQA,cos_sim,16,17,non_significant_sdc,1723,315,1723,0,0.0,0.8200269060151089,0.8244160335996876,0.04445935125893303,0.7964499914559765,0.8485032612723964,0.8154917879084101,0.8243621591340056,adequate
qwen25_vl_earthvqa,Qwen2.5-VL-7B,EarthVQA,cos_sim,16,17,significant_sdc,224,102,154,70,0.3125,0.22965045980818052,0.20550469004986238,0.4141432704274965,-0.17227418454630034,0.7264967675877627,0.130211723969867,0.32643615257451153,adequate
qwen25_vl_earthvqa,Qwen2.5-VL-7B,EarthVQA,cos_sim,17,18,non_sdc,5540,375,5540,0,0.0,0.8302554784055888,0.8326331807507409,0.04179545907620349,0.8063885545866056,0.8595782078993626,0.8269454085561656,0.8335193914768498,adequate
qwen25_vl_earthvqa,Qwen2.5-VL-7B,EarthVQA,cos_sim,17,18,non_significant_sdc,1723,315,1723,0,0.0,0.8247947317684154,0.8287565767765045,0.04461309743405127,0.8015145542608066,0.8536580209744805,0.8203533158633435,0.8291993745308417,adequate
qwen25_vl_earthvqa,Qwen2.5-VL-7B,EarthVQA,cos_sim,17,18,significant_sdc,224,99,150,74,0.3303571428571429,0.4407877724108034,0.3636094467068205,0.2199692544701017,0.30512707294630154,0.7015354406952675,0.3839414583617634,0.4947505035621881,adequate
qwen25_vl_earthvqa,Qwen2.5-VL-7B,EarthVQA,cos_sim,18,19,non_sdc,5540,375,5540,0,0.0,0.8895619963439685,0.8930976785945169,0.026280054296207438,0.8778380930423736,0.9075556627728723,0.8873249641429454,0.8916445665308177,adequate
qwen25_vl_earthvqa,Qwen2.5-VL-7B,EarthVQA,cos_sim,18,19,non_significant_sdc,1723,315,1723,0,0.0,0.8876225749043112,0.8915552454335349,0.0273838367867952,0.876061792174975,0.9055207507477866,0.8848212988614408,0.8902700923860382,adequate
qwen25_vl_earthvqa,Qwen2.5-VL-7B,EarthVQA,cos_sim,18,19,significant_sdc,224,102,151,73,0.3258928571428571,0.6246455045827872,0.6858114040627772,0.2083140515357519,0.47847777878751563,0.8128335121132079,0.5772200582367815,0.6675363742108468,adequate
qwen25_vl_earthvqa,Qwen2.5-VL-7B,EarthVQA,cos_sim,19,20,non_sdc,5540,375,5540,0,0.0,0.8386016646204838,0.8454789243638515,0.040290071120063095,0.8173308772966266,0.8670577213168144,0.8352264181480409,0.8418945057205833,adequate
qwen25_vl_earthvqa,Qwen2.5-VL-7B,EarthVQA,cos_sim,19,20,non_significant_sdc,1723,315,1723,0,0.0,0.8378748181330308,0.8438026659628924,0.039856476146357206,0.8168703603247801,0.8662583016686969,0.833532013912968,0.8420920563938549,adequate
qwen25_vl_earthvqa,Qwen2.5-VL-7B,EarthVQA,cos_sim,19,20,significant_sdc,224,95,143,81,0.3616071428571429,0.45258878314183687,0.6806510893666015,0.3408074395310943,0.08301071343677385,0.7565205537660723,0.37280097074586216,0.5247312904952994,adequate
qwen25_vl_earthvqa,Qwen2.5-VL-7B,EarthVQA,cos_sim,20,21,non_sdc,5540,375,5540,0,0.0,0.8714757451323538,0.875517874956131,0.03168113163515774,0.8548757691557208,0.8936109130199139,0.8686995084083418,0.8741870565456131,adequate
qwen25_vl_earthvqa,Qwen2.5-VL-7B,EarthVQA,cos_sim,20,21,non_significant_sdc,1723,315,1723,0,0.0,0.870110817340956,0.8735231533646584,0.031859464615332456,0.8535349289854091,0.8926930422584216,0.8666144874237552,0.8734515316705035,adequate
qwen25_vl_earthvqa,Qwen2.5-VL-7B,EarthVQA,cos_sim,20,21,significant_sdc,224,93,139,85,0.3794642857142857,0.6989929978055145,0.694277180700886,0.1507241286987915,0.6627431232102063,0.8294997144004573,0.6632729799317599,0.7302472894962029,adequate
qwen25_vl_earthvqa,Qwen2.5-VL-7B,EarthVQA,cos_sim,21,22,non_sdc,5540,375,5540,0,0.0,0.85239899221429,0.8568557761265682,0.03890764411110497,0.834655904450139,0.8785677508761485,0.8488517765976524,0.855672071930652,adequate
qwen25_vl_earthvqa,Qwen2.5-VL-7B,EarthVQA,cos_sim,21,22,non_significant_sdc,1723,315,1723,0,0.0,0.8499076176509575,0.8560971595622875,0.03967837646245532,0.8349057339966811,0.8728737650370156,0.8455084863022101,0.8538752568687901,adequate
qwen25_vl_earthvqa,Qwen2.5-VL-7B,EarthVQA,cos_sim,21,22,significant_sdc,224,90,137,87,0.3883928571428571,0.2848735609659309,0.16374749827141666,0.3601873792101849,-0.02619373319404466,0.7721281548341116,0.18201702079290613,0.38218873656332136,adequate
qwen25_vl_earthvqa,Qwen2.5-VL-7B,EarthVQA,cos_sim,22,23,non_sdc,5540,375,5540,0,0.0,0.8984453891008763,0.9020663648843765,0.02192452370819201,0.889486435731804,0.9121267501796995,0.8965334344231494,0.9002609153577461,adequate
qwen25_vl_earthvqa,Qwen2.5-VL-7B,EarthVQA,cos_sim,22,23,non_significant_sdc,1723,315,1723,0,0.0,0.8969388200833691,0.9013801586060297,0.02379044661089087,0.889709138490937,0.9105351120233536,0.8944151489325538,0.8992718478958512,adequate
qwen25_vl_earthvqa,Qwen2.5-VL-7B,EarthVQA,cos_sim,22,23,significant_sdc,224,87,133,91,0.40625,0.649748965545964,0.5749360991983997,0.17633290666880233,0.5658479685686073,0.8675080786148707,0.6000527016052829,0.6949623967910968,adequate
qwen25_vl_earthvqa,Qwen2.5-VL-7B,EarthVQA,cos_sim,23,24,non_sdc,5540,375,5540,0,0.0,0.8801284687644187,0.885701698064804,0.0316174999136164,0.8664851250156523,0.9010474464263428,0.8772574847368428,0.8828507546308737,adequate
qwen25_vl_earthvqa,Qwen2.5-VL-7B,EarthVQA,cos_sim,23,24,non_significant_sdc,1723,315,1723,0,0.0,0.8792588627303944,0.8843064932596116,0.03199368999417045,0.864443919488362,0.9000301065899077,0.8756521477405222,0.8825970179742829,adequate
qwen25_vl_earthvqa,Qwen2.5-VL-7B,EarthVQA,cos_sim,23,24,significant_sdc,224,86,131,93,0.4151785714285714,0.5698868218943297,0.46531069339538106,0.22357648446267048,0.4374328544553445,0.8156400596102078,0.5094842951704684,0.6264890066696602,adequate
qwen25_vl_earthvqa,Qwen2.5-VL-7B,EarthVQA,cos_sim,24,25,non_sdc,5540,375,5540,0,0.0,0.905349738663995,0.9090950657964236,0.0260202324394893,0.8933519007777979,0.9245690221969898,0.9031698040419597,0.9074846341606745,adequate
qwen25_vl_earthvqa,Qwen2.5-VL-7B,EarthVQA,cos_sim,24,25,non_significant_sdc,1723,315,1723,0,0.0,0.9045293462533524,0.909252201517423,0.02794021191135821,0.8936232224891061,0.9219285440795562,0.9018230004704834,0.9071033400935518,adequate
qwen25_vl_earthvqa,Qwen2.5-VL-7B,EarthVQA,cos_sim,24,25,significant_sdc,224,84,128,96,0.4285714285714286,0.7316028150801581,0.720890934370002,0.16866826008845245,0.7125807091289637,0.8616478436936935,0.691645401717481,0.7668282483529779,adequate
qwen25_vl_earthvqa,Qwen2.5-VL-7B,EarthVQA,cos_sim,25,26,non_sdc,5540,375,5540,0,0.0,0.9452395969573637,0.9485964312737167,0.016463350238775324,0.937596785219816,0.9568624502349748,0.9438523872971293,0.9465909621302553,adequate
qwen25_vl_earthvqa,Qwen2.5-VL-7B,EarthVQA,cos_sim,25,26,non_significant_sdc,1723,315,1723,0,0.0,0.9449518824929269,0.9481256777240384,0.01798190666131052,0.9387824013829231,0.9551018532635509,0.9432585013751482,0.9465583272460957,adequate
qwen25_vl_earthvqa,Qwen2.5-VL-7B,EarthVQA,cos_sim,25,26,significant_sdc,224,85,127,97,0.4330357142857143,0.7064941777906625,0.6820309989306391,0.2324916887629684,0.648576161435032,0.9333782027597013,0.6448033366748036,0.7600620031233946,adequate
qwen25_vl_earthvqa,Qwen2.5-VL-7B,EarthVQA,cos_sim,26,27,non_sdc,5540,375,5540,0,0.0,0.986995917927315,0.9880514609748903,0.0052921924241734145,0.9850135517740681,0.990395007081903,0.9865646784321601,0.9874199777914359,adequate
qwen25_vl_earthvqa,Qwen2.5-VL-7B,EarthVQA,cos_sim,26,27,non_significant_sdc,1723,315,1723,0,0.0,0.9859352405405629,0.9876836156845092,0.009214307512736305,0.9842069286202628,0.9898523425354677,0.985110298278139,0.9866607058205075,adequate
qwen25_vl_earthvqa,Qwen2.5-VL-7B,EarthVQA,cos_sim,26,27,significant_sdc,224,83,123,101,0.4508928571428571,0.737939751042295,0.6841298390407952,0.2378593122448502,0.6787296247725584,0.979954879892909,0.674259572576595,0.7920938959134919,adequate
qwen25_vl_earthvqa,Qwen2.5-VL-7B,EarthVQA,abs_mean_diff,0,1,non_sdc,5540,375,5540,0,0.0,0.011038148513739576,0.011021006021606312,0.002044431751027047,0.00963042174199862,0.01235369576170342,0.010876106251791633,0.01120264392802257,adequate
qwen25_vl_earthvqa,Qwen2.5-VL-7B,EarthVQA,abs_mean_diff,0,1,non_significant_sdc,1723,315,1723,0,0.0,0.010940830619098636,0.010861545629070504,0.001978864035990114,0.009582424341478263,0.012196879619732499,0.010740601629083933,0.01113126580749366,adequate
qwen25_vl_earthvqa,Qwen2.5-VL-7B,EarthVQA,abs_mean_diff,0,1,significant_sdc,224,122,184,40,0.1785714285714286,3.515484102779987e+28,0.008524685805278584,3.323812515078873e+29,0.007833960406691293,0.01098616420230206,747066930.1306733,1.1082042933119976e+29,adequate
qwen25_vl_earthvqa,Qwen2.5-VL-7B,EarthVQA,abs_mean_diff,1,2,non_sdc,5540,375,5540,0,0.0,0.009005338102170747,0.008626068166584327,0.0024441671552126332,0.0072517879503404565,0.010400777986929328,0.008823818471178692,0.009192629698774676,adequate
qwen25_vl_earthvqa,Qwen2.5-VL-7B,EarthVQA,abs_mean_diff,1,2,non_significant_sdc,1723,315,1723,0,0.0,0.008921868857992437,0.008612276688735519,0.0022663391272680646,0.007298284030714067,0.01014984121792676,0.008699921809804282,0.009151033032967949,adequate
qwen25_vl_earthvqa,Qwen2.5-VL-7B,EarthVQA,abs_mean_diff,1,2,significant_sdc,224,121,181,43,0.1919642857142857,8.453476981463982e+27,0.008999943220037587,1.1372990119920796e+29,0.007745855483032453,0.0110060762275349,0.009761738256899822,2.7486455095418816e+28,adequate
qwen25_vl_earthvqa,Qwen2.5-VL-7B,EarthVQA,abs_mean_diff,2,3,non_sdc,5540,375,5540,0,0.0,0.010927213172146228,0.010764893393830528,0.0026362250516763688,0.008987086249844116,0.012654724768997932,0.01073902556185302,0.01111591448615139,adequate
qwen25_vl_earthvqa,Qwen2.5-VL-7B,EarthVQA,abs_mean_diff,2,3,non_significant_sdc,1723,315,1723,0,0.0,0.01122425080339512,0.011152292045557665,0.00255674585447629,0.009385641689852372,0.01288082407883867,0.01098568883422057,0.011462533551129275,adequate
qwen25_vl_earthvqa,Qwen2.5-VL-7B,EarthVQA,abs_mean_diff,2,3,significant_sdc,224,121,183,41,0.1830357142857143,6.857546851938458e+28,0.012709374824652866,6.980757411933682e+29,0.011426209072981561,0.014545423520386827,0.013171255753397898,1.893144086636554e+29,adequate
qwen25_vl_earthvqa,Qwen2.5-VL-7B,EarthVQA,abs_mean_diff,3,4,non_sdc,5540,375,5540,0,0.0,0.011975688914698216,0.011442532087115938,0.0031770884460093924,0.009729684593989268,0.013866383806549034,0.011726659245305006,0.012236515557972944,adequate
qwen25_vl_earthvqa,Qwen2.5-VL-7B,EarthVQA,abs_mean_diff,3,4,non_significant_sdc,1723,315,1723,0,0.0,0.012185258434637965,0.011688747158687975,0.0036043296994509224,0.00999717199716322,0.013849477095347885,0.011828598456328547,0.01255231245947032,adequate
qwen25_vl_earthvqa,Qwen2.5-VL-7B,EarthVQA,abs_mean_diff,3,4,significant_sdc,224,119,179,45,0.2008928571428571,1.6417635358994174e+29,0.05578278788194364,1.674112625548859e+30,0.02078208657632813,0.05748380592320951,8.823329018205552e+27,4.486533565844276e+29,adequate
qwen25_vl_earthvqa,Qwen2.5-VL-7B,EarthVQA,abs_mean_diff,4,5,non_sdc,5540,375,5540,0,0.0,0.01162734297363726,0.011320985796185203,0.0026608521062589513,0.009755969760590233,0.013221812308765948,0.01142745586093917,0.011827430730051427,adequate
qwen25_vl_earthvqa,Qwen2.5-VL-7B,EarthVQA,abs_mean_diff,4,5,non_significant_sdc,1723,315,1723,0,0.0,0.011658737303755124,0.011219100405772528,0.0036838488587099556,0.009679629146786672,0.013117612785814952,0.011350323952051088,0.011974134919555133,adequate
qwen25_vl_earthvqa,Qwen2.5-VL-7B,EarthVQA,abs_mean_diff,4,5,significant_sdc,224,116,175,49,0.21875,2.2506261243459852e+29,0.009875075304475815,2.9420442805775734e+30,0.006484700024736171,0.014005492232283768,0.011983397366012578,7.326556435234012e+29,adequate
qwen25_vl_earthvqa,Qwen2.5-VL-7B,EarthVQA,abs_mean_diff,5,6,non_sdc,5540,375,5540,0,0.0,0.013420259351403162,0.013209603612731192,0.00272066650740621,0.011718309691953442,0.015054315020547333,0.013220701349075078,0.013623155646969797,adequate
qwen25_vl_earthvqa,Qwen2.5-VL-7B,EarthVQA,abs_mean_diff,5,6,non_significant_sdc,1723,315,1723,0,0.0,0.013732830876946215,0.013558708405231728,0.0047566387626005605,0.011916079855013993,0.015225968977791212,0.013408478893943485,0.01409593286717086,adequate
qwen25_vl_earthvqa,Qwen2.5-VL-7B,EarthVQA,abs_mean_diff,5,6,significant_sdc,224,117,179,45,0.2008928571428571,1.9279611532810322e+29,0.044037589808089694,1.873353290553033e+30,0.017581617137838797,0.049146993266304534,0.03413160365072077,5.151048773484644e+29,adequate
qwen25_vl_earthvqa,Qwen2.5-VL-7B,EarthVQA,abs_mean_diff,6,7,non_sdc,5540,375,5540,0,0.0,0.013711093570977695,0.013345720931523062,0.003276057870516749,0.011327528524109058,0.015595516030370564,0.013487520876650906,0.013950373446345588,adequate
qwen25_vl_earthvqa,Qwen2.5-VL-7B,EarthVQA,abs_mean_diff,6,7,non_significant_sdc,1723,315,1723,0,0.0,0.013977569779633334,0.013717069782109724,0.0033170693570342075,0.011757298721036372,0.015634228211517137,0.013658795410199258,0.014306605343124166,adequate
qwen25_vl_earthvqa,Qwen2.5-VL-7B,EarthVQA,abs_mean_diff,6,7,significant_sdc,224,118,178,46,0.2053571428571429,2.2840923379345308e+27,0.01611576808084335,3.047359266416743e+28,0.014120377591283689,0.01802386815378542,0.01647752271139315,7.392153384588119e+27,adequate
qwen25_vl_earthvqa,Qwen2.5-VL-7B,EarthVQA,abs_mean_diff,7,8,non_sdc,5540,375,5540,0,0.0,0.01579412251033972,0.015119215931841418,0.004272809286328459,0.012938375159283168,0.01823520743706996,0.015472512872011368,0.01613031083672594,adequate
qwen25_vl_earthvqa,Qwen2.5-VL-7B,EarthVQA,abs_mean_diff,7,8,non_significant_sdc,1723,315,1723,0,0.0,0.016122240703137072,0.015604214107787067,0.004522209984813287,0.01317206751466507,0.018508180309171705,0.015695465824152398,0.01656840739235198,adequate
qwen25_vl_earthvqa,Qwen2.5-VL-7B,EarthVQA,abs_mean_diff,7,8,significant_sdc,224,116,176,48,0.2142857142857143,2.1599986064204815e+28,0.010958262008842916,2.7504064526098016e+29,0.010494998088985567,0.01660369306288582,0.014730499932574017,6.963937972494105e+28,adequate
qwen25_vl_earthvqa,Qwen2.5-VL-7B,EarthVQA,abs_mean_diff,8,9,non_sdc,5540,375,5540,0,0.0,0.018284497237360628,0.01785289097865138,0.004294843618628937,0.015096483527924176,0.020887443529708043,0.017960523802191156,0.018624592621799767,adequate
qwen25_vl_earthvqa,Qwen2.5-VL-7B,EarthVQA,abs_mean_diff,8,9,non_significant_sdc,1723,315,1723,0,0.0,0.01865177190204092,0.0182306791615227,0.004488936236348824,0.015362388814833981,0.02107383036054671,0.018243791319516083,0.01906350368131352,adequate
qwen25_vl_earthvqa,Qwen2.5-VL-7B,EarthVQA,abs_mean_diff,8,9,significant_sdc,224,113,170,54,0.2410714285714286,1.9580620335284913e+30,0.020573535521885344,1.6361242579682778e+31,0.01878488944070837,0.02257727340163131,1.8752496395270468e+28,4.769835654098325e+30,adequate
qwen25_vl_earthvqa,Qwen2.5-VL-7B,EarthVQA,abs_mean_diff,9,10,non_sdc,5540,375,5540,0,0.0,0.017079140845725684,0.016719478419482972,0.004072845855430213,0.014319578734054966,0.01922302301868068,0.0167530027094391,0.017411523908252333,adequate
qwen25_vl_earthvqa,Qwen2.5-VL-7B,EarthVQA,abs_mean_diff,9,10,non_significant_sdc,1723,315,1723,0,0.0,0.017195912630369393,0.016826081658817,0.004023659680544164,0.014525795987758196,0.01935838496191772,0.01677193696303049,0.01761573182311121,adequate
qwen25_vl_earthvqa,Qwen2.5-VL-7B,EarthVQA,abs_mean_diff,9,10,significant_sdc,224,113,167,57,0.2544642857142857,6.539665067435074e+27,0.012525307594285327,7.515689608732395e+28,0.011920076501832199,0.014718564243040695,0.014538977143425324,2.0398578506769326e+28,adequate
qwen25_vl_earthvqa,Qwen2.5-VL-7B,EarthVQA,abs_mean_diff,10,11,non_sdc,5540,375,5540,0,0.0,0.020118842706927882,0.019632196713549394,0.004758333052149194,0.016946963912535768,0.02273677760321233,0.019760681319810014,0.02048279900427202,adequate
qwen25_vl_earthvqa,Qwen2.5-VL-7B,EarthVQA,abs_mean_diff,10,11,non_significant_sdc,1723,315,1723,0,0.0,0.020409672674974375,0.01971834933425745,0.004831240736965146,0.01730586842134379,0.022575610182695806,0.019916236005349506,0.020925120390656814,adequate
qwen25_vl_earthvqa,Qwen2.5-VL-7B,EarthVQA,abs_mean_diff,10,11,significant_sdc,224,111,166,58,0.2589285714285714,5.156451443783563e+28,0.0415295011492218,6.643519576307227e+29,0.023296629454066256,0.04268405083044223,0.036622743455792126,1.6893989093488273e+29,adequate
qwen25_vl_earthvqa,Qwen2.5-VL-7B,EarthVQA,abs_mean_diff,11,12,non_sdc,5540,375,5540,0,0.0,0.01938234698981177,0.018743693866407944,0.004970972250041764,0.016119974693858445,0.022194687502066556,0.019027700089821818,0.019757231241861458,adequate
qwen25_vl_earthvqa,Qwen2.5-VL-7B,EarthVQA,abs_mean_diff,11,12,non_significant_sdc,1723,315,1723,0,0.0,0.019729157826720006,0.018994853637802105,0.004942790771769559,0.016282108078788347,0.022593216361749793,0.019233333391394866,0.020236980866895418,adequate
qwen25_vl_earthvqa,Qwen2.5-VL-7B,EarthVQA,abs_mean_diff,11,12,significant_sdc,224,112,166,58,0.2589285714285714,7.678564000006002e+30,0.04082879049190301,9.608457481421324e+31,0.022309074648482745,0.04236593505733514,6.817636429735347e+27,2.508157735106215e+31,adequate
qwen25_vl_earthvqa,Qwen2.5-VL-7B,EarthVQA,abs_mean_diff,12,13,non_sdc,5540,375,5540,0,0.0,0.020248530059384668,0.018955644086765297,0.006011430957548473,0.01617426858232964,0.023195910034701228,0.019787740676751858,0.020712765672749663,adequate
qwen25_vl_earthvqa,Qwen2.5-VL-7B,EarthVQA,abs_mean_diff,12,13,non_significant_sdc,1723,315,1723,0,0.0,0.020978851073974587,0.019885095693171026,0.006358808913520963,0.016524468038159493,0.02441084338127127,0.020344579288156046,0.02162518340340144,adequate
qwen25_vl_earthvqa,Qwen2.5-VL-7B,EarthVQA,abs_mean_diff,12,13,significant_sdc,224,107,160,64,0.2857142857142857,1.2276497127779782e+27,0.04367861134702953,1.5525002225137408e+28,0.01984627645098321,0.06799121127744225,0.04107364486070525,4.091203249220254e+27,adequate
qwen25_vl_earthvqa,Qwen2.5-VL-7B,EarthVQA,abs_mean_diff,13,14,non_sdc,5540,375,5540,0,0.0,0.02028209334456542,0.01969842988309329,0.005102705919667378,0.016678164186040786,0.023070968396496028,0.01987994058399309,0.020681264173622028,adequate
qwen25_vl_earthvqa,Qwen2.5-VL-7B,EarthVQA,abs_mean_diff,13,14,non_significant_sdc,1723,315,1723,0,0.0,0.02056540887452972,0.019902223162353037,0.005840369759075232,0.016468821259108014,0.02391366839273494,0.01997875186980832,0.021169156544067636,adequate
qwen25_vl_earthvqa,Qwen2.5-VL-7B,EarthVQA,abs_mean_diff,13,14,significant_sdc,224,107,161,63,0.28125,3.049980906436101e+27,0.033011601373021095,3.869991878705884e+28,0.016309458863638018,0.04434368742287767,0.030518771605548924,1.0021365721907397e+28,adequate
qwen25_vl_earthvqa,Qwen2.5-VL-7B,EarthVQA,abs_mean_diff,14,15,non_sdc,5540,375,5540,0,0.0,0.0218462301728945,0.021140964397578142,0.005551414143746743,0.018122791316946624,0.02460957232688088,0.021429105545285664,0.022263021455747767,adequate
qwen25_vl_earthvqa,Qwen2.5-VL-7B,EarthVQA,abs_mean_diff,14,15,non_significant_sdc,1723,315,1723,0,0.0,0.02169798980376938,0.02071365126175806,0.005518313184982935,0.01783643261284623,0.024470082613830033,0.021155367140476503,0.022267049112654678,adequate
qwen25_vl_earthvqa,Qwen2.5-VL-7B,EarthVQA,abs_mean_diff,14,15,significant_sdc,224,106,160,64,0.2857142857142857,79150576690.19559,0.03306512295927371,1001184401826.8827,0.016868204184883863,0.06950661744827366,0.03669901269639688,256704573049.19287,adequate
qwen25_vl_earthvqa,Qwen2.5-VL-7B,EarthVQA,abs_mean_diff,15,16,non_sdc,5540,375,5540,0,0.0,0.02450080189630042,0.02370444107455788,0.0061342323634793975,0.01997886557893997,0.027742580548720128,0.02404396991104738,0.02496840221947943,adequate
qwen25_vl_earthvqa,Qwen2.5-VL-7B,EarthVQA,abs_mean_diff,15,16,non_significant_sdc,1723,315,1723,0,0.0,0.024357910472025786,0.02327334419048081,0.00618924626407565,0.019891848917096066,0.027651601936668158,0.023730944138472012,0.024988931487970326,adequate
qwen25_vl_earthvqa,Qwen2.5-VL-7B,EarthVQA,abs_mean_diff,15,16,significant_sdc,224,107,160,64,0.2857142857142857,1.5742781779623167e+29,0.030732847491222223,1.8752278975039208e+30,0.023454218010574922,0.05587284905926267,77693817610.00552,5.002471752002964e+29,adequate
qwen25_vl_earthvqa,Qwen2.5-VL-7B,EarthVQA,abs_mean_diff,16,17,non_sdc,5540,375,5540,0,0.0,0.022511628345634114,0.021769390941178156,0.006270097361096767,0.018277940350760948,0.026260396853710215,0.022055033373165382,0.022972725589322045,adequate
qwen25_vl_earthvqa,Qwen2.5-VL-7B,EarthVQA,abs_mean_diff,16,17,non_significant_sdc,1723,315,1723,0,0.0,0.02292608691196324,0.02204256198644914,0.006126276190836643,0.018663278214364525,0.02693613067269325,0.022306092428031835,0.023558462657345288,adequate
qwen25_vl_earthvqa,Qwen2.5-VL-7B,EarthVQA,abs_mean_diff,16,17,significant_sdc,224,102,154,70,0.3125,4.254193138322342e+29,0.044740054129185726,3.801606191484094e+30,0.02972565075306564,0.0512321149379167,1.1307224788053665e+27,1.1279717516905106e+30,adequate
qwen25_vl_earthvqa,Qwen2.5-VL-7B,EarthVQA,abs_mean_diff,17,18,non_sdc,5540,375,5540,0,0.0,0.03021968723799959,0.029234211194843797,0.007056959436605849,0.025348906870931387,0.034602332431258584,0.029721394840775277,0.03073502908051355,adequate
qwen25_vl_earthvqa,Qwen2.5-VL-7B,EarthVQA,abs_mean_diff,17,18,non_significant_sdc,1723,315,1723,0,0.0,0.030214195987797118,0.029199379927444237,0.007199259061362987,0.02534846177038092,0.034252771484066864,0.02952916950200035,0.030920408713575844,adequate
qwen25_vl_earthvqa,Qwen2.5-VL-7B,EarthVQA,abs_mean_diff,17,18,significant_sdc,224,99,150,74,0.3303571428571429,6.704671316477547e+29,0.029420383809865617,8.21151180922217e+30,0.026850218266536968,0.043490313869017194,0.03350767541709733,2.2022643010327714e+30,adequate
qwen25_vl_earthvqa,Qwen2.5-VL-7B,EarthVQA,abs_mean_diff,18,19,non_sdc,5540,375,5540,0,0.0,0.03695666959735281,0.0361045344773992,0.009371817566418797,0.030887242985646362,0.04187301157028688,0.03625279784527988,0.037635643657740185,adequate
qwen25_vl_earthvqa,Qwen2.5-VL-7B,EarthVQA,abs_mean_diff,18,19,non_significant_sdc,1723,315,1723,0,0.0,0.0365925750873491,0.03553851308034999,0.009068978927774253,0.030855344802673372,0.04080085863824934,0.035663045995983564,0.0375623023886366,adequate
qwen25_vl_earthvqa,Qwen2.5-VL-7B,EarthVQA,abs_mean_diff,18,19,significant_sdc,224,102,151,73,0.3258928571428571,3.40696320276007e+30,0.03480941344362994,3.8978256245596707e+31,0.004758214086237155,0.04090963520001674,2.3769564683080906e+24,1.0776983228653393e+31,adequate
qwen25_vl_earthvqa,Qwen2.5-VL-7B,EarthVQA,abs_mean_diff,19,20,non_sdc,5540,375,5540,0,0.0,0.033873154651687075,0.032243552643334124,0.010566346080444562,0.026732698897831142,0.03894517427677503,0.033101059063933264,0.0346499657436313,adequate
qwen25_vl_earthvqa,Qwen2.5-VL-7B,EarthVQA,abs_mean_diff,19,20,non_significant_sdc,1723,315,1723,0,0.0,0.03379846724170481,0.0329629800322911,0.00994311019824041,0.027371678864583374,0.038871129071622185,0.032860949547693995,0.03474898754092802,adequate
qwen25_vl_earthvqa,Qwen2.5-VL-7B,EarthVQA,abs_mean_diff,19,20,significant_sdc,224,95,143,81,0.3616071428571429,1.1569883933304531e+30,0.03462841386469651,1.0049409629462466e+31,0.026185484373968025,0.04825963722153877,6.279809855097571e+27,3.131066871754343e+30,adequate
qwen25_vl_earthvqa,Qwen2.5-VL-7B,EarthVQA,abs_mean_diff,20,21,non_sdc,5540,375,5540,0,0.0,0.041308556630958546,0.03880117011269451,0.012474034327766876,0.03266662299647821,0.04761201592490954,0.0402819667112909,0.04235187520254218,adequate
qwen25_vl_earthvqa,Qwen2.5-VL-7B,EarthVQA,abs_mean_diff,20,21,non_significant_sdc,1723,315,1723,0,0.0,0.04055235566107767,0.038853701029438525,0.01189930565697521,0.032854941753404476,0.04605952869341881,0.03936092810944269,0.041742780002748475,adequate
qwen25_vl_earthvqa,Qwen2.5-VL-7B,EarthVQA,abs_mean_diff,20,21,significant_sdc,224,93,139,85,0.3794642857142857,107082733079.41501,0.02786033840051719,1262486803733.4607,0.026097631937234987,0.04610997660174256,0.03470218361176658,351602359796.1016,adequate
qwen25_vl_earthvqa,Qwen2.5-VL-7B,EarthVQA,abs_mean_diff,21,22,non_sdc,5540,375,5540,0,0.0,0.04127208211968815,0.03994827810674906,0.010487330827708224,0.03388744252240003,0.04713894708410782,0.040428542122714115,0.04209674980421641,adequate
qwen25_vl_earthvqa,Qwen2.5-VL-7B,EarthVQA,abs_mean_diff,21,22,non_significant_sdc,1723,315,1723,0,0.0,0.04148229545078255,0.04025117429689719,0.010453225935415996,0.03439606296098887,0.04771807108217707,0.04049912116187362,0.042524471925448615,adequate
qwen25_vl_earthvqa,Qwen2.5-VL-7B,EarthVQA,abs_mean_diff,21,22,significant_sdc,224,90,137,87,0.3883928571428571,1.2291101165745662e+30,0.038623733740103874,1.4091570605086573e+31,0.029493220102954274,0.060323147730407665,0.0606115088742813,4.020097776257398e+30,adequate
qwen25_vl_earthvqa,Qwen2.5-VL-7B,EarthVQA,abs_mean_diff,22,23,non_sdc,5540,375,5540,0,0.0,0.04714502629225813,0.046463221869936525,0.011193368493145874,0.03958981333730313,0.05313918848076592,0.04623179188405683,0.04809323035777538,adequate
qwen25_vl_earthvqa,Qwen2.5-VL-7B,EarthVQA,abs_mean_diff,22,23,non_significant_sdc,1723,315,1723,0,0.0,0.04735708715954528,0.04620254653747435,0.011378666177599117,0.04001249152201193,0.05401435464319557,0.04612178431862555,0.04860968346653859,adequate
qwen25_vl_earthvqa,Qwen2.5-VL-7B,EarthVQA,abs_mean_diff,22,23,significant_sdc,224,87,133,91,0.40625,0.6700510086105557,0.044408120553601875,7.205290614851779,0.005295553719814943,0.056378053331916984,0.03693180620285921,2.1406623224609307,adequate
qwen25_vl_earthvqa,Qwen2.5-VL-7B,EarthVQA,abs_mean_diff,23,24,non_sdc,5540,375,5540,0,0.0,0.04691006929104717,0.04582465072984204,0.011638074670037798,0.038934828546933004,0.05284687238113826,0.045951661964474276,0.04787602688903804,adequate
qwen25_vl_earthvqa,Qwen2.5-VL-7B,EarthVQA,abs_mean_diff,23,24,non_significant_sdc,1723,315,1723,0,0.0,0.047472015472604066,0.04640009244903922,0.011766218450467948,0.039134160899904374,0.052797493214408554,0.04618535068175783,0.04880516360663,adequate
qwen25_vl_earthvqa,Qwen2.5-VL-7B,EarthVQA,abs_mean_diff,23,24,significant_sdc,224,86,131,93,0.4151785714285714,1.8460392763404218e+28,0.036773319567807695,1.6678389382282067e+29,0.024903763199643214,0.054642697260237114,0.0579410507303227,5.365085123759007e+28,adequate
qwen25_vl_earthvqa,Qwen2.5-VL-7B,EarthVQA,abs_mean_diff,24,25,non_sdc,5540,375,5540,0,0.0,0.05730653725908776,0.05587132818261892,0.013548746288252301,0.04789490705554593,0.06461879093496298,0.05624571296312968,0.05839734567965593,adequate
qwen25_vl_earthvqa,Qwen2.5-VL-7B,EarthVQA,abs_mean_diff,24,25,non_significant_sdc,1723,315,1723,0,0.0,0.059097572495618755,0.057722235437143936,0.014566388594163778,0.04976712661541321,0.06725714250286627,0.0575474460540306,0.06071707859803919,adequate
qwen25_vl_earthvqa,Qwen2.5-VL-7B,EarthVQA,abs_mean_diff,24,25,significant_sdc,224,84,128,96,0.4285714285714286,7.937592257072506,0.05140437332472654,89.04799535673898,0.04023026196495155,0.0720840713352357,0.06064890455544436,26.80497774729938,adequate
qwen25_vl_earthvqa,Qwen2.5-VL-7B,EarthVQA,abs_mean_diff,25,26,non_sdc,5540,375,5540,0,0.0,0.0633299789931238,0.06174635201202411,0.017421568368252177,0.05084490942218425,0.07318636992212907,0.06193833651069049,0.06476116307752967,adequate
qwen25_vl_earthvqa,Qwen2.5-VL-7B,EarthVQA,abs_mean_diff,25,26,non_significant_sdc,1723,315,1723,0,0.0,0.06415459539420311,0.06296398279328759,0.017974845710189098,0.05159379009420824,0.07574363426559744,0.06215088256855166,0.06619698408169342,adequate
qwen25_vl_earthvqa,Qwen2.5-VL-7B,EarthVQA,abs_mean_diff,25,26,significant_sdc,224,85,127,97,0.4330357142857143,2.3506553994234937e+29,0.13944185496669034,2.6490540999921677e+30,0.08438569986041114,0.1567329118902586,1.1567726913534222,7.787823540698705e+29,adequate
qwen25_vl_earthvqa,Qwen2.5-VL-7B,EarthVQA,abs_mean_diff,26,27,non_sdc,5540,375,5540,0,0.0,0.08497223120427709,0.08102272196926855,0.024991225455832874,0.0678031492659593,0.09711061875251206,0.08306839264814125,0.08698579382950639,adequate
qwen25_vl_earthvqa,Qwen2.5-VL-7B,EarthVQA,abs_mean_diff,26,27,non_significant_sdc,1723,315,1723,0,0.0,0.08619143525736804,0.08380446812281242,0.02549236010339599,0.07108316616051727,0.0964428367852061,0.0836094115645475,0.08882914564258239,adequate
qwen25_vl_earthvqa,Qwen2.5-VL-7B,EarthVQA,abs_mean_diff,26,27,significant_sdc,224,83,123,101,0.4508928571428571,123978273410.74113,0.284275230096311,1016739173070.1388,0.12900892210608833,0.32634346232730516,81051.63777521618,346527840412.3361,adequate
qwen25_vl_earthvqa,Qwen2.5-VL-7B,EarthVQA,abs_std_diff,0,1,non_sdc,5540,375,5540,0,0.0,0.07249266694635206,0.07273119655640228,0.006491724774609118,0.067605226735274,0.07728796815943151,0.0720479923943627,0.07293578616581298,adequate
qwen25_vl_earthvqa,Qwen2.5-VL-7B,EarthVQA,abs_std_diff,0,1,non_significant_sdc,1723,315,1723,0,0.0,0.07139384339583144,0.07149009276991306,0.006642010580979447,0.0669420126249038,0.0756952737768491,0.07069560801533886,0.0720823651282889,adequate
qwen25_vl_earthvqa,Qwen2.5-VL-7B,EarthVQA,abs_std_diff,0,1,significant_sdc,224,122,184,40,0.1785714285714286,5.375718780454039e+29,0.02130037135615641,5.09478301183345e+30,0.01912278408298687,0.06246280295049979,19169363199.96725,1.696912220963791e+30,adequate
qwen25_vl_earthvqa,Qwen2.5-VL-7B,EarthVQA,abs_std_diff,1,2,non_sdc,5540,375,5540,0,0.0,0.03049788897216273,0.030553273856639862,0.003744015865679615,0.027919347882270813,0.032902483779348825,0.030212102500770943,0.030788587039644044,adequate
qwen25_vl_earthvqa,Qwen2.5-VL-7B,EarthVQA,abs_std_diff,1,2,non_significant_sdc,1723,315,1723,0,0.0,0.030441937272506648,0.0304095889441669,0.003524550363892384,0.028215700706753593,0.03286197629791719,0.030075082866656302,0.030801788208500047,adequate
qwen25_vl_earthvqa,Qwen2.5-VL-7B,EarthVQA,abs_std_diff,1,2,significant_sdc,224,121,181,43,0.1919642857142857,3.335924641663336e+29,0.009768710756788448,4.488027597830759e+30,0.009327744799000877,0.026665458417668635,0.01563179821356083,1.0718385091261487e+30,adequate
qwen25_vl_earthvqa,Qwen2.5-VL-7B,EarthVQA,abs_std_diff,2,3,non_sdc,5540,375,5540,0,0.0,0.02510600616487875,0.024278898679074786,0.004734093418977767,0.021999183716252445,0.0274352440610528,0.024770457725996398,0.02545184022859771,adequate
qwen25_vl_earthvqa,Qwen2.5-VL-7B,EarthVQA,abs_std_diff,2,3,non_significant_sdc,1723,315,1723,0,0.0,0.025281521137639033,0.02450403819481532,0.004287214847438162,0.022228115831670732,0.02791785712664326,0.02484457666796193,0.025719889099802322,adequate
qwen25_vl_earthvqa,Qwen2.5-VL-7B,EarthVQA,abs_std_diff,2,3,significant_sdc,224,121,183,41,0.1830357142857143,1.1088485315955374e+30,0.04754819097567578,1.2435926128565056e+31,0.029086120865918073,0.049087753861534356,0.04196797693170047,3.1706236640821166e+30,adequate
qwen25_vl_earthvqa,Qwen2.5-VL-7B,EarthVQA,abs_std_diff,3,4,non_sdc,5540,375,5540,0,0.0,0.045435308865374426,0.0448359445385311,0.007365693057484284,0.04009674054880937,0.050302595577456734,0.04483343090384849,0.04605763922078025,adequate
qwen25_vl_earthvqa,Qwen2.5-VL-7B,EarthVQA,abs_std_diff,3,4,non_significant_sdc,1723,315,1723,0,0.0,0.04536443618326277,0.04542121011763811,0.008520297887114676,0.039518184341520435,0.05021475237463751,0.044525903375685794,0.04619139881760443,adequate
qwen25_vl_earthvqa,Qwen2.5-VL-7B,EarthVQA,abs_std_diff,3,4,significant_sdc,224,119,179,45,0.2008928571428571,7.836709320035014e+30,0.027157256037605052,9.714563865048946e+31,0.025740937538901155,0.047267222640795165,9.769869014133085e+28,2.3986905438363134e+31,adequate
qwen25_vl_earthvqa,Qwen2.5-VL-7B,EarthVQA,abs_std_diff,4,5,non_sdc,5540,375,5540,0,0.0,0.04177807907009121,0.04105234632025594,0.006606094262097417,0.03720824195382496,0.0456690701842308,0.04129348816275373,0.04227308681661978,adequate
qwen25_vl_earthvqa,Qwen2.5-VL-7B,EarthVQA,abs_std_diff,4,5,non_significant_sdc,1723,315,1723,0,0.0,0.04175618486244708,0.04094195365905762,0.007141833961663338,0.03737507134514011,0.045724458668542946,0.04112708254060183,0.04238332943607002,adequate
qwen25_vl_earthvqa,Qwen2.5-VL-7B,EarthVQA,abs_std_diff,4,5,significant_sdc,224,116,175,49,0.21875,3.563569308063982e+30,0.04823615113083197,4.621307302805123e+31,0.04190469695174176,0.05025694215176057,0.045806281554929315,1.146178417277037e+31,adequate
qwen25_vl_earthvqa,Qwen2.5-VL-7B,EarthVQA,abs_std_diff,5,6,non_sdc,5540,375,5540,0,0.0,0.026798408707768777,0.02543984178234549,0.006301145595330718,0.022424460965253058,0.029621835211636843,0.026318289840714795,0.027294294829764622,adequate
qwen25_vl_earthvqa,Qwen2.5-VL-7B,EarthVQA,abs_std_diff,5,6,non_significant_sdc,1723,315,1723,0,0.0,0.026939401400653512,0.02590544947556087,0.012345272699100551,0.022874033538734212,0.029105990786444057,0.026211605709058127,0.02777095306252176,adequate
qwen25_vl_earthvqa,Qwen2.5-VL-7B,EarthVQA,abs_std_diff,5,6,significant_sdc,224,117,179,45,0.2008928571428571,5.533241500295389e+30,0.03800633914616643,6.855405397750129e+31,0.03133889030821213,0.04008914743150983,0.03732285509712072,1.7275832522325931e+31,adequate
qwen25_vl_earthvqa,Qwen2.5-VL-7B,EarthVQA,abs_std_diff,6,7,non_sdc,5540,375,5540,0,0.0,0.026463415283843383,0.026368120137382958,0.0048698302817155705,0.023237453791527793,0.029727902677324083,0.026144117860495076,0.02677293048615777,adequate
qwen25_vl_earthvqa,Qwen2.5-VL-7B,EarthVQA,abs_std_diff,6,7,non_significant_sdc,1723,315,1723,0,0.0,0.02711491758602457,0.027080304548144342,0.008463812776796035,0.023725329898297787,0.03013168743388219,0.02656183011411537,0.027718858075294478,adequate
qwen25_vl_earthvqa,Qwen2.5-VL-7B,EarthVQA,abs_std_diff,6,7,significant_sdc,224,118,178,46,0.2053571428571429,4.971627020609069e+28,0.03106004212583814,6.63297775610995e+29,0.02827813864058378,0.03311574968452356,0.034621247917458575,1.6387955734600262e+29,adequate
qwen25_vl_earthvqa,Qwen2.5-VL-7B,EarthVQA,abs_std_diff,7,8,non_sdc,5540,375,5540,0,0.0,0.034584340910854154,0.032866853040567835,0.008667802520398626,0.028492427136732904,0.039595264527532786,0.034009552474011474,0.03516668704621879,adequate
qwen25_vl_earthvqa,Qwen2.5-VL-7B,EarthVQA,abs_std_diff,7,8,non_significant_sdc,1723,315,1723,0,0.0,0.03360636797520067,0.031852384408315025,0.009285424270749828,0.0275880114071899,0.03844220297677176,0.032725182366805244,0.03453265823678317,adequate
qwen25_vl_earthvqa,Qwen2.5-VL-7B,EarthVQA,abs_std_diff,7,8,significant_sdc,224,116,176,48,0.2142857142857143,2.5853883630630747e+29,0.09305877573027903,3.265409055140947e+30,0.043096715499731625,0.0960567203179306,0.08750870745482986,8.125825705410937e+29,adequate
qwen25_vl_earthvqa,Qwen2.5-VL-7B,EarthVQA,abs_std_diff,8,9,non_sdc,5540,375,5540,0,0.0,0.03372571325446626,0.03323018432095431,0.0076050377737222966,0.028321292251348495,0.03835479244589805,0.03313707244509369,0.03431579562014595,adequate
qwen25_vl_earthvqa,Qwen2.5-VL-7B,EarthVQA,abs_std_diff,8,9,non_significant_sdc,1723,315,1723,0,0.0,0.034640927078092534,0.03379850157282569,0.007695284873862725,0.02967927304350517,0.03893395599529699,0.03389552762463977,0.0353904047320824,adequate
qwen25_vl_earthvqa,Qwen2.5-VL-7B,EarthVQA,abs_std_diff,8,9,significant_sdc,224,113,170,54,0.2410714285714286,1.1318956075711758e+31,0.08621913209861638,9.578984316544211e+31,0.045887510835503534,0.09287051202691332,2.270261659029783e+29,2.806327171774603e+31,adequate
qwen25_vl_earthvqa,Qwen2.5-VL-7B,EarthVQA,abs_std_diff,9,10,non_sdc,5540,375,5540,0,0.0,0.03710208777482886,0.03688780342539152,0.007395020322653625,0.032504048684368965,0.04169501663082176,0.03650587654347933,0.03769264951783214,adequate
qwen25_vl_earthvqa,Qwen2.5-VL-7B,EarthVQA,abs_std_diff,9,10,non_significant_sdc,1723,315,1723,0,0.0,0.036751959611136344,0.03636856487503758,0.007601240643737542,0.03194852806807716,0.04183707809026696,0.03592862081730979,0.037564814302304496,adequate
qwen25_vl_earthvqa,Qwen2.5-VL-7B,EarthVQA,abs_std_diff,9,10,significant_sdc,224,113,167,57,0.2544642857142857,4.456869888008381e+28,0.03495273085273042,5.178902162851285e+29,0.03344179188110391,0.04105714636464273,0.04784111504578295,1.3630591238312992e+29,adequate
qwen25_vl_earthvqa,Qwen2.5-VL-7B,EarthVQA,abs_std_diff,10,11,non_sdc,5540,375,5540,0,0.0,0.029231855268659634,0.028767015623009724,0.005199914969502451,0.02560218735157376,0.03229374297631857,0.028809560195421757,0.02965058510108105,adequate
qwen25_vl_earthvqa,Qwen2.5-VL-7B,EarthVQA,abs_std_diff,10,11,non_significant_sdc,1723,315,1723,0,0.0,0.029191536595267624,0.028969109886222415,0.00544135998121849,0.025583020602323994,0.03198256565659654,0.028705901396951866,0.029687274162067387,adequate
qwen25_vl_earthvqa,Qwen2.5-VL-7B,EarthVQA,abs_std_diff,10,11,significant_sdc,224,111,166,58,0.2589285714285714,2.719200348858626e+29,0.15604526686425113,3.50315192521153e+30,0.03877588215151004,0.1596213364023335,0.11964827806037473,8.849995650689984e+29,adequate
qwen25_vl_earthvqa,Qwen2.5-VL-7B,EarthVQA,abs_std_diff,11,12,non_sdc,5540,375,5540,0,0.0,0.028847881050879143,0.028446198187091133,0.006535269293458333,0.02431831032467576,0.0332044642418623,0.02834768182914517,0.029356820040836812,adequate
qwen25_vl_earthvqa,Qwen2.5-VL-7B,EarthVQA,abs_std_diff,11,12,non_significant_sdc,1723,315,1723,0,0.0,0.029683238733488854,0.029659956693649292,0.006844260277801029,0.02511687809601426,0.03376561464233832,0.029014222194872003,0.03037541349606133,adequate
qwen25_vl_earthvqa,Qwen2.5-VL-7B,EarthVQA,abs_std_diff,11,12,significant_sdc,224,112,166,58,0.2589285714285714,1.921325574724298e+32,0.053476287850311825,2.4494961927581825e+33,0.03803148306906223,0.0557822055962621,3.8828181385585016e+28,6.229428969334471e+32,adequate
qwen25_vl_earthvqa,Qwen2.5-VL-7B,EarthVQA,abs_std_diff,12,13,non_sdc,5540,375,5540,0,0.0,0.029261620966358943,0.028419190705901355,0.007608414237188106,0.023464934098369937,0.03399565815925598,0.028739554095261705,0.02979955306755909,adequate
qwen25_vl_earthvqa,Qwen2.5-VL-7B,EarthVQA,abs_std_diff,12,13,non_significant_sdc,1723,315,1723,0,0.0,0.030314865320924603,0.02944230600710838,0.009198321566746472,0.0248729606943303,0.03459004237360898,0.02954255164596265,0.03112789539577465,adequate
qwen25_vl_earthvqa,Qwen2.5-VL-7B,EarthVQA,abs_std_diff,12,13,significant_sdc,224,107,160,64,0.2857142857142857,2.7713407440004268e+28,0.10518659468816252,3.504176361825119e+29,0.049073952017351985,0.11074858067595228,0.10616255644345528,8.984760002362597e+28,adequate
qwen25_vl_earthvqa,Qwen2.5-VL-7B,EarthVQA,abs_std_diff,13,14,non_sdc,5540,375,5540,0,0.0,0.02965999515245839,0.02931226439335767,0.006431089292157026,0.025020526256412268,0.0339158856394616,0.029192496213807508,0.030152895817482053,adequate
qwen25_vl_earthvqa,Qwen2.5-VL-7B,EarthVQA,abs_std_diff,13,14,non_significant_sdc,1723,315,1723,0,0.0,0.03068598264332138,0.030285154283046723,0.008407504558238283,0.026077238808978685,0.035096466600188156,0.029931492072512247,0.03147295709308206,adequate
qwen25_vl_earthvqa,Qwen2.5-VL-7B,EarthVQA,abs_std_diff,13,14,significant_sdc,224,107,161,63,0.28125,1.3184805941897783e+28,0.05088238205228533,1.6729642599092644e+29,0.0442395464827617,0.09943684327359102,0.07011195171895969,4.362574821761751e+28,adequate
qwen25_vl_earthvqa,Qwen2.5-VL-7B,EarthVQA,abs_std_diff,14,15,non_sdc,5540,375,5540,0,0.0,0.03147079468699009,0.029770542274821888,0.009552728244460792,0.024996663028953457,0.036047040810140124,0.030757753974935877,0.03221147647252468,adequate
qwen25_vl_earthvqa,Qwen2.5-VL-7B,EarthVQA,abs_std_diff,14,15,non_significant_sdc,1723,315,1723,0,0.0,0.032491689210806515,0.031176402612968727,0.010151855050405164,0.025763046708371904,0.03793608787513915,0.03149254523433505,0.033483816581474084,adequate
qwen25_vl_earthvqa,Qwen2.5-VL-7B,EarthVQA,abs_std_diff,14,15,significant_sdc,224,106,160,64,0.2857142857142857,913688517694.7836,0.031632853519855716,11557347151433.145,0.02845669013200974,0.1379785205484653,0.07902501617710674,2943923297625.8623,adequate
qwen25_vl_earthvqa,Qwen2.5-VL-7B,EarthVQA,abs_std_diff,15,16,non_sdc,5540,375,5540,0,0.0,0.03630338105136054,0.035421953349105785,0.009296578156226103,0.03023004693829495,0.04115158811161414,0.03564128265971394,0.03697942438472435,adequate
qwen25_vl_earthvqa,Qwen2.5-VL-7B,EarthVQA,abs_std_diff,15,16,non_significant_sdc,1723,315,1723,0,0.0,0.036505167406112864,0.0352341389214551,0.009599688631910642,0.030467329501060018,0.04116418982545535,0.035601444386450395,0.0374165694223852,adequate
qwen25_vl_earthvqa,Qwen2.5-VL-7B,EarthVQA,abs_std_diff,15,16,significant_sdc,224,107,160,64,0.2857142857142857,2.034575497604045e+30,0.07778259914140312,2.298337500517111e+31,0.05108703640492066,0.23729441147677754,913688517694.8005,6.142398643686385e+30,adequate
qwen25_vl_earthvqa,Qwen2.5-VL-7B,EarthVQA,abs_std_diff,16,17,non_sdc,5540,375,5540,0,0.0,0.03647573676354204,0.03592457820277114,0.007825239887492773,0.03098863804181993,0.04134999418800527,0.03590872180522906,0.03706535926482627,adequate
qwen25_vl_earthvqa,Qwen2.5-VL-7B,EarthVQA,abs_std_diff,16,17,non_significant_sdc,1723,315,1723,0,0.0,0.036838429251160265,0.035596552140572495,0.00992161043761674,0.031071637012064456,0.040503536661465965,0.036036671586748566,0.037694778272250117,adequate
qwen25_vl_earthvqa,Qwen2.5-VL-7B,EarthVQA,abs_std_diff,16,17,significant_sdc,224,102,154,70,0.3125,1.5434215299629133e+31,0.06045799307069,1.8197735849768184e+32,0.049143242992852866,0.2730298097036323,4.9363346611205864e+27,4.820057196410277e+31,adequate
qwen25_vl_earthvqa,Qwen2.5-VL-7B,EarthVQA,abs_std_diff,17,18,non_sdc,5540,375,5540,0,0.0,0.051173522326846396,0.04844274304129861,0.013721734237739546,0.04096007496118545,0.05948154014699599,0.0503147722112869,0.0520404589423536,adequate
qwen25_vl_earthvqa,Qwen2.5-VL-7B,EarthVQA,abs_std_diff,17,18,non_significant_sdc,1723,315,1723,0,0.0,0.05165565140741923,0.04929520010948181,0.014110275241098934,0.04184586554765701,0.05917028523981571,0.05035331086180487,0.05299241251957138,adequate
qwen25_vl_earthvqa,Qwen2.5-VL-7B,EarthVQA,abs_std_diff,17,18,significant_sdc,224,99,150,74,0.3303571428571429,2.760307032576206e+30,0.09508071931041018,3.380671881613844e+31,0.059786342423070564,0.28970726199296054,0.12854916042197756,8.936245788915775e+30,adequate
qwen25_vl_earthvqa,Qwen2.5-VL-7B,EarthVQA,abs_std_diff,18,19,non_sdc,5540,375,5540,0,0.0,0.05450996271130386,0.05258119016885758,0.01748956806930716,0.04274121175209681,0.06451384767535187,0.053251509484366875,0.05579449324499497,adequate
qwen25_vl_earthvqa,Qwen2.5-VL-7B,EarthVQA,abs_std_diff,18,19,non_significant_sdc,1723,315,1723,0,0.0,0.056555831175307776,0.05430493876338005,0.017381970176656457,0.04494463221997208,0.06625018775463104,0.05494613508331165,0.05825542238313321,adequate
qwen25_vl_earthvqa,Qwen2.5-VL-7B,EarthVQA,abs_std_diff,18,19,significant_sdc,224,102,151,73,0.3258928571428571,1.2324563020573836e+31,0.17791123779452578,1.2918363723899009e+32,0.07380257308419101,0.20190869575860548,3.181493922853434e+25,3.697859332805936e+31,adequate
qwen25_vl_earthvqa,Qwen2.5-VL-7B,EarthVQA,abs_std_diff,19,20,non_sdc,5540,375,5540,0,0.0,0.05241649899974546,0.05152717747149013,0.01453190799595899,0.04088598282489561,0.0624578837995176,0.051356710734022495,0.05348068493328983,adequate
qwen25_vl_earthvqa,Qwen2.5-VL-7B,EarthVQA,abs_std_diff,19,20,non_significant_sdc,1723,315,1723,0,0.0,0.05320309346902946,0.052696984675195485,0.014886025686344975,0.04315973902449888,0.062401574153404735,0.051714504324654985,0.0547142333094073,adequate
qwen25_vl_earthvqa,Qwen2.5-VL-7B,EarthVQA,abs_std_diff,19,20,significant_sdc,224,95,143,81,0.3616071428571429,8.448378898231282e+30,0.09993120723841142,6.190963116891065e+31,0.060459598898887634,0.1234856463309859,9.264898891673254e+28,2.0464761300916856e+31,adequate
qwen25_vl_earthvqa,Qwen2.5-VL-7B,EarthVQA,abs_std_diff,20,21,non_sdc,5540,375,5540,0,0.0,0.08413103360484332,0.08212679220097405,0.02370452826010429,0.06767295286022033,0.09780608232204731,0.082215702179955,0.0860448695372132,adequate
qwen25_vl_earthvqa,Qwen2.5-VL-7B,EarthVQA,abs_std_diff,20,21,non_significant_sdc,1723,315,1723,0,0.0,0.08161246676612907,0.07838689908385277,0.023524213098655843,0.06407675453358226,0.09729554779254473,0.07894925533861533,0.08432205011670987,adequate
qwen25_vl_earthvqa,Qwen2.5-VL-7B,EarthVQA,abs_std_diff,20,21,significant_sdc,224,93,139,85,0.3794642857142857,939877383747.1929,0.24598543041822862,11080990930895.484,0.11080196286950793,0.2755746446093734,0.204030718371225,3110546579543.788,adequate
qwen25_vl_earthvqa,Qwen2.5-VL-7B,EarthVQA,abs_std_diff,21,22,non_sdc,5540,375,5540,0,0.0,0.07386033779760678,0.07138431616941421,0.022331049898609096,0.05754115872131371,0.08691923017279382,0.07205733286933719,0.075753196906157,adequate
qwen25_vl_earthvqa,Qwen2.5-VL-7B,EarthVQA,abs_std_diff,21,22,non_significant_sdc,1723,315,1723,0,0.0,0.07297662371714908,0.070381059366114,0.02211056940044673,0.05758542519281892,0.08519219369800002,0.07060292549691959,0.07535228985371102,adequate
qwen25_vl_earthvqa,Qwen2.5-VL-7B,EarthVQA,abs_std_diff,21,22,significant_sdc,224,90,137,87,0.3883928571428571,1.51329753587494e+31,0.2193320804104513,1.7573858381732007e+32,0.10859329501787822,0.26859601054872784,0.23054484220129012,4.949056348954336e+31,adequate
qwen25_vl_earthvqa,Qwen2.5-VL-7B,EarthVQA,abs_std_diff,22,23,non_sdc,5540,375,5540,0,0.0,0.09435346988289858,0.09075518983199185,0.0252597174088625,0.07650521014315578,0.10959498987610179,0.09227912238020333,0.09639697828053077,adequate
qwen25_vl_earthvqa,Qwen2.5-VL-7B,EarthVQA,abs_std_diff,22,23,non_significant_sdc,1723,315,1723,0,0.0,0.09619577243663587,0.09385158866643906,0.026526372593696095,0.07749071809044783,0.11145041125390666,0.09298291121419265,0.09953650608320555,adequate
qwen25_vl_earthvqa,Qwen2.5-VL-7B,EarthVQA,abs_std_diff,22,23,significant_sdc,224,87,133,91,0.40625,13.076187026848533,0.09509115169445674,149.46009931964804,0.034019471431265075,0.14793025669844254,0.10046525012258026,42.86171868851383,adequate
qwen25_vl_earthvqa,Qwen2.5-VL-7B,EarthVQA,abs_std_diff,23,24,non_sdc,5540,375,5540,0,0.0,0.0918226509943299,0.08846194395627924,0.029133171485369164,0.07364084177157458,0.10728892125189304,0.08962963742056704,0.09427833451164559,adequate
qwen25_vl_earthvqa,Qwen2.5-VL-7B,EarthVQA,abs_std_diff,23,24,non_significant_sdc,1723,315,1723,0,0.0,0.09330644278514415,0.09156085894658016,0.024421516325653845,0.07632517956552051,0.10839233174920082,0.09081039622503057,0.0958691710706557,adequate
qwen25_vl_earthvqa,Qwen2.5-VL-7B,EarthVQA,abs_std_diff,23,24,significant_sdc,224,86,131,93,0.4151785714285714,5.863298383214375e+30,0.15739962945179065,6.616299483488162e+31,0.11880507124097724,0.16964753914852532,0.18926342577871974,1.9181883885274003e+31,adequate
qwen25_vl_earthvqa,Qwen2.5-VL-7B,EarthVQA,abs_std_diff,24,25,non_sdc,5540,375,5540,0,0.0,0.11189546527255481,0.10526131235417865,0.036998286783753435,0.08590495317346519,0.1330014026977799,0.10875707279058354,0.11503709726688285,adequate
qwen25_vl_earthvqa,Qwen2.5-VL-7B,EarthVQA,abs_std_diff,24,25,non_significant_sdc,1723,315,1723,0,0.0,0.11043334223414918,0.10443883217298068,0.03488383209689079,0.08725963564764741,0.12860867525884498,0.1067743460226105,0.11437591817402384,adequate
qwen25_vl_earthvqa,Qwen2.5-VL-7B,EarthVQA,abs_std_diff,24,25,significant_sdc,224,84,128,96,0.4285714285714286,66.88135819272497,0.09839877911976405,755.1990160566701,0.0240030118397304,0.15309244391537774,0.10316225502757662,221.11223998179125,adequate
qwen25_vl_earthvqa,Qwen2.5-VL-7B,EarthVQA,abs_std_diff,25,26,non_sdc,5540,375,5540,0,0.0,0.11165282503516838,0.10430177330970763,0.03947802182107741,0.08314977809786797,0.13282740459992337,0.1085394217652813,0.11485391139482574,adequate
qwen25_vl_earthvqa,Qwen2.5-VL-7B,EarthVQA,abs_std_diff,25,26,non_significant_sdc,1723,315,1723,0,0.0,0.11143422504905652,0.10425782981126205,0.038319418819412455,0.08420967126821544,0.13001517170345,0.1077004725220364,0.11538079869522742,adequate
qwen25_vl_earthvqa,Qwen2.5-VL-7B,EarthVQA,abs_std_diff,25,26,significant_sdc,224,85,127,97,0.4330357142857143,3.772628225959643e+30,0.0945391499477884,4.251536091668562e+31,0.04317309114397788,0.16255598875130117,29.265649126572,1.2183715972218943e+31,adequate
qwen25_vl_earthvqa,Qwen2.5-VL-7B,EarthVQA,abs_std_diff,26,27,non_sdc,5540,375,5540,0,0.0,0.1950925976591844,0.18431031554937363,0.06289908143130513,0.15200504750916452,0.22831998668587983,0.1903474879952685,0.19998178199134667,adequate
qwen25_vl_earthvqa,Qwen2.5-VL-7B,EarthVQA,abs_std_diff,26,27,non_significant_sdc,1723,315,1723,0,0.0,0.2075975977251939,0.19792485237121582,0.0740177057964004,0.1577631406430845,0.23843804597854615,0.2001215311026615,0.21558320488836352,adequate
qwen25_vl_earthvqa,Qwen2.5-VL-7B,EarthVQA,abs_std_diff,26,27,significant_sdc,224,83,123,101,0.4508928571428571,2603477280443.522,0.272712069173013,22269654156955.855,0.19236741304802368,0.37488734965421716,1433269.1753502316,7517041866580.125,adequate
qwen25_vl_earthvqa,Qwen2.5-VL-7B,EarthVQA,l2_distance,0,1,non_sdc,5540,375,5540,0,0.0,0.8590827144493771,0.8551075552639208,0.06220018352826338,0.8189976001700396,0.8931582847737377,0.8542878246646319,0.8639483779659203,adequate
qwen25_vl_earthvqa,Qwen2.5-VL-7B,EarthVQA,l2_distance,0,1,non_significant_sdc,1723,315,1723,0,0.0,0.8614696895434976,0.8517612947358025,0.06452531502238974,0.8217213442248683,0.8953522031123822,0.8552432224572676,0.8675227586691157,adequate
qwen25_vl_earthvqa,Qwen2.5-VL-7B,EarthVQA,l2_distance,0,1,significant_sdc,224,121,180,44,0.1964285714285714,156138154831.4727,1.481499573405908,2094813168489.316,1.4303222128323145,1.4920638182333539,1.2933007561544085,490201183770.41925,adequate
qwen25_vl_earthvqa,Qwen2.5-VL-7B,EarthVQA,l2_distance,1,2,non_sdc,5540,375,5540,0,0.0,0.6203982431146706,0.6261306136846543,0.06535571075806942,0.5683218677612868,0.6695545346421354,0.6162000125098177,0.624577281637765,adequate
qwen25_vl_earthvqa,Qwen2.5-VL-7B,EarthVQA,l2_distance,1,2,non_significant_sdc,1723,315,1723,0,0.0,0.6333160364417056,0.6357460859276,0.06937921309305281,0.5879087392613291,0.6748208091111486,0.6271439098694992,0.6394322593325097,adequate
qwen25_vl_earthvqa,Qwen2.5-VL-7B,EarthVQA,l2_distance,1,2,significant_sdc,224,121,180,44,0.1964285714285714,1.5263692436004532,1.801060787877258,0.4761844630543009,1.3150372964387036,1.8140251152977651,1.4140043392518227,1.6413046927843205,adequate
qwen25_vl_earthvqa,Qwen2.5-VL-7B,EarthVQA,l2_distance,2,3,non_sdc,5540,375,5540,0,0.0,0.7802162245839733,0.7748221521284067,0.08400518848651557,0.7170351633319149,0.8316354749437709,0.7738750131827885,0.7866300692895611,adequate
qwen25_vl_earthvqa,Qwen2.5-VL-7B,EarthVQA,l2_distance,2,3,non_significant_sdc,1723,315,1723,0,0.0,0.7983680143312799,0.7924847225348155,0.08227806258252696,0.7410888940095901,0.8491761538652554,0.790803802976034,0.8063035944794519,adequate
qwen25_vl_earthvqa,Qwen2.5-VL-7B,EarthVQA,l2_distance,2,3,significant_sdc,224,120,180,44,0.1964285714285714,1.7588862344788834,2.021785976935406,0.49865761566298705,1.5666228104002622,2.033073369945799,1.6420034068230858,1.8812047987108393,adequate
qwen25_vl_earthvqa,Qwen2.5-VL-7B,EarthVQA,l2_distance,3,4,non_sdc,5540,375,5540,0,0.0,0.8201985427072944,0.8219012953341007,0.08461050024404178,0.7583023333655936,0.8777157054060981,0.8135621719832733,0.8267542857224137,adequate
qwen25_vl_earthvqa,Qwen2.5-VL-7B,EarthVQA,l2_distance,3,4,non_significant_sdc,1723,315,1723,0,0.0,0.8324999086998368,0.8349718494074685,0.09873109283296061,0.7663714581775287,0.8849914503682936,0.8232873162174064,0.8414233108560146,adequate
qwen25_vl_earthvqa,Qwen2.5-VL-7B,EarthVQA,l2_distance,3,4,significant_sdc,224,116,173,51,0.2276785714285714,1.6268371589979946,1.8516654992590145,0.4418879392334397,1.3922656084361829,1.8654459447276837,1.5207462790503303,1.738666588778672,adequate
qwen25_vl_earthvqa,Qwen2.5-VL-7B,EarthVQA,l2_distance,4,5,non_sdc,5540,375,5540,0,0.0,0.820724109967285,0.8126419077532878,0.07176100902680582,0.7738995468616485,0.8634677489598592,0.8155640055645808,0.8259260962908341,adequate
qwen25_vl_earthvqa,Qwen2.5-VL-7B,EarthVQA,l2_distance,4,5,non_significant_sdc,1723,315,1723,0,0.0,0.8318316032598971,0.8193918353035337,0.12180822697520197,0.781162511308988,0.8668824686741171,0.824028695441171,0.840139009145644,adequate
qwen25_vl_earthvqa,Qwen2.5-VL-7B,EarthVQA,l2_distance,4,5,significant_sdc,224,114,173,51,0.2276785714285714,1.6211624185113302,1.8523411544001833,0.4623000227830777,1.3816139771013844,1.865795086841194,1.5143786232291985,1.7337699259105868,adequate
qwen25_vl_earthvqa,Qwen2.5-VL-7B,EarthVQA,l2_distance,5,6,non_sdc,5540,375,5540,0,0.0,0.9346121928613133,0.9250227200488249,0.1018227677609952,0.8634882283533787,0.9991702073702106,0.9268767445632389,0.9423051321600754,adequate
qwen25_vl_earthvqa,Qwen2.5-VL-7B,EarthVQA,l2_distance,5,6,non_significant_sdc,1723,315,1723,0,0.0,0.957165003448474,0.9378920586212821,0.19638363824800034,0.8817840185604597,1.013535572886467,0.9453838241540472,0.9707975476076123,adequate
qwen25_vl_earthvqa,Qwen2.5-VL-7B,EarthVQA,l2_distance,5,6,significant_sdc,224,116,177,47,0.2098214285714286,2.5805048772571686,3.130994658080899,0.9149650444838872,2.003047677935386,3.1545833689825877,2.3611332455666245,2.8085229976005537,adequate
qwen25_vl_earthvqa,Qwen2.5-VL-7B,EarthVQA,l2_distance,6,7,non_sdc,5540,375,5540,0,0.0,0.9703669813364089,0.9577595293521881,0.12710251857740698,0.8716066541040646,1.0543815555175147,0.9613841708044694,0.9793150068159638,adequate
qwen25_vl_earthvqa,Qwen2.5-VL-7B,EarthVQA,l2_distance,6,7,non_significant_sdc,1723,315,1723,0,0.0,0.9959283685282146,0.9913218092918396,0.19853257695498996,0.9062946049703493,1.0669723694974727,0.9821074341482033,1.0108564312298751,adequate
qwen25_vl_earthvqa,Qwen2.5-VL-7B,EarthVQA,l2_distance,6,7,significant_sdc,224,117,177,47,0.2098214285714286,1.7377630783723566,1.935676713379062,0.48326457219742264,1.416741400348897,1.9648634949508978,1.6398276544009935,1.843927073009763,adequate
qwen25_vl_earthvqa,Qwen2.5-VL-7B,EarthVQA,l2_distance,7,8,non_sdc,5540,375,5540,0,0.0,1.0699092200971716,1.0504855718058737,0.1264830054175815,0.9796448908746243,1.1420154363299027,1.0606387567511213,1.0794942142334503,adequate
qwen25_vl_earthvqa,Qwen2.5-VL-7B,EarthVQA,l2_distance,7,8,non_significant_sdc,1723,315,1723,0,0.0,1.0883818206491938,1.0758895564079285,0.14613888619398935,1.0015761779219496,1.154746642967929,1.0757818311173275,1.1013544145293532,adequate
qwen25_vl_earthvqa,Qwen2.5-VL-7B,EarthVQA,l2_distance,7,8,significant_sdc,224,114,173,51,0.2276785714285714,2.3890481407991144,2.935027051945122,0.7765378827751527,1.7087544884000505,2.966575656618391,2.2176324544898494,2.5674030210233134,adequate
qwen25_vl_earthvqa,Qwen2.5-VL-7B,EarthVQA,l2_distance,8,9,non_sdc,5540,375,5540,0,0.0,1.1727834868780995,1.16185588155474,0.13349415719734634,1.0707318815920088,1.2538580067380511,1.1629037757172744,1.1830610284867757,adequate
qwen25_vl_earthvqa,Qwen2.5-VL-7B,EarthVQA,l2_distance,8,9,non_significant_sdc,1723,315,1723,0,0.0,1.1966022489929031,1.1858825554018435,0.1513750512418591,1.1059202367196912,1.2701175510883331,1.1821287913465823,1.2115543327232117,adequate
qwen25_vl_earthvqa,Qwen2.5-VL-7B,EarthVQA,l2_distance,8,9,significant_sdc,224,111,166,58,0.2589285714285714,2.3186011630664565,2.6601104626850205,0.6719304215520844,1.635920830425762,2.6897188856893655,2.1655342012768215,2.48154843134717,adequate
qwen25_vl_earthvqa,Qwen2.5-VL-7B,EarthVQA,l2_distance,9,10,non_sdc,5540,375,5540,0,0.0,1.0837725870503905,1.0751254573464393,0.11388864373360741,1.0113577372149418,1.1445448257029056,1.0753448813002071,1.0924679924331033,adequate
qwen25_vl_earthvqa,Qwen2.5-VL-7B,EarthVQA,l2_distance,9,10,non_significant_sdc,1723,315,1723,0,0.0,1.1017437887039314,1.0958964029947917,0.11715527674431271,1.0347219375769297,1.154970297589898,1.090477187912212,1.113157463854349,adequate
qwen25_vl_earthvqa,Qwen2.5-VL-7B,EarthVQA,l2_distance,9,10,significant_sdc,224,110,164,60,0.2678571428571429,1.9621541792374677,2.175647183340423,0.5910148295803601,1.424279201913763,2.2102811518980534,1.839742481752791,2.0988287758837485,adequate
qwen25_vl_earthvqa,Qwen2.5-VL-7B,EarthVQA,l2_distance,10,11,non_sdc,5540,375,5540,0,0.0,1.0884817615852505,1.0728559866547585,0.12377918457787941,1.0012570558559326,1.159862739570213,1.0790831706297117,1.098140041705927,adequate
qwen25_vl_earthvqa,Qwen2.5-VL-7B,EarthVQA,l2_distance,10,11,non_significant_sdc,1723,315,1723,0,0.0,1.1074280568176678,1.0957611215114593,0.12530339182476305,1.022624745965004,1.1642821026162098,1.0963017219708184,1.1193149331452907,adequate
qwen25_vl_earthvqa,Qwen2.5-VL-7B,EarthVQA,l2_distance,10,11,significant_sdc,224,110,164,60,0.2678571428571429,553969172588.574,2.7330677789084765,7094266871552.116,1.4795296051436,3.4447702801957423,2.4071227889531217,1804985648428.6125,adequate
qwen25_vl_earthvqa,Qwen2.5-VL-7B,EarthVQA,l2_distance,11,12,non_sdc,5540,375,5540,0,0.0,1.0940769957783651,1.084957909427191,0.119048978953017,1.0121827823420366,1.1656640643874805,1.0847358161967637,1.1034195173708874,adequate
qwen25_vl_earthvqa,Qwen2.5-VL-7B,EarthVQA,l2_distance,11,12,non_significant_sdc,1723,315,1723,0,0.0,1.1152208902048237,1.1088659428060055,0.12424921517729202,1.0299967820942402,1.1846102424878848,1.103122452178351,1.1271683537136346,adequate
qwen25_vl_earthvqa,Qwen2.5-VL-7B,EarthVQA,l2_distance,11,12,significant_sdc,224,110,162,62,0.2767857142857143,560808298175.9148,2.517134200553505,7137924310514.861,1.4275524251990848,3.273031487756846,2.2716826754265274,1866800225429.4424,adequate
qwen25_vl_earthvqa,Qwen2.5-VL-7B,EarthVQA,l2_distance,12,13,non_sdc,5540,375,5540,0,0.0,1.2376051787045632,1.2336805371137767,0.14193105842363407,1.1401233077049255,1.3220935890620407,1.2266545656786434,1.2485594132805504,adequate
qwen25_vl_earthvqa,Qwen2.5-VL-7B,EarthVQA,l2_distance,12,13,non_significant_sdc,1723,315,1723,0,0.0,1.256415433417354,1.2509083294868468,0.1604554221605033,1.152972947359085,1.3308801302584734,1.2418127013281113,1.2712230524349528,adequate
qwen25_vl_earthvqa,Qwen2.5-VL-7B,EarthVQA,l2_distance,12,13,significant_sdc,224,105,158,66,0.2946428571428571,2.799320962256946,2.5438146785813935,1.4990993034392988,1.6237335762491933,3.7741284041988608,2.5291322401897114,3.118579858790143,adequate
qwen25_vl_earthvqa,Qwen2.5-VL-7B,EarthVQA,l2_distance,13,14,non_sdc,5540,375,5540,0,0.0,1.2408419442431857,1.2239385049457683,0.13619442453681777,1.139674256183207,1.3236940732846656,1.230399534868026,1.251814304390573,adequate
qwen25_vl_earthvqa,Qwen2.5-VL-7B,EarthVQA,l2_distance,13,14,non_significant_sdc,1723,315,1723,0,0.0,1.2511146439758485,1.2295837858143974,0.16374691885428233,1.146741171093548,1.3257759182197053,1.2364654827127373,1.2662950851859052,adequate
qwen25_vl_earthvqa,Qwen2.5-VL-7B,EarthVQA,l2_distance,13,14,significant_sdc,224,105,159,65,0.2901785714285714,2.655529903553503,2.9621287243706838,1.1060429291934053,1.6347226368056402,3.1053677067464713,2.4393892167570965,2.909996305322264,adequate
qwen25_vl_earthvqa,Qwen2.5-VL-7B,EarthVQA,l2_distance,14,15,non_sdc,5540,375,5540,0,0.0,1.4073909505327018,1.3943157284951009,0.15481684090969156,1.2958202312655627,1.5055038301568282,1.3967355861977904,1.4179982007886232,adequate
qwen25_vl_earthvqa,Qwen2.5-VL-7B,EarthVQA,l2_distance,14,15,non_significant_sdc,1723,315,1723,0,0.0,1.427245032424468,1.417084878996799,0.17550710402339245,1.3129619349952506,1.5237555992164653,1.4108318521898195,1.44366029505536,adequate
qwen25_vl_earthvqa,Qwen2.5-VL-7B,EarthVQA,l2_distance,14,15,significant_sdc,224,106,160,64,0.2857142857142857,7337503579861.65,2.660210276136593,92812894607975.16,1.7460206258506719,3.060402576108368,2.4576249367798377,23797308907653.67,adequate
qwen25_vl_earthvqa,Qwen2.5-VL-7B,EarthVQA,l2_distance,15,16,non_sdc,5540,375,5540,0,0.0,1.4074349343607746,1.396016196106319,0.16967129911358225,1.290872787000143,1.5243631191551685,1.3950710749736088,1.4198737732656344,adequate
qwen25_vl_earthvqa,Qwen2.5-VL-7B,EarthVQA,l2_distance,15,16,non_significant_sdc,1723,315,1723,0,0.0,1.4134463677346365,1.4077262768038996,0.16864862192846095,1.3000680839247776,1.5132390767479866,1.3972412601180886,1.4301991048264164,adequate
qwen25_vl_earthvqa,Qwen2.5-VL-7B,EarthVQA,l2_distance,15,16,significant_sdc,224,104,157,67,0.2991071428571429,7477710654636.065,2.788225285860957,93695445949115.78,1.7289718804152117,3.174306258863332,2.4829423238040116,23959195362807.8,adequate
qwen25_vl_earthvqa,Qwen2.5-VL-7B,EarthVQA,l2_distance,16,17,non_sdc,5540,375,5540,0,0.0,1.4768096825711372,1.4664934343331821,0.19815517765297957,1.3371363803744316,1.6089847829531538,1.4631311058645886,1.491069714876018,adequate
qwen25_vl_earthvqa,Qwen2.5-VL-7B,EarthVQA,l2_distance,16,17,non_significant_sdc,1723,315,1723,0,0.0,1.4825440988064238,1.4715673642999985,0.20009326380393713,1.3544507527198548,1.6024936375518641,1.4636583463474753,1.5020733160321942,adequate
qwen25_vl_earthvqa,Qwen2.5-VL-7B,EarthVQA,l2_distance,16,17,significant_sdc,224,99,150,74,0.3303571428571429,2.9846616065909197,3.104969087912112,1.3385866900304464,1.8685969302342051,3.5511616541414845,2.7185447486617242,3.2945409167379593,adequate
qwen25_vl_earthvqa,Qwen2.5-VL-7B,EarthVQA,l2_distance,17,18,non_sdc,5540,375,5540,0,0.0,1.846063375992212,1.8247896007129125,0.2243482873074082,1.6937952836354573,2.0057373363524675,1.8304792255845683,1.8621703309567799,adequate
qwen25_vl_earthvqa,Qwen2.5-VL-7B,EarthVQA,l2_distance,17,18,non_significant_sdc,1723,315,1723,0,0.0,1.8642271588276096,1.8445395645887956,0.2344674732756564,1.706093919881876,1.9897349172312282,1.8410575359759076,1.887444640512848,adequate
qwen25_vl_earthvqa,Qwen2.5-VL-7B,EarthVQA,l2_distance,17,18,significant_sdc,224,99,149,75,0.3348214285714286,3.0889519910282104,3.10677086090555,1.2345784747070583,2.3571519917911954,3.309059712351585,2.8840409823052835,3.343203131827962,adequate
qwen25_vl_earthvqa,Qwen2.5-VL-7B,EarthVQA,l2_distance,18,19,non_sdc,5540,375,5540,0,0.0,2.2400151028353146,2.213277436240956,0.2708240761984261,2.0421880215406416,2.4037210564102445,2.2203179792622887,2.2603700696312337,adequate
qwen25_vl_earthvqa,Qwen2.5-VL-7B,EarthVQA,l2_distance,18,19,non_significant_sdc,1723,315,1723,0,0.0,2.260470716404552,2.240571525361803,0.2703627916734062,2.0822401215632755,2.4122627498386624,2.234378771484426,2.286593052684445,adequate
qwen25_vl_earthvqa,Qwen2.5-VL-7B,EarthVQA,l2_distance,18,19,significant_sdc,224,97,146,78,0.3482142857142857,1847642320809.1777,3.3826106592100498,22325147105051.98,2.8660223053561316,4.326409130680318,3.469693868025583,6130813155403.999,adequate
qwen25_vl_earthvqa,Qwen2.5-VL-7B,EarthVQA,l2_distance,19,20,non_sdc,5540,375,5540,0,0.0,2.0414861393726627,2.00919963458651,0.2941595889816924,1.8454936447564294,2.1949680899823463,2.0196322956335537,2.063415686679525,adequate
qwen25_vl_earthvqa,Qwen2.5-VL-7B,EarthVQA,l2_distance,19,20,non_significant_sdc,1723,315,1723,0,0.0,2.060007287549317,2.0364500333865485,0.28589736344702266,1.8664001083374022,2.2283463804186256,2.030154853485658,2.0898595256536745,adequate
qwen25_vl_earthvqa,Qwen2.5-VL-7B,EarthVQA,l2_distance,19,20,significant_sdc,224,92,137,87,0.3883928571428571,9655654085924.736,3.076195186498214,92710388959222.64,2.6440989800861905,3.403691914616799,3.01847185171619,28106248128188.324,adequate
qwen25_vl_earthvqa,Qwen2.5-VL-7B,EarthVQA,l2_distance,20,21,non_sdc,5540,375,5540,0,0.0,2.679442241801341,2.6510541832355585,0.31226501416991836,2.4447998755507996,2.8861479488286106,2.6532458850642864,2.70523484440621,adequate
qwen25_vl_earthvqa,Qwen2.5-VL-7B,EarthVQA,l2_distance,20,21,non_significant_sdc,1723,315,1723,0,0.0,2.6820240097644628,2.659592006517493,0.3169690064471809,2.4526237845420837,2.8990090092023215,2.648010069600863,2.7159207227736655,adequate
qwen25_vl_earthvqa,Qwen2.5-VL-7B,EarthVQA,l2_distance,20,21,significant_sdc,224,93,139,85,0.3794642857142857,7576034754922.242,2.9979027726433496,89320132458895.66,2.895364262619797,5.029332866474073,3.6072634714692944,25273651942411.53,adequate
qwen25_vl_earthvqa,Qwen2.5-VL-7B,EarthVQA,l2_distance,21,22,non_sdc,5540,375,5540,0,0.0,2.461095881014306,2.4196846534383942,0.32241400387483216,2.2417978736487303,2.628060816622832,2.433705273444853,2.4885233237085376,adequate
qwen25_vl_earthvqa,Qwen2.5-VL-7B,EarthVQA,l2_distance,21,22,non_significant_sdc,1723,315,1723,0,0.0,2.4631949793608308,2.424182028997512,0.31306478215664935,2.249435671738216,2.6410125584706017,2.4311347817914064,2.496385164207222,adequate
qwen25_vl_earthvqa,Qwen2.5-VL-7B,EarthVQA,l2_distance,21,22,significant_sdc,224,88,134,90,0.4017857142857143,4.888081993372559,3.9207974307391105,2.626313941091703,3.3782603456215425,3.9779122009569283,4.352642071839387,5.4733020922850635,adequate
qwen25_vl_earthvqa,Qwen2.5-VL-7B,EarthVQA,l2_distance,22,23,non_sdc,5540,375,5540,0,0.0,3.0808000988311415,3.063308596611023,0.3268447396819919,2.8531404699968257,3.2569131819825423,3.0529562003731314,3.10944795056944,adequate
qwen25_vl_earthvqa,Qwen2.5-VL-7B,EarthVQA,l2_distance,22,23,non_significant_sdc,1723,315,1723,0,0.0,3.099419626022422,3.0450807071867443,0.33588659194136156,2.877160261352579,3.272250195171522,3.06491249931718,3.136519458723378,adequate
qwen25_vl_earthvqa,Qwen2.5-VL-7B,EarthVQA,l2_distance,22,23,significant_sdc,224,87,133,91,0.40625,109.03604038836444,4.338445410436513,1198.001214290796,3.826920285516856,4.484939458418865,4.825013679120452,347.58167033472495,adequate
qwen25_vl_earthvqa,Qwen2.5-VL-7B,EarthVQA,l2_distance,23,24,non_sdc,5540,375,5540,0,0.0,3.0818325392983796,3.0432225886513207,0.3981244418946808,2.8358628287051735,3.291161534190178,3.048201206993336,3.1179292030842714,adequate
qwen25_vl_earthvqa,Qwen2.5-VL-7B,EarthVQA,l2_distance,23,24,non_significant_sdc,1723,315,1723,0,0.0,3.100490001455594,3.061144764606769,0.3729123208322718,2.8609726713253902,3.2758228715923097,3.0611216996135133,3.1417805927463007,adequate
qwen25_vl_earthvqa,Qwen2.5-VL-7B,EarthVQA,l2_distance,23,24,significant_sdc,224,84,129,95,0.4241071428571429,112.17743999119972,4.52386862891061,1215.7552752441995,4.013740687143235,4.617617101085429,4.795488362309439,362.5292173419619,adequate
qwen25_vl_earthvqa,Qwen2.5-VL-7B,EarthVQA,l2_distance,24,25,non_sdc,5540,375,5540,0,0.0,3.6058170058038024,3.5636342378876966,0.4986587623747281,3.272294901597958,3.8973427878485785,3.566026933204014,3.6473374805461893,adequate
qwen25_vl_earthvqa,Qwen2.5-VL-7B,EarthVQA,l2_distance,24,25,non_significant_sdc,1723,315,1723,0,0.0,3.6061013762270937,3.570955236752828,0.4791933669331744,3.2988158476627087,3.8481336277174325,3.556281637419263,3.6583616277143176,adequate
qwen25_vl_earthvqa,Qwen2.5-VL-7B,EarthVQA,l2_distance,24,25,significant_sdc,224,84,128,96,0.4285714285714286,544.9622974925607,4.227885168425891,6104.859853878678,4.159592267201871,4.696587110559146,4.945158826656488,1791.7221568151208,adequate
qwen25_vl_earthvqa,Qwen2.5-VL-7B,EarthVQA,l2_distance,25,26,non_sdc,5540,375,5540,0,0.0,4.035013245432396,3.974334650039673,0.5723816898805648,3.630416059990724,4.356958326697349,3.987406215706328,4.084366156856023,adequate
qwen25_vl_earthvqa,Qwen2.5-VL-7B,EarthVQA,l2_distance,25,26,non_significant_sdc,1723,315,1723,0,0.0,4.035040498564907,3.9561630146844045,0.5390664196605743,3.690062904456634,4.350933866841452,3.980915986636978,4.090147163304225,adequate
qwen25_vl_earthvqa,Qwen2.5-VL-7B,EarthVQA,l2_distance,25,26,significant_sdc,224,85,126,98,0.4375,11296904.440174794,5.502611218666544,126798436.63693453,4.9209432154893875,5.79586892711873,7.231849849221603,37456665.020130076,adequate
qwen25_vl_earthvqa,Qwen2.5-VL-7B,EarthVQA,l2_distance,26,27,non_sdc,5540,375,5540,0,0.0,6.325800759621545,6.2352450380199835,1.0522415678595307,5.619305018186569,6.979988048694752,6.237634924032136,6.414186069685798,adequate
qwen25_vl_earthvqa,Qwen2.5-VL-7B,EarthVQA,l2_distance,26,27,non_significant_sdc,1723,315,1723,0,0.0,6.445004383835487,6.361018896102905,1.1376625411474393,5.7358677768045006,6.980085611343384,6.3235936323223,6.566833017204952,adequate
qwen25_vl_earthvqa,Qwen2.5-VL-7B,EarthVQA,l2_distance,26,27,significant_sdc,224,83,123,101,0.4508928571428571,20865393423241.414,31.519740007361587,178427777043364.72,8.846849113702774,32.525426747847575,11506289.025485659,60339204390662.484,adequate
qwen25_vl_lingoqa,Qwen2.5-VL-7B,LingoQA,cos_sim,0,1,non_sdc,5906,75,5906,0,0.0,0.801100978314858,0.7987159490585327,0.05001913305477622,0.7727109829584757,0.8352055366222675,0.7912603948381157,0.8110673318997583,adequate
qwen25_vl_lingoqa,Qwen2.5-VL-7B,LingoQA,cos_sim,0,1,non_significant_sdc,1327,73,1327,0,0.0,0.792326154177614,0.7929926199071547,0.044251906611642924,0.7660352802938886,0.8221754237772927,0.7819365092768605,0.8028553224473123,adequate
qwen25_vl_lingoqa,Qwen2.5-VL-7B,LingoQA,cos_sim,0,1,significant_sdc,264,67,216,48,0.18181818181818177,0.3870808811425167,0.23250260249692567,0.24937365202001271,0.21768263347294867,0.712636003891627,0.29241698679493827,0.461473758261048,adequate
qwen25_vl_lingoqa,Qwen2.5-VL-7B,LingoQA,cos_sim,1,2,non_sdc,5906,75,5906,0,0.0,0.77634948282799,0.7786993563368723,0.05659653752658541,0.741156317293644,0.8198250817755858,0.7643855342938083,0.7877161859848975,adequate
qwen25_vl_lingoqa,Qwen2.5-VL-7B,LingoQA,cos_sim,1,2,non_significant_sdc,1327,73,1327,0,0.0,0.7658037563911675,0.7702824017580818,0.05191263959590185,0.7366574650959057,0.7959754700388979,0.7543756366409489,0.7769570393179648,adequate
qwen25_vl_lingoqa,Qwen2.5-VL-7B,LingoQA,cos_sim,1,2,significant_sdc,264,66,214,50,0.18939393939393945,0.21637842151112915,0.014286515055870523,0.32739646879927625,-0.0027212250635636095,0.675434177617232,0.0948472058007071,0.3161891929366334,adequate
qwen25_vl_lingoqa,Qwen2.5-VL-7B,LingoQA,cos_sim,2,3,non_sdc,5906,75,5906,0,0.0,0.7066010981272322,0.7097654975950718,0.08033208692670438,0.6564435541045432,0.7581965501109759,0.6903972670541526,0.7225515184941917,adequate
qwen25_vl_lingoqa,Qwen2.5-VL-7B,LingoQA,cos_sim,2,3,non_significant_sdc,1327,73,1327,0,0.0,0.690077575786068,0.7080825989445051,0.06933897319889595,0.6484528883643772,0.7343006352583568,0.6728164338130033,0.7058608454817905,adequate
qwen25_vl_lingoqa,Qwen2.5-VL-7B,LingoQA,cos_sim,2,3,significant_sdc,264,67,212,52,0.19696969696969702,0.3785678994416327,0.2855018068637167,0.19847071722714127,0.27156364613649797,0.5647263730565707,0.3003738615239223,0.4414787626163505,adequate
qwen25_vl_lingoqa,Qwen2.5-VL-7B,LingoQA,cos_sim,3,4,non_sdc,5906,75,5906,0,0.0,0.7825500711343083,0.7881577253341675,0.05119917786509527,0.7453758948379092,0.8176141427829862,0.7721602343156683,0.7927250277482079,adequate
qwen25_vl_lingoqa,Qwen2.5-VL-7B,LingoQA,cos_sim,3,4,non_significant_sdc,1327,73,1327,0,0.0,0.7700801063832976,0.7723567022217644,0.04868452853212302,0.7356027135482202,0.8047277977069218,0.7587488240651529,0.7818245923575518,adequate
qwen25_vl_lingoqa,Qwen2.5-VL-7B,LingoQA,cos_sim,3,4,significant_sdc,264,67,209,55,0.20833333333333337,0.47066002235355525,0.3872377367652192,0.17708842364573554,0.3702860699624431,0.6519675413767497,0.4053473667290005,0.5239092562644951,adequate
qwen25_vl_lingoqa,Qwen2.5-VL-7B,LingoQA,cos_sim,4,5,non_sdc,5906,75,5906,0,0.0,0.7520951676713725,0.750937493223893,0.06682495048528413,0.7058729223229668,0.7996751643144168,0.7379093640735508,0.7659478553807165,adequate
qwen25_vl_lingoqa,Qwen2.5-VL-7B,LingoQA,cos_sim,4,5,non_significant_sdc,1327,73,1327,0,0.0,0.7306017806850065,0.7283549457788467,0.06840554360348657,0.6877992541875158,0.7780601690626807,0.7143144208047579,0.7476317888048107,adequate
qwen25_vl_lingoqa,Qwen2.5-VL-7B,LingoQA,cos_sim,4,5,significant_sdc,264,67,205,59,0.2234848484848485,0.3609710051726971,0.2325070865300237,0.231480014422963,0.1989461156178494,0.611106541894731,0.27732671016005916,0.4278505496103942,adequate
qwen25_vl_lingoqa,Qwen2.5-VL-7B,LingoQA,cos_sim,5,6,non_sdc,5906,75,5906,0,0.0,0.7998584674603622,0.8056248360209994,0.04098510481554533,0.7781300562269547,0.8243131408324609,0.7920439981646485,0.8075484630004186,adequate
qwen25_vl_lingoqa,Qwen2.5-VL-7B,LingoQA,cos_sim,5,6,non_significant_sdc,1327,73,1327,0,0.0,0.7931332540365417,0.8006333573298021,0.043587139129737724,0.7680399839083354,0.8210542684903852,0.7854260529166254,0.8007009076729508,adequate
qwen25_vl_lingoqa,Qwen2.5-VL-7B,LingoQA,cos_sim,5,6,significant_sdc,264,67,202,62,0.23484848484848486,0.32644266686996576,0.21017235137370166,0.3250364801042958,0.18258661256000705,0.7334852447876563,0.2084280069125416,0.41816747651935626,adequate
qwen25_vl_lingoqa,Qwen2.5-VL-7B,LingoQA,cos_sim,6,7,non_sdc,5906,75,5906,0,0.0,0.6627343541751746,0.6623216867446899,0.09271935568394891,0.6044164695418798,0.7107865564963397,0.6437316097263175,0.6815565841386652,adequate
qwen25_vl_lingoqa,Qwen2.5-VL-7B,LingoQA,cos_sim,6,7,non_significant_sdc,1327,73,1327,0,0.0,0.64218632253704,0.6428967818617821,0.07384407035373304,0.5978554176787536,0.6842047153484254,0.6266738352224259,0.6583602712357618,adequate
qwen25_vl_lingoqa,Qwen2.5-VL-7B,LingoQA,cos_sim,6,7,significant_sdc,264,66,204,60,0.2272727272727273,0.37181542244447796,0.34415296503171633,0.19507585095375796,0.31291341929867555,0.5458048640821989,0.30272848511974576,0.4289317603581806,adequate
qwen25_vl_lingoqa,Qwen2.5-VL-7B,LingoQA,cos_sim,7,8,non_sdc,5906,75,5906,0,0.0,0.6630959839532871,0.6570279975732167,0.09606277798735247,0.5947130673948456,0.7284426938455839,0.6425890307395581,0.6837865887424232,adequate
qwen25_vl_lingoqa,Qwen2.5-VL-7B,LingoQA,cos_sim,7,8,non_significant_sdc,1327,73,1327,0,0.0,0.6416581781678623,0.6314292470614116,0.08676186207017501,0.5899975316392051,0.7040855785210927,0.6204394995632421,0.6630750950621076,adequate
qwen25_vl_lingoqa,Qwen2.5-VL-7B,LingoQA,cos_sim,7,8,significant_sdc,264,63,197,67,0.2537878787878788,0.25751468850831927,0.1520577893421358,0.2282305051867324,0.12662014935393723,0.4838231149173918,0.1725757326665587,0.3257785201283934,adequate
qwen25_vl_lingoqa,Qwen2.5-VL-7B,LingoQA,cos_sim,8,9,non_sdc,5906,75,5906,0,0.0,0.7936568183190574,0.7975542147954305,0.050857051808727856,0.763561895205861,0.832069571201618,0.7833879907960224,0.8037859295945795,adequate
qwen25_vl_lingoqa,Qwen2.5-VL-7B,LingoQA,cos_sim,8,9,non_significant_sdc,1327,73,1327,0,0.0,0.7840466699864853,0.7823061347007751,0.049722008235857124,0.7608029217079835,0.8170506728357738,0.7735952731559753,0.7949251930090702,adequate
qwen25_vl_lingoqa,Qwen2.5-VL-7B,LingoQA,cos_sim,8,9,significant_sdc,264,61,190,74,0.2803030303030303,0.3679063352278843,0.2106196092066298,0.300177348337428,0.11464030359282482,0.7672625375645501,0.2560474945083206,0.4602348565971913,adequate
qwen25_vl_lingoqa,Qwen2.5-VL-7B,LingoQA,cos_sim,9,10,non_sdc,5906,75,5906,0,0.0,0.7638345933009993,0.7710208720282504,0.05904343382506429,0.7315172891996123,0.8009898136643803,0.7509868555932459,0.7757534118517209,adequate
qwen25_vl_lingoqa,Qwen2.5-VL-7B,LingoQA,cos_sim,9,10,non_significant_sdc,1327,73,1327,0,0.0,0.7511802784340382,0.7603073091734023,0.0536306955307524,0.7233986620392118,0.781322674618827,0.7394954114697508,0.7628430638302048,adequate
qwen25_vl_lingoqa,Qwen2.5-VL-7B,LingoQA,cos_sim,9,10,significant_sdc,264,60,186,78,0.2954545454545454,0.3455717397052279,0.22793891729444873,0.25174910893898256,0.18775870899992936,0.6339049703545041,0.24312196265099417,0.42338781441516476,adequate
qwen25_vl_lingoqa,Qwen2.5-VL-7B,LingoQA,cos_sim,10,11,non_sdc,5906,75,5906,0,0.0,0.7327965668095485,0.7381057590246201,0.07476602974713259,0.6809161911408107,0.7867738322207802,0.7170273899656769,0.7483915276974992,adequate
qwen25_vl_lingoqa,Qwen2.5-VL-7B,LingoQA,cos_sim,10,11,non_significant_sdc,1327,73,1327,0,0.0,0.719704140850897,0.7142051855723063,0.07315157061485773,0.6701399702578783,0.773211020231247,0.7018388097064194,0.7376998124847797,adequate
qwen25_vl_lingoqa,Qwen2.5-VL-7B,LingoQA,cos_sim,10,11,significant_sdc,264,59,184,80,0.303030303030303,0.2466781556888277,0.10007302395581287,0.32985013531795077,0.07161765849711943,0.6575195101045427,0.112175409205551,0.3546436758468448,adequate
qwen25_vl_lingoqa,Qwen2.5-VL-7B,LingoQA,cos_sim,11,12,non_sdc,5906,75,5906,0,0.0,0.7852450769646694,0.7912175783089228,0.05667713203922252,0.747167706489563,0.8291513413190842,0.7728967702144568,0.7970104605260111,adequate
qwen25_vl_lingoqa,Qwen2.5-VL-7B,LingoQA,cos_sim,11,12,non_significant_sdc,1327,73,1327,0,0.0,0.7727186938765581,0.7772421658039093,0.056429357202299774,0.7385373872518539,0.8151057594352298,0.7583512424475221,0.7866882234895052,adequate
qwen25_vl_lingoqa,Qwen2.5-VL-7B,LingoQA,cos_sim,11,12,significant_sdc,264,60,180,84,0.31818181818181823,0.3312545358742837,0.19331989954320752,0.3213812659803984,0.14982124678410436,0.7173886828952365,0.198266396048541,0.43295328189324883,adequate
qwen25_vl_lingoqa,Qwen2.5-VL-7B,LingoQA,cos_sim,12,13,non_sdc,5906,75,5906,0,0.0,0.8100552344252826,0.8167578535420554,0.054497259252637396,0.7799049574595232,0.8503189669414,0.7987165193270045,0.8206934713670487,adequate
qwen25_vl_lingoqa,Qwen2.5-VL-7B,LingoQA,cos_sim,12,13,non_significant_sdc,1327,73,1327,0,0.0,0.797207701939995,0.8066485737051282,0.05725066363991414,0.7575562030076981,0.8375055805708354,0.7826006365852448,0.8113792227123119,adequate
qwen25_vl_lingoqa,Qwen2.5-VL-7B,LingoQA,cos_sim,12,13,significant_sdc,264,59,173,91,0.3446969696969697,0.4304926575825065,0.3323727371741314,0.26553318370020496,0.19978346348721154,0.737089869521913,0.3196621509999272,0.5134756240957392,adequate
qwen25_vl_lingoqa,Qwen2.5-VL-7B,LingoQA,cos_sim,13,14,non_sdc,5906,75,5906,0,0.0,0.7930564302408989,0.802703645080328,0.0638397650667399,0.7596110573836735,0.8429386869072915,0.7790586856815052,0.8064049551103435,adequate
qwen25_vl_lingoqa,Qwen2.5-VL-7B,LingoQA,cos_sim,13,14,non_significant_sdc,1327,73,1327,0,0.0,0.7813655817237269,0.7875354707241058,0.05963580667893345,0.7466655444531214,0.8284715125763338,0.7677478897684438,0.7950021581611879,adequate
qwen25_vl_lingoqa,Qwen2.5-VL-7B,LingoQA,cos_sim,13,14,significant_sdc,264,58,168,96,0.36363636363636365,0.34675938001292556,0.33287138535584115,0.38349111767930705,0.2946091577866856,0.7060292832967308,0.200770278858019,0.45461022191114364,adequate
qwen25_vl_lingoqa,Qwen2.5-VL-7B,LingoQA,cos_sim,14,15,non_sdc,5906,75,5906,0,0.0,0.8050326570021796,0.8110744178295135,0.04721086346705954,0.7824762887543156,0.8380883232905314,0.7951821575346086,0.8140891536320688,adequate
qwen25_vl_lingoqa,Qwen2.5-VL-7B,LingoQA,cos_sim,14,15,non_significant_sdc,1327,73,1327,0,0.0,0.7983459213403423,0.8034698208173116,0.048238230843682006,0.7803261606395244,0.8285885017517715,0.7880163320519141,0.8077486554500065,adequate
qwen25_vl_lingoqa,Qwen2.5-VL-7B,LingoQA,cos_sim,14,15,significant_sdc,264,58,172,92,0.3484848484848485,0.42701177368259247,0.3901709670923194,0.2744977740527721,0.2455972026016715,0.746476971440845,0.3127099670395416,0.5163672115347034,adequate
qwen25_vl_lingoqa,Qwen2.5-VL-7B,LingoQA,cos_sim,15,16,non_sdc,5906,75,5906,0,0.0,0.7833319241280937,0.785273718206506,0.05481699411429128,0.7479998421143084,0.8256119675558022,0.7717320598404096,0.7944480626771717,adequate
qwen25_vl_lingoqa,Qwen2.5-VL-7B,LingoQA,cos_sim,15,16,non_significant_sdc,1327,73,1327,0,0.0,0.7765607130077414,0.782037405591262,0.05785498458945011,0.7473928942566825,0.8143238572106846,0.764461912009838,0.7884838318203127,adequate
qwen25_vl_lingoqa,Qwen2.5-VL-7B,LingoQA,cos_sim,15,16,significant_sdc,264,57,169,95,0.35984848484848486,0.39636873348699614,0.4366363597159483,0.36390177474381513,0.33704767915971423,0.7333235400063651,0.2530548888291394,0.5041936023277009,adequate
qwen25_vl_lingoqa,Qwen2.5-VL-7B,LingoQA,cos_sim,16,17,non_sdc,5906,75,5906,0,0.0,0.7581284488555539,0.7595594381292661,0.06339497828971938,0.7234286358579993,0.8081088165442148,0.7448207052127697,0.7710372835074975,adequate
qwen25_vl_lingoqa,Qwen2.5-VL-7B,LingoQA,cos_sim,16,17,non_significant_sdc,1327,73,1327,0,0.0,0.7527363603605899,0.7607753802748287,0.05834819732340076,0.7189933284757217,0.7949816573258729,0.7395395503859024,0.7656991443511029,adequate
qwen25_vl_lingoqa,Qwen2.5-VL-7B,LingoQA,cos_sim,16,17,significant_sdc,264,57,169,95,0.35984848484848486,0.27478806484258156,0.19706146061724547,0.38437890586717127,0.04516919206219668,0.6924672524134318,0.11417803076947655,0.3964707562352553,adequate
qwen25_vl_lingoqa,Qwen2.5-VL-7B,LingoQA,cos_sim,17,18,non_sdc,5906,75,5906,0,0.0,0.7485345076941741,0.7527607040745872,0.061758437957659125,0.7118702161312103,0.7914808708078721,0.7356751324459707,0.7607177567167527,adequate
qwen25_vl_lingoqa,Qwen2.5-VL-7B,LingoQA,cos_sim,17,18,non_significant_sdc,1327,73,1327,0,0.0,0.7321477564017153,0.7353156856868578,0.057121309415769934,0.6989914327859879,0.7655313685536385,0.7200100654525973,0.744818318838861,adequate
qwen25_vl_lingoqa,Qwen2.5-VL-7B,LingoQA,cos_sim,17,18,significant_sdc,264,57,166,98,0.3712121212121212,0.5494405660065858,0.5315813714144182,0.16517263119906436,0.47967200669250926,0.711664681278524,0.4898217778085772,0.5968156056322356,adequate
qwen25_vl_lingoqa,Qwen2.5-VL-7B,LingoQA,cos_sim,18,19,non_sdc,5906,75,5906,0,0.0,0.8308364517771147,0.8312385989272076,0.03523236980895135,0.8089197027055841,0.8580702009953951,0.8232672347133825,0.8381450070317719,adequate
qwen25_vl_lingoqa,Qwen2.5-VL-7B,LingoQA,cos_sim,18,19,non_significant_sdc,1327,73,1327,0,0.0,0.8224316314335772,0.8229360491037369,0.03349745114009733,0.8052616024017334,0.8439753241837025,0.8153258740604222,0.8297366327927175,adequate
qwen25_vl_lingoqa,Qwen2.5-VL-7B,LingoQA,cos_sim,18,19,significant_sdc,264,57,161,103,0.39015151515151514,0.6138171687704931,0.6614330532599468,0.19555885780469948,0.4522051683494023,0.76841578575281,0.5492505490313424,0.661427700300869,adequate
qwen25_vl_lingoqa,Qwen2.5-VL-7B,LingoQA,cos_sim,19,20,non_sdc,5906,75,5906,0,0.0,0.7594894779508694,0.7621322040898459,0.05505444629394587,0.7274186956882477,0.796697747233239,0.7474594305189983,0.770983619965821,adequate
qwen25_vl_lingoqa,Qwen2.5-VL-7B,LingoQA,cos_sim,19,20,non_significant_sdc,1327,73,1327,0,0.0,0.7527949029486233,0.7561910643297083,0.04683669534593271,0.7290284104290463,0.779187334492093,0.7429482864491294,0.7626484411670637,adequate
qwen25_vl_lingoqa,Qwen2.5-VL-7B,LingoQA,cos_sim,19,20,significant_sdc,264,56,157,107,0.4053030303030303,0.4669087181043599,0.6687591489480467,0.3595422929034983,0.0,0.7278367804021252,0.3564968101613861,0.5447975792395535,adequate
qwen25_vl_lingoqa,Qwen2.5-VL-7B,LingoQA,cos_sim,20,21,non_sdc,5906,75,5906,0,0.0,0.7915104494534908,0.791106281372217,0.05318056074311076,0.7656548793117206,0.827399636737325,0.7804159998632915,0.8018414747272647,adequate
qwen25_vl_lingoqa,Qwen2.5-VL-7B,LingoQA,cos_sim,20,21,non_significant_sdc,1327,73,1327,0,0.0,0.7824655743280351,0.7845202452606626,0.050208880266092985,0.7607227514187496,0.8131102005108481,0.7713782322160212,0.7934602559412145,adequate
qwen25_vl_lingoqa,Qwen2.5-VL-7B,LingoQA,cos_sim,20,21,significant_sdc,264,54,154,110,0.41666666666666663,0.5004014026941567,0.5669984689050791,0.2615728117133912,0.16606653048371783,0.720493308490231,0.39731041059059413,0.5761157779885908,adequate
qwen25_vl_lingoqa,Qwen2.5-VL-7B,LingoQA,cos_sim,21,22,non_sdc,5906,75,5906,0,0.0,0.7596337547118629,0.7572426497936249,0.06578640357650618,0.7204856180718967,0.8004839472910937,0.7455197306371012,0.7734322002224899,adequate
qwen25_vl_lingoqa,Qwen2.5-VL-7B,LingoQA,cos_sim,21,22,non_significant_sdc,1327,73,1327,0,0.0,0.7480150423445303,0.7465498256683349,0.057762105722877904,0.7195248618721961,0.7785218973954519,0.7341483208538366,0.7617963795187213,adequate
qwen25_vl_lingoqa,Qwen2.5-VL-7B,LingoQA,cos_sim,21,22,significant_sdc,264,53,152,112,0.4242424242424242,0.327791000535381,0.19368135100420641,0.317244843360416,0.025532033218412985,0.5960739575326444,0.1847675007722841,0.43187187486671275,adequate
qwen25_vl_lingoqa,Qwen2.5-VL-7B,LingoQA,cos_sim,22,23,non_sdc,5906,75,5906,0,0.0,0.8339247335495944,0.8359020090612925,0.04573665145604787,0.8040406595874618,0.861365710526428,0.8243687971800009,0.8433019285113603,adequate
qwen25_vl_lingoqa,Qwen2.5-VL-7B,LingoQA,cos_sim,22,23,non_significant_sdc,1327,73,1327,0,0.0,0.8268975832839669,0.8284291570836847,0.041410775778433155,0.8003115070717676,0.8560220540472956,0.8158950898664192,0.8374330797263395,adequate
qwen25_vl_lingoqa,Qwen2.5-VL-7B,LingoQA,cos_sim,22,23,significant_sdc,264,52,147,117,0.44318181818181823,0.6245091444854837,0.5777466637747628,0.17506557550905677,0.5152032144215642,0.7870905089836855,0.5539562272939819,0.6754157909021191,adequate
qwen25_vl_lingoqa,Qwen2.5-VL-7B,LingoQA,cos_sim,23,24,non_sdc,5906,75,5906,0,0.0,0.798682697587529,0.7936782594112789,0.05158349176774252,0.7587039315008692,0.8365699363012726,0.788187807211941,0.809765035610999,adequate
qwen25_vl_lingoqa,Qwen2.5-VL-7B,LingoQA,cos_sim,23,24,non_significant_sdc,1327,73,1327,0,0.0,0.7871901014102982,0.7847652756250821,0.047394466339030564,0.7579314956352824,0.8150298181507323,0.7762210160155308,0.7987506528529676,adequate
qwen25_vl_lingoqa,Qwen2.5-VL-7B,LingoQA,cos_sim,23,24,significant_sdc,264,52,144,120,0.4545454545454546,0.6209826278125377,0.6167734572473837,0.17222407228174103,0.5609483749282604,0.7301965890561833,0.5636855516840092,0.6638080120041292,adequate
qwen25_vl_lingoqa,Qwen2.5-VL-7B,LingoQA,cos_sim,24,25,non_sdc,5906,75,5906,0,0.0,0.8157804190154259,0.8138104031483332,0.05165620791952076,0.7801672940452894,0.8477979302406311,0.804821195871652,0.8263617321880544,adequate
qwen25_vl_lingoqa,Qwen2.5-VL-7B,LingoQA,cos_sim,24,25,non_significant_sdc,1327,73,1327,0,0.0,0.8036797620158778,0.809014835357666,0.045062678460644295,0.7751770054592806,0.8286793729976604,0.7931155358150723,0.8144750174631042,adequate
qwen25_vl_lingoqa,Qwen2.5-VL-7B,LingoQA,cos_sim,24,25,significant_sdc,264,50,139,125,0.4734848484848485,0.6816165524128114,0.7135891366978081,0.18729425565741434,0.7022443547540781,0.7588703105847041,0.6242839735412685,0.725571764763145,adequate
qwen25_vl_lingoqa,Qwen2.5-VL-7B,LingoQA,cos_sim,25,26,non_sdc,5906,75,5906,0,0.0,0.9062101423572815,0.9115223627998715,0.035346373753885864,0.8892317990816775,0.9303242416573752,0.8990307172543043,0.9131746863587521,adequate
qwen25_vl_lingoqa,Qwen2.5-VL-7B,LingoQA,cos_sim,25,26,non_significant_sdc,1327,73,1327,0,0.0,0.9031072010032817,0.909190890689691,0.03455452268799518,0.8901667899482852,0.9238117501687844,0.8957674406706065,0.909586996121241,adequate
qwen25_vl_lingoqa,Qwen2.5-VL-7B,LingoQA,cos_sim,25,26,significant_sdc,264,50,134,130,0.49242424242424243,0.6581049898043808,0.6511642245613799,0.2731961457686052,0.5344433957824901,0.8943016288372186,0.542474043911238,0.7335720563629015,adequate
qwen25_vl_lingoqa,Qwen2.5-VL-7B,LingoQA,cos_sim,26,27,non_sdc,5906,75,5906,0,0.0,0.9809698130979853,0.9828372311807866,0.010734849258656127,0.9779303556138819,0.9873119993342293,0.978951677552998,0.9828321546933078,adequate
qwen25_vl_lingoqa,Qwen2.5-VL-7B,LingoQA,cos_sim,26,27,non_significant_sdc,1327,73,1327,0,0.0,0.9791170431659596,0.9811116357644399,0.019841628408281364,0.9772833473041278,0.9845729753375053,0.977051023059462,0.9809146768184814,adequate
qwen25_vl_lingoqa,Qwen2.5-VL-7B,LingoQA,cos_sim,26,27,significant_sdc,264,49,126,138,0.5227272727272727,0.7796250663135234,0.6990995334119212,0.21923662444382205,0.6701894758307204,0.9796074138811002,0.6892778409883981,0.8367855806922933,adequate
qwen25_vl_lingoqa,Qwen2.5-VL-7B,LingoQA,abs_mean_diff,0,1,non_sdc,5906,75,5906,0,0.0,0.013854666143282865,0.013615331812096494,0.002986330564591273,0.011837946116238049,0.015788047249026764,0.013314275104013527,0.01440879287520891,adequate
qwen25_vl_lingoqa,Qwen2.5-VL-7B,LingoQA,abs_mean_diff,0,1,non_significant_sdc,1327,73,1327,0,0.0,0.013802427482036592,0.013783949605353615,0.002971601239296757,0.011587921622170445,0.015801787259988487,0.013231327524586764,0.014408916322764146,adequate
qwen25_vl_lingoqa,Qwen2.5-VL-7B,LingoQA,abs_mean_diff,0,1,significant_sdc,264,67,216,48,0.18181818181818177,3.211797137995541e+30,0.004386312447070164,4.592015731635502e+31,0.003693498666303194,0.015176458761007303,4.7797947294474844e+27,1.1128248409730382e+31,adequate
qwen25_vl_lingoqa,Qwen2.5-VL-7B,LingoQA,abs_mean_diff,1,2,non_sdc,5906,75,5906,0,0.0,0.010428897446974379,0.010069905599165294,0.0031497586145838893,0.007986939144872227,0.012403838694668733,0.009862541222477615,0.01101371221894714,adequate
qwen25_vl_lingoqa,Qwen2.5-VL-7B,LingoQA,abs_mean_diff,1,2,non_significant_sdc,1327,73,1327,0,0.0,0.010387611040311828,0.010031301370223187,0.0027289259863507386,0.008391565981083642,0.012103402214124799,0.00982353219287504,0.010935173151612384,adequate
qwen25_vl_lingoqa,Qwen2.5-VL-7B,LingoQA,abs_mean_diff,1,2,significant_sdc,264,66,214,50,0.18939393939393945,2.6055791536434672e+28,0.010641151177142524,3.811633696124148e+29,0.006738673325399964,0.014001118425488929,0.009542833048378241,9.345149813626289e+28,adequate
qwen25_vl_lingoqa,Qwen2.5-VL-7B,LingoQA,abs_mean_diff,2,3,non_sdc,5906,75,5906,0,0.0,0.011493730794082247,0.011122642637201353,0.0030058317248176122,0.009490100152941203,0.013234306871891022,0.01095677573252719,0.012036349004164953,adequate
qwen25_vl_lingoqa,Qwen2.5-VL-7B,LingoQA,abs_mean_diff,2,3,non_significant_sdc,1327,73,1327,0,0.0,0.011206057092101405,0.010725410018280587,0.0029473046948346546,0.009540137717263605,0.012371940393759696,0.010581686294325012,0.011909973939878997,adequate
qwen25_vl_lingoqa,Qwen2.5-VL-7B,LingoQA,abs_mean_diff,2,3,significant_sdc,264,67,212,52,0.19696969696969702,3.2048162030527076e+27,0.020423151628703486,4.319505196980873e+28,0.011692013419815338,0.023152998078386396,0.01870217347146972,1.0616040207471255e+28,adequate
qwen25_vl_lingoqa,Qwen2.5-VL-7B,LingoQA,abs_mean_diff,3,4,non_sdc,5906,75,5906,0,0.0,0.014114557250405913,0.013601187017879315,0.004589409027079901,0.010689817187085282,0.01703971535122643,0.013248707764155413,0.01499019064277109,adequate
qwen25_vl_lingoqa,Qwen2.5-VL-7B,LingoQA,abs_mean_diff,3,4,non_significant_sdc,1327,73,1327,0,0.0,0.014396935771667846,0.01337758246033142,0.0048216315654466034,0.011199105099881855,0.016830832149614307,0.013311689968197534,0.015577382666880059,adequate
qwen25_vl_lingoqa,Qwen2.5-VL-7B,LingoQA,abs_mean_diff,3,4,significant_sdc,264,67,209,55,0.20833333333333337,4.630275871898768e+28,0.048843149190806616,6.693337818166525e+29,0.017558760785808165,0.051170225198171576,0.03891879133401981,1.6591964924988628e+29,adequate
qwen25_vl_lingoqa,Qwen2.5-VL-7B,LingoQA,abs_mean_diff,4,5,non_sdc,5906,75,5906,0,0.0,0.013002684948034485,0.012441059379489161,0.0031994211491920754,0.010636260181975861,0.014709166597805008,0.012420257538658266,0.013602766890064918,adequate
qwen25_vl_lingoqa,Qwen2.5-VL-7B,LingoQA,abs_mean_diff,4,5,non_significant_sdc,1327,73,1327,0,0.0,0.01316851408954472,0.012581128906458617,0.004381074874231676,0.010921771547550129,0.015071190327351346,0.01244105938705931,0.013942707243823797,adequate
qwen25_vl_lingoqa,Qwen2.5-VL-7B,LingoQA,abs_mean_diff,4,5,significant_sdc,264,67,205,59,0.2234848484848485,3.69370102772594e+29,0.010272119360576783,3.7106728024761175e+30,0.007169529538307535,0.01350281418611606,3.1051226392638083e+28,1.0119357373121253e+30,adequate
qwen25_vl_lingoqa,Qwen2.5-VL-7B,LingoQA,abs_mean_diff,5,6,non_sdc,5906,75,5906,0,0.0,0.01550285005688302,0.015037333563668653,0.00405263427809952,0.012757359615837535,0.01788666240394204,0.014768722172324337,0.01627240186376313,adequate
qwen25_vl_lingoqa,Qwen2.5-VL-7B,LingoQA,abs_mean_diff,5,6,non_significant_sdc,1327,73,1327,0,0.0,0.016088761535205283,0.015511871470759312,0.0046057611360362976,0.012940535321831703,0.01863676759316341,0.015090288090694522,0.0170749447585523,adequate
qwen25_vl_lingoqa,Qwen2.5-VL-7B,LingoQA,abs_mean_diff,5,6,significant_sdc,264,67,202,62,0.23484848484848486,1.2598784325004717e+29,0.02811450770419395,1.790623690967281e+30,0.017982729120246534,0.03608925563988884,0.02778586971143247,4.3878524718119875e+29,adequate
qwen25_vl_lingoqa,Qwen2.5-VL-7B,LingoQA,abs_mean_diff,6,7,non_sdc,5906,75,5906,0,0.0,0.01827586591271735,0.01751236739705296,0.005339607365195123,0.014809102155542112,0.021884711381668847,0.017360011370687725,0.019247481319758765,adequate
qwen25_vl_lingoqa,Qwen2.5-VL-7B,LingoQA,abs_mean_diff,6,7,non_significant_sdc,1327,73,1327,0,0.0,0.017965946921886824,0.01735892189967939,0.005006871459105339,0.014655665038643698,0.020620828310615923,0.016953454669103658,0.01902747765938159,adequate
qwen25_vl_lingoqa,Qwen2.5-VL-7B,LingoQA,abs_mean_diff,6,7,significant_sdc,264,66,204,60,0.2272727272727273,1.4091573924495285e+29,0.02198421490754058,1.7064728913678686e+30,0.018224913904088594,0.025137757244864382,0.02133678163755156,4.4011640870639095e+29,adequate
qwen25_vl_lingoqa,Qwen2.5-VL-7B,LingoQA,abs_mean_diff,7,8,non_sdc,5906,75,5906,0,0.0,0.0179789973696762,0.01773761405742594,0.0051798587792861416,0.013805549372644985,0.021635913548304634,0.017034322439122618,0.018929655712491122,adequate
qwen25_vl_lingoqa,Qwen2.5-VL-7B,LingoQA,abs_mean_diff,7,8,non_significant_sdc,1327,73,1327,0,0.0,0.019166136653499744,0.018237923984997906,0.005607295644358242,0.015488252469194344,0.022234688002271984,0.018057956190945856,0.020409476386417654,adequate
qwen25_vl_lingoqa,Qwen2.5-VL-7B,LingoQA,abs_mean_diff,7,8,significant_sdc,264,63,197,67,0.2537878787878788,8.462245035933917e+28,0.021835871329087587,7.708051993265446e+29,0.015808107901592643,0.02788044596613594,1.355346473109668e+27,2.119730542992585e+29,adequate
qwen25_vl_lingoqa,Qwen2.5-VL-7B,LingoQA,abs_mean_diff,8,9,non_sdc,5906,75,5906,0,0.0,0.02362204934001593,0.023156064640109737,0.006024133242238436,0.01962977574860108,0.02696709653052191,0.022550043361265478,0.024710151032538354,adequate
qwen25_vl_lingoqa,Qwen2.5-VL-7B,LingoQA,abs_mean_diff,8,9,non_significant_sdc,1327,73,1327,0,0.0,0.024838210560068245,0.023699635801755863,0.00615094876126936,0.02008115825847837,0.0285247424443098,0.02346212616364149,0.026222370299561443,adequate
qwen25_vl_lingoqa,Qwen2.5-VL-7B,LingoQA,abs_mean_diff,8,9,significant_sdc,264,61,190,74,0.2803030303030303,1.9667555047980127e+30,0.03258736617863178,2.2994995597968623e+31,0.02388845333872287,0.03690344369162482,0.030911551557817267,6.337795283772471e+30,adequate
qwen25_vl_lingoqa,Qwen2.5-VL-7B,LingoQA,abs_mean_diff,9,10,non_sdc,5906,75,5906,0,0.0,0.02336164061046021,0.022839056933298706,0.006292563939287313,0.018897703141332246,0.02802878396366449,0.022168348336353838,0.024619754874436826,adequate
qwen25_vl_lingoqa,Qwen2.5-VL-7B,LingoQA,abs_mean_diff,9,10,non_significant_sdc,1327,73,1327,0,0.0,0.023713081049985697,0.023587809276900122,0.006199580824460156,0.01917990853285624,0.02740080567405504,0.0224393475380063,0.02498921953704862,adequate
qwen25_vl_lingoqa,Qwen2.5-VL-7B,LingoQA,abs_mean_diff,9,10,significant_sdc,264,60,186,78,0.2954545454545454,1.473646740643245e+29,0.020056917721747745,2.00973351896376e+30,0.01708272128438047,0.02323651630553956,0.019484450952588477,5.0446661884260604e+29,adequate
qwen25_vl_lingoqa,Qwen2.5-VL-7B,LingoQA,abs_mean_diff,10,11,non_sdc,5906,75,5906,0,0.0,0.021041199212083916,0.020455934770474492,0.005944681276558162,0.016756676975637673,0.024730504658655263,0.02000272684634855,0.02208426313549506,adequate
qwen25_vl_lingoqa,Qwen2.5-VL-7B,LingoQA,abs_mean_diff,10,11,non_significant_sdc,1327,73,1327,0,0.0,0.02128373212697449,0.020843776501715185,0.005641768248522532,0.0174371382353593,0.024997265136335045,0.02006127996114229,0.02250123798473517,adequate
qwen25_vl_lingoqa,Qwen2.5-VL-7B,LingoQA,abs_mean_diff,10,11,significant_sdc,264,59,184,80,0.303030303030303,1.789500973198505e+29,0.027777042924324154,2.4273972210712139e+30,0.017438200820351437,0.053115297554355415,0.03166332239944595,6.1834399825075104e+29,adequate
qwen25_vl_lingoqa,Qwen2.5-VL-7B,LingoQA,abs_mean_diff,11,12,non_sdc,5906,75,5906,0,0.0,0.022899613907521325,0.02211515309237358,0.007071088097587692,0.01787618598609697,0.026876778362355636,0.021689910992219518,0.0242370095485043,adequate
qwen25_vl_lingoqa,Qwen2.5-VL-7B,LingoQA,abs_mean_diff,11,12,non_significant_sdc,1327,73,1327,0,0.0,0.02317241850867814,0.02204315531018533,0.007231445362497926,0.018000385258346796,0.026885714621231373,0.021710063474945057,0.024800587208570563,adequate
qwen25_vl_lingoqa,Qwen2.5-VL-7B,LingoQA,abs_mean_diff,11,12,significant_sdc,264,60,180,84,0.31818181818181823,3.718642846427333e+29,0.032458587909959966,4.9890829131928983e+30,0.02102176952951898,0.04391843948646315,0.028416778290165413,1.3210968007044473e+30,adequate
qwen25_vl_lingoqa,Qwen2.5-VL-7B,LingoQA,abs_mean_diff,12,13,non_sdc,5906,75,5906,0,0.0,0.023978043891205766,0.022631865569992977,0.008436429526890906,0.018347370089031756,0.027521252632141113,0.022393008942933397,0.02568163208123443,adequate
qwen25_vl_lingoqa,Qwen2.5-VL-7B,LingoQA,abs_mean_diff,12,13,non_significant_sdc,1327,73,1327,0,0.0,0.02450819812938816,0.02362139962081398,0.00846636185418614,0.018140534246401264,0.028852122675890875,0.022720237490081247,0.026424078493608016,adequate
qwen25_vl_lingoqa,Qwen2.5-VL-7B,LingoQA,abs_mean_diff,12,13,significant_sdc,264,59,173,91,0.3446969696969697,7.710120284192983e+29,0.027701954046885174,9.920329956399006e+30,0.02308731506529607,0.0480052676831125,2.5134575855229998e+26,2.7053575933524955e+30,adequate
qwen25_vl_lingoqa,Qwen2.5-VL-7B,LingoQA,abs_mean_diff,13,14,non_sdc,5906,75,5906,0,0.0,0.024728438946683706,0.023021060016213193,0.008689820472750092,0.019176932463708978,0.028769489873031323,0.023121278232332423,0.02647067399737461,adequate
qwen25_vl_lingoqa,Qwen2.5-VL-7B,LingoQA,abs_mean_diff,13,14,non_significant_sdc,1327,73,1327,0,0.0,0.02466218867941209,0.023369117340605174,0.008456367863837699,0.01955020654713735,0.028117716610454556,0.022718398711870348,0.02673146663165932,adequate
qwen25_vl_lingoqa,Qwen2.5-VL-7B,LingoQA,abs_mean_diff,13,14,significant_sdc,264,58,168,96,0.36363636363636365,1.60358124498924e+29,0.02832248255512432,2.0784788475210624e+30,0.020562068986085553,0.03760744177627054,0.025458795788236007,5.731949982089198e+29,adequate
qwen25_vl_lingoqa,Qwen2.5-VL-7B,LingoQA,abs_mean_diff,14,15,non_sdc,5906,75,5906,0,0.0,0.02428253264468562,0.02271405099291411,0.007082918848088817,0.01958366019042352,0.02852163414936513,0.023008402797812733,0.025591360945760158,adequate
qwen25_vl_lingoqa,Qwen2.5-VL-7B,LingoQA,abs_mean_diff,14,15,non_significant_sdc,1327,73,1327,0,0.0,0.024197079603645987,0.02360926821295704,0.0070124594467963425,0.01916205388907757,0.029058188214548863,0.022825397086341945,0.02555848903886653,adequate
qwen25_vl_lingoqa,Qwen2.5-VL-7B,LingoQA,abs_mean_diff,14,15,significant_sdc,264,58,172,92,0.3484848484848485,2.985163662288983e+27,0.02959171571249307,3.074337094136621e+28,0.021981506900606202,0.04683138766059918,0.03048827706380876,8.911085318816924e+27,adequate
qwen25_vl_lingoqa,Qwen2.5-VL-7B,LingoQA,abs_mean_diff,15,16,non_sdc,5906,75,5906,0,0.0,0.026560327049216313,0.02551923336630518,0.008274770529028192,0.020667309043346904,0.031111881016951167,0.02510817062738495,0.028093969909907424,adequate
qwen25_vl_lingoqa,Qwen2.5-VL-7B,LingoQA,abs_mean_diff,15,16,non_significant_sdc,1327,73,1327,0,0.0,0.026402189283750568,0.025285008078854945,0.007850868654845843,0.021122987716807984,0.031189170140890753,0.024933542970776615,0.028039220736173744,adequate
qwen25_vl_lingoqa,Qwen2.5-VL-7B,LingoQA,abs_mean_diff,15,16,significant_sdc,264,57,169,95,0.35984848484848486,10658953879879.475,0.03285169064377745,136331339641464.23,0.0240343009631726,0.042769067668907194,0.032201499366905154,37442269149734.37,adequate
qwen25_vl_lingoqa,Qwen2.5-VL-7B,LingoQA,abs_mean_diff,16,17,non_sdc,5906,75,5906,0,0.0,0.026086295319137788,0.025358739291297516,0.007711753759116425,0.021204543486749244,0.029744073676948365,0.024836881439662287,0.027475126428723965,adequate
qwen25_vl_lingoqa,Qwen2.5-VL-7B,LingoQA,abs_mean_diff,16,17,non_significant_sdc,1327,73,1327,0,0.0,0.025445940181048305,0.02482354201757434,0.006963390119288354,0.020888960552646926,0.02918616395779989,0.02416910993089376,0.026737330680674697,adequate
qwen25_vl_lingoqa,Qwen2.5-VL-7B,LingoQA,abs_mean_diff,16,17,significant_sdc,264,57,169,95,0.35984848484848486,10658953879879.465,0.023983149746508926,136331339641464.23,0.018809492585762422,0.03228084556758404,0.022376624258620165,37529869819538.85,adequate
qwen25_vl_lingoqa,Qwen2.5-VL-7B,LingoQA,abs_mean_diff,17,18,non_sdc,5906,75,5906,0,0.0,0.03356768114875967,0.03223028118372895,0.009326981765858037,0.026465913261442136,0.038318293987928576,0.0319381067913512,0.03530429580171019,adequate
qwen25_vl_lingoqa,Qwen2.5-VL-7B,LingoQA,abs_mean_diff,17,18,non_significant_sdc,1327,73,1327,0,0.0,0.03334314509199678,0.03172722128643231,0.00857076576851753,0.027500675330129152,0.038171277373395346,0.031410774082921214,0.03530159390765551,adequate
qwen25_vl_lingoqa,Qwen2.5-VL-7B,LingoQA,abs_mean_diff,17,18,significant_sdc,264,57,166,98,0.3712121212121212,4.366719055850868e+29,0.025195814225803678,4.523357234032297e+30,0.02050765477327573,0.03640955227647761,0.029923123451488332,1.305019785340792e+30,adequate
qwen25_vl_lingoqa,Qwen2.5-VL-7B,LingoQA,abs_mean_diff,18,19,non_sdc,5906,75,5906,0,0.0,0.04137172174756659,0.039763416294963695,0.011495456905363579,0.032862894295249134,0.04895477963423002,0.03927737104722427,0.043479497871221136,adequate
qwen25_vl_lingoqa,Qwen2.5-VL-7B,LingoQA,abs_mean_diff,18,19,non_significant_sdc,1327,73,1327,0,0.0,0.041395175669895666,0.0389600118230048,0.011108957626718955,0.0330179425058784,0.04886756977282649,0.039010630115510155,0.04403277142504774,adequate
qwen25_vl_lingoqa,Qwen2.5-VL-7B,LingoQA,abs_mean_diff,18,19,significant_sdc,264,57,161,103,0.39015151515151514,1.511665292010527e+28,0.036922392124931015,1.9113881843120435e+29,0.029907372913190296,0.04277882052378522,0.03805954285403433,5.349965844036258e+28,adequate
qwen25_vl_lingoqa,Qwen2.5-VL-7B,LingoQA,abs_mean_diff,19,20,non_sdc,5906,75,5906,0,0.0,0.046732279637139065,0.04421813439370857,0.01671669385570724,0.0336380968336016,0.054680400190409276,0.04347971102096933,0.05018517825507233,adequate
qwen25_vl_lingoqa,Qwen2.5-VL-7B,LingoQA,abs_mean_diff,19,20,non_significant_sdc,1327,73,1327,0,0.0,0.04626614612016752,0.042493155469065125,0.018011261745050192,0.03496054227909316,0.05348133899673235,0.04311772362662477,0.04978125279421088,adequate
qwen25_vl_lingoqa,Qwen2.5-VL-7B,LingoQA,abs_mean_diff,19,20,significant_sdc,264,56,157,107,0.4053030303030303,5.789497998311029e+28,0.04385566583981639,7.254220199562629e+29,0.036880596692920944,0.052020054310560226,0.04546094152244851,1.7258566817749966e+29,adequate
qwen25_vl_lingoqa,Qwen2.5-VL-7B,LingoQA,abs_mean_diff,20,21,non_sdc,5906,75,5906,0,0.0,0.049284390934932004,0.04719365330501681,0.014869629744661285,0.038382268356092805,0.05807314665340211,0.04675617122433325,0.05192433513876987,adequate
qwen25_vl_lingoqa,Qwen2.5-VL-7B,LingoQA,abs_mean_diff,20,21,non_significant_sdc,1327,73,1327,0,0.0,0.05114643176127966,0.049845006613230165,0.016389330983686237,0.0402823734115444,0.05943195478891189,0.04808974488532924,0.05409262623047544,adequate
qwen25_vl_lingoqa,Qwen2.5-VL-7B,LingoQA,abs_mean_diff,20,21,significant_sdc,264,54,154,110,0.41666666666666663,657056674277980.2,0.040364405017738275,8153858894709834.0,0.03734575073728908,0.05919599591431265,0.04649854350432161,2215767762893626.8,adequate
qwen25_vl_lingoqa,Qwen2.5-VL-7B,LingoQA,abs_mean_diff,21,22,non_sdc,5906,75,5906,0,0.0,0.06188639472644298,0.059102014997892735,0.020027458741112628,0.04618592765192468,0.07513493513011843,0.058071149692283275,0.0658362363085735,adequate
qwen25_vl_lingoqa,Qwen2.5-VL-7B,LingoQA,abs_mean_diff,21,22,non_significant_sdc,1327,73,1327,0,0.0,0.06116011419474246,0.05755509657319635,0.018174900985874338,0.04710060171228612,0.07106851653074259,0.057262545397686646,0.0654101833699617,adequate
qwen25_vl_lingoqa,Qwen2.5-VL-7B,LingoQA,abs_mean_diff,21,22,significant_sdc,264,53,152,112,0.4242424242424242,3.2045322645260146e+28,0.0597951828872747,3.950812712881927e+29,0.03322314018412132,0.10453615496849775,0.07518645687193098,1.1599090993061341e+29,adequate
qwen25_vl_lingoqa,Qwen2.5-VL-7B,LingoQA,abs_mean_diff,22,23,non_sdc,5906,75,5906,0,0.0,0.058895171102960955,0.056365338231747344,0.015694225119541983,0.047228361107409,0.0677702935520626,0.05603467166001957,0.062086132750824724,adequate
qwen25_vl_lingoqa,Qwen2.5-VL-7B,LingoQA,abs_mean_diff,22,23,non_significant_sdc,1327,73,1327,0,0.0,0.060326277254991456,0.05785050667822361,0.017218486669536272,0.04725051825104455,0.07140032044365938,0.0566559825266457,0.06447060202070794,adequate
qwen25_vl_lingoqa,Qwen2.5-VL-7B,LingoQA,abs_mean_diff,22,23,significant_sdc,264,52,147,117,0.44318181818181823,5.657993718611148e+29,0.05414174137903111,6.859952812678052e+30,0.040603061453724394,0.0902596156900892,2.82718254665845,1.996140183926013e+30,adequate
qwen25_vl_lingoqa,Qwen2.5-VL-7B,LingoQA,abs_mean_diff,23,24,non_sdc,5906,75,5906,0,0.0,0.05968853384327459,0.05891620679874378,0.016633920322925183,0.048925814083001264,0.06891946293748548,0.056736789192548855,0.0627712640018455,adequate
qwen25_vl_lingoqa,Qwen2.5-VL-7B,LingoQA,abs_mean_diff,23,24,non_significant_sdc,1327,73,1327,0,0.0,0.062036051549891884,0.05984715837985277,0.015451420617489131,0.05170850280951211,0.06950419930379009,0.058878237605633696,0.06543082184501474,adequate
qwen25_vl_lingoqa,Qwen2.5-VL-7B,LingoQA,abs_mean_diff,23,24,significant_sdc,264,52,144,120,0.4545454545454546,118138432479.66946,0.048255025819679234,1278878733629.236,0.00887939385233485,0.0757439018711828,15.991109522959409,390784800402.8224,adequate
qwen25_vl_lingoqa,Qwen2.5-VL-7B,LingoQA,abs_mean_diff,24,25,non_sdc,5906,75,5906,0,0.0,0.0720809021360352,0.0709577678270372,0.0205713847651936,0.0580642167744892,0.08630341126655157,0.0685048795092717,0.075862063014485,adequate
qwen25_vl_lingoqa,Qwen2.5-VL-7B,LingoQA,abs_mean_diff,24,25,non_significant_sdc,1327,73,1327,0,0.0,0.07553246842968776,0.07613465891164892,0.02046535537504117,0.05951858636302253,0.09097998355553412,0.07092545638712033,0.08004431724828265,adequate
qwen25_vl_lingoqa,Qwen2.5-VL-7B,LingoQA,abs_mean_diff,24,25,significant_sdc,264,50,139,125,0.4734848484848485,117265565265.97772,0.08110085965710737,1296156461471.8755,0.06583962304403587,0.10309176144397093,965609704.1411945,408017247519.48895,adequate
qwen25_vl_lingoqa,Qwen2.5-VL-7B,LingoQA,abs_mean_diff,25,26,non_sdc,5906,75,5906,0,0.0,0.08572828037771527,0.08177095187715906,0.028499646353536467,0.065299621886862,0.10024371461745782,0.08086535155296534,0.09082172903677523,adequate
qwen25_vl_lingoqa,Qwen2.5-VL-7B,LingoQA,abs_mean_diff,25,26,non_significant_sdc,1327,73,1327,0,0.0,0.09011592972288812,0.08400836421383752,0.03599785689713035,0.07406091465931999,0.10081551984573403,0.08465412473382747,0.09667981692286742,adequate
qwen25_vl_lingoqa,Qwen2.5-VL-7B,LingoQA,abs_mean_diff,25,26,significant_sdc,264,50,134,130,0.49242424242424243,5.134933114551323e+25,0.07233169959444138,5.863087411281043e+26,0.01664534016341275,0.10414980808716445,1892913250.0945256,1.846927201378069e+26,adequate
qwen25_vl_lingoqa,Qwen2.5-VL-7B,LingoQA,abs_mean_diff,26,27,non_sdc,5906,75,5906,0,0.0,0.12157695643810565,0.11368577879734505,0.04013222352325038,0.09605511925183237,0.1362552830730291,0.11430571699444061,0.12949990980249043,adequate
qwen25_vl_lingoqa,Qwen2.5-VL-7B,LingoQA,abs_mean_diff,26,27,non_significant_sdc,1327,73,1327,0,0.0,0.1260202573764525,0.11953021060017978,0.06807598749366606,0.1000281868932339,0.137548806947359,0.1188480819876119,0.13415985797560567,adequate
qwen25_vl_lingoqa,Qwen2.5-VL-7B,LingoQA,abs_mean_diff,26,27,significant_sdc,264,49,126,138,0.5227272727272727,295680832068.52966,0.21387225556738523,3194449306072.901,0.11090248278700388,0.2607628409655727,0.26826761417651257,1037502775726.7012,adequate
qwen25_vl_lingoqa,Qwen2.5-VL-7B,LingoQA,abs_std_diff,0,1,non_sdc,5906,75,5906,0,0.0,0.07504243210349558,0.07495317804185968,0.0062642821397718125,0.07107689728339513,0.07904515685957102,0.0738040178369838,0.07626304704668689,adequate
qwen25_vl_lingoqa,Qwen2.5-VL-7B,LingoQA,abs_std_diff,0,1,non_significant_sdc,1327,73,1327,0,0.0,0.07403763211393177,0.07413509032792515,0.006108358902646613,0.06901470766119334,0.07799686905410555,0.07259778789657416,0.07542169760637739,adequate
qwen25_vl_lingoqa,Qwen2.5-VL-7B,LingoQA,abs_std_diff,0,1,significant_sdc,264,67,216,48,0.18181818181818177,9.28318640304605e+31,0.012419477941430345,1.341847432728154e+33,0.010152683840418349,0.06332955899692717,8.688050954188343e+28,3.280861242422982e+32,adequate
qwen25_vl_lingoqa,Qwen2.5-VL-7B,LingoQA,abs_std_diff,1,2,non_sdc,5906,75,5906,0,0.0,0.026378364324859647,0.026304910935106732,0.004967486149654682,0.022584022333224613,0.029876940780215792,0.02540530271887134,0.027394679823308277,adequate
qwen25_vl_lingoqa,Qwen2.5-VL-7B,LingoQA,abs_std_diff,1,2,non_significant_sdc,1327,73,1327,0,0.0,0.027228992479610036,0.027785080174605053,0.004548641472792233,0.023484438853828532,0.030428843278633922,0.02615831128854989,0.028275079241206837,adequate
qwen25_vl_lingoqa,Qwen2.5-VL-7B,LingoQA,abs_std_diff,1,2,significant_sdc,264,66,214,50,0.18939393939393945,8.897646339398473e+29,0.02246609322574674,1.3016134457486353e+31,0.01955532674126479,0.02612199102129255,0.02362033606072319,3.1559607457976906e+30,adequate
qwen25_vl_lingoqa,Qwen2.5-VL-7B,LingoQA,abs_std_diff,2,3,non_sdc,5906,75,5906,0,0.0,0.02426165055808589,0.023719075322151183,0.004659680165336836,0.021120178310767464,0.026832895619528636,0.023440489087777995,0.025149401724774006,adequate
qwen25_vl_lingoqa,Qwen2.5-VL-7B,LingoQA,abs_std_diff,2,3,non_significant_sdc,1327,73,1327,0,0.0,0.02408217821172768,0.024256818706081026,0.004303328178439783,0.020970849271275495,0.02683457935398275,0.023279797025543725,0.02489196481186393,adequate
qwen25_vl_lingoqa,Qwen2.5-VL-7B,LingoQA,abs_std_diff,2,3,significant_sdc,264,67,212,52,0.19696969696969702,4.6112256817738815e+28,0.07625011826048092,5.903188980285668e+29,0.027115691763659317,0.08143548735854576,0.06171802730470035,1.4801096715709557e+29,adequate
qwen25_vl_lingoqa,Qwen2.5-VL-7B,LingoQA,abs_std_diff,3,4,non_sdc,5906,75,5906,0,0.0,0.03720459914569173,0.03721555057454874,0.008094530142200481,0.03176698644454472,0.042290423065423965,0.03563906464035308,0.03876740332358764,adequate
qwen25_vl_lingoqa,Qwen2.5-VL-7B,LingoQA,abs_std_diff,3,4,non_significant_sdc,1327,73,1327,0,0.0,0.03760239119318209,0.03628799720452382,0.01064361370832256,0.031092472109529708,0.04260216501755116,0.03576038743050046,0.03951806043638341,adequate
qwen25_vl_lingoqa,Qwen2.5-VL-7B,LingoQA,abs_std_diff,3,4,significant_sdc,264,67,209,55,0.20833333333333337,2.174929293211655e+29,0.0353031082420933,3.143670433724642e+30,0.032046456776914145,0.03922926969065958,0.03790706528944377,7.618900922238079e+29,adequate
qwen25_vl_lingoqa,Qwen2.5-VL-7B,LingoQA,abs_std_diff,4,5,non_sdc,5906,75,5906,0,0.0,0.038840739969801745,0.03848821533953442,0.007254428951374111,0.033871503174304964,0.04315468898186317,0.03752947023031193,0.04022617995423101,adequate
qwen25_vl_lingoqa,Qwen2.5-VL-7B,LingoQA,abs_std_diff,4,5,non_significant_sdc,1327,73,1327,0,0.0,0.03918662098568972,0.03879112154245377,0.007947364791369614,0.03352884369699852,0.04336642044492894,0.03764499102057686,0.040688657880037976,adequate
qwen25_vl_lingoqa,Qwen2.5-VL-7B,LingoQA,abs_std_diff,4,5,significant_sdc,264,67,205,59,0.2234848484848485,4.602764305890931e+30,0.03388625565840273,4.0109420232611577e+31,0.02931422086394563,0.04376006821791331,1.8087700878756856e+29,1.1508213725121035e+31,adequate
qwen25_vl_lingoqa,Qwen2.5-VL-7B,LingoQA,abs_std_diff,5,6,non_sdc,5906,75,5906,0,0.0,0.026542860907803122,0.02546907180831546,0.006416082771600565,0.02212118258078893,0.030128838585598484,0.025413346799706475,0.027735846042118352,adequate
qwen25_vl_lingoqa,Qwen2.5-VL-7B,LingoQA,abs_std_diff,5,6,non_significant_sdc,1327,73,1327,0,0.0,0.02699744538465272,0.026174832549360063,0.014167375673636922,0.023190752736159732,0.02983366558328271,0.025940609270039654,0.02809658682053811,adequate
qwen25_vl_lingoqa,Qwen2.5-VL-7B,LingoQA,abs_std_diff,5,6,significant_sdc,264,67,202,62,0.23484848484848486,2.569925791541013e+30,0.04334837684825975,3.6525508236759626e+31,0.026474936656197726,0.049817100091248144,0.03927425907203202,9.002820132583076e+30,adequate
qwen25_vl_lingoqa,Qwen2.5-VL-7B,LingoQA,abs_std_diff,6,7,non_sdc,5906,75,5906,0,0.0,0.02950926336421931,0.028966016446550686,0.006684042635246358,0.02536664375414451,0.03284698641962475,0.028443098581156883,0.030551477070355795,adequate
qwen25_vl_lingoqa,Qwen2.5-VL-7B,LingoQA,abs_std_diff,6,7,non_significant_sdc,1327,73,1327,0,0.0,0.030572315953495098,0.030065944926305252,0.011306451914492477,0.02594725728034973,0.03367248505323077,0.029244382400355668,0.03202464512010642,adequate
qwen25_vl_lingoqa,Qwen2.5-VL-7B,LingoQA,abs_std_diff,6,7,significant_sdc,264,66,204,60,0.2272727272727273,1.3760706151714594e+30,0.029040407997613052,1.3892267288830974e+31,0.02642302975362661,0.03344922810792923,0.032633641141319863,3.645232965195213e+30,adequate
qwen25_vl_lingoqa,Qwen2.5-VL-7B,LingoQA,abs_std_diff,7,8,non_sdc,5906,75,5906,0,0.0,0.03831645751838371,0.036405800117386714,0.011031072349610946,0.029995061457157135,0.04556632828381327,0.03617586608578176,0.040600251065443516,adequate
qwen25_vl_lingoqa,Qwen2.5-VL-7B,LingoQA,abs_std_diff,7,8,non_significant_sdc,1327,73,1327,0,0.0,0.03715763247128505,0.034787628267492564,0.011206689089025439,0.029387491196393965,0.043997299075126645,0.03515588520635312,0.03933194718067691,adequate
qwen25_vl_lingoqa,Qwen2.5-VL-7B,LingoQA,abs_std_diff,7,8,significant_sdc,264,63,197,67,0.2537878787878788,6.990955773548028e+29,0.11822514038304893,6.148016139088934e+30,0.04996815186982252,0.12930696335982303,4.0749178573259915e+28,1.7420848931202529e+30,adequate
qwen25_vl_lingoqa,Qwen2.5-VL-7B,LingoQA,abs_std_diff,8,9,non_sdc,5906,75,5906,0,0.0,0.03910552839673864,0.0390468195957296,0.008370155754801906,0.03293644497641409,0.04462775670819812,0.037596677642386306,0.04058621554996047,adequate
qwen25_vl_lingoqa,Qwen2.5-VL-7B,LingoQA,abs_std_diff,8,9,non_significant_sdc,1327,73,1327,0,0.0,0.03846370869060146,0.03808885900413289,0.009336439751118152,0.03079657879872964,0.045385904508558186,0.03639622974688498,0.04056752389209326,adequate
qwen25_vl_lingoqa,Qwen2.5-VL-7B,LingoQA,abs_std_diff,8,9,significant_sdc,264,61,190,74,0.2803030303030303,1.3722423324741388e+31,0.0985984083036987,1.3363052167191303e+32,0.04762877301258199,0.11010859564554934,0.09163975381858885,3.7646944356382296e+31,adequate
qwen25_vl_lingoqa,Qwen2.5-VL-7B,LingoQA,abs_std_diff,9,10,non_sdc,5906,75,5906,0,0.0,0.03888948656641199,0.03699929620090284,0.01171826744996958,0.029664990149046246,0.04512962292541157,0.03669883925310083,0.04125578287340241,adequate
qwen25_vl_lingoqa,Qwen2.5-VL-7B,LingoQA,abs_std_diff,9,10,non_significant_sdc,1327,73,1327,0,0.0,0.03925098969311923,0.036170899868011475,0.012054680576896104,0.030198175004786915,0.04492573440074921,0.03647369269401408,0.04248575109687726,adequate
qwen25_vl_lingoqa,Qwen2.5-VL-7B,LingoQA,abs_std_diff,9,10,significant_sdc,264,60,186,78,0.2954545454545454,1.0597459709960036e+31,0.0377937116681185,1.4452959700716201e+32,0.034330541610109566,0.04378732258365268,0.05064733639921523,3.6958558663537954e+31,adequate
qwen25_vl_lingoqa,Qwen2.5-VL-7B,LingoQA,abs_std_diff,10,11,non_sdc,5906,75,5906,0,0.0,0.034270947702943755,0.03269666502873103,0.010885864288564886,0.026841149999476645,0.041134670169817075,0.03219866665315987,0.036405891234387026,adequate
qwen25_vl_lingoqa,Qwen2.5-VL-7B,LingoQA,abs_std_diff,10,11,non_significant_sdc,1327,73,1327,0,0.0,0.03429719318963316,0.032654197088309696,0.011013163664768242,0.026247639674693346,0.04022486028926713,0.03216546449370882,0.036647910957795744,adequate
qwen25_vl_lingoqa,Qwen2.5-VL-7B,LingoQA,abs_std_diff,10,11,significant_sdc,264,59,184,80,0.303030303030303,1.444088906248256e+30,0.15175928327502036,1.9588574974292241e+31,0.036993138884243215,0.16314388553098758,0.09753529936705614,5.159463276692798e+30,adequate
qwen25_vl_lingoqa,Qwen2.5-VL-7B,LingoQA,abs_std_diff,11,12,non_sdc,5906,75,5906,0,0.0,0.03091745264636135,0.029661704268720415,0.008749816545409125,0.024911985190018367,0.0353061243891716,0.02922278102639012,0.032703703376905834,adequate
qwen25_vl_lingoqa,Qwen2.5-VL-7B,LingoQA,abs_std_diff,11,12,non_significant_sdc,1327,73,1327,0,0.0,0.030748001570941555,0.030310994812420437,0.00719769031721757,0.026233762178732002,0.03454508332717687,0.029446207570203844,0.03206530374190374,adequate
qwen25_vl_lingoqa,Qwen2.5-VL-7B,LingoQA,abs_std_diff,11,12,significant_sdc,264,60,180,84,0.31818181818181823,2.85320480563719e+30,0.0451617139030476,3.827975939480299e+31,0.030296281807952456,0.05060443639451143,0.05282348721544096,1.0136385493711069e+31,adequate
qwen25_vl_lingoqa,Qwen2.5-VL-7B,LingoQA,abs_std_diff,12,13,non_sdc,5906,75,5906,0,0.0,0.042841357730088556,0.04005524464974217,0.01669196127210686,0.030453042342112616,0.052137559093534944,0.039490979786771956,0.046503387838683845,adequate
qwen25_vl_lingoqa,Qwen2.5-VL-7B,LingoQA,abs_std_diff,12,13,non_significant_sdc,1327,73,1327,0,0.0,0.04171415807485154,0.03782877588973326,0.016860485035309958,0.029426713287830353,0.05010675061080191,0.03789535638857632,0.0459066187352408,adequate
qwen25_vl_lingoqa,Qwen2.5-VL-7B,LingoQA,abs_std_diff,12,13,significant_sdc,264,59,173,91,0.3446969696969697,6.428731869587191e+30,0.11165976189837164,8.2423370775361e+31,0.04191264823863381,0.1339170619541285,1.7125374237258285e+27,2.2469031891808787e+31,adequate
qwen25_vl_lingoqa,Qwen2.5-VL-7B,LingoQA,abs_std_diff,13,14,non_sdc,5906,75,5906,0,0.0,0.03882395462420082,0.03705676170120462,0.012404572705677817,0.031011594628745857,0.04408077336847782,0.036502634222691295,0.041326037480416765,adequate
qwen25_vl_lingoqa,Qwen2.5-VL-7B,LingoQA,abs_std_diff,13,14,non_significant_sdc,1327,73,1327,0,0.0,0.038751850647867535,0.03764509612863714,0.0139233156388461,0.029869001772668626,0.04401604257720081,0.03630501261214156,0.04153715132143833,adequate
qwen25_vl_lingoqa,Qwen2.5-VL-7B,LingoQA,abs_std_diff,13,14,significant_sdc,264,58,168,96,0.36363636363636365,8.98283129828101e+29,0.05631319387834899,1.164308007634033e+31,0.03829879033701872,0.06436003881449602,0.06039138864502139,3.1439909543983534e+30,adequate
qwen25_vl_lingoqa,Qwen2.5-VL-7B,LingoQA,abs_std_diff,14,15,non_sdc,5906,75,5906,0,0.0,0.0362377458761799,0.035020301739374794,0.011422032448569184,0.028301055676170757,0.04183666923871407,0.034120582664122635,0.0384872625230674,adequate
qwen25_vl_lingoqa,Qwen2.5-VL-7B,LingoQA,abs_std_diff,14,15,non_significant_sdc,1327,73,1327,0,0.0,0.038085141460714185,0.03589056763384077,0.013688752783959392,0.029771409618357815,0.043947111051529646,0.03495588806914919,0.04142757703277829,adequate
qwen25_vl_lingoqa,Qwen2.5-VL-7B,LingoQA,abs_std_diff,14,15,significant_sdc,264,58,172,92,0.3484848484848485,3.873932739472988e+28,0.040280715999554614,4.2638585439514814e+29,0.030776562739391715,0.08954274084190933,0.08630923679485837,1.160283238975976e+29,adequate
qwen25_vl_lingoqa,Qwen2.5-VL-7B,LingoQA,abs_std_diff,15,16,non_sdc,5906,75,5906,0,0.0,0.041829504626571264,0.03974996227771044,0.012736221022637696,0.03262940507668715,0.0490834392607212,0.039579160355145644,0.04405613550099045,adequate
qwen25_vl_lingoqa,Qwen2.5-VL-7B,LingoQA,abs_std_diff,15,16,non_significant_sdc,1327,73,1327,0,0.0,0.04183409391486592,0.0389410224225786,0.012609598265320631,0.03295136544676054,0.04858585010709055,0.03941889968899375,0.04438940038879019,adequate
qwen25_vl_lingoqa,Qwen2.5-VL-7B,LingoQA,abs_std_diff,15,16,significant_sdc,264,57,169,95,0.35984848484848486,125967184108949.83,0.08919066129898538,1615468173332917.8,0.04881737852583126,0.11572166851588658,0.0951842880629755,452072224604207.8,adequate
qwen25_vl_lingoqa,Qwen2.5-VL-7B,LingoQA,abs_std_diff,16,17,non_sdc,5906,75,5906,0,0.0,0.040903447899461085,0.040835075577100116,0.010879620819202131,0.03282488959043153,0.04807178702737604,0.03896267027832052,0.04282692081709881,adequate
qwen25_vl_lingoqa,Qwen2.5-VL-7B,LingoQA,abs_std_diff,16,17,non_significant_sdc,1327,73,1327,0,0.0,0.04144798573239185,0.04020883267124494,0.011288590493072166,0.0332999983254601,0.04840777398875126,0.038981604010308916,0.0439180798110232,adequate
qwen25_vl_lingoqa,Qwen2.5-VL-7B,LingoQA,abs_std_diff,16,17,significant_sdc,264,57,169,95,0.35984848484848486,125967184108949.8,0.054587971495122324,1615468173332917.8,0.046155374301107305,0.1078292727470398,0.08576096603237994,441538965017209.3,adequate
qwen25_vl_lingoqa,Qwen2.5-VL-7B,LingoQA,abs_std_diff,17,18,non_sdc,5906,75,5906,0,0.0,0.06883584891091096,0.06867740437802342,0.022271618538147703,0.05349475683437453,0.08137472379174862,0.06422548791897635,0.07375704622940815,adequate
qwen25_vl_lingoqa,Qwen2.5-VL-7B,LingoQA,abs_std_diff,17,18,non_significant_sdc,1327,73,1327,0,0.0,0.07073104601214603,0.07076103799045086,0.017708981814467617,0.059946287837293416,0.08087034726684744,0.06690957361723376,0.07471267709418773,adequate
qwen25_vl_lingoqa,Qwen2.5-VL-7B,LingoQA,abs_std_diff,17,18,significant_sdc,264,57,166,98,0.3712121212121212,3.978093001119051e+30,0.08059448175705397,3.6201757106133375e+31,0.06270847509582111,0.19315122900416656,0.13052922611898218,1.07274268066453e+31,adequate
qwen25_vl_lingoqa,Qwen2.5-VL-7B,LingoQA,abs_std_diff,18,19,non_sdc,5906,75,5906,0,0.0,0.07939892117071239,0.0779942704571618,0.026030397976959704,0.05848862727483113,0.09674678444862367,0.07455426346867097,0.08427355640546384,adequate
qwen25_vl_lingoqa,Qwen2.5-VL-7B,LingoQA,abs_std_diff,18,19,non_significant_sdc,1327,73,1327,0,0.0,0.08036813057905032,0.07802171661303593,0.027843610382025465,0.06053402381283896,0.0968297764658928,0.07395208103532798,0.08742305603975707,adequate
qwen25_vl_lingoqa,Qwen2.5-VL-7B,LingoQA,abs_std_diff,18,19,significant_sdc,264,57,161,103,0.39015151515151514,1.619948537274368e+29,0.15823026335969262,2.0510105181821166e+30,0.08246211444630343,0.22198935917445592,0.15557847179065004,5.6606377780943516e+29,adequate
qwen25_vl_lingoqa,Qwen2.5-VL-7B,LingoQA,abs_std_diff,19,20,non_sdc,5906,75,5906,0,0.0,0.0814611553658694,0.07982553541660309,0.02947868684670947,0.05850607741337556,0.096764518154992,0.07574030415310787,0.08756506916322215,adequate
qwen25_vl_lingoqa,Qwen2.5-VL-7B,LingoQA,abs_std_diff,19,20,non_significant_sdc,1327,73,1327,0,0.0,0.08907043857463616,0.08746107339859009,0.03454209521759063,0.06829290425185092,0.10681356847286225,0.08169736304176234,0.09621799008122386,adequate
qwen25_vl_lingoqa,Qwen2.5-VL-7B,LingoQA,abs_std_diff,19,20,significant_sdc,264,56,157,107,0.4053030303030303,9.261696720402635e+29,0.1142425975021051,1.1604872728338109e+31,0.08849849445479256,0.14527562260627747,0.12462171244735268,2.76092351601876e+30,adequate
qwen25_vl_lingoqa,Qwen2.5-VL-7B,LingoQA,abs_std_diff,20,21,non_sdc,5906,75,5906,0,0.0,0.12352000694219543,0.119026463975509,0.03240497613605794,0.09957878800729911,0.1417991070468959,0.11786868703391362,0.12985055712325336,adequate
qwen25_vl_lingoqa,Qwen2.5-VL-7B,LingoQA,abs_std_diff,20,21,non_significant_sdc,1327,73,1327,0,0.0,0.12676222609805998,0.12127182218763563,0.033934570747344926,0.10099955902180888,0.14913395792245865,0.11929643647986717,0.13434537551290707,adequate
qwen25_vl_lingoqa,Qwen2.5-VL-7B,LingoQA,abs_std_diff,20,21,significant_sdc,264,54,154,110,0.41666666666666663,2379537379935222.0,0.24810656433810993,2.952928231343179e+16,0.13257407357818202,0.3240389368515842,0.20336053245701446,8204076638284124.0,adequate
qwen25_vl_lingoqa,Qwen2.5-VL-7B,LingoQA,abs_std_diff,21,22,non_sdc,5906,75,5906,0,0.0,0.1255492664859002,0.1147313117980957,0.04938065520165076,0.08750003677877513,0.15578097877043642,0.11600704459353653,0.13525164431959547,adequate
qwen25_vl_lingoqa,Qwen2.5-VL-7B,LingoQA,abs_std_diff,21,22,non_significant_sdc,1327,73,1327,0,0.0,0.12281807524798043,0.11204784115155537,0.051028898385699725,0.08700490685609671,0.14529956310987474,0.11199623055603246,0.13551849841949828,adequate
qwen25_vl_lingoqa,Qwen2.5-VL-7B,LingoQA,abs_std_diff,21,22,significant_sdc,264,53,152,112,0.4242424242424242,3.885486499973925e+29,0.2451692215946256,4.790349477757206e+30,0.1666953332722187,0.4722045091341953,0.29121644249016987,1.384204565615702e+30,adequate
qwen25_vl_lingoqa,Qwen2.5-VL-7B,LingoQA,abs_std_diff,22,23,non_sdc,5906,75,5906,0,0.0,0.1388010845924206,0.13301226407544225,0.03946923115143384,0.1112026244853482,0.16749947658483533,0.13163159466644234,0.14635766028078603,adequate
qwen25_vl_lingoqa,Qwen2.5-VL-7B,LingoQA,abs_std_diff,22,23,non_significant_sdc,1327,73,1327,0,0.0,0.1460477816325048,0.14394037259949577,0.039046544270339885,0.11654419025294802,0.17040497582891712,0.13722541753622824,0.1558514821353852,adequate
qwen25_vl_lingoqa,Qwen2.5-VL-7B,LingoQA,abs_std_diff,22,23,significant_sdc,264,52,147,117,0.44318181818181823,1.1532267050422087e+31,0.1446266770362854,1.3982130720448474e+32,0.11333514800688035,0.23845068289309132,14.902482083398635,4.101394975190435e+31,adequate
qwen25_vl_lingoqa,Qwen2.5-VL-7B,LingoQA,abs_std_diff,23,24,non_sdc,5906,75,5906,0,0.0,0.12774051427507233,0.1233656590103138,0.03929052324927539,0.09944408847128644,0.15368071714272866,0.12022186573264818,0.1355646190780859,adequate
qwen25_vl_lingoqa,Qwen2.5-VL-7B,LingoQA,abs_std_diff,23,24,non_significant_sdc,1327,73,1327,0,0.0,0.13084037869791829,0.12452989419301351,0.038442877919080375,0.10240568965673447,0.15236428690453369,0.12290177058922586,0.1389907539274854,adequate
qwen25_vl_lingoqa,Qwen2.5-VL-7B,LingoQA,abs_std_diff,23,24,significant_sdc,264,52,144,120,0.4545454545454546,1113024790801.7896,0.11002826690673828,9598719519137.004,0.07439721923093406,0.3136129844553617,227.28679937696944,3121721274779.844,adequate
qwen25_vl_lingoqa,Qwen2.5-VL-7B,LingoQA,abs_std_diff,24,25,non_sdc,5906,75,5906,0,0.0,0.17138575332277747,0.17605573796864712,0.05424579308034785,0.12984400428831577,0.20401754763488678,0.16014978996782575,0.18251686387479535,adequate
qwen25_vl_lingoqa,Qwen2.5-VL-7B,LingoQA,abs_std_diff,24,25,non_significant_sdc,1327,73,1327,0,0.0,0.17644195662814655,0.17708033720652264,0.052207511870898934,0.14293001426590812,0.20852298015662332,0.16463454114675344,0.1887908844175386,adequate
qwen25_vl_lingoqa,Qwen2.5-VL-7B,LingoQA,abs_std_diff,24,25,significant_sdc,264,50,139,125,0.4734848484848485,801384264640.5267,0.19713270001941258,8433150732780.612,0.03675100572255193,0.28225698580547254,10650234580.354246,2579744238970.581,adequate
qwen25_vl_lingoqa,Qwen2.5-VL-7B,LingoQA,abs_std_diff,25,26,non_sdc,5906,75,5906,0,0.0,0.17234121101205335,0.1636282242834568,0.06331803303867799,0.12332055121660233,0.20925708802491888,0.16008095793520427,0.18533463863756044,adequate
qwen25_vl_lingoqa,Qwen2.5-VL-7B,LingoQA,abs_std_diff,25,26,non_significant_sdc,1327,73,1327,0,0.0,0.17700718180387964,0.16105108708143234,0.08803852698629788,0.12916641185681024,0.21557592528597747,0.1636236300691392,0.19144371174549507,adequate
qwen25_vl_lingoqa,Qwen2.5-VL-7B,LingoQA,abs_std_diff,25,26,significant_sdc,264,50,134,130,0.49242424242424243,7.907516084480796e+26,0.3389721052784498,9.043718830280528e+27,0.1389075294137001,0.4119065011642417,11540644494.186417,2.8296908964276736e+27,adequate
qwen25_vl_lingoqa,Qwen2.5-VL-7B,LingoQA,abs_std_diff,26,27,non_sdc,5906,75,5906,0,0.0,0.3127405714288579,0.29541260786730833,0.1269617768316089,0.22397365123033525,0.39191396421745045,0.28893823237452,0.3381823174127808,adequate
qwen25_vl_lingoqa,Qwen2.5-VL-7B,LingoQA,abs_std_diff,26,27,non_significant_sdc,1327,73,1327,0,0.0,0.3424212893114905,0.33496055338117814,0.14743290048066887,0.2545894384384155,0.4021232823219419,0.3208585452016607,0.3641834099536782,adequate
qwen25_vl_lingoqa,Qwen2.5-VL-7B,LingoQA,abs_std_diff,26,27,significant_sdc,264,49,126,138,0.5227272727272727,1613751788460.2727,0.5732786363484907,15880166171000.092,0.3508316760971433,2.033113944287203,1.3012514828585382,5429149110991.858,adequate
qwen25_vl_lingoqa,Qwen2.5-VL-7B,LingoQA,l2_distance,0,1,non_sdc,5906,75,5906,0,0.0,0.9235625070672921,0.9211961030960083,0.060282256127416646,0.8823362092177073,0.9559782712573284,0.9119929075138616,0.9349632582201914,adequate
qwen25_vl_lingoqa,Qwen2.5-VL-7B,LingoQA,l2_distance,0,1,non_significant_sdc,1327,73,1327,0,0.0,0.9304982848242245,0.923532950250726,0.05714418511446906,0.883164750205146,0.9654086861345503,0.9175369691085877,0.9440476118673947,adequate
qwen25_vl_lingoqa,Qwen2.5-VL-7B,LingoQA,l2_distance,0,1,significant_sdc,264,66,212,52,0.19696969696969702,1.3428373008876155,1.4811533519199918,0.2606796754821541,1.0505015929539998,1.4989295629214268,1.2637225786209811,1.4423088166938154,adequate
qwen25_vl_lingoqa,Qwen2.5-VL-7B,LingoQA,l2_distance,1,2,non_sdc,5906,75,5906,0,0.0,0.690502812760547,0.6817221215793065,0.07248005556975196,0.6351435694307787,0.7364565039935865,0.6764366955005124,0.7050607752722071,adequate
qwen25_vl_lingoqa,Qwen2.5-VL-7B,LingoQA,l2_distance,1,2,non_significant_sdc,1327,73,1327,0,0.0,0.7026265074142839,0.6964804515952155,0.07039805942900884,0.651675277522632,0.742566897582851,0.6860278167486633,0.719713382900888,adequate
qwen25_vl_lingoqa,Qwen2.5-VL-7B,LingoQA,l2_distance,1,2,significant_sdc,264,66,213,51,0.19318181818181823,1.471050576522891,1.739288670676095,0.4591663640017748,0.8249966541926066,1.7703843116760254,1.3372388534241078,1.636952330979817,adequate
qwen25_vl_lingoqa,Qwen2.5-VL-7B,LingoQA,l2_distance,2,3,non_sdc,5906,75,5906,0,0.0,0.8654497667208009,0.8598927727767399,0.11271838867010338,0.8048102185130119,0.9321136858902479,0.8429807117053235,0.8875917656828554,adequate
qwen25_vl_lingoqa,Qwen2.5-VL-7B,LingoQA,l2_distance,2,3,non_significant_sdc,1327,73,1327,0,0.0,0.8848886913251313,0.8832060382479713,0.0963633269557809,0.8189937880505687,0.9384791973759146,0.8636860861859158,0.9074267470118295,adequate
qwen25_vl_lingoqa,Qwen2.5-VL-7B,LingoQA,l2_distance,2,3,significant_sdc,264,67,209,55,0.20833333333333337,1.6360430202216543,1.8784797276769365,0.4501239161055476,1.0789409399032592,1.9071657134562123,1.4958522017220992,1.8169338527600132,adequate
qwen25_vl_lingoqa,Qwen2.5-VL-7B,LingoQA,l2_distance,3,4,non_sdc,5906,75,5906,0,0.0,0.9522115744132879,0.9469251197481913,0.09173997081162914,0.8880980400634664,1.0122330486774445,0.9348042027070452,0.9700501888463363,adequate
qwen25_vl_lingoqa,Qwen2.5-VL-7B,LingoQA,l2_distance,3,4,non_significant_sdc,1327,73,1327,0,0.0,0.9717632475357366,0.9686038970947266,0.11390004733706882,0.8974643259982527,1.0354922000205877,0.9505872507849054,0.9928037512610867,adequate
qwen25_vl_lingoqa,Qwen2.5-VL-7B,LingoQA,l2_distance,3,4,significant_sdc,264,67,206,58,0.21969696969696972,1.7243256927543187,1.9908448281336804,0.4517344790694483,1.1161209658497855,2.025622231619699,1.5847299606256147,1.9020250712534559,adequate
qwen25_vl_lingoqa,Qwen2.5-VL-7B,LingoQA,l2_distance,4,5,non_sdc,5906,75,5906,0,0.0,0.9539017867239747,0.9409405238488141,0.10705556239422329,0.8826566581215177,1.0176578681696864,0.9336683671591498,0.9750340786982067,adequate
qwen25_vl_lingoqa,Qwen2.5-VL-7B,LingoQA,l2_distance,4,5,non_significant_sdc,1327,73,1327,0,0.0,0.9814049074178035,0.9643200920975726,0.15917963493667153,0.9087576574749416,1.0295003280680404,0.9562146123742243,1.007481058082967,adequate
qwen25_vl_lingoqa,Qwen2.5-VL-7B,LingoQA,l2_distance,4,5,significant_sdc,264,67,200,64,0.24242424242424243,845177244851.7701,2.029064838983575,11952611222760.555,1.2236761841036023,2.082012207532416,1.6684056587451883,2498060822218.5107,adequate
qwen25_vl_lingoqa,Qwen2.5-VL-7B,LingoQA,l2_distance,5,6,non_sdc,5906,75,5906,0,0.0,1.1298273048817413,1.113635507069136,0.11615129153835686,1.0573773658476195,1.1890203766756176,1.108227735469686,1.1523119274844373,adequate
qwen25_vl_lingoqa,Qwen2.5-VL-7B,LingoQA,l2_distance,5,6,non_significant_sdc,1327,73,1327,0,0.0,1.1467773908531733,1.1215854400680179,0.23125489867939983,1.0611347746104003,1.2059455141425133,1.1220139148144566,1.172740420046843,adequate
qwen25_vl_lingoqa,Qwen2.5-VL-7B,LingoQA,l2_distance,5,6,significant_sdc,264,67,201,63,0.23863636363636365,840972382937.6915,2.7884621364729747,11922841285568.482,1.3877161771059037,2.8651791981288364,2.2305354036725022,2522917148808.2354,adequate
qwen25_vl_lingoqa,Qwen2.5-VL-7B,LingoQA,l2_distance,6,7,non_sdc,5906,75,5906,0,0.0,1.160487600659114,1.1724237914789808,0.1516257318864458,1.059786966443062,1.2536118916339345,1.130374842906463,1.190759360646665,adequate
qwen25_vl_lingoqa,Qwen2.5-VL-7B,LingoQA,l2_distance,6,7,non_significant_sdc,1327,73,1327,0,0.0,1.2044152393228977,1.1960817575454712,0.2143220229563449,1.1187754878922114,1.283112163648049,1.1749179427029304,1.2346884819879231,adequate
qwen25_vl_lingoqa,Qwen2.5-VL-7B,LingoQA,l2_distance,6,7,significant_sdc,264,66,202,62,0.23484848484848486,1.7324625938073364,1.9078621402078744,0.6910995529048445,1.3357392980174703,1.9471712112426758,1.6308506057830876,1.8406688857106168,adequate
qwen25_vl_lingoqa,Qwen2.5-VL-7B,LingoQA,l2_distance,7,8,non_sdc,5906,75,5906,0,0.0,1.318892549059144,1.3198935216978978,0.18414807440021783,1.2076713666319847,1.4127916518328847,1.281514170248235,1.35615934910817,adequate
qwen25_vl_lingoqa,Qwen2.5-VL-7B,LingoQA,l2_distance,7,8,non_significant_sdc,1327,73,1327,0,0.0,1.343927691808968,1.3314213388495975,0.17685809326708982,1.249978280067444,1.4031570691615343,1.3096988133841514,1.3779647620789577,adequate
qwen25_vl_lingoqa,Qwen2.5-VL-7B,LingoQA,l2_distance,7,8,significant_sdc,264,62,193,71,0.2689393939393939,2.1268373531703317,2.446785131279303,0.8250087501340548,1.4608005239413335,2.569225471846911,1.982553057872005,2.2827547145300247,adequate
qwen25_vl_lingoqa,Qwen2.5-VL-7B,LingoQA,l2_distance,8,9,non_sdc,5906,75,5906,0,0.0,1.5345530068134092,1.529722721953141,0.17798666950741082,1.412545671588496,1.674581591784954,1.497372835587741,1.5722342176450252,adequate
qwen25_vl_lingoqa,Qwen2.5-VL-7B,LingoQA,l2_distance,8,9,non_significant_sdc,1327,73,1327,0,0.0,1.5637989938336538,1.5608749853240118,0.17072579884933695,1.4418914712363888,1.6769754780190331,1.5257213621837928,1.5998932242444004,adequate
qwen25_vl_lingoqa,Qwen2.5-VL-7B,LingoQA,l2_distance,8,9,significant_sdc,264,60,188,76,0.28787878787878785,2.446385672278672,2.7190002932840462,0.8582292371340393,1.6848040606294359,2.851847151104285,2.2655121672826697,2.653971719210088,adequate
qwen25_vl_lingoqa,Qwen2.5-VL-7B,LingoQA,l2_distance,9,10,non_sdc,5906,75,5906,0,0.0,1.440575343344247,1.4318828294674555,0.18104869939652038,1.3199737707773844,1.5521841406822205,1.404296387873788,1.4773495761357294,adequate
qwen25_vl_lingoqa,Qwen2.5-VL-7B,LingoQA,l2_distance,9,10,non_significant_sdc,1327,73,1327,0,0.0,1.4767041782302344,1.4654430563633258,0.15275183178253612,1.3726488143205642,1.5628081389835904,1.444336958233778,1.5097558763537842,adequate
qwen25_vl_lingoqa,Qwen2.5-VL-7B,LingoQA,l2_distance,9,10,significant_sdc,264,59,184,80,0.303030303030303,1.9856535576033034,2.017346064655148,0.5349531881105457,1.7515795562002394,2.1074687096537374,1.9036194852163704,2.07790303698729,adequate
qwen25_vl_lingoqa,Qwen2.5-VL-7B,LingoQA,l2_distance,10,11,non_sdc,5906,75,5906,0,0.0,1.398016301426624,1.3796520233154297,0.18141739493821507,1.2679056034368628,1.5261184136782373,1.3606132094370404,1.4371498699365817,adequate
qwen25_vl_lingoqa,Qwen2.5-VL-7B,LingoQA,l2_distance,10,11,non_significant_sdc,1327,73,1327,0,0.0,1.428945931703603,1.4169288958821977,0.1679119822444102,1.3098837459262036,1.5488896832146026,1.390012183006958,1.4657822307639463,adequate
qwen25_vl_lingoqa,Qwen2.5-VL-7B,LingoQA,l2_distance,10,11,significant_sdc,264,59,183,81,0.30681818181818177,2.485283359637567,2.4081501133587895,0.9307224289859434,1.485348876979616,3.3630771928904006,2.261728508609548,2.765428945757826,adequate
qwen25_vl_lingoqa,Qwen2.5-VL-7B,LingoQA,l2_distance,11,12,non_sdc,5906,75,5906,0,0.0,1.3968297510984107,1.409542212486267,0.19359967982491685,1.2563807597527137,1.5361847737256218,1.3558155674845782,1.4390560965086463,adequate
qwen25_vl_lingoqa,Qwen2.5-VL-7B,LingoQA,l2_distance,11,12,non_significant_sdc,1327,73,1327,0,0.0,1.4317481531711571,1.4312967136502266,0.18026629590263774,1.3074995905160904,1.5469900141744053,1.3880767293666818,1.4762451593895543,adequate
qwen25_vl_lingoqa,Qwen2.5-VL-7B,LingoQA,l2_distance,11,12,significant_sdc,264,60,179,85,0.321969696969697,2.416040891919989,1.9461188437987347,1.008943186615425,1.621977256404029,3.304041635017006,2.2141366306544485,2.6696056815586116,adequate
qwen25_vl_lingoqa,Qwen2.5-VL-7B,LingoQA,l2_distance,12,13,non_sdc,5906,75,5906,0,0.0,1.6005532616858347,1.6112445856134097,0.24368089957502692,1.4120281206236944,1.7469135962034528,1.549011346425026,1.653844241968672,adequate
qwen25_vl_lingoqa,Qwen2.5-VL-7B,LingoQA,l2_distance,12,13,non_significant_sdc,1327,73,1327,0,0.0,1.6497360275433506,1.6523459911346436,0.22341998330799015,1.4963699018254,1.7848773534233504,1.5967185798124974,1.6998892055961112,adequate
qwen25_vl_lingoqa,Qwen2.5-VL-7B,LingoQA,l2_distance,12,13,significant_sdc,264,59,168,96,0.36363636363636365,2.6540389328699563,2.1052054458734943,1.118150983504759,1.7717980300566092,3.779020327694562,2.4338085228687123,2.939907848558952,adequate
qwen25_vl_lingoqa,Qwen2.5-VL-7B,LingoQA,l2_distance,13,14,non_sdc,5906,75,5906,0,0.0,1.5778510842961957,1.5722387409210206,0.2521626438782605,1.3952319602171581,1.7380950901657344,1.5233701810972946,1.6325501056934533,adequate
qwen25_vl_lingoqa,Qwen2.5-VL-7B,LingoQA,l2_distance,13,14,non_significant_sdc,1327,73,1327,0,0.0,1.609576217022288,1.5998084459986006,0.23017188403552125,1.487015827282055,1.735926557470251,1.5587556950794914,1.6596597050383808,adequate
qwen25_vl_lingoqa,Qwen2.5-VL-7B,LingoQA,l2_distance,13,14,significant_sdc,264,58,167,97,0.36742424242424243,2.493436178707968,2.6422571649356765,0.7623372012568554,1.820182758191275,3.020965576171875,2.315072223248358,2.7162041198110636,adequate
qwen25_vl_lingoqa,Qwen2.5-VL-7B,LingoQA,l2_distance,14,15,non_sdc,5906,75,5906,0,0.0,1.6773405347367818,1.678991736471653,0.22411705497875925,1.5497481093520211,1.8079906769774177,1.6313593802824415,1.7234004750722531,adequate
qwen25_vl_lingoqa,Qwen2.5-VL-7B,LingoQA,l2_distance,14,15,non_significant_sdc,1327,73,1327,0,0.0,1.7081426790332481,1.7094307740529378,0.2356033322024103,1.5762186722149925,1.8154822259200247,1.6619478495856568,1.755529639145673,adequate
qwen25_vl_lingoqa,Qwen2.5-VL-7B,LingoQA,l2_distance,14,15,significant_sdc,264,58,170,94,0.3560606060606061,2.580754107476891,2.8247110344925703,0.811109638472805,1.8434181875652738,3.031418206740399,2.3944395166611336,2.7966977308225114,adequate
qwen25_vl_lingoqa,Qwen2.5-VL-7B,LingoQA,l2_distance,15,16,non_sdc,5906,75,5906,0,0.0,1.6769025460029003,1.6752146255402338,0.23950512099302418,1.5294559422661276,1.8106223121285439,1.629383811914752,1.7266611788825834,adequate
qwen25_vl_lingoqa,Qwen2.5-VL-7B,LingoQA,l2_distance,15,16,non_significant_sdc,1327,73,1327,0,0.0,1.709868265222703,1.7152841422292922,0.2313116180002138,1.566958681813308,1.838655816472095,1.6654542642911934,1.7518929901291451,adequate
qwen25_vl_lingoqa,Qwen2.5-VL-7B,LingoQA,l2_distance,15,16,significant_sdc,264,57,169,95,0.35984848484848486,1012188009467102.5,2.471202704371238,1.2980642497795172e+16,1.7380861043930054,2.7664277115646674,2.3069096305327736,3642005703887880.5,adequate
qwen25_vl_lingoqa,Qwen2.5-VL-7B,LingoQA,l2_distance,16,17,non_sdc,5906,75,5906,0,0.0,1.7415619566070095,1.7389144822955132,0.2179489129205857,1.6107449997748646,1.837537709209654,1.6984193036781456,1.7858978390750473,adequate
qwen25_vl_lingoqa,Qwen2.5-VL-7B,LingoQA,l2_distance,16,17,non_significant_sdc,1327,73,1327,0,0.0,1.767351601272915,1.7618792454401653,0.21003873772008014,1.6216345179947398,1.8815003380630957,1.7229447126214386,1.8118455587453937,adequate
qwen25_vl_lingoqa,Qwen2.5-VL-7B,LingoQA,l2_distance,16,17,significant_sdc,264,57,169,95,0.35984848484848486,1012188009467102.9,2.518209929368934,1.2980642497795172e+16,1.8866740465164185,3.5846540927886963,2.623116678081752,3475476562045447.5,adequate
qwen25_vl_lingoqa,Qwen2.5-VL-7B,LingoQA,l2_distance,17,18,non_sdc,5906,75,5906,0,0.0,2.2413755393592383,2.2553335513387407,0.2880922531501298,2.0709038603764314,2.415460463506835,2.180838453025915,2.30082257811763,adequate
qwen25_vl_lingoqa,Qwen2.5-VL-7B,LingoQA,l2_distance,17,18,non_significant_sdc,1327,73,1327,0,0.0,2.3054784264852604,2.3478365697358785,0.23830586979029642,2.1825842951473438,2.440208901078212,2.2501928190066547,2.354293674940074,adequate
qwen25_vl_lingoqa,Qwen2.5-VL-7B,LingoQA,l2_distance,17,18,significant_sdc,264,57,164,100,0.3787878787878788,3.151351090667997,3.122618614410867,2.0033190083189925,2.4485823526268913,3.2757954293367817,2.871818126099014,3.559194064485165,adequate
qwen25_vl_lingoqa,Qwen2.5-VL-7B,LingoQA,l2_distance,18,19,non_sdc,5906,75,5906,0,0.0,2.689636513173738,2.7361455158713985,0.35208998506113576,2.5516425322918663,2.8851147505144277,2.6149252755338668,2.764143255934693,adequate
qwen25_vl_lingoqa,Qwen2.5-VL-7B,LingoQA,l2_distance,18,19,non_significant_sdc,1327,73,1327,0,0.0,2.759409995811508,2.783837668597698,0.29599224186409284,2.639630099137624,2.91910108214333,2.6879694887911816,2.8259819719878956,adequate
qwen25_vl_lingoqa,Qwen2.5-VL-7B,LingoQA,l2_distance,18,19,significant_sdc,264,57,158,106,0.4015151515151515,3.852071676687845,3.544153348827849,1.7401869749261645,3.0446320174693486,4.527654549297021,3.5868544851261306,4.248186839688432,adequate
qwen25_vl_lingoqa,Qwen2.5-VL-7B,LingoQA,l2_distance,19,20,non_sdc,5906,75,5906,0,0.0,2.5646581193395215,2.59553072684341,0.3950213991825151,2.3528118911114606,2.77443249921004,2.4792050336985354,2.648241902383541,adequate
qwen25_vl_lingoqa,Qwen2.5-VL-7B,LingoQA,l2_distance,19,20,non_significant_sdc,1327,73,1327,0,0.0,2.6381778258582247,2.655134566128254,0.39000165709171125,2.447233132262161,2.825747186607785,2.5497477668328057,2.7204681293500905,adequate
qwen25_vl_lingoqa,Qwen2.5-VL-7B,LingoQA,l2_distance,19,20,significant_sdc,264,56,156,108,0.40909090909090906,295.3496389143895,3.2224021472087525,3646.6774788813486,2.9084315527053106,3.3671957765306746,3.2153561489478615,993.7102192993367,adequate
qwen25_vl_lingoqa,Qwen2.5-VL-7B,LingoQA,l2_distance,20,21,non_sdc,5906,75,5906,0,0.0,3.444726585376931,3.5014504457965043,0.4723217645886511,3.198409552083296,3.779126402578856,3.3453112873384967,3.543958068623017,adequate
qwen25_vl_lingoqa,Qwen2.5-VL-7B,LingoQA,l2_distance,20,21,non_significant_sdc,1327,73,1327,0,0.0,3.5488304294517516,3.543589102594476,0.4383858337156649,3.329181181059943,3.78679132938385,3.4444923960087572,3.6478707253326,adequate
qwen25_vl_lingoqa,Qwen2.5-VL-7B,LingoQA,l2_distance,20,21,significant_sdc,264,54,154,110,0.41666666666666663,1.7511336417978146e+16,3.997076873876611,2.1730997005225955e+17,3.8810772506558164,5.50889270159663,4.355745971876638,6.060102940154234e+16,adequate
qwen25_vl_lingoqa,Qwen2.5-VL-7B,LingoQA,l2_distance,21,22,non_sdc,5906,75,5906,0,0.0,3.4381197177509413,3.4546610335508983,0.6598475323915229,3.0075871852728038,3.881207505025362,3.298244343444555,3.5771758503613422,adequate
qwen25_vl_lingoqa,Qwen2.5-VL-7B,LingoQA,l2_distance,21,22,non_significant_sdc,1327,73,1327,0,0.0,3.447948626126445,3.406420048545389,0.5948680688338089,3.0309096395969393,3.817969501018524,3.309043726574565,3.5933299543987296,adequate
qwen25_vl_lingoqa,Qwen2.5-VL-7B,LingoQA,l2_distance,21,22,significant_sdc,264,52,151,113,0.428030303030303,1.7860460694297882e+16,4.168349207664023,2.194579623258464e+17,3.85224120227658,8.152333909151505,5.212799487506065,6.176037810655197e+16,adequate
qwen25_vl_lingoqa,Qwen2.5-VL-7B,LingoQA,l2_distance,22,23,non_sdc,5906,75,5906,0,0.0,4.025327070099881,4.051646934856068,0.5775421724064146,3.7302888664934373,4.375030501021279,3.9053721123726195,4.146744166105455,adequate
qwen25_vl_lingoqa,Qwen2.5-VL-7B,LingoQA,l2_distance,22,23,non_significant_sdc,1327,73,1327,0,0.0,4.1016507164697655,4.083107789357503,0.4925061510229112,3.8298965252013435,4.360332461318585,3.981749354779801,4.2203221772823225,adequate
qwen25_vl_lingoqa,Qwen2.5-VL-7B,LingoQA,l2_distance,22,23,significant_sdc,264,52,146,118,0.446969696969697,4517367009192.45,5.158666299313915,42112561843427.57,4.212530364795606,8.24576218274175,5.81580861000713,13912486147585.412,adequate
qwen25_vl_lingoqa,Qwen2.5-VL-7B,LingoQA,l2_distance,23,24,non_sdc,5906,75,5906,0,0.0,3.8725217523815467,3.9535736220223563,0.5269842299411401,3.52493736313449,4.216739679473678,3.762471880043406,3.9787458889922167,adequate
qwen25_vl_lingoqa,Qwen2.5-VL-7B,LingoQA,l2_distance,23,24,non_significant_sdc,1327,73,1327,0,0.0,3.977938007168622,3.946484989590115,0.47771546374642526,3.7099718317389487,4.247170806705178,3.8766150055009074,4.078855969642392,adequate
qwen25_vl_lingoqa,Qwen2.5-VL-7B,LingoQA,l2_distance,23,24,significant_sdc,264,52,144,120,0.4545454545454546,8972782357681.71,3.793001890182495,77485896409184.81,3.64182002082163,7.908319779804774,1772.9505927118907,25250710890630.934,adequate
qwen25_vl_lingoqa,Qwen2.5-VL-7B,LingoQA,l2_distance,24,25,non_sdc,5906,75,5906,0,0.0,4.542800608497831,4.635805877468043,0.6839071186713507,4.22699109175139,5.027533475770599,4.3931959916215755,4.680906073882455,adequate
qwen25_vl_lingoqa,Qwen2.5-VL-7B,LingoQA,l2_distance,24,25,non_significant_sdc,1327,73,1327,0,0.0,4.684893218081586,4.721261395348443,0.5683072164367807,4.4282369276179985,5.025741761145385,4.540610403261775,4.811688640531895,adequate
qwen25_vl_lingoqa,Qwen2.5-VL-7B,LingoQA,l2_distance,24,25,significant_sdc,264,50,139,125,0.4734848484848485,6483985156664.993,5.221646046638488,68277698883608.74,4.156328697593844,5.759636767705281,86637602811.64093,21431711565183.414,adequate
qwen25_vl_lingoqa,Qwen2.5-VL-7B,LingoQA,l2_distance,25,26,non_sdc,5906,75,5906,0,0.0,5.361674134500854,5.263780380277394,0.9815271619381805,4.703429256112952,5.890572224344526,5.163388125913503,5.57050872285963,adequate
qwen25_vl_lingoqa,Qwen2.5-VL-7B,LingoQA,l2_distance,25,26,non_significant_sdc,1327,73,1327,0,0.0,5.472725500441095,5.363936126232147,1.0943970794971727,4.901085708452308,5.862717733663671,5.29579435950182,5.6657049797760335,adequate
qwen25_vl_lingoqa,Qwen2.5-VL-7B,LingoQA,l2_distance,25,26,significant_sdc,264,49,132,132,0.5,643730228949.121,7.7596680826070354,6369461780577.476,5.448940138022104,8.201710662063288,8070297.629412443,2176207045927.5789,adequate
qwen25_vl_lingoqa,Qwen2.5-VL-7B,LingoQA,l2_distance,26,27,non_sdc,5906,75,5906,0,0.0,8.349057837491753,8.481630902541312,1.7772799658377905,7.05053847517286,9.505034745335578,7.986929800263394,8.71077312848156,adequate
qwen25_vl_lingoqa,Qwen2.5-VL-7B,LingoQA,l2_distance,26,27,non_significant_sdc,1327,73,1327,0,0.0,8.853854735420184,8.846572603498187,2.1497184955465043,8.127398868136936,9.517356328964233,8.556884897979247,9.14762504183894,adequate
qwen25_vl_lingoqa,Qwen2.5-VL-7B,LingoQA,l2_distance,26,27,significant_sdc,264,49,126,138,0.5227272727272727,13167116570495.078,29.225722429703694,129859314094382.47,9.758157800634702,30.623045094159185,24.226139411286702,45007382827812.04,adequate
qwen25_vl_vqav2,Qwen2.5-VL-7B,VQAv2,cos_sim,0,1,non_sdc,6331,133,6331,0,0.0,0.7597018407221928,0.7684763755117144,0.05324469914908484,0.7294468487563887,0.7973166520778949,0.7537760657461023,0.7653937427198532,adequate
qwen25_vl_vqav2,Qwen2.5-VL-7B,VQAv2,cos_sim,0,1,non_significant_sdc,911,112,911,0,0.0,0.7660974673509049,0.7693864173359342,0.046764870994255005,0.7418231513479661,0.7961551959698017,0.7582901011480608,0.7736077167927335,adequate
qwen25_vl_vqav2,Qwen2.5-VL-7B,VQAv2,cos_sim,0,1,significant_sdc,258,89,199,59,0.22868217054263562,0.30397215584335147,0.23744150540050196,0.18285341483650464,0.22904619757010014,0.24870017961579927,0.26424592808494574,0.34585912345492353,adequate
qwen25_vl_vqav2,Qwen2.5-VL-7B,VQAv2,cos_sim,1,2,non_sdc,6331,133,6331,0,0.0,0.7473536660275957,0.7535413959447075,0.05591287738128194,0.7176418734921349,0.7852906584739685,0.7393167880289995,0.7539511402769467,adequate
qwen25_vl_vqav2,Qwen2.5-VL-7B,VQAv2,cos_sim,1,2,non_significant_sdc,911,112,911,0,0.0,0.7450917912669746,0.7512548310416085,0.052341348475903396,0.7141651483252645,0.7788623596231143,0.7379585213873151,0.7526946000084019,adequate
qwen25_vl_vqav2,Qwen2.5-VL-7B,VQAv2,cos_sim,1,2,significant_sdc,258,89,197,61,0.23643410852713176,0.0952163265063004,-0.007315565736926332,0.25243193913673534,-0.021285935552144537,0.006140715461604449,0.041600098549334864,0.15014705500792244,adequate
qwen25_vl_vqav2,Qwen2.5-VL-7B,VQAv2,cos_sim,2,3,non_sdc,6331,133,6331,0,0.0,0.6622081595119904,0.6645404435694218,0.07869396880227875,0.6176810874180361,0.7149397350019879,0.6553543973935672,0.6689684396338378,adequate
qwen25_vl_vqav2,Qwen2.5-VL-7B,VQAv2,cos_sim,2,3,non_significant_sdc,911,112,911,0,0.0,0.6560894811479422,0.6523304004222155,0.07421316924280441,0.6098788257720125,0.7177168386174249,0.6442889104678076,0.6678533254501084,adequate
qwen25_vl_vqav2,Qwen2.5-VL-7B,VQAv2,cos_sim,2,3,significant_sdc,258,87,196,62,0.24031007751937983,0.4481611851975784,0.4495162337410207,0.12107429586475964,0.4378462540251868,0.465897586880898,0.42338189618261174,0.47251923374388116,adequate
qwen25_vl_vqav2,Qwen2.5-VL-7B,VQAv2,cos_sim,3,4,non_sdc,6331,133,6331,0,0.0,0.7114809316690475,0.7187989038579604,0.06536140350010955,0.6733724692693124,0.7562131583690643,0.7048034874430136,0.7177087161689593,adequate
qwen25_vl_vqav2,Qwen2.5-VL-7B,VQAv2,cos_sim,3,4,non_significant_sdc,911,112,911,0,0.0,0.7057479342702905,0.7148719821125269,0.06299630056768227,0.6755057902171694,0.7488183133742389,0.6963178464103524,0.714936690152469,adequate
qwen25_vl_vqav2,Qwen2.5-VL-7B,VQAv2,cos_sim,3,4,significant_sdc,258,84,192,66,0.2558139534883721,0.42306033647820773,0.39819620914605197,0.1339350699458239,0.3880317490928027,0.41331967468164404,0.3955192656824621,0.4512871725006804,adequate
qwen25_vl_vqav2,Qwen2.5-VL-7B,VQAv2,cos_sim,4,5,non_sdc,6331,133,6331,0,0.0,0.707610065154983,0.716882818688949,0.062008007878092464,0.6756217093986758,0.7502448633313179,0.7018483672654587,0.7132294182455214,adequate
qwen25_vl_vqav2,Qwen2.5-VL-7B,VQAv2,cos_sim,4,5,non_significant_sdc,911,112,911,0,0.0,0.7015254948868617,0.7139883855214486,0.0684079089495719,0.6721270103007555,0.7438368057472664,0.6921359645953771,0.7100399483903266,adequate
qwen25_vl_vqav2,Qwen2.5-VL-7B,VQAv2,cos_sim,4,5,significant_sdc,258,85,188,70,0.2713178294573644,0.34816964056228633,0.308893764505581,0.1600798782849285,0.2909094625133641,0.33409936878145957,0.31137169323950725,0.3859443219923914,adequate
qwen25_vl_vqav2,Qwen2.5-VL-7B,VQAv2,cos_sim,5,6,non_sdc,6331,133,6331,0,0.0,0.7803641207990466,0.787244588136673,0.04673563319242069,0.7574262501228424,0.8104069530963898,0.7766318409575271,0.783970065730684,adequate
qwen25_vl_vqav2,Qwen2.5-VL-7B,VQAv2,cos_sim,5,6,non_significant_sdc,911,112,911,0,0.0,0.7727983088800704,0.7782360056172246,0.050244034993177346,0.7509153266459847,0.8022527280781004,0.7669170277112349,0.7786846085034523,adequate
qwen25_vl_vqav2,Qwen2.5-VL-7B,VQAv2,cos_sim,5,6,significant_sdc,258,84,184,74,0.28682170542635654,0.21919304821618862,0.1657031600800704,0.24654614300920077,0.14789517685694964,0.1855891394091542,0.16595103516693577,0.27405887939835455,adequate
qwen25_vl_vqav2,Qwen2.5-VL-7B,VQAv2,cos_sim,6,7,non_sdc,6331,133,6331,0,0.0,0.5461205139613832,0.5545567211351896,0.09112191230705097,0.49482508363823097,0.6049243536065607,0.5371108345700825,0.5549474454294511,adequate
qwen25_vl_vqav2,Qwen2.5-VL-7B,VQAv2,cos_sim,6,7,non_significant_sdc,911,112,911,0,0.0,0.5370547992462457,0.5383357882499695,0.08191938847565663,0.4982831289370855,0.5893157780170442,0.5259832657226571,0.5477261204682518,adequate
qwen25_vl_vqav2,Qwen2.5-VL-7B,VQAv2,cos_sim,6,7,significant_sdc,258,85,185,73,0.2829457364341085,0.3120153950309748,0.3353978544473648,0.1364359264362782,0.30649347998658005,0.35711128431923533,0.28520660255974023,0.3365032706936213,adequate
qwen25_vl_vqav2,Qwen2.5-VL-7B,VQAv2,cos_sim,7,8,non_sdc,6331,133,6331,0,0.0,0.5764850791546398,0.5799189316374915,0.0764974070653468,0.5281722421447436,0.6291844091481633,0.5681819657557434,0.5845176541766519,adequate
qwen25_vl_vqav2,Qwen2.5-VL-7B,VQAv2,cos_sim,7,8,non_significant_sdc,911,112,911,0,0.0,0.5725839496449632,0.5762923901731317,0.07875163083441819,0.5270044863720735,0.6256493086164647,0.5592088390083418,0.5852678153448228,adequate
qwen25_vl_vqav2,Qwen2.5-VL-7B,VQAv2,cos_sim,7,8,significant_sdc,258,83,182,76,0.2945736434108527,0.1383679770770515,0.10283227406955343,0.16330600995807176,0.06443685976484297,0.13321228825715276,0.10379500748214388,0.17323568490099042,adequate
qwen25_vl_vqav2,Qwen2.5-VL-7B,VQAv2,cos_sim,8,9,non_sdc,6331,133,6331,0,0.0,0.6640270821002913,0.676442407644712,0.0808330724669749,0.62506084021573,0.7195683715371746,0.6550388261200621,0.6730015920627747,adequate
qwen25_vl_vqav2,Qwen2.5-VL-7B,VQAv2,cos_sim,8,9,non_significant_sdc,911,112,911,0,0.0,0.6760083202583774,0.6904163708289465,0.07951379718615406,0.635501967235045,0.7280789346922012,0.663043940305843,0.6874336895676428,adequate
qwen25_vl_vqav2,Qwen2.5-VL-7B,VQAv2,cos_sim,8,9,significant_sdc,258,85,181,77,0.29844961240310075,0.19334997075898408,0.10298144762233204,0.21405855433945864,0.06615391312813272,0.23421397744392863,0.14706236560205105,0.24145082457759473,adequate
qwen25_vl_vqav2,Qwen2.5-VL-7B,VQAv2,cos_sim,9,10,non_sdc,6331,133,6331,0,0.0,0.6672064893496463,0.670721635222435,0.06087315674072823,0.6306239556935098,0.7116862916284137,0.6615801795067964,0.672605667624412,adequate
qwen25_vl_vqav2,Qwen2.5-VL-7B,VQAv2,cos_sim,9,10,non_significant_sdc,911,112,911,0,0.0,0.6542954736830233,0.6569331351079439,0.06059887878395481,0.6190049960701303,0.6979081429363716,0.6461728213081627,0.6622812789167397,adequate
qwen25_vl_vqav2,Qwen2.5-VL-7B,VQAv2,cos_sim,9,10,significant_sdc,258,85,181,77,0.29844961240310075,0.2524735735394726,0.24165022570867928,0.18542571403049227,0.20457508643062747,0.2728279944585294,0.21151696168833814,0.29517998923951905,adequate
qwen25_vl_vqav2,Qwen2.5-VL-7B,VQAv2,cos_sim,10,11,non_sdc,6331,133,6331,0,0.0,0.5895694788236483,0.6031646728515625,0.08890023219324651,0.5406163110355147,0.6476527765393257,0.5810227839876573,0.5971363712609165,adequate
qwen25_vl_vqav2,Qwen2.5-VL-7B,VQAv2,cos_sim,10,11,non_significant_sdc,911,112,911,0,0.0,0.5880571025121517,0.5898159272395648,0.08090262011468834,0.537685652879845,0.6456778219767979,0.5770132800528367,0.5986075324321702,adequate
qwen25_vl_vqav2,Qwen2.5-VL-7B,VQAv2,cos_sim,10,11,significant_sdc,258,82,173,85,0.3294573643410853,0.1505714333835238,0.12296655816881329,0.18377224943991574,0.09522500683610537,0.14207694192930143,0.1065756459576416,0.19451096934736753,adequate
qwen25_vl_vqav2,Qwen2.5-VL-7B,VQAv2,cos_sim,11,12,non_sdc,6331,133,6331,0,0.0,0.7128884829641956,0.7236014447714153,0.07051298772928431,0.675383848803384,0.7609305679798126,0.7053557124296361,0.7202299252174643,adequate
qwen25_vl_vqav2,Qwen2.5-VL-7B,VQAv2,cos_sim,11,12,non_significant_sdc,911,112,911,0,0.0,0.7078810641163099,0.7135248271857991,0.0678427144851105,0.6828045517206192,0.7587456131265278,0.6980228809456128,0.7167943404022379,adequate
qwen25_vl_vqav2,Qwen2.5-VL-7B,VQAv2,cos_sim,11,12,significant_sdc,258,82,171,87,0.33720930232558144,0.1857801302135725,0.1629750263516088,0.2394826671199744,0.12561729239603997,0.19904759108107917,0.13089010226950326,0.23986039162035838,adequate
qwen25_vl_vqav2,Qwen2.5-VL-7B,VQAv2,cos_sim,12,13,non_sdc,6331,133,6331,0,0.0,0.6664255713360252,0.6718202978372574,0.07730792914641875,0.6320042054813642,0.7202250747768968,0.6586559781854429,0.6742354600692262,adequate
qwen25_vl_vqav2,Qwen2.5-VL-7B,VQAv2,cos_sim,12,13,non_significant_sdc,911,112,911,0,0.0,0.6583587694286509,0.670086848108392,0.07818255145589362,0.6241096289534318,0.7080240981145338,0.6458558683672782,0.6697623608341495,adequate
qwen25_vl_vqav2,Qwen2.5-VL-7B,VQAv2,cos_sim,12,13,significant_sdc,258,80,165,93,0.36046511627906974,0.23834516527457333,0.2619582458722348,0.2480208970057806,0.08595578315458735,0.2965423958946247,0.18164054681538522,0.29583418789189025,adequate
qwen25_vl_vqav2,Qwen2.5-VL-7B,VQAv2,cos_sim,13,14,non_sdc,6331,133,6331,0,0.0,0.7143928180784804,0.726854699353377,0.06859295767843496,0.6876258353392283,0.7594245649874211,0.7073712257701509,0.7210803725601318,adequate
qwen25_vl_vqav2,Qwen2.5-VL-7B,VQAv2,cos_sim,13,14,non_significant_sdc,911,112,911,0,0.0,0.7082749340043567,0.7211347997188569,0.06841038314593102,0.6813313759490848,0.7523451120435417,0.6985600289953489,0.7177976866721996,adequate
qwen25_vl_vqav2,Qwen2.5-VL-7B,VQAv2,cos_sim,13,14,significant_sdc,258,80,162,96,0.37209302325581395,0.12470976362838358,0.21142187889437286,0.378137314022574,-0.32921225121434855,0.2634264494634556,0.04104409055552856,0.20390360956800088,adequate
qwen25_vl_vqav2,Qwen2.5-VL-7B,VQAv2,cos_sim,14,15,non_sdc,6331,133,6331,0,0.0,0.7487654144941579,0.7535805842455696,0.04731702414062348,0.7202610105276108,0.782896850258112,0.7435697551475869,0.753751114383375,adequate
qwen25_vl_vqav2,Qwen2.5-VL-7B,VQAv2,cos_sim,14,15,non_significant_sdc,911,112,911,0,0.0,0.7459985690526683,0.7491596159727677,0.053469099075405556,0.7176238603535152,0.787515356685176,0.7381358848968976,0.7535698285012415,adequate
qwen25_vl_vqav2,Qwen2.5-VL-7B,VQAv2,cos_sim,14,15,significant_sdc,258,80,160,98,0.3798449612403101,0.2712997339372481,0.25147197585628955,0.21643524909761483,0.06726980853673756,0.3165922253107538,0.21805587952546396,0.32568548961658433,adequate
qwen25_vl_vqav2,Qwen2.5-VL-7B,VQAv2,cos_sim,15,16,non_sdc,6331,133,6331,0,0.0,0.6447604589349062,0.654307307941573,0.0704873585641707,0.6037619437145836,0.6952631453974079,0.6371942622091705,0.6519180704406087,adequate
qwen25_vl_vqav2,Qwen2.5-VL-7B,VQAv2,cos_sim,15,16,non_significant_sdc,911,112,911,0,0.0,0.6487720303159807,0.661191151900725,0.06760159368614557,0.6194474785165354,0.6903630763292312,0.6393076350510417,0.6576790782943617,adequate
qwen25_vl_vqav2,Qwen2.5-VL-7B,VQAv2,cos_sim,15,16,significant_sdc,258,77,148,110,0.4263565891472868,0.15365136509710203,0.3192305534469838,0.38838823457658794,-0.2686387184171044,0.36964408840451923,0.07270158667184677,0.23406332020012366,adequate
qwen25_vl_vqav2,Qwen2.5-VL-7B,VQAv2,cos_sim,16,17,non_sdc,6331,133,6331,0,0.0,0.6579465940171209,0.6668690890073776,0.07541106421680563,0.6075144425818795,0.7139031846149295,0.6493695885223347,0.6652524476395308,adequate
qwen25_vl_vqav2,Qwen2.5-VL-7B,VQAv2,cos_sim,16,17,non_significant_sdc,911,112,911,0,0.0,0.6672744695246179,0.6737317903475328,0.06993142635497374,0.6232005537751324,0.7154551655054092,0.6570074758566938,0.6774609958814402,adequate
qwen25_vl_vqav2,Qwen2.5-VL-7B,VQAv2,cos_sim,16,17,significant_sdc,258,78,149,109,0.42248062015503873,0.0739265908987153,0.23501053270028563,0.40807048660342965,-0.4133537800944581,0.29709017276763916,-0.01676082953300747,0.15536714984354,adequate
qwen25_vl_vqav2,Qwen2.5-VL-7B,VQAv2,cos_sim,17,18,non_sdc,6331,133,6331,0,0.0,0.6737606191732513,0.6830397486686707,0.07067064340582037,0.6344628851860762,0.7237164666255316,0.6663047325435311,0.681175054932081,adequate
qwen25_vl_vqav2,Qwen2.5-VL-7B,VQAv2,cos_sim,17,18,non_significant_sdc,911,112,911,0,0.0,0.6682424671679831,0.6787537604570388,0.07637481376600436,0.6356465040395658,0.7186223001456729,0.6549094727763214,0.6798233097251771,adequate
qwen25_vl_vqav2,Qwen2.5-VL-7B,VQAv2,cos_sim,17,18,significant_sdc,258,76,142,116,0.4496124031007752,0.3773061956568667,0.37864213269584035,0.1787156266652566,0.27840140798338214,0.4673647013854007,0.3340222581754443,0.4188941598355098,adequate
qwen25_vl_vqav2,Qwen2.5-VL-7B,VQAv2,cos_sim,18,19,non_sdc,6331,133,6331,0,0.0,0.7534063051548561,0.7578650116920471,0.050137737176721556,0.7280467413365841,0.7872061297478463,0.7467103422696633,0.7602521472707119,adequate
qwen25_vl_vqav2,Qwen2.5-VL-7B,VQAv2,cos_sim,18,19,non_significant_sdc,911,112,911,0,0.0,0.7519632932347504,0.7590726684121525,0.046331326064419996,0.7274185325754317,0.783705884919447,0.7456218393599041,0.758391457582961,adequate
qwen25_vl_vqav2,Qwen2.5-VL-7B,VQAv2,cos_sim,18,19,significant_sdc,258,75,143,115,0.44573643410852715,0.5516092089487022,0.611197695744281,0.16817359715007243,0.41033981588422036,0.6756008559343767,0.5132431441671117,0.584912568160649,adequate
qwen25_vl_vqav2,Qwen2.5-VL-7B,VQAv2,cos_sim,19,20,non_sdc,6331,133,6331,0,0.0,0.6450606113299814,0.6535341080866361,0.06881881713121238,0.6072129944705555,0.6941751947528438,0.6372990898531075,0.6525306605866733,adequate
qwen25_vl_vqav2,Qwen2.5-VL-7B,VQAv2,cos_sim,19,20,non_significant_sdc,911,112,911,0,0.0,0.6457247357599885,0.6527306323959714,0.06240362872480273,0.6130216689336867,0.6937181850752006,0.6355559992940775,0.6551864667286508,adequate
qwen25_vl_vqav2,Qwen2.5-VL-7B,VQAv2,cos_sim,19,20,significant_sdc,258,74,136,122,0.4728682170542635,0.4302366868545729,0.5301293474527038,0.23526999911496524,0.2147944202380521,0.6591731350754901,0.3778312801853709,0.47531779736018404,adequate
qwen25_vl_vqav2,Qwen2.5-VL-7B,VQAv2,cos_sim,20,21,non_sdc,6331,133,6331,0,0.0,0.6260781205771285,0.6395247741179033,0.0942695673999682,0.5857922130988704,0.684289650867951,0.6173535329935708,0.6342916525249441,adequate
qwen25_vl_vqav2,Qwen2.5-VL-7B,VQAv2,cos_sim,20,21,non_significant_sdc,911,112,911,0,0.0,0.6293630428705387,0.6524945944547653,0.09250827951696214,0.5965524415175121,0.6873601886133354,0.6156160265757982,0.6428575539964968,adequate
qwen25_vl_vqav2,Qwen2.5-VL-7B,VQAv2,cos_sim,20,21,significant_sdc,258,73,134,124,0.48062015503875966,0.5054894871307398,0.5199664989296271,0.1507625079695857,0.45177054268365,0.617470747049974,0.4819307507520474,0.5274003982275601,adequate
qwen25_vl_vqav2,Qwen2.5-VL-7B,VQAv2,cos_sim,21,22,non_sdc,6331,133,6331,0,0.0,0.5906662398722192,0.5941356301307679,0.07086240565109836,0.5490784574888254,0.6390493754297495,0.5821504930568903,0.5989806823507876,adequate
qwen25_vl_vqav2,Qwen2.5-VL-7B,VQAv2,cos_sim,21,22,non_significant_sdc,911,112,911,0,0.0,0.5845949464352339,0.5863421571751436,0.06756374633344225,0.5469301762059331,0.6286643797159195,0.5747793100969217,0.5948868386681758,adequate
qwen25_vl_vqav2,Qwen2.5-VL-7B,VQAv2,cos_sim,21,22,significant_sdc,258,71,126,132,0.5116279069767442,0.1329664414703062,0.02273134483328583,0.2497727926384439,-0.054091903248003545,0.16867086348332921,0.062166926598027264,0.20492048170894084,adequate
qwen25_vl_vqav2,Qwen2.5-VL-7B,VQAv2,cos_sim,22,23,non_sdc,6331,133,6331,0,0.0,0.7220574585973295,0.7291550167969295,0.05621632896290544,0.6909280190101037,0.7614000554789196,0.7159568586127076,0.727688007709104,adequate
qwen25_vl_vqav2,Qwen2.5-VL-7B,VQAv2,cos_sim,22,23,non_significant_sdc,911,112,911,0,0.0,0.7264008480124615,0.7325810857794501,0.05547636152963232,0.6987252260247867,0.7640088661795571,0.717187493290683,0.7342752857001913,adequate
qwen25_vl_vqav2,Qwen2.5-VL-7B,VQAv2,cos_sim,22,23,significant_sdc,258,70,127,131,0.5077519379844961,0.5750945301985161,0.5673244936125619,0.12333025351030288,0.5507768714914516,0.6195903073768226,0.5463870924754928,0.6029044269716154,adequate
qwen25_vl_vqav2,Qwen2.5-VL-7B,VQAv2,cos_sim,23,24,non_sdc,6331,133,6331,0,0.0,0.6655694831158718,0.6719480492174625,0.0758684525565556,0.6284616367447944,0.7097851680384741,0.6577039730631492,0.6731636097063491,adequate
qwen25_vl_vqav2,Qwen2.5-VL-7B,VQAv2,cos_sim,23,24,non_significant_sdc,911,112,911,0,0.0,0.6608276936274265,0.6690524909645319,0.065390525244038,0.6235596567944244,0.708342400758634,0.6506617345068486,0.6699211457230151,adequate
qwen25_vl_vqav2,Qwen2.5-VL-7B,VQAv2,cos_sim,23,24,significant_sdc,258,70,125,133,0.5155038759689923,0.5344935070643998,0.539100783820055,0.10387373493307175,0.5136549138292974,0.5525653477834196,0.5030083277508125,0.5597637999092231,adequate
qwen25_vl_vqav2,Qwen2.5-VL-7B,VQAv2,cos_sim,24,25,non_sdc,6331,133,6331,0,0.0,0.7153169447577007,0.7230294872732723,0.05797699051464525,0.6888298650582632,0.7534557152485502,0.7070514348641014,0.7225168826416051,adequate
qwen25_vl_vqav2,Qwen2.5-VL-7B,VQAv2,cos_sim,24,25,non_significant_sdc,911,112,911,0,0.0,0.7261149290579315,0.7351044331278119,0.05412572491251827,0.7028555965526796,0.759263283931292,0.7175119321704766,0.733916190590142,adequate
qwen25_vl_vqav2,Qwen2.5-VL-7B,VQAv2,cos_sim,24,25,significant_sdc,258,67,122,136,0.5271317829457365,0.7372064523453244,0.8054431999216274,0.14835246346181213,0.6961365778349403,0.8142945380235205,0.7063062160597142,0.7685025035340851,adequate
qwen25_vl_vqav2,Qwen2.5-VL-7B,VQAv2,cos_sim,25,26,non_sdc,6331,133,6331,0,0.0,0.849976683779374,0.8575043082237244,0.04160076484911783,0.8266176513085763,0.877362134326406,0.8449874364370179,0.8546427873596465,adequate
qwen25_vl_vqav2,Qwen2.5-VL-7B,VQAv2,cos_sim,25,26,non_significant_sdc,911,112,911,0,0.0,0.8594245314383641,0.8637301723162333,0.04278150517222686,0.8408895519044663,0.8870849766983435,0.8532298635598103,0.8654880428978714,adequate
qwen25_vl_vqav2,Qwen2.5-VL-7B,VQAv2,cos_sim,25,26,significant_sdc,258,66,119,139,0.5387596899224807,0.6173765808093901,0.5964495174738825,0.17299693738489516,0.5591912616272362,0.6386179540838515,0.575333111147554,0.6573204648236702,adequate
qwen25_vl_vqav2,Qwen2.5-VL-7B,VQAv2,cos_sim,26,27,non_sdc,6331,133,6331,0,0.0,0.9625172859317406,0.968958763515248,0.02239637765617672,0.9598273665477068,0.9749160708422866,0.960024048713993,0.9646963945175926,adequate
qwen25_vl_vqav2,Qwen2.5-VL-7B,VQAv2,cos_sim,26,27,non_significant_sdc,911,112,911,0,0.0,0.9620419412296255,0.9679418024809464,0.02247211219376959,0.9591840863227844,0.9740090136877214,0.958430755760842,0.9652138924185654,adequate
qwen25_vl_vqav2,Qwen2.5-VL-7B,VQAv2,cos_sim,26,27,significant_sdc,258,64,115,143,0.5542635658914729,0.7041571372434583,0.6916646118066749,0.21960816006606845,0.6750128834831471,0.710076086375178,0.6490392994748095,0.755066610922917,adequate
qwen25_vl_vqav2,Qwen2.5-VL-7B,VQAv2,abs_mean_diff,0,1,non_sdc,6331,133,6331,0,0.0,0.014778596198526514,0.014536519122954745,0.0034403068645080066,0.012588056101760066,0.016918864989993235,0.014470259841154735,0.01506760655079313,adequate
qwen25_vl_vqav2,Qwen2.5-VL-7B,VQAv2,abs_mean_diff,0,1,non_significant_sdc,911,112,911,0,0.0,0.01462360900531733,0.014097967342583133,0.0031734362990199767,0.012552761401121434,0.016432731334740918,0.014257061368602676,0.01502133709594034,adequate
qwen25_vl_vqav2,Qwen2.5-VL-7B,VQAv2,abs_mean_diff,0,1,significant_sdc,258,89,199,59,0.22868217054263562,7.769773980312281e+29,0.0037234006544613106,1.0057748996868704e+31,0.0030210318081841177,0.006422379595816744,9.285563847022475e+27,2.5024062713372027e+30,adequate
qwen25_vl_vqav2,Qwen2.5-VL-7B,VQAv2,abs_mean_diff,1,2,non_sdc,6331,133,6331,0,0.0,0.010602217348306077,0.009891422104154682,0.0036414583597208783,0.008179380451717103,0.011975969444029034,0.0101787351136103,0.011090438898705353,adequate
qwen25_vl_vqav2,Qwen2.5-VL-7B,VQAv2,abs_mean_diff,1,2,non_significant_sdc,911,112,911,0,0.0,0.010175417255280936,0.009564948927921554,0.002932840826237365,0.008266880689188839,0.01146243133310539,0.009784255640303179,0.01060718523434102,adequate
qwen25_vl_vqav2,Qwen2.5-VL-7B,VQAv2,abs_mean_diff,1,2,significant_sdc,258,89,197,61,0.23643410852713176,4.147582188456623e+28,0.0035443507819151393,5.8214090115456756e+29,0.002814904539560785,0.0057703707823339775,0.004978123954494255,1.4087477433206117e+29,adequate
qwen25_vl_vqav2,Qwen2.5-VL-7B,VQAv2,abs_mean_diff,2,3,non_sdc,6331,133,6331,0,0.0,0.012164639660115377,0.011804225266955438,0.0034339361364897265,0.009798984780597191,0.014126078764859,0.011864939850171367,0.01246096592505085,adequate
qwen25_vl_vqav2,Qwen2.5-VL-7B,VQAv2,abs_mean_diff,2,3,non_significant_sdc,911,112,911,0,0.0,0.01242149522311781,0.012194960952425997,0.0033424158950458183,0.009710142325440591,0.014395064651034772,0.011981995620252223,0.012857181470277956,adequate
qwen25_vl_vqav2,Qwen2.5-VL-7B,VQAv2,abs_mean_diff,2,3,significant_sdc,258,87,196,62,0.24031007751937983,9.896754108693565e+28,0.026031507720828663,1.3828371171088828e+30,0.022687477943468457,0.028860800606151094,0.024018684110997827,3.4437095115744604e+29,adequate
qwen25_vl_vqav2,Qwen2.5-VL-7B,VQAv2,abs_mean_diff,3,4,non_sdc,6331,133,6331,0,0.0,0.014833989044473696,0.014371853205375373,0.004391344583353113,0.011822695953014772,0.017165850090879484,0.014425975910047848,0.01525573823245512,adequate
qwen25_vl_vqav2,Qwen2.5-VL-7B,VQAv2,abs_mean_diff,3,4,non_significant_sdc,911,112,911,0,0.0,0.015126809746349747,0.014854700125467319,0.004266633130968599,0.012280521705218497,0.017522620419705554,0.01450074516462421,0.015772581476922135,adequate
qwen25_vl_vqav2,Qwen2.5-VL-7B,VQAv2,abs_mean_diff,3,4,significant_sdc,258,84,192,66,0.2558139534883721,6.136179519377034e+28,0.04636311966792814,6.637523596308098e+29,0.043113471571907244,0.048619873731454114,1.5569598398265324e+25,1.7317862520311948e+29,adequate
qwen25_vl_vqav2,Qwen2.5-VL-7B,VQAv2,abs_mean_diff,4,5,non_sdc,6331,133,6331,0,0.0,0.01646665050255433,0.01599622773937881,0.004819467766107882,0.013179003922758918,0.01919594150967896,0.01604550831471053,0.01689026478889581,adequate
qwen25_vl_vqav2,Qwen2.5-VL-7B,VQAv2,abs_mean_diff,4,5,non_significant_sdc,911,112,911,0,0.0,0.015774011533522942,0.01472301310224628,0.004963668975150164,0.012944968171922902,0.017400527092501183,0.015213510513256465,0.016365582268364078,adequate
qwen25_vl_vqav2,Qwen2.5-VL-7B,VQAv2,abs_mean_diff,4,5,significant_sdc,258,85,188,70,0.2713178294573644,6.631997642066453e+30,0.02303000743862013,6.165265951156417e+31,0.018683308778254658,0.027547318311360647,3.619583347379194e+29,1.7339637207413715e+31,adequate
qwen25_vl_vqav2,Qwen2.5-VL-7B,VQAv2,abs_mean_diff,5,6,non_sdc,6331,133,6331,0,0.0,0.021238506521813406,0.020513960005094607,0.005883923415234594,0.01751241704077746,0.024473571412575744,0.020745311911556135,0.021762262716637275,adequate
qwen25_vl_vqav2,Qwen2.5-VL-7B,VQAv2,abs_mean_diff,5,6,non_significant_sdc,911,112,911,0,0.0,0.022052911119736767,0.021224245634477806,0.006508752091764838,0.018165699590969343,0.025221869002764477,0.021198408507047597,0.02299020760271553,adequate
qwen25_vl_vqav2,Qwen2.5-VL-7B,VQAv2,abs_mean_diff,5,6,significant_sdc,258,84,184,74,0.28682170542635654,4.598335680462104e+29,0.04665950915244009,4.5105389483909385e+30,0.03605865796657318,0.05221229512006881,0.040669242811313754,1.229502889145533e+30,adequate
qwen25_vl_vqav2,Qwen2.5-VL-7B,VQAv2,abs_mean_diff,6,7,non_sdc,6331,133,6331,0,0.0,0.021918242649087392,0.02050379882566631,0.007302845891555199,0.017226916875965385,0.025280742165503196,0.02136161609297414,0.02250386864184468,adequate
qwen25_vl_vqav2,Qwen2.5-VL-7B,VQAv2,abs_mean_diff,6,7,non_significant_sdc,911,112,911,0,0.0,0.02168321276635465,0.021033722078427672,0.007011329301218936,0.01739621663183047,0.024538423866033554,0.020868804483902013,0.022564092404010062,adequate
qwen25_vl_vqav2,Qwen2.5-VL-7B,VQAv2,abs_mean_diff,6,7,significant_sdc,258,85,185,73,0.2829457364341085,2.397876356701966e+29,0.02244249892858218,1.622315713674379e+30,0.018480302814471845,0.029002524883847455,4.586716713833154e+28,5.262260718919428e+29,adequate
qwen25_vl_vqav2,Qwen2.5-VL-7B,VQAv2,abs_mean_diff,7,8,non_sdc,6331,133,6331,0,0.0,0.02391569503869851,0.02201267697015091,0.009004711864415786,0.017750345237020935,0.02800519802403869,0.023104864566061603,0.024712926984268017,adequate
qwen25_vl_vqav2,Qwen2.5-VL-7B,VQAv2,abs_mean_diff,7,8,non_significant_sdc,911,112,911,0,0.0,0.023021448637997897,0.02134681516326964,0.008026521097683908,0.018189921786593597,0.026005678587049864,0.021706834698893056,0.024483114861626146,adequate
qwen25_vl_vqav2,Qwen2.5-VL-7B,VQAv2,abs_mean_diff,7,8,significant_sdc,258,83,182,76,0.2945736434108527,8.779236909736908e+27,0.02788273251154555,9.609314555292212e+28,0.021029628350910958,0.03349037902733805,0.02745863193745183,2.519726599590935e+28,adequate
qwen25_vl_vqav2,Qwen2.5-VL-7B,VQAv2,abs_mean_diff,8,9,non_sdc,6331,133,6331,0,0.0,0.031063169492679468,0.028518487987596364,0.01167120013498902,0.023410721846739764,0.036131908372044566,0.02997459520787389,0.032197505755992735,adequate
qwen25_vl_vqav2,Qwen2.5-VL-7B,VQAv2,abs_mean_diff,8,9,non_significant_sdc,911,112,911,0,0.0,0.029636632379886677,0.02812746330164373,0.010233405524515692,0.022490386984621483,0.03410779052871492,0.028223112866139728,0.030982970657101355,adequate
qwen25_vl_vqav2,Qwen2.5-VL-7B,VQAv2,abs_mean_diff,8,9,significant_sdc,258,85,181,77,0.29844961240310075,183964181033.2996,0.022371715466891016,2474984929749.507,0.01826271161969219,0.028016776012788926,0.022019785891766144,616620680870.8198,adequate
qwen25_vl_vqav2,Qwen2.5-VL-7B,VQAv2,abs_mean_diff,9,10,non_sdc,6331,133,6331,0,0.0,0.02811264020678879,0.026596685778349637,0.010147607838940689,0.021795927278267648,0.03227353028376542,0.02683193108514835,0.029580831206698667,adequate
qwen25_vl_vqav2,Qwen2.5-VL-7B,VQAv2,abs_mean_diff,9,10,non_significant_sdc,911,112,911,0,0.0,0.027098261818691183,0.024724735395499953,0.009202563968873666,0.02096046435846282,0.03143120466543006,0.025660879679702847,0.028624857865906593,adequate
qwen25_vl_vqav2,Qwen2.5-VL-7B,VQAv2,abs_mean_diff,9,10,significant_sdc,258,85,181,77,0.29844961240310075,4.560966366166629e+31,0.01949709442881297,6.091784742562657e+32,0.014378674974551007,0.02545011621348712,4.088517976909099e+28,1.5596327132580554e+32,adequate
qwen25_vl_vqav2,Qwen2.5-VL-7B,VQAv2,abs_mean_diff,10,11,non_sdc,6331,133,6331,0,0.0,0.025607632112320103,0.023724172242509667,0.009590863675519097,0.01925259343261132,0.03046489609589212,0.024482933619706843,0.026879499324897152,adequate
qwen25_vl_vqav2,Qwen2.5-VL-7B,VQAv2,abs_mean_diff,10,11,non_significant_sdc,911,112,911,0,0.0,0.026083703866409878,0.024010218660502385,0.00852022764674414,0.020457725078449583,0.030876977592318628,0.024838404179990507,0.027406054709933847,adequate
qwen25_vl_vqav2,Qwen2.5-VL-7B,VQAv2,abs_mean_diff,10,11,significant_sdc,258,82,173,85,0.3294573643410853,1.5374499889634582e+30,0.04907701322238664,1.4320325095264855e+31,0.02525980946269225,0.05429572394421818,0.038210061989424046,4.113482367932298e+30,adequate
qwen25_vl_vqav2,Qwen2.5-VL-7B,VQAv2,abs_mean_diff,11,12,non_sdc,6331,133,6331,0,0.0,0.027004991312144008,0.025573849973555367,0.009774197602241717,0.020454216533555433,0.031999981328327626,0.025920008173831235,0.02821478830109492,adequate
qwen25_vl_vqav2,Qwen2.5-VL-7B,VQAv2,abs_mean_diff,11,12,non_significant_sdc,911,112,911,0,0.0,0.027914372563237613,0.025854038629824154,0.010036012771247204,0.021828440622249173,0.03313880576752126,0.02653036746365123,0.029379590646582687,adequate
qwen25_vl_vqav2,Qwen2.5-VL-7B,VQAv2,abs_mean_diff,11,12,significant_sdc,258,82,171,87,0.33720930232558144,2.8593447681091705e+29,0.033809916230336745,3.1251914787348336e+30,0.0195826610810041,0.03672071600009744,1.2711820375181576e+26,7.559772851091385e+29,adequate
qwen25_vl_vqav2,Qwen2.5-VL-7B,VQAv2,abs_mean_diff,12,13,non_sdc,6331,133,6331,0,0.0,0.031173734863376986,0.02838565631666117,0.012342341381350257,0.022971697160413952,0.037534237580580845,0.02983844850034388,0.032562476546943955,adequate
qwen25_vl_vqav2,Qwen2.5-VL-7B,VQAv2,abs_mean_diff,12,13,non_significant_sdc,911,112,911,0,0.0,0.031334782731568034,0.02906815117028983,0.012167581975184763,0.02421789177500739,0.03705355602626999,0.029440236212012354,0.03333369336756376,adequate
qwen25_vl_vqav2,Qwen2.5-VL-7B,VQAv2,abs_mean_diff,12,13,significant_sdc,258,80,165,93,0.36046511627906974,2.6290933076747484e+29,0.042181105295918425,3.3588397155733273e+30,0.01919955511111766,0.04402235957166674,0.03296262676510038,8.821209815330645e+29,adequate
qwen25_vl_vqav2,Qwen2.5-VL-7B,VQAv2,abs_mean_diff,13,14,non_sdc,6331,133,6331,0,0.0,0.02998716270206383,0.028073711941639583,0.010882481229765551,0.022566934456994786,0.035487143620848656,0.02896076184197034,0.031057772693077385,adequate
qwen25_vl_vqav2,Qwen2.5-VL-7B,VQAv2,abs_mean_diff,13,14,non_significant_sdc,911,112,911,0,0.0,0.030995997378137,0.02857659158429929,0.010000401274280826,0.024097390309907495,0.037236956964162266,0.029517474719052063,0.0325827082839825,adequate
qwen25_vl_vqav2,Qwen2.5-VL-7B,VQAv2,abs_mean_diff,13,14,significant_sdc,258,80,162,96,0.37209302325581395,0.033423163811685114,0.04311819385014931,0.020064128850575277,0.008393131994775363,0.04903309345744284,0.03057145531393343,0.03621257291630353,adequate
qwen25_vl_vqav2,Qwen2.5-VL-7B,VQAv2,abs_mean_diff,14,15,non_sdc,6331,133,6331,0,0.0,0.030427713327927874,0.02782898098230362,0.01250508559293876,0.02188694443529806,0.03655109133105725,0.029471037598657043,0.031448608278859175,adequate
qwen25_vl_vqav2,Qwen2.5-VL-7B,VQAv2,abs_mean_diff,14,15,non_significant_sdc,911,112,911,0,0.0,0.029980363083858576,0.027633932747823352,0.011981827625102016,0.021786598364512126,0.03435491268021945,0.028064763919737532,0.03199375798493946,adequate
qwen25_vl_vqav2,Qwen2.5-VL-7B,VQAv2,abs_mean_diff,14,15,significant_sdc,258,80,160,98,0.3798449612403101,2.040765879965585e+30,0.04274314277976447,1.986744159677104e+31,0.005618282239789105,0.05086002665291521,7.3874791616999945e+28,5.597309942005263e+30,adequate
qwen25_vl_vqav2,Qwen2.5-VL-7B,VQAv2,abs_mean_diff,15,16,non_sdc,6331,133,6331,0,0.0,0.0325992882830297,0.029924197330776798,0.012690787891883415,0.024017535938093297,0.03820837357160335,0.03151438198764723,0.0337733766280885,adequate
qwen25_vl_vqav2,Qwen2.5-VL-7B,VQAv2,abs_mean_diff,15,16,non_significant_sdc,911,112,911,0,0.0,0.03197279108008532,0.03011267369782383,0.011333198481639902,0.024183974567468444,0.03700391976162791,0.030365861559124605,0.033712606746986,adequate
qwen25_vl_vqav2,Qwen2.5-VL-7B,VQAv2,abs_mean_diff,15,16,significant_sdc,258,77,148,110,0.4263565891472868,3.3612268662995138e+28,0.020597340144711186,3.0438005299388775e+29,0.015966272619505395,0.026896838271605536,0.02401682016429815,9.249915020300391e+28,adequate
qwen25_vl_vqav2,Qwen2.5-VL-7B,VQAv2,abs_mean_diff,16,17,non_sdc,6331,133,6331,0,0.0,0.032622490766929566,0.030285337681157723,0.012831594996878672,0.023277348647580333,0.038468917533331974,0.0313078867825242,0.03401725744062326,adequate
qwen25_vl_vqav2,Qwen2.5-VL-7B,VQAv2,abs_mean_diff,16,17,non_significant_sdc,911,112,911,0,0.0,0.032489121739190406,0.030669280117200243,0.012814344804405842,0.0233716530066434,0.03784542768426678,0.030759416488981266,0.034411754635984636,adequate
qwen25_vl_vqav2,Qwen2.5-VL-7B,VQAv2,abs_mean_diff,16,17,significant_sdc,258,78,149,109,0.42248062015503873,9.915128020408372e+29,0.020512429683716322,9.54981239736567e+30,0.0063934898840225475,0.0283032835599173,3.435602764926557e+27,2.798098953270843e+30,adequate
qwen25_vl_vqav2,Qwen2.5-VL-7B,VQAv2,abs_mean_diff,17,18,non_sdc,6331,133,6331,0,0.0,0.038621999968716375,0.03672445784120456,0.012268762487581224,0.03017495373602618,0.045081242782500475,0.03760918767457841,0.039657773632955313,adequate
qwen25_vl_vqav2,Qwen2.5-VL-7B,VQAv2,abs_mean_diff,17,18,non_significant_sdc,911,112,911,0,0.0,0.03962947437927819,0.03744008572151263,0.01206807246495216,0.03137690511489795,0.04516988905606332,0.03808079936298497,0.0413103916990293,adequate
qwen25_vl_vqav2,Qwen2.5-VL-7B,VQAv2,abs_mean_diff,17,18,significant_sdc,258,76,142,116,0.4496124031007752,2.5254906948265154,0.027842514074350497,29.754004169800883,0.019042586509200116,0.03546433826095938,0.026278346569991284,8.675187825794227,adequate
qwen25_vl_vqav2,Qwen2.5-VL-7B,VQAv2,abs_mean_diff,18,19,non_sdc,6331,133,6331,0,0.0,0.051429418609863574,0.04762640465050936,0.018869178964378945,0.03904705940900992,0.05932192589898477,0.049664943522027175,0.05315169865839032,adequate
qwen25_vl_vqav2,Qwen2.5-VL-7B,VQAv2,abs_mean_diff,18,19,non_significant_sdc,911,112,911,0,0.0,0.050182655676610136,0.047809369740602764,0.017409879095000084,0.03815395447115103,0.059673643723056696,0.047715406677412774,0.0526563079945428,adequate
qwen25_vl_vqav2,Qwen2.5-VL-7B,VQAv2,abs_mean_diff,18,19,significant_sdc,258,75,143,115,0.44573643410852715,7.480902184212664e+29,0.02893615637582784,5.767803047267971e+30,0.008776979209684139,0.039069003002642065,1.6394838017249069e+28,1.909104053100668e+30,adequate
qwen25_vl_vqav2,Qwen2.5-VL-7B,VQAv2,abs_mean_diff,19,20,non_sdc,6331,133,6331,0,0.0,0.054254633347440184,0.0490087050323685,0.022235567864036687,0.03951715395253684,0.06308558229357003,0.052313080337958485,0.056455739059276984,adequate
qwen25_vl_vqav2,Qwen2.5-VL-7B,VQAv2,abs_mean_diff,19,20,non_significant_sdc,911,112,911,0,0.0,0.05235562923385213,0.04967394727282226,0.01923090946399477,0.03929850661624519,0.06244009583085579,0.04934004639077639,0.055463355100996044,adequate
qwen25_vl_vqav2,Qwen2.5-VL-7B,VQAv2,abs_mean_diff,19,20,significant_sdc,258,74,136,122,0.4728682170542635,2.18678619536573e+28,0.027724824057017664,1.8490480605844633e+29,0.02221046754501152,0.045395585622790516,0.037442232808037,5.869794523980405e+28,adequate
qwen25_vl_vqav2,Qwen2.5-VL-7B,VQAv2,abs_mean_diff,20,21,non_sdc,6331,133,6331,0,0.0,0.06704405146075036,0.05984532482483808,0.027956376984742442,0.04827370501725989,0.07925165353596889,0.06366935942679229,0.07060333709860231,adequate
qwen25_vl_vqav2,Qwen2.5-VL-7B,VQAv2,abs_mean_diff,20,21,non_significant_sdc,911,112,911,0,0.0,0.06470053971071871,0.06072516907006502,0.02304269576991118,0.049400466556554626,0.07503266870354613,0.06155485065906631,0.06786521881535416,adequate
qwen25_vl_vqav2,Qwen2.5-VL-7B,VQAv2,abs_mean_diff,20,21,significant_sdc,258,73,134,124,0.48062015503875966,1.295649288138867e+31,0.032201933389415544,1.4101857535438785e+32,0.015004854392716472,0.046701657667765586,4.005827013825272e+19,4.210692933897439e+31,adequate
qwen25_vl_vqav2,Qwen2.5-VL-7B,VQAv2,abs_mean_diff,21,22,non_sdc,6331,133,6331,0,0.0,0.07580024173830542,0.07182036824524403,0.028847934786257932,0.054839317136528815,0.09043029005018374,0.07279846894702562,0.07919550916583006,adequate
qwen25_vl_vqav2,Qwen2.5-VL-7B,VQAv2,abs_mean_diff,21,22,non_significant_sdc,911,112,911,0,0.0,0.06921392760348716,0.06390480502672932,0.023518361914279137,0.05303758766967803,0.08368392157982188,0.06569059954454831,0.0732611485994155,adequate
qwen25_vl_vqav2,Qwen2.5-VL-7B,VQAv2,abs_mean_diff,21,22,significant_sdc,258,71,126,132,0.5116279069767442,1.4557031149686458e+29,0.022153827067160486,1.3325112442674806e+30,0.017011076741737827,0.11338238052225538,0.0714056017392873,4.1597818659191105e+29,adequate
qwen25_vl_vqav2,Qwen2.5-VL-7B,VQAv2,abs_mean_diff,22,23,non_sdc,6331,133,6331,0,0.0,0.07244852845413334,0.06905822331706683,0.02499490422254452,0.05522924168035388,0.08702595747031626,0.06996215709346376,0.07495021739014687,adequate
qwen25_vl_vqav2,Qwen2.5-VL-7B,VQAv2,abs_mean_diff,22,23,non_significant_sdc,911,112,911,0,0.0,0.07103912190137047,0.06753680752590299,0.026698214187231072,0.05489305380870702,0.08249285283405879,0.0673917523223882,0.07480169889703131,adequate
qwen25_vl_vqav2,Qwen2.5-VL-7B,VQAv2,abs_mean_diff,22,23,significant_sdc,258,70,127,131,0.5077519379844961,8.858610448222253e+29,0.02118541140641485,8.971437625944582e+30,0.017172159513040464,0.068944270297844,0.043683055661006935,2.7497042710427646e+30,adequate
qwen25_vl_vqav2,Qwen2.5-VL-7B,VQAv2,abs_mean_diff,23,24,non_sdc,6331,133,6331,0,0.0,0.07723084049921418,0.07408440044443858,0.026224372644397646,0.05958736734127329,0.08945621088856742,0.07489605425493906,0.07966065486142132,adequate
qwen25_vl_vqav2,Qwen2.5-VL-7B,VQAv2,abs_mean_diff,23,24,non_significant_sdc,911,112,911,0,0.0,0.07744172814197348,0.07315865438431501,0.028899368648193664,0.06033677227712948,0.08832663865318816,0.07398594868745846,0.08138559956630724,adequate
qwen25_vl_vqav2,Qwen2.5-VL-7B,VQAv2,abs_mean_diff,23,24,significant_sdc,258,70,125,133,0.5155038759689923,6.211723468684853e+30,0.051596387118405224,6.944917966705033e+31,0.04571832864716345,0.06516551614111783,0.05676627699533181,1.9251209097163804e+31,adequate
qwen25_vl_vqav2,Qwen2.5-VL-7B,VQAv2,abs_mean_diff,24,25,non_sdc,6331,133,6331,0,0.0,0.0918030390318472,0.08759276599933703,0.028068160302229528,0.0722159517269271,0.10676526222992075,0.0892950706911142,0.0944371671576336,adequate
qwen25_vl_vqav2,Qwen2.5-VL-7B,VQAv2,abs_mean_diff,24,25,non_significant_sdc,911,112,911,0,0.0,0.0930469960620581,0.08915379056707025,0.028544261089966303,0.07547575182979926,0.10440426813438536,0.08891598962642289,0.09735146733468908,adequate
qwen25_vl_vqav2,Qwen2.5-VL-7B,VQAv2,abs_mean_diff,24,25,significant_sdc,258,67,122,136,0.5271317829457365,6.901237426437399e+28,0.04117524520760136,7.622665884030924e+29,0.0364442123979216,0.07910535017678436,0.06432370561008287,2.275543151419421e+29,adequate
qwen25_vl_vqav2,Qwen2.5-VL-7B,VQAv2,abs_mean_diff,25,26,non_sdc,6331,133,6331,0,0.0,0.10567393608543889,0.10164387697087866,0.03487832907394649,0.08136996899470034,0.1216804331925232,0.10274130885633026,0.10895418973053071,adequate
qwen25_vl_vqav2,Qwen2.5-VL-7B,VQAv2,abs_mean_diff,25,26,non_significant_sdc,911,112,911,0,0.0,0.10504874437805341,0.10010019613599236,0.03380724385824971,0.0814401105646458,0.12286152744520576,0.10069890081239376,0.1100408181064229,adequate
qwen25_vl_vqav2,Qwen2.5-VL-7B,VQAv2,abs_mean_diff,25,26,significant_sdc,258,66,119,139,0.5387596899224807,1.078844189305434e+31,0.04076075386636111,1.1768800677680534e+32,0.024086574985816768,0.0843117710125322,0.0736018509298342,2.9400563021529768e+31,adequate
qwen25_vl_vqav2,Qwen2.5-VL-7B,VQAv2,abs_mean_diff,26,27,non_sdc,6331,133,6331,0,0.0,0.149965792590376,0.14309091812797956,0.04801331178054617,0.11719320962826411,0.17371739787811583,0.14491472341770295,0.15546706648925318,adequate
qwen25_vl_vqav2,Qwen2.5-VL-7B,VQAv2,abs_mean_diff,26,27,non_significant_sdc,911,112,911,0,0.0,0.1472375977274434,0.14006923869825327,0.05058257739984003,0.11679146847570948,0.16658824015217336,0.1404541936370459,0.1546998909280218,adequate
qwen25_vl_vqav2,Qwen2.5-VL-7B,VQAv2,abs_mean_diff,26,27,significant_sdc,258,64,115,143,0.5542635658914729,9.4188772240673e+29,0.3152220854345633,1.0100620544618126e+31,0.21645805057918177,0.358679864479571,57962137552.332794,3.249512642303218e+30,adequate
qwen25_vl_vqav2,Qwen2.5-VL-7B,VQAv2,abs_std_diff,0,1,non_sdc,6331,133,6331,0,0.0,0.06950566212000887,0.06959252351004144,0.0070679001542666275,0.06546006434493595,0.0741466601334867,0.06883032911923471,0.07018719142198032,adequate
qwen25_vl_vqav2,Qwen2.5-VL-7B,VQAv2,abs_std_diff,0,1,non_significant_sdc,911,112,911,0,0.0,0.06859343622833225,0.06839308178141004,0.006021816279462416,0.06475362688302994,0.0723799825038599,0.06775361382380614,0.06936951716700811,adequate
qwen25_vl_vqav2,Qwen2.5-VL-7B,VQAv2,abs_std_diff,0,1,significant_sdc,258,89,199,59,0.22868217054263562,4.790877217590271e+30,0.006790349526064736,4.757497875302515e+31,0.005921515655152651,0.009127103096368362,2.0334071260591393e+29,1.2953044458865172e+31,adequate
qwen25_vl_vqav2,Qwen2.5-VL-7B,VQAv2,abs_std_diff,1,2,non_sdc,6331,133,6331,0,0.0,0.02368286822537938,0.023170798624816694,0.005777263818415342,0.020159126818180086,0.026866480708122253,0.023003023846308868,0.024349020350252583,adequate
qwen25_vl_vqav2,Qwen2.5-VL-7B,VQAv2,abs_std_diff,1,2,non_significant_sdc,911,112,911,0,0.0,0.024185999938224564,0.023875206212202706,0.004904963115209986,0.02100643437159689,0.026809271213344553,0.023420258201226177,0.02500920179851705,adequate
qwen25_vl_vqav2,Qwen2.5-VL-7B,VQAv2,abs_std_diff,1,2,significant_sdc,258,89,197,61,0.23643410852713176,1.825850969975643e+29,0.04024534900577701,2.562703957968061e+30,0.03663864077962175,0.04213819728822124,0.0374766213779868,6.2022684286243165e+29,adequate
qwen25_vl_vqav2,Qwen2.5-VL-7B,VQAv2,abs_std_diff,2,3,non_sdc,6331,133,6331,0,0.0,0.029727249118811985,0.029189500957727432,0.007388955861755732,0.024361776001751424,0.034080348288019494,0.029056486130526263,0.030390292839496985,adequate
qwen25_vl_vqav2,Qwen2.5-VL-7B,VQAv2,abs_std_diff,2,3,non_significant_sdc,911,112,911,0,0.0,0.029794082609055805,0.02889583371579647,0.007053463108238071,0.02500160540969812,0.034084835193223424,0.02872621120214192,0.030905195168112614,adequate
qwen25_vl_vqav2,Qwen2.5-VL-7B,VQAv2,abs_std_diff,2,3,significant_sdc,258,87,196,62,0.24031007751937983,4.119176156794763e+30,0.08307889567650095,5.766070737687856e+31,0.07684244093846301,0.08703590309893598,0.07705239732037275,1.3839196744231358e+31,adequate
qwen25_vl_vqav2,Qwen2.5-VL-7B,VQAv2,abs_std_diff,3,4,non_sdc,6331,133,6331,0,0.0,0.03326100385412958,0.032394687533378604,0.008158841116939894,0.027690505875008445,0.037724606692790985,0.03245062490868774,0.034102980908553585,adequate
qwen25_vl_vqav2,Qwen2.5-VL-7B,VQAv2,abs_std_diff,3,4,non_significant_sdc,911,112,911,0,0.0,0.034930025933688866,0.03444141112267971,0.014157658988588426,0.02910814490169287,0.038954548929866994,0.03372543022967227,0.03631803584412901,adequate
qwen25_vl_vqav2,Qwen2.5-VL-7B,VQAv2,abs_std_diff,3,4,significant_sdc,258,84,192,66,0.2558139534883721,4.475541115269584e+29,0.02881653173541536,4.750242094397646e+30,0.02428317640204819,0.033641915150325406,1.6021678731464156e+26,1.2612403336383183e+30,adequate
qwen25_vl_vqav2,Qwen2.5-VL-7B,VQAv2,abs_std_diff,4,5,non_sdc,6331,133,6331,0,0.0,0.036310670644312655,0.035556256771087646,0.009064955647477852,0.02958316007320256,0.041333439094679694,0.03535033153368724,0.03727547548828475,adequate
qwen25_vl_vqav2,Qwen2.5-VL-7B,VQAv2,abs_std_diff,4,5,non_significant_sdc,911,112,911,0,0.0,0.03657360837129525,0.034821049693752736,0.009142466489770367,0.030651979893445966,0.04205013168129054,0.03533874971602418,0.03788032176038388,adequate
qwen25_vl_vqav2,Qwen2.5-VL-7B,VQAv2,abs_std_diff,4,5,significant_sdc,258,85,188,70,0.2713178294573644,4.0284087423559124e+31,0.050100363943041584,3.2821797899765284e+32,0.044377255006408205,0.0556653259055955,3.8581953921756447e+30,9.736414080036785e+31,adequate
qwen25_vl_vqav2,Qwen2.5-VL-7B,VQAv2,abs_std_diff,5,6,non_sdc,6331,133,6331,0,0.0,0.02686019408200409,0.026173543598916795,0.0075033213822009075,0.02207711794310146,0.030586951054059543,0.02628640107616449,0.02747595710641446,adequate
qwen25_vl_vqav2,Qwen2.5-VL-7B,VQAv2,abs_std_diff,5,6,non_significant_sdc,911,112,911,0,0.0,0.026932125418330333,0.026095660196410284,0.012250995672825686,0.021566972136497498,0.030433928356929256,0.0256152275047281,0.028395371482175455,adequate
qwen25_vl_vqav2,Qwen2.5-VL-7B,VQAv2,abs_std_diff,5,6,significant_sdc,258,84,184,74,0.28682170542635654,7.772285502475728e+30,0.04747150412627629,7.575345986477014e+31,0.04019241559566284,0.05180533389960017,0.04335398087769738,2.0216474812453168e+31,adequate
qwen25_vl_vqav2,Qwen2.5-VL-7B,VQAv2,abs_std_diff,6,7,non_sdc,6331,133,6331,0,0.0,0.029701334362257005,0.028713516063160367,0.009498723360405689,0.02370631208886271,0.03420506171265939,0.02894315232294502,0.030463023373839822,adequate
qwen25_vl_vqav2,Qwen2.5-VL-7B,VQAv2,abs_std_diff,6,7,non_significant_sdc,911,112,911,0,0.0,0.03062766257407983,0.028811827301979065,0.011604405666558399,0.024428732544183734,0.03476324806419703,0.02950202893528222,0.03178304788747981,adequate
qwen25_vl_vqav2,Qwen2.5-VL-7B,VQAv2,abs_std_diff,6,7,significant_sdc,258,85,185,73,0.2829457364341085,2.8978635421020685e+30,0.022849770528929576,1.9306832707433955e+31,0.019961684942245483,0.03582806496516518,6.0262546200220086e+29,6.110062660276445e+30,adequate
qwen25_vl_vqav2,Qwen2.5-VL-7B,VQAv2,abs_std_diff,7,8,non_sdc,6331,133,6331,0,0.0,0.04488665181301943,0.04290708601474762,0.014476665270498623,0.03501388182242711,0.05313081613608769,0.043599752830425255,0.04616835699944301,adequate
qwen25_vl_vqav2,Qwen2.5-VL-7B,VQAv2,abs_std_diff,7,8,non_significant_sdc,911,112,911,0,0.0,0.04383558944909916,0.04240761582668011,0.013609965222670106,0.03399280287099607,0.051114536821842194,0.04204365122264304,0.045682998622101845,adequate
qwen25_vl_vqav2,Qwen2.5-VL-7B,VQAv2,abs_std_diff,7,8,significant_sdc,258,83,182,76,0.2945736434108527,1.4525887076917723e+29,0.12495073508851381,1.3928344560377057e+30,0.11500375375759844,0.13220976734039736,0.11239351273150669,3.7460369836302226e+29,adequate
qwen25_vl_vqav2,Qwen2.5-VL-7B,VQAv2,abs_std_diff,8,9,non_sdc,6331,133,6331,0,0.0,0.0479094963931353,0.04408397206238338,0.019701641811324035,0.03591297215057744,0.055062057450413704,0.04569448430812798,0.05045741490201875,adequate
qwen25_vl_vqav2,Qwen2.5-VL-7B,VQAv2,abs_std_diff,8,9,non_significant_sdc,911,112,911,0,0.0,0.04833781637754634,0.04451167583465576,0.015716676410654502,0.038324590282220586,0.05592910528182984,0.0459539878690498,0.05098959048115422,adequate
qwen25_vl_vqav2,Qwen2.5-VL-7B,VQAv2,abs_std_diff,8,9,significant_sdc,258,85,181,77,0.29844961240310075,789782416561.5137,0.03937065601348877,10625435711407.219,0.029380571477267206,0.05246286874725705,0.04973443927442316,2599102134502.304,adequate
qwen25_vl_vqav2,Qwen2.5-VL-7B,VQAv2,abs_std_diff,9,10,non_sdc,6331,133,6331,0,0.0,0.04108430258238515,0.03952598019882485,0.012755380473879844,0.03318260030614005,0.046986233443021774,0.039505100838338233,0.04289320698954691,adequate
qwen25_vl_vqav2,Qwen2.5-VL-7B,VQAv2,abs_std_diff,9,10,non_significant_sdc,911,112,911,0,0.0,0.039442482816265945,0.03837227821350098,0.010012607868782447,0.03248450989668496,0.04626134456153594,0.037889118617196224,0.04099373851160343,adequate
qwen25_vl_vqav2,Qwen2.5-VL-7B,VQAv2,abs_std_diff,9,10,significant_sdc,258,85,181,77,0.29844961240310075,2.1511970557210666e+32,0.03284349672648371,2.7725285993425346e+33,0.028370236863895337,0.04518561095607524,6.488862782544617e+29,7.17230943468352e+32,adequate
qwen25_vl_vqav2,Qwen2.5-VL-7B,VQAv2,abs_std_diff,10,11,non_sdc,6331,133,6331,0,0.0,0.03696487622402053,0.034556086767803536,0.014670455812815057,0.02692315858953139,0.04285747316621599,0.03476784340192925,0.040138974932938734,adequate
qwen25_vl_vqav2,Qwen2.5-VL-7B,VQAv2,abs_std_diff,10,11,non_significant_sdc,911,112,911,0,0.0,0.03656454488666572,0.03376930579543114,0.01381579703912793,0.02766621793713866,0.04119511489385745,0.034240762960794015,0.03948541880414385,adequate
qwen25_vl_vqav2,Qwen2.5-VL-7B,VQAv2,abs_std_diff,10,11,significant_sdc,258,82,173,85,0.3294573643410853,7.49432999292759e+30,0.17527724376746587,7.130844170464897e+31,0.1058934254913914,0.18688186729440884,0.13733654104457999,2.02176046596879e+31,adequate
qwen25_vl_vqav2,Qwen2.5-VL-7B,VQAv2,abs_std_diff,11,12,non_sdc,6331,133,6331,0,0.0,0.03574878605652797,0.03347559034824371,0.012517960715471517,0.028050439711660147,0.0413161936302145,0.034386711200874644,0.03713803087092031,adequate
qwen25_vl_vqav2,Qwen2.5-VL-7B,VQAv2,abs_std_diff,11,12,non_significant_sdc,911,112,911,0,0.0,0.03592211746581398,0.0340055658348969,0.011715266103402852,0.02814885728845471,0.04183621485443676,0.03411451374235673,0.0376718837116198,adequate
qwen25_vl_vqav2,Qwen2.5-VL-7B,VQAv2,abs_std_diff,11,12,significant_sdc,258,82,171,87,0.33720930232558144,1.3386948151154316e+31,0.04098375932294495,1.7136317696326643e+32,0.03895754443139446,0.0836291395279826,1.4245908241607444e+27,3.9230685880815894e+31,adequate
qwen25_vl_vqav2,Qwen2.5-VL-7B,VQAv2,abs_std_diff,12,13,non_sdc,6331,133,6331,0,0.0,0.05910626853075169,0.05567731161912282,0.02391288433360875,0.04184885533834372,0.07303659362022323,0.05644886416295107,0.06223432164452495,adequate
qwen25_vl_vqav2,Qwen2.5-VL-7B,VQAv2,abs_std_diff,12,13,non_significant_sdc,911,112,911,0,0.0,0.05992296508041638,0.054838213481401145,0.02403471623792198,0.04218069546752506,0.0758763227997155,0.056270959418384,0.06381243167202227,adequate
qwen25_vl_vqav2,Qwen2.5-VL-7B,VQAv2,abs_std_diff,12,13,significant_sdc,258,80,165,93,0.36046511627906974,2.0767908549274721e+30,0.15686428007118555,2.595369805556821e+31,0.11255640734215172,0.16423595407787633,0.13378096944227563,6.711322125994287e+30,adequate
qwen25_vl_vqav2,Qwen2.5-VL-7B,VQAv2,abs_std_diff,13,14,non_sdc,6331,133,6331,0,0.0,0.04487410638097006,0.041945809596463254,0.016226527763795826,0.03406747529530585,0.0538068881841621,0.04350433102738645,0.04627026186058901,adequate
qwen25_vl_vqav2,Qwen2.5-VL-7B,VQAv2,abs_std_diff,13,14,non_significant_sdc,911,112,911,0,0.0,0.043168764973798984,0.04167573650677999,0.013614948097729092,0.033699141815304756,0.04984537249102312,0.04112917852614057,0.04526140115389145,adequate
qwen25_vl_vqav2,Qwen2.5-VL-7B,VQAv2,abs_std_diff,13,14,significant_sdc,258,80,162,96,0.37209302325581395,0.06965976063486883,0.05952938129099048,0.031144416335014063,0.05494634267322871,0.06904369562256094,0.06410933050946228,0.07569237364199713,adequate
qwen25_vl_vqav2,Qwen2.5-VL-7B,VQAv2,abs_std_diff,14,15,non_sdc,6331,133,6331,0,0.0,0.041986084735486755,0.04065459083627771,0.013684590751563102,0.03239179615463529,0.049245012102319914,0.04081550632824712,0.04314898437425652,adequate
qwen25_vl_vqav2,Qwen2.5-VL-7B,VQAv2,abs_std_diff,14,15,non_significant_sdc,911,112,911,0,0.0,0.04054677817565613,0.0383119968076547,0.01328336910762071,0.03227963578324072,0.04669557066391344,0.03856269408804841,0.04270564720338263,adequate
qwen25_vl_vqav2,Qwen2.5-VL-7B,VQAv2,abs_std_diff,14,15,significant_sdc,258,80,160,98,0.3798449612403101,1.511117572974176e+31,0.04515772845063891,1.3941559727985042e+32,0.036900643266198366,0.1423124494981401,5.67779909942132e+29,4.075147192418511e+31,adequate
qwen25_vl_vqav2,Qwen2.5-VL-7B,VQAv2,abs_std_diff,15,16,non_sdc,6331,133,6331,0,0.0,0.05385316344799962,0.04906799441034144,0.02371297368755547,0.03637223371437618,0.06589542347937823,0.05168387877078665,0.05614585980829944,adequate
qwen25_vl_vqav2,Qwen2.5-VL-7B,VQAv2,abs_std_diff,15,16,non_significant_sdc,911,112,911,0,0.0,0.05336466090159613,0.050592938294777505,0.020519268172854686,0.03759578863779704,0.06337806099292004,0.05041027097168379,0.056562216408192326,adequate
qwen25_vl_vqav2,Qwen2.5-VL-7B,VQAv2,abs_std_diff,15,16,significant_sdc,258,77,148,110,0.4263565891472868,6.441528013989605e+29,0.10318254983546782,5.816432503351753e+30,0.08412153524707774,0.16640928319218207,0.11949760287494071,1.8014089806937866e+30,adequate
qwen25_vl_vqav2,Qwen2.5-VL-7B,VQAv2,abs_std_diff,16,17,non_sdc,6331,133,6331,0,0.0,0.04458626936286243,0.041868998358647026,0.015960514680015213,0.033623811602592465,0.05248900183609554,0.04327381733190333,0.04592112612912909,adequate
qwen25_vl_vqav2,Qwen2.5-VL-7B,VQAv2,abs_std_diff,16,17,non_significant_sdc,911,112,911,0,0.0,0.044487727074723184,0.04065838009119034,0.017099955513900242,0.033508394132642186,0.05106642993252262,0.04216080046669034,0.047037376365105625,adequate
qwen25_vl_vqav2,Qwen2.5-VL-7B,VQAv2,abs_std_diff,16,17,significant_sdc,258,78,149,109,0.42248062015503873,8.180275453395774e+30,0.05184114688918704,7.40920775697288e+31,0.037628520618785515,0.12567946679738104,5.867184615205838e+28,2.3002387626651226e+31,adequate
qwen25_vl_vqav2,Qwen2.5-VL-7B,VQAv2,abs_std_diff,17,18,non_sdc,6331,133,6331,0,0.0,0.0804441931958242,0.07630336555567654,0.025720698234887367,0.06221181455822218,0.09643289886223964,0.07835148104412909,0.08277347136606138,adequate
qwen25_vl_vqav2,Qwen2.5-VL-7B,VQAv2,abs_std_diff,17,18,non_significant_sdc,911,112,911,0,0.0,0.0857581312803216,0.08288687095046043,0.024559376449774732,0.06795259206383317,0.09933666150189108,0.08218855815895508,0.08943136124222822,adequate
qwen25_vl_vqav2,Qwen2.5-VL-7B,VQAv2,abs_std_diff,17,18,significant_sdc,258,76,142,116,0.4496124031007752,43.49771496233978,0.08340375779234632,516.662754137563,0.07336197166612064,0.23045954305906685,0.12950058846725174,151.54591030645273,adequate
qwen25_vl_vqav2,Qwen2.5-VL-7B,VQAv2,abs_std_diff,18,19,non_sdc,6331,133,6331,0,0.0,0.11099501023536967,0.10530458734585689,0.03729193889521622,0.08459388071101079,0.13240129008357016,0.10589028055085689,0.11732292687974669,adequate
qwen25_vl_vqav2,Qwen2.5-VL-7B,VQAv2,abs_std_diff,18,19,non_significant_sdc,911,112,911,0,0.0,0.10589991178774626,0.10471330989490855,0.030629832385324275,0.08629896026104689,0.1248268310725689,0.10081201406132566,0.11152532667350526,adequate
qwen25_vl_vqav2,Qwen2.5-VL-7B,VQAv2,abs_std_diff,18,19,significant_sdc,258,75,143,115,0.44573643410852715,6.869104733998606e+30,0.16141046978989426,5.140803527877136e+31,0.1543963238292811,0.27271484325126727,1.199040330799025e+29,1.6703992998088393e+31,adequate
qwen25_vl_vqav2,Qwen2.5-VL-7B,VQAv2,abs_std_diff,19,20,non_sdc,6331,133,6331,0,0.0,0.11760917598428178,0.11376156409581502,0.03657888516234874,0.09170963697963291,0.13952893063298658,0.11372298796727205,0.12145386156120075,adequate
qwen25_vl_vqav2,Qwen2.5-VL-7B,VQAv2,abs_std_diff,19,20,non_significant_sdc,911,112,911,0,0.0,0.12028394012615354,0.11599962839058467,0.03609682962707911,0.09393451035022735,0.14170855118168724,0.1137259358227784,0.12658700637896556,adequate
qwen25_vl_vqav2,Qwen2.5-VL-7B,VQAv2,abs_std_diff,19,20,significant_sdc,258,74,136,122,0.4728682170542635,3.327389439324363e+29,0.09100735978204377,2.977734285176511e+30,0.06622640339999783,0.13992933069284147,0.10831574797950012,9.30262687931689e+29,adequate
qwen25_vl_vqav2,Qwen2.5-VL-7B,VQAv2,abs_std_diff,20,21,non_sdc,6331,133,6331,0,0.0,0.2259890443555524,0.22069719433784485,0.05872919402115959,0.18379947543144226,0.2639519933324594,0.22018157782502643,0.232187452968443,adequate
qwen25_vl_vqav2,Qwen2.5-VL-7B,VQAv2,abs_std_diff,20,21,non_significant_sdc,911,112,911,0,0.0,0.2220617325361469,0.21466288467248282,0.05847678135175101,0.1822897804280122,0.26574479266602724,0.21211747802933995,0.23301305324668822,adequate
qwen25_vl_vqav2,Qwen2.5-VL-7B,VQAv2,abs_std_diff,20,21,significant_sdc,258,73,134,124,0.48062015503875966,1.1152100128683377e+32,0.16296525649270233,1.2179752355886741e+33,0.1463387526419698,0.3597138741490792,4.9829697091441105e+20,3.693738186150322e+32,adequate
qwen25_vl_vqav2,Qwen2.5-VL-7B,VQAv2,abs_std_diff,21,22,non_sdc,6331,133,6331,0,0.0,0.1896811413778826,0.18134524822235107,0.07247416017095054,0.13666218831214533,0.2290865897334048,0.18139034889855335,0.19860784747087468,adequate
qwen25_vl_vqav2,Qwen2.5-VL-7B,VQAv2,abs_std_diff,21,22,non_significant_sdc,911,112,911,0,0.0,0.17137987119210665,0.16551533483323597,0.060794956116398804,0.12959228668894085,0.20999778692538923,0.16189998978055906,0.18144776545283078,adequate
qwen25_vl_vqav2,Qwen2.5-VL-7B,VQAv2,abs_std_diff,21,22,significant_sdc,258,71,126,132,0.5116279069767442,1.3918486618141153e+30,0.26542043244960356,1.2140603279702234e+31,0.23935089001850207,0.5049754794763059,0.3549612775973516,3.8559797465338716e+30,adequate
qwen25_vl_vqav2,Qwen2.5-VL-7B,VQAv2,abs_std_diff,22,23,non_sdc,6331,133,6331,0,0.0,0.19831952347004947,0.1940174102783203,0.0618900462313355,0.1590360877740437,0.23398853702978656,0.18989355502253732,0.2082376736007676,adequate
qwen25_vl_vqav2,Qwen2.5-VL-7B,VQAv2,abs_std_diff,22,23,non_significant_sdc,911,112,911,0,0.0,0.2079478599621257,0.2072775959968567,0.0713776206151456,0.1694161033630371,0.24260065657278848,0.19870801488289058,0.21721634529489034,adequate
qwen25_vl_vqav2,Qwen2.5-VL-7B,VQAv2,abs_std_diff,22,23,significant_sdc,258,70,127,131,0.5077519379844961,4.4078743972013183e+30,0.04727915051032086,4.245143846916524e+31,0.03926537778912759,0.2156921947673286,0.13585009753068,1.3169293104829657e+31,adequate
qwen25_vl_vqav2,Qwen2.5-VL-7B,VQAv2,abs_std_diff,23,24,non_sdc,6331,133,6331,0,0.0,0.20489172103422734,0.19194911867380143,0.08845708601816393,0.15475249237247876,0.23205798701806502,0.19760269186088641,0.21356220425115657,adequate
qwen25_vl_vqav2,Qwen2.5-VL-7B,VQAv2,abs_std_diff,23,24,non_significant_sdc,911,112,911,0,0.0,0.20124545817759273,0.19368432611227035,0.06749281545527941,0.15850938713587476,0.23369024829431015,0.19109472053218202,0.21293047010596464,adequate
qwen25_vl_vqav2,Qwen2.5-VL-7B,VQAv2,abs_std_diff,23,24,significant_sdc,258,70,125,133,0.5155038759689923,4.2506658900549575e+31,0.054080249095449645,4.75238893990121e+32,0.04297482541629246,0.19879043879716293,0.14232448805316586,1.3065571383365646e+32,adequate
qwen25_vl_vqav2,Qwen2.5-VL-7B,VQAv2,abs_std_diff,24,25,non_sdc,6331,133,6331,0,0.0,0.2251052415396999,0.22159874981099908,0.0709940601853963,0.175618242633109,0.271928866704305,0.21788536878672132,0.23298954002537878,adequate
qwen25_vl_vqav2,Qwen2.5-VL-7B,VQAv2,abs_std_diff,24,25,non_significant_sdc,911,112,911,0,0.0,0.23542137423085688,0.23368296027183533,0.0755668356655657,0.18805163039972908,0.2795408776367617,0.22562257952532838,0.24581851445465977,adequate
qwen25_vl_vqav2,Qwen2.5-VL-7B,VQAv2,abs_std_diff,24,25,significant_sdc,258,67,122,136,0.5271317829457365,9.41993413774051e+29,0.18829061577514727,1.0404657330945614e+31,0.16428524514242093,0.20162687622466868,0.2118254483035982,3.106032337308751e+30,adequate
qwen25_vl_vqav2,Qwen2.5-VL-7B,VQAv2,abs_std_diff,25,26,non_sdc,6331,133,6331,0,0.0,0.25041262343312265,0.23449472188949586,0.09933160459980815,0.17863899999194677,0.29880053699016573,0.2397289768463481,0.2611147314536049,adequate
qwen25_vl_vqav2,Qwen2.5-VL-7B,VQAv2,abs_std_diff,25,26,non_significant_sdc,911,112,911,0,0.0,0.23348821407622064,0.22327084673775566,0.08494402187064011,0.1821020125772394,0.2645391745226724,0.2235968858359633,0.24318286822830443,adequate
qwen25_vl_vqav2,Qwen2.5-VL-7B,VQAv2,abs_std_diff,25,26,significant_sdc,258,66,119,139,0.5387596899224807,3.1898936187922897e+31,0.4250202981793151,3.479763116371862e+32,0.34400683945539046,0.48211831584268683,0.4624057677545928,8.827845131076337e+31,adequate
qwen25_vl_vqav2,Qwen2.5-VL-7B,VQAv2,abs_std_diff,26,27,non_sdc,6331,133,6331,0,0.0,0.4783064983256414,0.4586494035191006,0.15928162671566545,0.37390986311505414,0.5600549642528807,0.4599033719893661,0.5001150561971899,adequate
qwen25_vl_vqav2,Qwen2.5-VL-7B,VQAv2,abs_std_diff,26,27,non_significant_sdc,911,112,911,0,0.0,0.5101257757824037,0.49147913853327435,0.18290154981859483,0.3967369943857193,0.5711392362912495,0.48287188867038583,0.5386180560599894,adequate
qwen25_vl_vqav2,Qwen2.5-VL-7B,VQAv2,abs_std_diff,26,27,significant_sdc,258,64,115,143,0.5542635658914729,2.0761783649788045e+31,0.64695862361363,2.2264532543233355e+32,0.43453414241472876,1.3109322786331177,979019331567.434,7.235167029471592e+31,adequate
qwen25_vl_vqav2,Qwen2.5-VL-7B,VQAv2,l2_distance,0,1,non_sdc,6331,133,6331,0,0.0,0.9404291927599671,0.9363025564413804,0.06649759508666418,0.8945259829362233,0.9827990134557089,0.9324296523721493,0.9485294097118886,adequate
qwen25_vl_vqav2,Qwen2.5-VL-7B,VQAv2,l2_distance,0,1,non_significant_sdc,911,112,911,0,0.0,0.9364781547335189,0.9343247413635254,0.06732948922885806,0.888708233735279,0.9733022404344458,0.9259618916982842,0.9472540593559049,adequate
qwen25_vl_vqav2,Qwen2.5-VL-7B,VQAv2,l2_distance,0,1,significant_sdc,258,89,195,63,0.2441860465116279,1.3875808589938083,1.4500396920710195,0.17562199475057577,1.438551498919117,1.462614402479055,1.345526163138879,1.4268650979228679,adequate
qwen25_vl_vqav2,Qwen2.5-VL-7B,VQAv2,l2_distance,1,2,non_sdc,6331,133,6331,0,0.0,0.7222239849808182,0.7148096822202206,0.07560685510470257,0.6725432202219963,0.7655456924909039,0.7139709564412375,0.7316636997181449,adequate
qwen25_vl_vqav2,Qwen2.5-VL-7B,VQAv2,l2_distance,1,2,non_significant_sdc,911,112,911,0,0.0,0.7288519657123167,0.7212980329990387,0.06667385194567356,0.6861632878963764,0.7713824518645803,0.7196177754514756,0.7377360744681289,adequate
qwen25_vl_vqav2,Qwen2.5-VL-7B,VQAv2,l2_distance,1,2,significant_sdc,258,89,196,62,0.24031007751937983,1.572621791539346,1.6978785000285324,0.32860878212511857,1.6769714516644574,1.721110750217827,1.4979994921876727,1.6417250918559447,adequate
qwen25_vl_vqav2,Qwen2.5-VL-7B,VQAv2,l2_distance,2,3,non_sdc,6331,133,6331,0,0.0,0.9104040221689736,0.906071574791618,0.1026228651484475,0.850725864370664,0.9755529284477233,0.9006904072205223,0.9200771652313637,adequate
qwen25_vl_vqav2,Qwen2.5-VL-7B,VQAv2,l2_distance,2,3,non_significant_sdc,911,112,911,0,0.0,0.9209380028720392,0.9138097701401546,0.0930185918539957,0.857029375704852,0.9849394124287826,0.9054330578931621,0.9358180697871011,adequate
qwen25_vl_vqav2,Qwen2.5-VL-7B,VQAv2,l2_distance,2,3,significant_sdc,258,85,193,65,0.25193798449612403,1.604093418193852,1.6821251146647396,0.27097343171941846,1.6578740076142915,1.7001455535694046,1.542158096381714,1.6623404995336202,adequate
qwen25_vl_vqav2,Qwen2.5-VL-7B,VQAv2,l2_distance,3,4,non_sdc,6331,133,6331,0,0.0,1.0038029284477892,0.9985802446802458,0.10652371983872455,0.9346611553430557,1.0630757047070398,0.9941275288557611,1.0141249876357403,adequate
qwen25_vl_vqav2,Qwen2.5-VL-7B,VQAv2,l2_distance,3,4,non_significant_sdc,911,112,911,0,0.0,1.0169125470777975,1.0074065744876861,0.15897390868714567,0.941922202706337,1.0586717033339113,1.0011645362077528,1.0335183622559403,adequate
qwen25_vl_vqav2,Qwen2.5-VL-7B,VQAv2,l2_distance,3,4,significant_sdc,258,84,186,72,0.2790697674418605,1.8035321379387346,1.9416737404404856,0.3215958360501949,1.888688434447561,1.9614424395317935,1.7336172230984412,1.8723351007216724,adequate
qwen25_vl_vqav2,Qwen2.5-VL-7B,VQAv2,l2_distance,4,5,non_sdc,6331,133,6331,0,0.0,1.0420027015088924,1.0346757471561432,0.11218113862715354,0.9675953924655915,1.1035253798677809,1.0326085938073843,1.0517999330100105,adequate
qwen25_vl_vqav2,Qwen2.5-VL-7B,VQAv2,l2_distance,4,5,non_significant_sdc,911,112,911,0,0.0,1.0410857601507861,1.0249143976431627,0.19957104989682573,0.9652436376764224,1.0917589977765694,1.0255870817364798,1.0584792576265358,adequate
qwen25_vl_vqav2,Qwen2.5-VL-7B,VQAv2,l2_distance,4,5,significant_sdc,258,84,182,76,0.2945736434108527,1.7926947770976172,1.9231249787369553,0.3447100728870904,1.8808993587688523,1.9508651720017804,1.718208649657145,1.8647736622596272,adequate
qwen25_vl_vqav2,Qwen2.5-VL-7B,VQAv2,l2_distance,5,6,non_sdc,6331,133,6331,0,0.0,1.1726841329986988,1.1704732120037078,0.11818365260790213,1.0989019125699997,1.236644388094247,1.1638529654801595,1.1815315770995745,adequate
qwen25_vl_vqav2,Qwen2.5-VL-7B,VQAv2,l2_distance,5,6,non_significant_sdc,911,112,911,0,0.0,1.1952025026195328,1.1767002599579948,0.22965314728129332,1.1238655637611044,1.2409718347163428,1.1763740785745753,1.2157537676893597,adequate
qwen25_vl_vqav2,Qwen2.5-VL-7B,VQAv2,l2_distance,5,6,significant_sdc,258,84,182,76,0.2945736434108527,2.578912653433678,2.8711321621525046,0.6131493485556477,2.5111250378647627,2.933577806365733,2.4541919567169344,2.704602360222083,adequate
qwen25_vl_vqav2,Qwen2.5-VL-7B,VQAv2,l2_distance,6,7,non_sdc,6331,133,6331,0,0.0,1.313462854280361,1.3038879765404596,0.14969897594829043,1.2204445695833248,1.403656777669812,1.3012483143569815,1.3264523916228743,adequate
qwen25_vl_vqav2,Qwen2.5-VL-7B,VQAv2,l2_distance,6,7,non_significant_sdc,911,112,911,0,0.0,1.330515924376578,1.3250190236351707,0.20850921124341934,1.2355650600634123,1.3871333124545906,1.3126720194617287,1.3510541282486435,adequate
qwen25_vl_vqav2,Qwen2.5-VL-7B,VQAv2,l2_distance,6,7,significant_sdc,258,83,180,78,0.3023255813953488,1.8473658880847548,2.0501555082749348,0.35898369845377176,1.5745851696666442,2.0738032238215816,1.7905281782271727,1.9028613232390195,adequate
qwen25_vl_vqav2,Qwen2.5-VL-7B,VQAv2,l2_distance,7,8,non_sdc,6331,133,6331,0,0.0,1.5453153953677847,1.5378159210085869,0.17137141020750424,1.432756708562374,1.6539711638500816,1.5296052291459108,1.5624804342141065,adequate
qwen25_vl_vqav2,Qwen2.5-VL-7B,VQAv2,l2_distance,7,8,non_significant_sdc,911,112,911,0,0.0,1.5434044405095353,1.5252985080083212,0.17228396011939526,1.443156279050387,1.6403367000443119,1.5203172640728069,1.5670517495084462,adequate
qwen25_vl_vqav2,Qwen2.5-VL-7B,VQAv2,l2_distance,7,8,significant_sdc,258,83,179,79,0.3062015503875969,2.3694365761637366,2.6372126292209237,0.47790147692082846,1.7536347036560378,2.6853348892562243,2.2984711647304485,2.4438585238110817,adequate
qwen25_vl_vqav2,Qwen2.5-VL-7B,VQAv2,l2_distance,8,9,non_sdc,6331,133,6331,0,0.0,1.8316154147025885,1.800265222787857,0.20902401289109682,1.6923477140025815,1.946158523180268,1.806911192584434,1.8557625616337863,adequate
qwen25_vl_vqav2,Qwen2.5-VL-7B,VQAv2,l2_distance,8,9,non_significant_sdc,911,112,911,0,0.0,1.8216574676253112,1.7951908826828002,0.2001072814264394,1.684743870388378,1.9252653982904222,1.7925944756012184,1.8512762201253015,adequate
qwen25_vl_vqav2,Qwen2.5-VL-7B,VQAv2,l2_distance,8,9,significant_sdc,258,85,181,77,0.29844961240310075,6491823386032.039,2.5945734685781052,87338551215643.39,2.245753589941531,2.645748756369766,2.3808438980658693,21561653977425.99,adequate
qwen25_vl_vqav2,Qwen2.5-VL-7B,VQAv2,l2_distance,9,10,non_sdc,6331,133,6331,0,0.0,1.6023342874510162,1.5893852754875466,0.18190022216070695,1.481674469434298,1.7029319889843464,1.5836467022176846,1.6213126824492787,adequate
qwen25_vl_vqav2,Qwen2.5-VL-7B,VQAv2,l2_distance,9,10,non_significant_sdc,911,112,911,0,0.0,1.6375819469327124,1.6252720247615466,0.16941926457323933,1.5203048899769782,1.738885524598035,1.615346277292224,1.6603318603343535,adequate
qwen25_vl_vqav2,Qwen2.5-VL-7B,VQAv2,l2_distance,9,10,significant_sdc,258,84,176,82,0.3178294573643411,6676250186771.053,2.0082384055974534,88570467504212.92,1.9519419134879599,2.041678993677606,1.9448389249706415,22032487573523.68,adequate
qwen25_vl_vqav2,Qwen2.5-VL-7B,VQAv2,l2_distance,10,11,non_sdc,6331,133,6331,0,0.0,1.5509856055559814,1.5379332304000854,0.18005248188710257,1.4305453834268782,1.653710126876831,1.531676824126436,1.5740458158817594,adequate
qwen25_vl_vqav2,Qwen2.5-VL-7B,VQAv2,l2_distance,10,11,non_significant_sdc,911,112,911,0,0.0,1.5694477278675678,1.5552612332736744,0.17791611416351835,1.4626231962128688,1.678966975071851,1.5430299115990114,1.599314126989654,adequate
qwen25_vl_vqav2,Qwen2.5-VL-7B,VQAv2,l2_distance,10,11,significant_sdc,258,81,171,87,0.33720930232558144,2.542738098131118,2.9239836760929654,0.8569731758385092,1.6808736908192539,3.002013714946046,2.4253740166801734,2.6739506177197265,adequate
qwen25_vl_vqav2,Qwen2.5-VL-7B,VQAv2,l2_distance,11,12,non_sdc,6331,133,6331,0,0.0,1.5464837232016657,1.5369786875588554,0.18844864479340506,1.4205010768614317,1.6710079775916205,1.525352220135422,1.5723269415680534,adequate
qwen25_vl_vqav2,Qwen2.5-VL-7B,VQAv2,l2_distance,11,12,non_significant_sdc,911,112,911,0,0.0,1.5707822200855575,1.5497899445994148,0.19699992830365867,1.4556346764795394,1.674672254639813,1.5405593269939313,1.604134327973477,adequate
qwen25_vl_vqav2,Qwen2.5-VL-7B,VQAv2,l2_distance,11,12,significant_sdc,258,80,166,92,0.3565891472868217,2.5011279214938607,2.9557189734614626,0.756608673158175,1.6971621957096041,3.041642525974585,2.400167790990354,2.60952664528123,adequate
qwen25_vl_vqav2,Qwen2.5-VL-7B,VQAv2,l2_distance,12,13,non_sdc,6331,133,6331,0,0.0,1.8857637181384757,1.8709635188182194,0.23185392172762537,1.7256103605031967,2.018458579603891,1.8639786090584118,1.910701252416641,adequate
qwen25_vl_vqav2,Qwen2.5-VL-7B,VQAv2,l2_distance,12,13,non_significant_sdc,911,112,911,0,0.0,1.911992258059045,1.8945054587195902,0.24527219040653198,1.733026733523921,2.0381815825189866,1.8766821696956522,1.9489862335710237,adequate
qwen25_vl_vqav2,Qwen2.5-VL-7B,VQAv2,l2_distance,12,13,significant_sdc,258,80,161,97,0.375968992248062,2.7505899418147504,3.3624843723919926,0.9328447407426075,1.6935305814353787,3.452994098468703,2.62858073206853,2.875889643068823,adequate
qwen25_vl_vqav2,Qwen2.5-VL-7B,VQAv2,l2_distance,13,14,non_sdc,6331,133,6331,0,0.0,1.8525128921602834,1.8387391269207,0.22499518189800252,1.7100093064187956,1.9804901054927282,1.8301266427939564,1.876290535921997,adequate
qwen25_vl_vqav2,Qwen2.5-VL-7B,VQAv2,l2_distance,13,14,non_significant_sdc,911,112,911,0,0.0,1.8501208511440215,1.826611950993538,0.22048343061355763,1.7073852172264685,1.9843259033034828,1.815718655833799,1.88367364372998,adequate
qwen25_vl_vqav2,Qwen2.5-VL-7B,VQAv2,l2_distance,13,14,significant_sdc,258,80,162,96,0.37209302325581395,2.929126975645402,3.1179250344938163,0.651806912489718,2.80190758924095,3.238574607031686,2.8134157207799855,3.052638163289839,adequate
qwen25_vl_vqav2,Qwen2.5-VL-7B,VQAv2,l2_distance,14,15,non_sdc,6331,133,6331,0,0.0,1.8884331620586405,1.8683543006579082,0.204945257046204,1.7476179599761963,2.0181709945201876,1.8644857478527073,1.9165609796068848,adequate
qwen25_vl_vqav2,Qwen2.5-VL-7B,VQAv2,l2_distance,14,15,non_significant_sdc,911,112,911,0,0.0,1.8807824854928532,1.8691223496976106,0.21404742151100617,1.7354777273677646,2.020638566017151,1.8496510126749486,1.912092305695538,adequate
qwen25_vl_vqav2,Qwen2.5-VL-7B,VQAv2,l2_distance,14,15,significant_sdc,258,79,155,103,0.39922480620155043,791438960757.1738,2.9386735959928862,9853335599331.129,1.9361602104440028,3.1150485824565495,2.498056961137663,2359096902251.9023,adequate
qwen25_vl_vqav2,Qwen2.5-VL-7B,VQAv2,l2_distance,15,16,non_sdc,6331,133,6331,0,0.0,1.9257920306214051,1.9047476053237915,0.23240364116457946,1.754160171642638,2.0773833417086207,1.904963437118791,1.9465812755415177,adequate
qwen25_vl_vqav2,Qwen2.5-VL-7B,VQAv2,l2_distance,15,16,non_significant_sdc,911,112,911,0,0.0,1.91343714510879,1.8799682604639154,0.21178260758987974,1.754525235537707,2.0535637132028346,1.8855181535357903,1.9425581194431674,adequate
qwen25_vl_vqav2,Qwen2.5-VL-7B,VQAv2,l2_distance,15,16,significant_sdc,258,77,146,112,0.43410852713178294,840226293954.3895,2.650695945940861,10152492938042.408,2.2239621524908104,2.9161799586549098,2.5153863208048093,2520678881858.04,adequate
qwen25_vl_vqav2,Qwen2.5-VL-7B,VQAv2,l2_distance,16,17,non_sdc,6331,133,6331,0,0.0,1.9292855881299968,1.903787409265836,0.26293205666857566,1.7343902824598065,2.089909079747322,1.8987319084716332,1.9650062042891865,adequate
qwen25_vl_vqav2,Qwen2.5-VL-7B,VQAv2,l2_distance,16,17,non_significant_sdc,911,112,911,0,0.0,1.9093832025474113,1.8647702261805534,0.2608606477391323,1.7366216080753427,2.0657329807441203,1.8697005053299198,1.9527785289629958,adequate
qwen25_vl_vqav2,Qwen2.5-VL-7B,VQAv2,l2_distance,16,17,significant_sdc,258,77,145,113,0.437984496124031,343.1745415809663,2.256313885251681,4100.441010212194,2.0195319433601533,3.1789469499977265,2.53402199864146,1178.4265506078555,adequate
qwen25_vl_vqav2,Qwen2.5-VL-7B,VQAv2,l2_distance,17,18,non_sdc,6331,133,6331,0,0.0,2.467139757726124,2.446680043873034,0.28261027213275536,2.268332215872678,2.6243318773451305,2.4369852793481424,2.498212674945208,adequate
qwen25_vl_vqav2,Qwen2.5-VL-7B,VQAv2,l2_distance,17,18,non_significant_sdc,911,112,911,0,0.0,2.5223823407337385,2.4889973551034927,0.29629331112529544,2.3162151836987697,2.7172842835967157,2.474364559098902,2.572009549069685,adequate
qwen25_vl_vqav2,Qwen2.5-VL-7B,VQAv2,l2_distance,17,18,significant_sdc,258,76,142,116,0.4496124031007752,350.6552098804476,2.7278513079348317,4143.725616135536,2.550121814620738,3.110924248792687,2.81210582166618,1217.141180710857,adequate
qwen25_vl_vqav2,Qwen2.5-VL-7B,VQAv2,l2_distance,18,19,non_sdc,6331,133,6331,0,0.0,3.1898590967388154,3.1605539560317992,0.3108197688166876,2.9759372269714275,3.3736285178557686,3.143482919865648,3.240065490438117,adequate
qwen25_vl_vqav2,Qwen2.5-VL-7B,VQAv2,l2_distance,18,19,non_significant_sdc,911,112,911,0,0.0,3.1981367214172103,3.153917363711766,0.28377196513215697,3.0053904419853574,3.3689878627716787,3.1583895011189242,3.238173193008757,adequate
qwen25_vl_vqav2,Qwen2.5-VL-7B,VQAv2,l2_distance,18,19,significant_sdc,258,74,139,119,0.4612403100775194,3.84081620368793,3.369795546239736,1.4140138377682088,3.131553240819853,4.452487069733289,3.625881200508373,4.0993513206332635,adequate
qwen25_vl_vqav2,Qwen2.5-VL-7B,VQAv2,l2_distance,19,20,non_sdc,6331,133,6331,0,0.0,3.1150231215835715,3.095018948827471,0.33212609374258545,2.8850420605902576,3.3273827904149105,3.076551468232008,3.1583444465660975,adequate
qwen25_vl_vqav2,Qwen2.5-VL-7B,VQAv2,l2_distance,19,20,non_significant_sdc,911,112,911,0,0.0,3.1249363980382934,3.1100263487208974,0.312309962963763,2.9060964919887224,3.306073639127943,3.0799014997169394,3.1709941546704186,adequate
qwen25_vl_vqav2,Qwen2.5-VL-7B,VQAv2,l2_distance,19,20,significant_sdc,258,73,133,125,0.4844961240310077,3.1410526426175713,3.1013783713181815,1.1852565516411169,2.322819004253465,3.6213585211306203,2.9501702514762433,3.3559067619366036,adequate
qwen25_vl_vqav2,Qwen2.5-VL-7B,VQAv2,l2_distance,20,21,non_sdc,6331,133,6331,0,0.0,4.486744835184203,4.472473594877455,0.5300648254943177,4.10558557510376,4.846808917820454,4.432339763830161,4.541577874638239,adequate
qwen25_vl_vqav2,Qwen2.5-VL-7B,VQAv2,l2_distance,20,21,non_significant_sdc,911,112,911,0,0.0,4.439800435050378,4.395959854125977,0.5440054909531484,4.05958140244958,4.796550193403521,4.351207191162034,4.53158334417457,adequate
qwen25_vl_vqav2,Qwen2.5-VL-7B,VQAv2,l2_distance,20,21,significant_sdc,258,72,129,129,0.5,20063527238916.914,3.7768744826316833,227877864566505.34,2.4043860532799544,5.284236450584567,3.746503872881348,67665229119474.6,adequate
qwen25_vl_vqav2,Qwen2.5-VL-7B,VQAv2,l2_distance,21,22,non_sdc,6331,133,6331,0,0.0,4.301233815445186,4.213168393010679,0.6408172635754066,3.8522983378834192,4.644755510183481,4.224506563564321,4.3887376455719975,adequate
qwen25_vl_vqav2,Qwen2.5-VL-7B,VQAv2,l2_distance,21,22,non_significant_sdc,911,112,911,0,0.0,4.129612525636495,4.083401221495408,0.5315949022002594,3.777174347586799,4.441127655537505,4.041715213855444,4.223972439400904,adequate
qwen25_vl_vqav2,Qwen2.5-VL-7B,VQAv2,l2_distance,21,22,significant_sdc,258,71,124,134,0.5193798449612403,20872540434035.824,3.975949117115566,232426773580643.78,3.8915026054090385,7.823799737862179,5.156672803482849,68713141959821.445,adequate
qwen25_vl_vqav2,Qwen2.5-VL-7B,VQAv2,l2_distance,22,23,non_sdc,6331,133,6331,0,0.0,4.95780292691801,4.889574925104777,0.5631925375714221,4.581724487341844,5.304947845141093,4.893459209288875,5.024685900891499,adequate
qwen25_vl_vqav2,Qwen2.5-VL-7B,VQAv2,l2_distance,22,23,non_significant_sdc,911,112,911,0,0.0,4.945330808327181,4.911464543569656,0.639512832716327,4.613029463273106,5.246805828722085,4.873464773394638,5.0203898777371645,adequate
qwen25_vl_vqav2,Qwen2.5-VL-7B,VQAv2,l2_distance,22,23,significant_sdc,258,70,125,133,0.5155038759689923,5.266334750575241,4.119342521745331,2.2455522892306443,3.9192124240252437,5.1982726355393725,4.809762852827007,5.723106895643992,adequate
qwen25_vl_vqav2,Qwen2.5-VL-7B,VQAv2,l2_distance,23,24,non_sdc,6331,133,6331,0,0.0,4.833096806923172,4.750687444210053,0.6368680161990954,4.438617631828084,5.10988334963719,4.775382257031297,4.900322960769411,adequate
qwen25_vl_vqav2,Qwen2.5-VL-7B,VQAv2,l2_distance,23,24,non_significant_sdc,911,112,911,0,0.0,4.81703320996139,4.738562280481512,0.6054325294687938,4.474754795432091,5.067812919616699,4.732895042369828,4.916434478082526,adequate
qwen25_vl_vqav2,Qwen2.5-VL-7B,VQAv2,l2_distance,23,24,significant_sdc,258,70,123,135,0.5232558139534884,4.969551763590124,3.5329743745375652,2.470050879017209,3.4778139323604353,4.728213099367691,4.514130989166362,5.457116663742928,adequate
qwen25_vl_vqav2,Qwen2.5-VL-7B,VQAv2,l2_distance,24,25,non_sdc,6331,133,6331,0,0.0,5.433155226901192,5.346472518784659,0.6440056120680728,4.984045451147514,5.834288982279373,5.351844799883686,5.521718333127268,adequate
qwen25_vl_vqav2,Qwen2.5-VL-7B,VQAv2,l2_distance,24,25,non_significant_sdc,911,112,911,0,0.0,5.410589928928834,5.310143913541522,0.7000519510072273,5.0060424913059585,5.7648067691109395,5.321087051448023,5.509375609671511,adequate
qwen25_vl_vqav2,Qwen2.5-VL-7B,VQAv2,l2_distance,24,25,significant_sdc,258,67,120,138,0.5348837209302326,4.537601730996872,3.1987816095352173,2.2775033450612505,3.077211630587675,5.653220434983572,4.076246288281184,4.975377489327219,adequate
qwen25_vl_vqav2,Qwen2.5-VL-7B,VQAv2,l2_distance,25,26,non_sdc,6331,133,6331,0,0.0,6.931651411065352,6.768078547257644,1.0790559169141947,6.200259957048628,7.407194797809307,6.815078942262888,7.048614627948452,adequate
qwen25_vl_vqav2,Qwen2.5-VL-7B,VQAv2,l2_distance,25,26,non_significant_sdc,911,112,911,0,0.0,6.606083728375456,6.47885943495709,1.0741566360586572,6.0341474786400795,7.041850362350975,6.4878310560473444,6.723339638772973,adequate
qwen25_vl_vqav2,Qwen2.5-VL-7B,VQAv2,l2_distance,25,26,significant_sdc,258,66,118,140,0.5426356589147288,274323801768896.78,8.04894548543051,2846460682028897.0,7.780714227228748,8.300369681144247,8.483196227293352,813212831369463.1,adequate
qwen25_vl_vqav2,Qwen2.5-VL-7B,VQAv2,l2_distance,26,27,non_sdc,6331,133,6331,0,0.0,11.202972642784504,11.118883530298868,1.4770554796270845,10.20488143722396,12.097136415754047,11.022225651123694,11.410628686015695,adequate
qwen25_vl_vqav2,Qwen2.5-VL-7B,VQAv2,l2_distance,26,27,non_significant_sdc,911,112,911,0,0.0,11.472375351588333,11.442982322291323,1.682280925943142,10.454080566905795,12.280100524744249,11.256301975220063,11.706288157760028,adequate
qwen25_vl_vqav2,Qwen2.5-VL-7B,VQAv2,l2_distance,26,27,significant_sdc,258,63,114,144,0.5581395348837209,291323846694348.06,29.441944394792827,2896267316703719.5,28.140323492945456,30.41818984673948,14353.674202552284,864324143168484.1,adequate
internvl3_earthvqa,InternVL3-8B,EarthVQA,cos_sim,0,1,non_sdc,5364,375,5364,0,0.0,0.8536447913994387,0.8533891412344846,0.032744666135346816,0.8328182430317005,0.8746084620555242,0.8513162320869696,0.855934412730573,adequate
internvl3_earthvqa,InternVL3-8B,EarthVQA,cos_sim,0,1,non_significant_sdc,1685,313,1685,0,0.0,0.8488952267080954,0.8483994266261226,0.03206204212324209,0.828919169306755,0.8701328215775667,0.845778873300332,0.8518982618663785,adequate
internvl3_earthvqa,InternVL3-8B,EarthVQA,cos_sim,0,1,significant_sdc,436,250,419,17,0.03899082568807344,0.32194596761993466,0.2949362120458058,0.11214619388518196,0.2866893097454188,0.3011882084668899,0.30688740105510665,0.3396097022293545,adequate
internvl3_earthvqa,InternVL3-8B,EarthVQA,cos_sim,1,2,non_sdc,5364,375,5364,0,0.0,0.795982841445051,0.7964716025374152,0.05929201980596236,0.7547046943851139,0.8397116190508792,0.7917984334519913,0.8001055001812631,adequate
internvl3_earthvqa,InternVL3-8B,EarthVQA,cos_sim,1,2,non_significant_sdc,1685,313,1685,0,0.0,0.7845458056863897,0.7827677953810919,0.05681110166225053,0.749576185060584,0.8233514130115509,0.7785444212428272,0.7901778243042067,adequate
internvl3_earthvqa,InternVL3-8B,EarthVQA,cos_sim,1,2,significant_sdc,436,248,414,22,0.050458715596330306,0.08894458302068256,0.06032396651500342,0.13019151798329046,0.047834592937890975,0.06912524950671561,0.07157138851253135,0.10884485050352949,adequate
internvl3_earthvqa,InternVL3-8B,EarthVQA,cos_sim,2,3,non_sdc,5364,375,5364,0,0.0,0.7777870767436447,0.7751462599810433,0.05623728620363454,0.7451085513330574,0.8151049117247263,0.7737560986497627,0.7818006592356501,adequate
internvl3_earthvqa,InternVL3-8B,EarthVQA,cos_sim,2,3,non_significant_sdc,1685,313,1685,0,0.0,0.7679055171150752,0.7691840493679046,0.05315123728948659,0.7334621792489832,0.8030244688193003,0.7622290196934626,0.7733812959543941,adequate
internvl3_earthvqa,InternVL3-8B,EarthVQA,cos_sim,2,3,significant_sdc,436,247,407,29,0.0665137614678899,0.21155396222427,0.19573910230276537,0.10174339785969848,0.18775524062161542,0.2036717716528445,0.19792519056945018,0.2273865487178167,adequate
internvl3_earthvqa,InternVL3-8B,EarthVQA,cos_sim,3,4,non_sdc,5364,375,5364,0,0.0,0.8454072415316717,0.8466032519936562,0.041746757903868496,0.8219652528112585,0.8724706520636877,0.8421199448219339,0.8486792803932509,adequate
internvl3_earthvqa,InternVL3-8B,EarthVQA,cos_sim,3,4,non_significant_sdc,1685,313,1685,0,0.0,0.8376745033279527,0.8399564146995544,0.041154811057525,0.8160910525105216,0.8631552212378558,0.8328040385138273,0.8420791387339489,adequate
internvl3_earthvqa,InternVL3-8B,EarthVQA,cos_sim,3,4,significant_sdc,436,246,403,33,0.07568807339449546,0.42583000093778633,0.42380951375377424,0.10303869043284951,0.418584372316088,0.43079231101639415,0.4131678213487458,0.43924852070958803,adequate
internvl3_earthvqa,InternVL3-8B,EarthVQA,cos_sim,4,5,non_sdc,5364,375,5364,0,0.0,0.8126548923869372,0.8165644769157682,0.05351314027967732,0.7792073763333834,0.8509565989176432,0.8087705995781077,0.8164445574261502,adequate
internvl3_earthvqa,InternVL3-8B,EarthVQA,cos_sim,4,5,non_significant_sdc,1685,313,1685,0,0.0,0.8015212352220736,0.8057828448914193,0.05595112492108163,0.7726271290045518,0.8374968145204627,0.7956771542645588,0.807168582477521,adequate
internvl3_earthvqa,InternVL3-8B,EarthVQA,cos_sim,4,5,significant_sdc,436,240,390,46,0.10550458715596334,0.177528617956789,0.1587545915829892,0.11787984800774401,0.14454192257657345,0.17167299126788063,0.1620977279632196,0.19521493637849277,adequate
internvl3_earthvqa,InternVL3-8B,EarthVQA,cos_sim,5,6,non_sdc,5364,375,5364,0,0.0,0.8318120546654841,0.8344000394527729,0.04257422234241077,0.8043935969471931,0.8610801249742508,0.8287447010959362,0.834853880224802,adequate
internvl3_earthvqa,InternVL3-8B,EarthVQA,cos_sim,5,6,non_significant_sdc,1685,313,1685,0,0.0,0.8240469891286698,0.827743851620218,0.04238981815744775,0.7986858487129211,0.8520371526479721,0.8198248456674313,0.8281776327285223,adequate
internvl3_earthvqa,InternVL3-8B,EarthVQA,cos_sim,5,6,significant_sdc,436,238,379,57,0.1307339449541285,0.2240550845845953,0.21351824989732432,0.15804608258832117,0.19174453616142273,0.22360068932175636,0.20359215673553993,0.24628557344175817,adequate
internvl3_earthvqa,InternVL3-8B,EarthVQA,cos_sim,6,7,non_sdc,5364,375,5364,0,0.0,0.7327771225351235,0.73548624708372,0.07498631284554057,0.6810058027505874,0.7842344250672918,0.7267226123076028,0.7387225144002862,adequate
internvl3_earthvqa,InternVL3-8B,EarthVQA,cos_sim,6,7,non_significant_sdc,1685,313,1685,0,0.0,0.716027662800642,0.7208473792782536,0.07908638282357179,0.6736208956975204,0.7682881702979406,0.7067652383744043,0.7245037668179812,adequate
internvl3_earthvqa,InternVL3-8B,EarthVQA,cos_sim,6,7,significant_sdc,436,236,370,66,0.1513761467889908,0.36787501969981284,0.3866128340667608,0.09715508072991265,0.3702635187275556,0.39648085923827425,0.3569172857591454,0.37828722941302667,adequate
internvl3_earthvqa,InternVL3-8B,EarthVQA,cos_sim,7,8,non_sdc,5364,375,5364,0,0.0,0.7990998501980131,0.8056243277021817,0.05934204977951046,0.7608468218853599,0.8420404480770229,0.7944011749884016,0.803680093380771,adequate
internvl3_earthvqa,InternVL3-8B,EarthVQA,cos_sim,7,8,non_significant_sdc,1685,313,1685,0,0.0,0.7868841408362865,0.7954248167850353,0.06449482656451377,0.7504270265499751,0.8303953775992761,0.7799304635527442,0.793549278480645,adequate
internvl3_earthvqa,InternVL3-8B,EarthVQA,cos_sim,7,8,significant_sdc,436,232,354,82,0.18807339449541283,0.10371847644442062,0.07892697790105427,0.13727587759835802,0.06534133611332474,0.08790453323828323,0.08554768641542627,0.124149743600776,adequate
internvl3_earthvqa,InternVL3-8B,EarthVQA,cos_sim,8,9,non_sdc,5364,375,5364,0,0.0,0.8209638467621065,0.8274523337824005,0.04647209017082549,0.7999571152969137,0.8524032286975695,0.8168487000607626,0.82508119798215,adequate
internvl3_earthvqa,InternVL3-8B,EarthVQA,cos_sim,8,9,non_significant_sdc,1685,313,1685,0,0.0,0.8131214017268813,0.8212927239281791,0.05295699569060921,0.7886066599325701,0.8498705077171326,0.8066310202759659,0.8191743555935639,adequate
internvl3_earthvqa,InternVL3-8B,EarthVQA,cos_sim,8,9,significant_sdc,436,229,345,91,0.20871559633027525,0.2398879338424021,0.18922368786772903,0.14174589405992527,0.17470284520971532,0.22386099899909934,0.21962770563642983,0.262376153395659,adequate
internvl3_earthvqa,InternVL3-8B,EarthVQA,cos_sim,9,10,non_sdc,5364,375,5364,0,0.0,0.8301477962543481,0.8328960041205088,0.04170578506794685,0.8028659462928772,0.8568412140011787,0.8266547311379039,0.8335210249114602,adequate
internvl3_earthvqa,InternVL3-8B,EarthVQA,cos_sim,9,10,non_significant_sdc,1685,313,1685,0,0.0,0.8220083938921895,0.8259002891453829,0.04272388833510914,0.7988617926836014,0.8488020720305266,0.817043748776085,0.8266166911643891,adequate
internvl3_earthvqa,InternVL3-8B,EarthVQA,cos_sim,9,10,significant_sdc,436,226,336,100,0.22935779816513757,0.24081139882445268,0.21769431088956037,0.12563739143437092,0.20808155249272076,0.22721693925179387,0.22396229389799788,0.2594970013506243,adequate
internvl3_earthvqa,InternVL3-8B,EarthVQA,cos_sim,10,11,non_sdc,5364,375,5364,0,0.0,0.8014099908752504,0.8084023427963257,0.05664790805855675,0.7652018252346251,0.8402745247903195,0.7969954974894105,0.805813228590296,adequate
internvl3_earthvqa,InternVL3-8B,EarthVQA,cos_sim,10,11,non_significant_sdc,1685,313,1685,0,0.0,0.7914782201340279,0.7990565625104037,0.05798975792551987,0.7544951054357714,0.8312672313890959,0.785044446848979,0.797481167543362,adequate
internvl3_earthvqa,InternVL3-8B,EarthVQA,cos_sim,10,11,significant_sdc,436,223,326,110,0.2522935779816514,-0.023272443631986463,-0.07940672158871834,0.17822058924686573,-0.0826450762034831,-0.07341274086324193,-0.049805515508827794,0.005910472643024434,adequate
internvl3_earthvqa,InternVL3-8B,EarthVQA,cos_sim,11,12,non_sdc,5364,375,5364,0,0.0,0.8115035466502815,0.8204954649335232,0.05589351886404064,0.7807451145026995,0.8481301032006741,0.807020581463044,0.8158706491603872,adequate
internvl3_earthvqa,InternVL3-8B,EarthVQA,cos_sim,11,12,non_significant_sdc,1685,313,1685,0,0.0,0.804479783963682,0.8147828387362617,0.05865437446791143,0.7751606213194984,0.8413317664103075,0.7975721203133324,0.8105945046330338,adequate
internvl3_earthvqa,InternVL3-8B,EarthVQA,cos_sim,11,12,significant_sdc,436,214,305,131,0.3004587155963303,0.06156388740008021,0.02167535212119015,0.15854049719164579,0.014242979298744882,0.029441016669176062,0.03775422921877177,0.08783653029670677,adequate
internvl3_earthvqa,InternVL3-8B,EarthVQA,cos_sim,12,13,non_sdc,5364,375,5364,0,0.0,0.810252804914979,0.8191526286843894,0.053542427527989545,0.7827431119301103,0.8463520175569197,0.8055452607230116,0.8147644781974822,adequate
internvl3_earthvqa,InternVL3-8B,EarthVQA,cos_sim,12,13,non_significant_sdc,1685,313,1685,0,0.0,0.8006365786703672,0.8107031912639223,0.06165843459706396,0.7746625672216001,0.8400229905780993,0.7926944986802047,0.8075282485090327,adequate
internvl3_earthvqa,InternVL3-8B,EarthVQA,cos_sim,12,13,significant_sdc,436,208,294,142,0.32568807339449546,0.21568677887963889,0.21422525946697107,0.1329157451889601,0.20188621682951188,0.2239185758315179,0.1966802121477973,0.2347672268794853,adequate
internvl3_earthvqa,InternVL3-8B,EarthVQA,cos_sim,13,14,non_sdc,5364,375,5364,0,0.0,0.8298101840210437,0.8368893206119538,0.04800583501255393,0.8087526222730016,0.862704176683175,0.8256639571605863,0.8337724173185898,adequate
internvl3_earthvqa,InternVL3-8B,EarthVQA,cos_sim,13,14,non_significant_sdc,1685,313,1685,0,0.0,0.8243747234980885,0.8344227955454872,0.052864988815891065,0.803245197082388,0.8577984981238842,0.8177447063111776,0.8302099567104282,adequate
internvl3_earthvqa,InternVL3-8B,EarthVQA,cos_sim,13,14,significant_sdc,436,205,288,148,0.33944954128440363,0.16122995538332693,0.19006699878646405,0.19761701489334565,0.1719544233032027,0.203696483518092,0.1356001414877357,0.18666491307085872,adequate
internvl3_earthvqa,InternVL3-8B,EarthVQA,cos_sim,14,15,non_sdc,5364,375,5364,0,0.0,0.8146427696707744,0.8188945213298657,0.040848492357505005,0.7883394769259862,0.8454452963436351,0.811213359102489,0.8179871358565332,adequate
internvl3_earthvqa,InternVL3-8B,EarthVQA,cos_sim,14,15,non_significant_sdc,1685,313,1685,0,0.0,0.8073165412412834,0.8147495121791445,0.04713761709533728,0.7824698526684831,0.8395224710305532,0.801745075882335,0.81234067879545,adequate
internvl3_earthvqa,InternVL3-8B,EarthVQA,cos_sim,14,15,significant_sdc,436,201,275,161,0.3692660550458715,0.21157026714684654,0.22184025127516718,0.16190619516581914,0.16032357866001523,0.24392050185373854,0.18956690615520502,0.2346167985758809,adequate
internvl3_earthvqa,InternVL3-8B,EarthVQA,cos_sim,15,16,non_sdc,5364,375,5364,0,0.0,0.7862387369701943,0.793330988394033,0.05226259373293237,0.7595518598189721,0.8237042186891332,0.781547910628,0.7907941907011002,adequate
internvl3_earthvqa,InternVL3-8B,EarthVQA,cos_sim,15,16,non_significant_sdc,1685,313,1685,0,0.0,0.780207877532185,0.7883243527677324,0.05634713980676604,0.7560482525399753,0.8188703187874385,0.7741107315873321,0.7861744847240849,adequate
internvl3_earthvqa,InternVL3-8B,EarthVQA,cos_sim,15,16,significant_sdc,436,192,262,174,0.3990825688073395,0.009382474277236983,0.014276617843353627,0.22097519430800353,-0.0034402220852064844,0.0292593059130013,-0.02433046888084499,0.04411512181056267,adequate
internvl3_earthvqa,InternVL3-8B,EarthVQA,cos_sim,16,17,non_sdc,5364,375,5364,0,0.0,0.7588772977686828,0.7652016254494601,0.06364491709414978,0.7203846974298358,0.8065683163214523,0.7538696996055858,0.7636617778068183,adequate
internvl3_earthvqa,InternVL3-8B,EarthVQA,cos_sim,16,17,non_significant_sdc,1685,313,1685,0,0.0,0.74917907554605,0.7541457664582037,0.06505123307969722,0.7124723962375096,0.7979737321535746,0.7421102028165913,0.7558024979602679,adequate
internvl3_earthvqa,InternVL3-8B,EarthVQA,cos_sim,16,17,significant_sdc,436,188,254,182,0.4174311926605505,0.09675285147156189,0.14816255645579374,0.24251979037879542,0.0,0.20731278382507817,0.06304180297396811,0.12990862905332967,adequate
internvl3_earthvqa,InternVL3-8B,EarthVQA,cos_sim,17,18,non_sdc,5364,375,5364,0,0.0,0.7663144786423726,0.7751386381428818,0.05713656051982435,0.7315382018573302,0.8046187625119561,0.7614928049347135,0.7710067044063107,adequate
internvl3_earthvqa,InternVL3-8B,EarthVQA,cos_sim,17,18,non_significant_sdc,1685,313,1685,0,0.0,0.7562245886568888,0.767213415531885,0.061059411070224764,0.7268527814975152,0.7970369805892309,0.749003619165642,0.762839953757814,adequate
internvl3_earthvqa,InternVL3-8B,EarthVQA,cos_sim,17,18,significant_sdc,436,179,238,198,0.45412844036697253,0.3178213878512494,0.29424067890765715,0.14389402142606847,0.25939101128059683,0.3562779720036351,0.29624190421000457,0.33912139617250975,adequate
internvl3_earthvqa,InternVL3-8B,EarthVQA,cos_sim,18,19,non_sdc,5364,375,5364,0,0.0,0.831678664403412,0.8361300106706291,0.04335760177443813,0.8085309674865321,0.8604464618598714,0.8281900382040752,0.8350968941914872,adequate
internvl3_earthvqa,InternVL3-8B,EarthVQA,cos_sim,18,19,non_significant_sdc,1685,313,1685,0,0.0,0.8248718941167121,0.8315453577041626,0.05026293930301027,0.801854188243548,0.8580709278583527,0.8190641044615943,0.8300868842666512,adequate
internvl3_earthvqa,InternVL3-8B,EarthVQA,cos_sim,18,19,significant_sdc,436,175,231,205,0.4701834862385321,0.22367600915740385,0.22370506070402205,0.17404371430253945,0.09135030407686623,0.2563073497113525,0.1959538898141367,0.25318961743956925,adequate
internvl3_earthvqa,InternVL3-8B,EarthVQA,cos_sim,19,20,non_sdc,5364,375,5364,0,0.0,0.7699004643726747,0.7815846865918457,0.06369166701428798,0.727550955919119,0.8176775219348761,0.7643806112053599,0.7752355436866633,adequate
internvl3_earthvqa,InternVL3-8B,EarthVQA,cos_sim,19,20,non_significant_sdc,1685,313,1685,0,0.0,0.7586952169579742,0.7731851183849833,0.06515535858949181,0.7184891372919082,0.8058375255628065,0.7514389090325974,0.7656675273151653,adequate
internvl3_earthvqa,InternVL3-8B,EarthVQA,cos_sim,19,20,significant_sdc,436,170,222,214,0.49082568807339455,-0.00887845631569804,0.030263536144047976,0.28587534600823483,-0.3193670714996299,0.1481842699327639,-0.053099234725292696,0.03533044597004031,adequate
internvl3_earthvqa,InternVL3-8B,EarthVQA,cos_sim,20,21,non_sdc,5364,375,5364,0,0.0,0.7826896026101345,0.7920822966843843,0.06098923230015831,0.746543280113311,0.8291028615256602,0.7774964630031309,0.7878039384761858,adequate
internvl3_earthvqa,InternVL3-8B,EarthVQA,cos_sim,20,21,non_significant_sdc,1685,313,1685,0,0.0,0.7762930002063761,0.7843484655022621,0.06379624879230175,0.7425728966208065,0.8218542707377466,0.7693878883934309,0.7828920634677365,adequate
internvl3_earthvqa,InternVL3-8B,EarthVQA,cos_sim,20,21,significant_sdc,436,165,213,223,0.5114678899082569,0.3363948421676922,0.30584181906009206,0.1411638917825851,0.26466167946251073,0.4283359026422306,0.3145303032179716,0.35832776232292496,adequate
internvl3_earthvqa,InternVL3-8B,EarthVQA,cos_sim,21,22,non_sdc,5364,375,5364,0,0.0,0.815963764140743,0.8283664841973593,0.05716941869408148,0.7825743949056423,0.855423238008253,0.8109757552508985,0.8207045328486847,adequate
internvl3_earthvqa,InternVL3-8B,EarthVQA,cos_sim,21,22,non_significant_sdc,1685,313,1685,0,0.0,0.8086799613147947,0.8212846157879665,0.061914616917211195,0.7802173630757765,0.8502222375992017,0.8012281021976567,0.8154786888730482,adequate
internvl3_earthvqa,InternVL3-8B,EarthVQA,cos_sim,21,22,significant_sdc,436,158,201,235,0.5389908256880733,0.20152975435138862,0.19774993463438384,0.163857469473027,0.10151563904115132,0.2077672131815735,0.17047260164999514,0.23515673012283408,adequate
internvl3_earthvqa,InternVL3-8B,EarthVQA,cos_sim,22,23,non_sdc,5364,375,5364,0,0.0,0.8112035221512782,0.8163010858827167,0.04569439655554928,0.7864610075950622,0.844343946234464,0.8073056615836754,0.8149902842929223,adequate
internvl3_earthvqa,InternVL3-8B,EarthVQA,cos_sim,22,23,non_significant_sdc,1685,313,1685,0,0.0,0.8060527031189973,0.815547784169515,0.04636165604619195,0.7814343738555908,0.8367888604601225,0.8008658971346582,0.8108087886605065,adequate
internvl3_earthvqa,InternVL3-8B,EarthVQA,cos_sim,22,23,significant_sdc,436,146,184,252,0.5779816513761468,0.3700387905760846,0.4054875355594012,0.16362455606938384,0.26298447893647364,0.42024931463660026,0.33948392381745435,0.40107313831837593,adequate
internvl3_earthvqa,InternVL3-8B,EarthVQA,cos_sim,23,24,non_sdc,5364,375,5364,0,0.0,0.8273806130129306,0.8343825762470563,0.04417604030543005,0.8028641860254786,0.8576752079562062,0.823618582900927,0.8310747712427824,adequate
internvl3_earthvqa,InternVL3-8B,EarthVQA,cos_sim,23,24,non_significant_sdc,1685,313,1685,0,0.0,0.8180174910136466,0.8256521731615066,0.05109427338196105,0.7959814739227294,0.8513733148574829,0.8125418479291678,0.8232989503907013,adequate
internvl3_earthvqa,InternVL3-8B,EarthVQA,cos_sim,23,24,significant_sdc,436,137,173,263,0.6032110091743119,0.4939112171745104,0.5181996560826594,0.16282839604114652,0.48453156862940105,0.5554193489405573,0.46661747837437295,0.5203083030318633,adequate
internvl3_earthvqa,InternVL3-8B,EarthVQA,cos_sim,24,25,non_sdc,5364,375,5364,0,0.0,0.8397145818344136,0.845581518976312,0.0472878783753097,0.810057932960576,0.8744681230906782,0.835814726418677,0.8435653463767486,adequate
internvl3_earthvqa,InternVL3-8B,EarthVQA,cos_sim,24,25,non_significant_sdc,1685,313,1685,0,0.0,0.8344400374020721,0.8433781001302931,0.05369862419965955,0.8107864300409953,0.8696835807391575,0.8286087076156232,0.8399463826677867,adequate
internvl3_earthvqa,InternVL3-8B,EarthVQA,cos_sim,24,25,significant_sdc,436,130,164,272,0.6238532110091743,0.5490209279717104,0.601329998702419,0.16186822152918068,0.5372561237641743,0.6114294164034785,0.5216012030187244,0.5735719109132474,adequate
internvl3_earthvqa,InternVL3-8B,EarthVQA,cos_sim,25,26,non_sdc,5364,375,5364,0,0.0,0.899008366931375,0.9023818999528885,0.02772559010279595,0.8846652386710048,0.9192231006243012,0.8966200976072646,0.9012859797161883,adequate
internvl3_earthvqa,InternVL3-8B,EarthVQA,cos_sim,25,26,non_significant_sdc,1685,313,1685,0,0.0,0.8964010607869949,0.902979998588562,0.036384632461658246,0.8833187041860638,0.9181467841068903,0.8928676322591346,0.8997064225948799,adequate
internvl3_earthvqa,InternVL3-8B,EarthVQA,cos_sim,25,26,significant_sdc,436,122,151,285,0.6536697247706422,0.4387426938244047,0.41344304656495856,0.19720726109202913,0.3397308213978397,0.5260375397545951,0.39953155881927643,0.4771769332196677,adequate
internvl3_earthvqa,InternVL3-8B,EarthVQA,cos_sim,26,27,non_sdc,5364,375,5364,0,0.0,0.977776229163872,0.9781909518138222,0.008211027280765693,0.9739159754624491,0.9835955861481753,0.9770906544627728,0.9784252713575715,adequate
internvl3_earthvqa,InternVL3-8B,EarthVQA,cos_sim,26,27,non_significant_sdc,1685,313,1685,0,0.0,0.9764175526657229,0.9782758893505219,0.01192509498835459,0.9728016567230224,0.9822994768619537,0.9754433494666436,0.9773436488994878,adequate
internvl3_earthvqa,InternVL3-8B,EarthVQA,cos_sim,26,27,significant_sdc,436,116,143,293,0.6720183486238532,0.6022004024592912,0.6065414061351698,0.23523386958619283,0.5993712824218127,0.6177275941079976,0.5555421576249917,0.6462302615568076,adequate
internvl3_earthvqa,InternVL3-8B,EarthVQA,abs_mean_diff,0,1,non_sdc,5364,375,5364,0,0.0,0.01709837863469582,0.017010372830554843,0.0036147436704969684,0.01438376510187107,0.019682962846108317,0.016789976088113025,0.0174143130697155,adequate
internvl3_earthvqa,InternVL3-8B,EarthVQA,abs_mean_diff,0,1,non_significant_sdc,1685,313,1685,0,0.0,0.01728568094345151,0.017335141239606815,0.0033597489780373985,0.014898128122748697,0.01964921207400039,0.016899564272380763,0.0176751311267097,adequate
internvl3_earthvqa,InternVL3-8B,EarthVQA,abs_mean_diff,0,1,significant_sdc,436,250,419,17,0.03899082568807344,143854154.37355602,0.03465766524800993,2944621100.418203,0.033692753997308256,0.0354404230221954,0.03325475108811069,442114112.5158816,adequate
internvl3_earthvqa,InternVL3-8B,EarthVQA,abs_mean_diff,1,2,non_sdc,5364,375,5364,0,0.0,0.008404841809444017,0.00828415873790315,0.0022303109844305983,0.0069371595408914515,0.009784206994535291,0.00821926202659142,0.008597459315195823,adequate
internvl3_earthvqa,InternVL3-8B,EarthVQA,abs_mean_diff,1,2,non_significant_sdc,1685,313,1685,0,0.0,0.008746962072219103,0.008790013248411317,0.0023375324749660754,0.007122275508784999,0.009985322831198573,0.008504201649689824,0.009007183915564116,adequate
internvl3_earthvqa,InternVL3-8B,EarthVQA,abs_mean_diff,1,2,significant_sdc,436,248,414,22,0.050458715596330306,6.39766657339496e+26,0.01282074500103386,1.071042188805057e+28,0.012130849776143322,0.013690141998991674,0.013161242992991824,1.857442236551661e+27,adequate
internvl3_earthvqa,InternVL3-8B,EarthVQA,abs_mean_diff,2,3,non_sdc,5364,375,5364,0,0.0,0.008297909752497092,0.008218857215251774,0.0017353642467367093,0.007043797406367958,0.009304410124766745,0.008164212442626257,0.00843196834627693,adequate
internvl3_earthvqa,InternVL3-8B,EarthVQA,abs_mean_diff,2,3,non_significant_sdc,1685,313,1685,0,0.0,0.00853184931308139,0.008445675110895976,0.001676694435850084,0.007392570815192392,0.009463335920978958,0.008372574085351803,0.008690731965396405,adequate
internvl3_earthvqa,InternVL3-8B,EarthVQA,abs_mean_diff,2,3,significant_sdc,436,247,407,29,0.0665137614678899,1.1938157742244102e+28,0.018524129542389085,2.4055433592485743e+29,0.01775647313524114,0.019846649156237135,0.018431451674043163,3.7171707311162484e+28,adequate
internvl3_earthvqa,InternVL3-8B,EarthVQA,abs_mean_diff,3,4,non_sdc,5364,375,5364,0,0.0,0.010804324107568713,0.010380918925095881,0.0027081854447017027,0.008915732015988656,0.012294392669847345,0.01059388178609316,0.011016214142643721,adequate
internvl3_earthvqa,InternVL3-8B,EarthVQA,abs_mean_diff,3,4,non_significant_sdc,1685,313,1685,0,0.0,0.010885061369882749,0.010603101811804143,0.0025567126003684056,0.009139376685418414,0.0122768409200944,0.010633606898885739,0.011143175475130154,adequate
internvl3_earthvqa,InternVL3-8B,EarthVQA,abs_mean_diff,3,4,significant_sdc,436,246,403,33,0.07568807339449546,1.1609064311836955e+28,0.043762814866530955,1.5194189599946766e+29,0.042481320854323934,0.04471597911039253,1.422913265114865e+26,2.922922039822192e+28,adequate
internvl3_earthvqa,InternVL3-8B,EarthVQA,abs_mean_diff,4,5,non_sdc,5364,375,5364,0,0.0,0.010379570963253534,0.01020670454017818,0.0021179221515033875,0.008986172367545358,0.011707468297454003,0.010224321740521784,0.010536591030983228,adequate
internvl3_earthvqa,InternVL3-8B,EarthVQA,abs_mean_diff,4,5,non_significant_sdc,1685,313,1685,0,0.0,0.01052759779495795,0.010362029905081727,0.002111588518779105,0.009109575015662069,0.011810027359222824,0.010302590359225544,0.010755065165305241,adequate
internvl3_earthvqa,InternVL3-8B,EarthVQA,abs_mean_diff,4,5,significant_sdc,436,240,390,46,0.10550458715596334,4.0262469053534385e+28,0.03323815872997274,6.698244809430316e+29,0.031706098292488605,0.03455089264530308,5.130574023962718e+24,1.1622256588218729e+29,adequate
internvl3_earthvqa,InternVL3-8B,EarthVQA,abs_mean_diff,5,6,non_sdc,5364,375,5364,0,0.0,0.011123186542479811,0.011168319107164506,0.0022188719275007527,0.00961624098320802,0.012545428594522592,0.010949239384139902,0.011293937950514572,adequate
internvl3_earthvqa,InternVL3-8B,EarthVQA,abs_mean_diff,5,6,non_significant_sdc,1685,313,1685,0,0.0,0.011194025598218341,0.011169267543168231,0.0024887500201454297,0.009603942860849202,0.012710786093712637,0.010941429985459794,0.0114604295148417,adequate
internvl3_earthvqa,InternVL3-8B,EarthVQA,abs_mean_diff,5,6,significant_sdc,436,238,379,57,0.1307339449541285,1.0222301864922653e+28,0.04464229432466839,1.81073073187353e+29,0.04322454849571674,0.046128065848000804,744956975.9180106,3.0221047022563496e+28,adequate
internvl3_earthvqa,InternVL3-8B,EarthVQA,abs_mean_diff,6,7,non_sdc,5364,375,5364,0,0.0,0.013225230134960542,0.012895431291932862,0.003489544503336676,0.010749521719408222,0.015059870222467,0.012963539057511806,0.013498721976074029,adequate
internvl3_earthvqa,InternVL3-8B,EarthVQA,abs_mean_diff,6,7,non_significant_sdc,1685,313,1685,0,0.0,0.013821361921370484,0.013412723728619954,0.003418578299133022,0.011419181296202754,0.015876610759733012,0.013472213861379752,0.014187542356252197,adequate
internvl3_earthvqa,InternVL3-8B,EarthVQA,abs_mean_diff,6,7,significant_sdc,436,236,370,66,0.1513761467889908,3.0007049302460258e+29,0.009338970723733003,5.608003158714833e+30,0.007915251439304223,0.011055631605832249,1.012065754732824e+22,9.275975756711879e+29,adequate
internvl3_earthvqa,InternVL3-8B,EarthVQA,abs_mean_diff,7,8,non_sdc,5364,375,5364,0,0.0,0.013314859468293595,0.013416641700916505,0.0033336505188829293,0.010926628004476104,0.01533347283574668,0.0130652529743111,0.013565812401496447,adequate
internvl3_earthvqa,InternVL3-8B,EarthVQA,abs_mean_diff,7,8,non_significant_sdc,1685,313,1685,0,0.0,0.013635443727557322,0.013630004759222545,0.0032862213838081127,0.0112994858149991,0.015632647409802303,0.013314969931201959,0.013963729929599414,adequate
internvl3_earthvqa,InternVL3-8B,EarthVQA,abs_mean_diff,7,8,significant_sdc,436,232,354,82,0.18807339449541283,9.835368314162969e+26,0.019636419773985614,1.8487647424259532e+28,0.01811534826399055,0.02185951654469043,0.02032559602592849,2.990084707634627e+27,adequate
internvl3_earthvqa,InternVL3-8B,EarthVQA,abs_mean_diff,8,9,non_sdc,5364,375,5364,0,0.0,0.01620509937877627,0.015690610867039184,0.004350089057696241,0.013350997791470339,0.018559167656349018,0.015844801348555898,0.016584099060655694,adequate
internvl3_earthvqa,InternVL3-8B,EarthVQA,abs_mean_diff,8,9,non_significant_sdc,1685,313,1685,0,0.0,0.0164251978938932,0.015747720021754504,0.004210428945583872,0.013486076818986071,0.018793801023137,0.016012457592353653,0.016868214443975633,adequate
internvl3_earthvqa,InternVL3-8B,EarthVQA,abs_mean_diff,8,9,significant_sdc,436,229,345,91,0.20871559633027525,8.583095356286978e+28,0.010204022446153115,1.1360769742899064e+30,0.009219011733764592,0.012022055870834358,0.016595824700712962,2.2373233773584612e+29,adequate
internvl3_earthvqa,InternVL3-8B,EarthVQA,abs_mean_diff,9,10,non_sdc,5364,375,5364,0,0.0,0.016693582427293126,0.016428432335088713,0.0037152104150234154,0.01411912471848345,0.018881024419291254,0.01642265511016658,0.01697059406215234,adequate
internvl3_earthvqa,InternVL3-8B,EarthVQA,abs_mean_diff,9,10,non_significant_sdc,1685,313,1685,0,0.0,0.017146384919827843,0.017038843853192195,0.0036881293843094506,0.014617857303366892,0.01948916540562135,0.016744518550707577,0.01755061488863372,adequate
internvl3_earthvqa,InternVL3-8B,EarthVQA,abs_mean_diff,9,10,significant_sdc,436,226,336,100,0.22935779816513757,9.885579288002871e+25,0.040484040863907,1.8120566150304325e+27,0.03527486235098153,0.04538722374305433,0.0379221705170325,3.010472484080632e+26,adequate
internvl3_earthvqa,InternVL3-8B,EarthVQA,abs_mean_diff,10,11,non_sdc,5364,375,5364,0,0.0,0.014890384010045575,0.014525235058356296,0.0032479723547713672,0.012523642806336284,0.01693352762552252,0.014659709198080014,0.015128648702574011,adequate
internvl3_earthvqa,InternVL3-8B,EarthVQA,abs_mean_diff,10,11,non_significant_sdc,1685,313,1685,0,0.0,0.015313833314790526,0.014945078701914652,0.0032729602060579833,0.012939640965002278,0.01715058213295905,0.014978440051676553,0.015655546705481405,adequate
internvl3_earthvqa,InternVL3-8B,EarthVQA,abs_mean_diff,10,11,significant_sdc,436,223,326,110,0.2522935779816514,2.2985623214986833e+30,0.026986901447585573,3.9970743948906484e+31,0.023317040082029238,0.02910745646970879,3.9501140514725526e+27,6.909840027755361e+30,adequate
internvl3_earthvqa,InternVL3-8B,EarthVQA,abs_mean_diff,11,12,non_sdc,5364,375,5364,0,0.0,0.016384669267098546,0.01650681315670506,0.003853192169155884,0.01367759490406818,0.01883260370232165,0.016113584414654797,0.016653708341639307,adequate
internvl3_earthvqa,InternVL3-8B,EarthVQA,abs_mean_diff,11,12,non_significant_sdc,1685,313,1685,0,0.0,0.01618436263983555,0.016015952421973147,0.00375316989518045,0.013451628899201751,0.018591943990301202,0.015845883743518935,0.016523755633564095,adequate
internvl3_earthvqa,InternVL3-8B,EarthVQA,abs_mean_diff,11,12,significant_sdc,436,214,305,131,0.3004587155963303,6.820257304042987e+28,0.04166488097600487,6.752894445498566e+29,0.03475071066439304,0.044089214645839314,1.0463065595371537e+28,1.567862327297636e+29,adequate
internvl3_earthvqa,InternVL3-8B,EarthVQA,abs_mean_diff,12,13,non_sdc,5364,375,5364,0,0.0,0.018891264006790056,0.01823766242641096,0.005206514076557423,0.01498738531518029,0.022200630244264,0.01849320870782878,0.019293754668205723,adequate
internvl3_earthvqa,InternVL3-8B,EarthVQA,abs_mean_diff,12,13,non_significant_sdc,1685,313,1685,0,0.0,0.019182936791693597,0.018264576999677554,0.005711849340061871,0.015136591657730085,0.022128076483072204,0.018591527446471384,0.01980147017549692,adequate
internvl3_earthvqa,InternVL3-8B,EarthVQA,abs_mean_diff,12,13,significant_sdc,436,208,294,142,0.32568807339449546,1.5618640014039921e+29,0.06373727790849777,2.5665793905413424e+30,0.0594479213890439,0.06748144614108724,1.7175740613497014e+24,4.769800559809118e+29,adequate
internvl3_earthvqa,InternVL3-8B,EarthVQA,abs_mean_diff,13,14,non_sdc,5364,375,5364,0,0.0,0.016982914759422436,0.01669350003089326,0.0038790397823208764,0.014283639070239256,0.01913820730092434,0.016684199203513574,0.017296527854886754,adequate
internvl3_earthvqa,InternVL3-8B,EarthVQA,abs_mean_diff,13,14,non_significant_sdc,1685,313,1685,0,0.0,0.01703870745028192,0.016501090943347663,0.0038610887032485665,0.014407751676454037,0.019160461000865325,0.01668889781072567,0.017405175009180526,adequate
internvl3_earthvqa,InternVL3-8B,EarthVQA,abs_mean_diff,13,14,significant_sdc,436,205,288,148,0.33944954128440363,6.581999766443474e+27,0.032167516962378004,1.1170024004689088e+29,0.026926909557854137,0.033315277481404115,0.027344791237432976,2.0679446538935135e+28,adequate
internvl3_earthvqa,InternVL3-8B,EarthVQA,abs_mean_diff,14,15,non_sdc,5364,375,5364,0,0.0,0.019542686142956272,0.018712158724720106,0.005077437394514744,0.0162717462762406,0.021992389527440537,0.01914001057705308,0.019949529914061664,adequate
internvl3_earthvqa,InternVL3-8B,EarthVQA,abs_mean_diff,14,15,non_significant_sdc,1685,313,1685,0,0.0,0.01934072008937856,0.018593869117252967,0.004809166800359286,0.016060077544787655,0.02165654031116338,0.01886748843950142,0.019826990734637662,adequate
internvl3_earthvqa,InternVL3-8B,EarthVQA,abs_mean_diff,14,15,significant_sdc,436,201,275,161,0.3692660550458715,3.0137894714303276e+28,0.02454392255607004,4.175295242210374e+29,0.02256520598537612,0.028771513987484634,6.635342580929537e+26,8.53775020141044e+28,adequate
internvl3_earthvqa,InternVL3-8B,EarthVQA,abs_mean_diff,15,16,non_sdc,5364,375,5364,0,0.0,0.018920068020829444,0.01824841706547886,0.005043872033233426,0.015412016202592187,0.021605857893794593,0.018544227188824855,0.019304931469150338,adequate
internvl3_earthvqa,InternVL3-8B,EarthVQA,abs_mean_diff,15,16,non_significant_sdc,1685,313,1685,0,0.0,0.01875293474468664,0.017744405623525382,0.0051207338187847,0.01538882028861818,0.02124681223982147,0.01822059872271879,0.019307870001754726,adequate
internvl3_earthvqa,InternVL3-8B,EarthVQA,abs_mean_diff,15,16,significant_sdc,436,192,262,174,0.3990825688073395,1.5189291511420982e+29,0.03507026863445965,2.4280042737306317e+30,0.03141068456675477,0.03954543531468442,1.2155852431225632e+24,4.783639796560251e+29,adequate
internvl3_earthvqa,InternVL3-8B,EarthVQA,abs_mean_diff,16,17,non_sdc,5364,375,5364,0,0.0,0.02045937232368423,0.019978816352046,0.004350118669531379,0.017508239404728208,0.023052731517415322,0.02011442964159144,0.02081364274589855,adequate
internvl3_earthvqa,InternVL3-8B,EarthVQA,abs_mean_diff,16,17,non_significant_sdc,1685,313,1685,0,0.0,0.020726675230266736,0.020261795831965686,0.004517280193159371,0.017567077030738194,0.023294049736040715,0.0202257351968549,0.021249873772766537,adequate
internvl3_earthvqa,InternVL3-8B,EarthVQA,abs_mean_diff,16,17,significant_sdc,436,188,254,182,0.4174311926605505,3.0674907843402735e+28,0.026514584742657537,2.6861891404163328e+29,0.02151490529352913,0.03592197347803003,3.627582195538533e+27,6.781479095016258e+28,adequate
internvl3_earthvqa,InternVL3-8B,EarthVQA,abs_mean_diff,17,18,non_sdc,5364,375,5364,0,0.0,0.026337310335219064,0.02588156801893523,0.005677531284378708,0.022547735766108547,0.02940966026845241,0.025905279278829983,0.026768411781866255,adequate
internvl3_earthvqa,InternVL3-8B,EarthVQA,abs_mean_diff,17,18,non_significant_sdc,1685,313,1685,0,0.0,0.026579847514237025,0.026355514014583258,0.005630009325769728,0.022762618520680594,0.03003084866087074,0.026006182083152148,0.02717201917339001,adequate
internvl3_earthvqa,InternVL3-8B,EarthVQA,abs_mean_diff,17,18,significant_sdc,436,179,238,198,0.45412844036697253,5.786410846117895e+29,0.028080948082045937,8.184831168826526e+30,0.015868997343872884,0.03941565002444791,2.538176874810996e+27,1.7354114936622153e+30,adequate
internvl3_earthvqa,InternVL3-8B,EarthVQA,abs_mean_diff,18,19,non_sdc,5364,375,5364,0,0.0,0.0314910692000988,0.03067493506385444,0.007415032843501337,0.025851465977527906,0.036397714883438945,0.030938677283718574,0.032051802431380484,adequate
internvl3_earthvqa,InternVL3-8B,EarthVQA,abs_mean_diff,18,19,non_significant_sdc,1685,313,1685,0,0.0,0.03171113952260811,0.03079519835591782,0.007281507912299745,0.027074014198862843,0.03532347752757016,0.0309932294506873,0.03245930373216605,adequate
internvl3_earthvqa,InternVL3-8B,EarthVQA,abs_mean_diff,18,19,significant_sdc,436,175,231,205,0.4701834862385321,7.948229338395499e+28,0.05819123825628539,8.133113034632955e+29,0.05152267883460475,0.06188493798848013,2.2032130300690694e+26,1.9796670633950528e+29,adequate
internvl3_earthvqa,InternVL3-8B,EarthVQA,abs_mean_diff,19,20,non_sdc,5364,375,5364,0,0.0,0.030725963147444108,0.029684415561445222,0.008091640155356418,0.024957647237195554,0.03535676307390948,0.030103245181067464,0.03133662207871343,adequate
internvl3_earthvqa,InternVL3-8B,EarthVQA,abs_mean_diff,19,20,non_significant_sdc,1685,313,1685,0,0.0,0.030802787391436583,0.029000301121009722,0.00880288287705435,0.02515933911005656,0.034626755440099674,0.029954018933521297,0.031698576683947204,adequate
internvl3_earthvqa,InternVL3-8B,EarthVQA,abs_mean_diff,19,20,significant_sdc,436,170,222,214,0.49082568807339455,2.374541770298377e+28,0.03478500753725794,3.1646818209356708e+29,0.007583565176084485,0.06433179975664687,1584304517.934737,7.027449205725447e+28,adequate
internvl3_earthvqa,InternVL3-8B,EarthVQA,abs_mean_diff,20,21,non_sdc,5364,375,5364,0,0.0,0.033659699285013375,0.031792231970890004,0.009472094635142805,0.026801366358995438,0.03874905212946674,0.03291181287373361,0.03441795564526787,adequate
internvl3_earthvqa,InternVL3-8B,EarthVQA,abs_mean_diff,20,21,non_significant_sdc,1685,313,1685,0,0.0,0.03428318423243046,0.0324739144804577,0.010058587192209081,0.0276568786551555,0.0390302289205675,0.03333791084568908,0.03526327192373898,adequate
internvl3_earthvqa,InternVL3-8B,EarthVQA,abs_mean_diff,20,21,significant_sdc,436,165,213,223,0.5114678899082569,9.689234164031373e+28,0.02893163246691835,1.0508831386643353e+30,0.02578565755821004,0.04054133894340116,7.786722428364577e+23,2.644698510740408e+29,adequate
internvl3_earthvqa,InternVL3-8B,EarthVQA,abs_mean_diff,21,22,non_sdc,5364,375,5364,0,0.0,0.03254559082034228,0.03147315558954286,0.00877930220794486,0.02620508283790615,0.037341595197526306,0.03184990698578875,0.033265070361768324,adequate
internvl3_earthvqa,InternVL3-8B,EarthVQA,abs_mean_diff,21,22,non_significant_sdc,1685,313,1685,0,0.0,0.032850649187760074,0.03172063497671237,0.00900002097708311,0.026671384987623795,0.03653772065246647,0.03195094826861632,0.03380170381359986,adequate
internvl3_earthvqa,InternVL3-8B,EarthVQA,abs_mean_diff,21,22,significant_sdc,436,158,201,235,0.5389908256880733,1.0186007229640389e+30,0.04436287255387525,1.4292168168945583e+31,0.03875638640142585,0.05636065420979748,4.917074992632254e+24,3.20808447575635e+30,adequate
internvl3_earthvqa,InternVL3-8B,EarthVQA,abs_mean_diff,22,23,non_sdc,5364,375,5364,0,0.0,0.03771507200834092,0.036686021944179255,0.008816619605399036,0.031381795048114974,0.04258128430825682,0.03700130681558062,0.038447726179109264,adequate
internvl3_earthvqa,InternVL3-8B,EarthVQA,abs_mean_diff,22,23,non_significant_sdc,1685,313,1685,0,0.0,0.037653729720958797,0.036371090397652656,0.009333467609394392,0.031359132030047476,0.04216315305361954,0.03673843168763658,0.03860611775703899,adequate
internvl3_earthvqa,InternVL3-8B,EarthVQA,abs_mean_diff,22,23,significant_sdc,436,146,184,252,0.5779816513761468,7.280801440086092e+29,0.07423596222865947,8.869988158601075e+30,0.06309370413346559,0.07987382113743498,1.0679424038787828e+28,2.1699832641768646e+30,adequate
internvl3_earthvqa,InternVL3-8B,EarthVQA,abs_mean_diff,23,24,non_sdc,5364,375,5364,0,0.0,0.04464770452812764,0.04398457350907847,0.010052903522835506,0.03769706642820633,0.05099983783535814,0.04388484391145034,0.04541468967396283,adequate
internvl3_earthvqa,InternVL3-8B,EarthVQA,abs_mean_diff,23,24,non_significant_sdc,1685,313,1685,0,0.0,0.04555252803792097,0.04504860040301887,0.0100618484667997,0.03864355520952655,0.051885974007628614,0.04452709996241718,0.04657833872470567,adequate
internvl3_earthvqa,InternVL3-8B,EarthVQA,abs_mean_diff,23,24,significant_sdc,436,137,173,263,0.6032110091743119,5.092904336653471e+29,0.026867616427492122,5.817676848308567e+30,0.017897450536185383,0.17227130349041248,1.740822324320817e+27,1.4794791315974506e+30,adequate
internvl3_earthvqa,InternVL3-8B,EarthVQA,abs_mean_diff,24,25,non_sdc,5364,375,5364,0,0.0,0.04586439453485593,0.04442032775504218,0.013428659054879943,0.03657700273868899,0.052977616782300174,0.04482162834773961,0.046906960770882446,adequate
internvl3_earthvqa,InternVL3-8B,EarthVQA,abs_mean_diff,24,25,non_significant_sdc,1685,313,1685,0,0.0,0.04641984895590114,0.044856261314922256,0.012217247816818018,0.037969064052132045,0.05392149561329892,0.04523176900723736,0.047618904661096445,adequate
internvl3_earthvqa,InternVL3-8B,EarthVQA,abs_mean_diff,24,25,significant_sdc,436,130,164,272,0.6238532110091743,1.2100330291742662e+28,0.06824067357585442,1.5471227339169154e+29,0.06519235481451056,0.1417308643042129,0.5831092587818966,3.785924813366782e+28,adequate
internvl3_earthvqa,InternVL3-8B,EarthVQA,abs_mean_diff,25,26,non_sdc,5364,375,5364,0,0.0,0.055875114404932126,0.05343729340056877,0.01682386681864983,0.044004688672721386,0.06442774969416307,0.05467305015694674,0.057110335098206504,adequate
internvl3_earthvqa,InternVL3-8B,EarthVQA,abs_mean_diff,25,26,non_significant_sdc,1685,313,1685,0,0.0,0.055737555703913436,0.05382492393255234,0.0164282908024286,0.04400426914033137,0.06311328573009142,0.05408773655853906,0.057478303008653676,adequate
internvl3_earthvqa,InternVL3-8B,EarthVQA,abs_mean_diff,25,26,significant_sdc,436,122,151,285,0.6536697247706422,75338337698.52666,0.16747615220291273,690340639114.6575,0.14501842335626786,0.17602655762920574,0.15450536397031234,202870248045.10834,adequate
internvl3_earthvqa,InternVL3-8B,EarthVQA,abs_mean_diff,26,27,non_sdc,5364,375,5364,0,0.0,0.08206561542369115,0.07992287592675823,0.023147004178904626,0.06596334690243758,0.09563467637538756,0.08017870513641813,0.08395366874510272,adequate
internvl3_earthvqa,InternVL3-8B,EarthVQA,abs_mean_diff,26,27,non_significant_sdc,1685,313,1685,0,0.0,0.08383662470164409,0.08206851122279962,0.023864983366734056,0.06825581813851993,0.09597742486873577,0.08159383312597825,0.0861036526130547,adequate
internvl3_earthvqa,InternVL3-8B,EarthVQA,abs_mean_diff,26,27,significant_sdc,436,116,143,293,0.6720183486238532,2.5523040649867977e+24,0.2736563353742264,3.052111750478878e+25,0.23591616168162044,0.32931196328480633,5374845043.870816,8.171182417009746e+24,adequate
internvl3_earthvqa,InternVL3-8B,EarthVQA,abs_std_diff,0,1,non_sdc,5364,375,5364,0,0.0,0.05268321620494415,0.052870311034031406,0.003025424284526208,0.05085067586465315,0.05462976336479187,0.05245494006953205,0.052908645702661856,adequate
internvl3_earthvqa,InternVL3-8B,EarthVQA,abs_std_diff,0,1,non_significant_sdc,1685,313,1685,0,0.0,0.05251671238197824,0.05263216261352811,0.003127650528148811,0.05046228967283083,0.05459328155432429,0.05219972605909929,0.05282710786595243,adequate
internvl3_earthvqa,InternVL3-8B,EarthVQA,abs_std_diff,0,1,significant_sdc,436,250,419,17,0.03899082568807344,1785740656.8661883,0.033287684680247794,36553199607.69008,0.03270977857161542,0.03414007489170347,0.034372035440416455,5570262034.5658245,adequate
internvl3_earthvqa,InternVL3-8B,EarthVQA,abs_std_diff,1,2,non_sdc,5364,375,5364,0,0.0,0.031051791615158933,0.030648510733788662,0.004202562439156283,0.028187200970326863,0.03397446551493236,0.03075599528123094,0.03133674980124905,adequate
internvl3_earthvqa,InternVL3-8B,EarthVQA,abs_std_diff,1,2,non_significant_sdc,1685,313,1685,0,0.0,0.030195747216715065,0.030054227985215908,0.004112919656409536,0.027544890626751143,0.032895466312766075,0.02979645379283189,0.03058889914775089,adequate
internvl3_earthvqa,InternVL3-8B,EarthVQA,abs_std_diff,1,2,significant_sdc,436,248,414,22,0.050458715596330306,9.698675239460624e+27,0.008154486439057758,1.5440058982203396e+29,0.00745821801223317,0.009137690599475588,0.009641485108156404,2.736833067637658e+28,adequate
internvl3_earthvqa,InternVL3-8B,EarthVQA,abs_std_diff,2,3,non_sdc,5364,375,5364,0,0.0,0.022562481268453144,0.022320210933685303,0.003202105902015895,0.020390966641051427,0.024717688915275392,0.022308511474849683,0.02280683121274829,adequate
internvl3_earthvqa,InternVL3-8B,EarthVQA,abs_std_diff,2,3,non_significant_sdc,1685,313,1685,0,0.0,0.02270464410912002,0.022571330269177754,0.0033775685686506353,0.020332289735476176,0.02493301672594888,0.022352045619931336,0.02306418292032326,adequate
internvl3_earthvqa,InternVL3-8B,EarthVQA,abs_std_diff,2,3,significant_sdc,436,247,407,29,0.0665137614678899,1.404990435633564e+29,0.028170769007838502,2.8319331597849645e+30,0.02702688197700345,0.029964704218567634,0.02868325615554423,4.4301676734778355e+29,adequate
internvl3_earthvqa,InternVL3-8B,EarthVQA,abs_std_diff,3,4,non_sdc,5364,375,5364,0,0.0,0.04055004574890398,0.040716409062345825,0.006677843699956357,0.03584607838463314,0.04553507670760155,0.040072886937562925,0.04104972335497038,adequate
internvl3_earthvqa,InternVL3-8B,EarthVQA,abs_std_diff,3,4,non_significant_sdc,1685,313,1685,0,0.0,0.04163752553003056,0.042297297540832966,0.0064640915282740624,0.03686390786121289,0.04610496969559254,0.04102228518113717,0.042251510057677744,adequate
internvl3_earthvqa,InternVL3-8B,EarthVQA,abs_std_diff,3,4,significant_sdc,436,246,403,33,0.07568807339449546,1.3470539379105618e+29,0.036483856488247306,1.7177006355378135e+30,0.033497409552943946,0.038794154263272575,5.5211231155891844e+26,3.293470463136703e+29,adequate
internvl3_earthvqa,InternVL3-8B,EarthVQA,abs_std_diff,4,5,non_sdc,5364,375,5364,0,0.0,0.038974384118124365,0.038926280207104154,0.005253205933682393,0.03546827871884618,0.042557953287611534,0.03858478903174295,0.039352475741415094,adequate
internvl3_earthvqa,InternVL3-8B,EarthVQA,abs_std_diff,4,5,non_significant_sdc,1685,313,1685,0,0.0,0.039340690284833106,0.039519050755561926,0.0057463076688467766,0.035746315494179726,0.04312290048057383,0.03877742630862477,0.03990284466287122,adequate
internvl3_earthvqa,InternVL3-8B,EarthVQA,abs_std_diff,4,5,significant_sdc,436,240,390,46,0.10550458715596334,1.7091527883630766e+29,0.028558240253098156,2.546499468923492e+30,0.02703801607142906,0.03041520608322961,8.780116976965104e+25,4.567359973206788e+29,adequate
internvl3_earthvqa,InternVL3-8B,EarthVQA,abs_std_diff,5,6,non_sdc,5364,375,5364,0,0.0,0.023690684636521967,0.0228925549890846,0.005183937426946702,0.020100414007902145,0.02617536826680104,0.023321298755168085,0.02406055908086384,adequate
internvl3_earthvqa,InternVL3-8B,EarthVQA,abs_std_diff,5,6,non_significant_sdc,1685,313,1685,0,0.0,0.02325874708983609,0.02275319943825404,0.00529129565098183,0.01989195216447115,0.025895872423725742,0.022791184026001002,0.02372832078075472,adequate
internvl3_earthvqa,InternVL3-8B,EarthVQA,abs_std_diff,5,6,significant_sdc,436,238,379,57,0.1307339449541285,1.698995127171633e+29,0.023942792902187426,2.7572288653780305e+30,0.021417112983002955,0.027352340823533584,5654103758.689935,4.931633452921304e+29,adequate
internvl3_earthvqa,InternVL3-8B,EarthVQA,abs_std_diff,6,7,non_sdc,5364,375,5364,0,0.0,0.02192557699875585,0.021573473054629106,0.003593865086032125,0.019272466748952864,0.024187623119649143,0.021656378326414077,0.022191493545818758,adequate
internvl3_earthvqa,InternVL3-8B,EarthVQA,abs_std_diff,6,7,non_significant_sdc,1685,313,1685,0,0.0,0.022248224624341055,0.021762098968029022,0.004842949451047785,0.019802146901686985,0.023975737106341582,0.021883974440747352,0.022611384223422543,adequate
internvl3_earthvqa,InternVL3-8B,EarthVQA,abs_std_diff,6,7,significant_sdc,436,236,370,66,0.1513761467889908,3.278404423648893e+30,0.03335602695540506,5.811339246083916e+31,0.029098217508622577,0.03501892302717481,2.162331502759045e+23,9.792797030533994e+30,adequate
internvl3_earthvqa,InternVL3-8B,EarthVQA,abs_std_diff,7,8,non_sdc,5364,375,5364,0,0.0,0.03276935698985169,0.03228737205266952,0.005264716775057293,0.029060829678237587,0.03592914901673794,0.03239166167075853,0.033145946853883716,adequate
internvl3_earthvqa,InternVL3-8B,EarthVQA,abs_std_diff,7,8,non_significant_sdc,1685,313,1685,0,0.0,0.03251839519051538,0.031929646751710346,0.005660628955198728,0.028640262516481534,0.03585282117128372,0.031969033235030475,0.03305169811916284,adequate
internvl3_earthvqa,InternVL3-8B,EarthVQA,abs_std_diff,7,8,significant_sdc,436,232,354,82,0.18807339449541283,2.044808920784001e+28,0.03995409638297801,3.846380355787428e+29,0.03880268312534507,0.04124375425127088,0.045791821741029005,6.312765458326771e+28,adequate
internvl3_earthvqa,InternVL3-8B,EarthVQA,abs_std_diff,8,9,non_sdc,5364,375,5364,0,0.0,0.028586056135023238,0.02813937572332529,0.006440908622090519,0.023570811923812416,0.032868584497448276,0.02810914476257177,0.029058380946217405,adequate
internvl3_earthvqa,InternVL3-8B,EarthVQA,abs_std_diff,8,9,non_significant_sdc,1685,313,1685,0,0.0,0.029091374850567796,0.02921442213383588,0.006062745256778583,0.024629469151082245,0.03307139128446579,0.028475400864350235,0.029704896253218226,adequate
internvl3_earthvqa,InternVL3-8B,EarthVQA,abs_std_diff,8,9,significant_sdc,436,229,345,91,0.20871559633027525,9.579371381506175e+29,0.031022731746946062,1.3255464683707683e+31,0.029106091479865873,0.03471832980914992,0.04548641920213011,2.6239638644575586e+30,adequate
internvl3_earthvqa,InternVL3-8B,EarthVQA,abs_std_diff,9,10,non_sdc,5364,375,5364,0,0.0,0.03288102355567804,0.032210240761439,0.006774898281589474,0.028047009110450744,0.036747439380954296,0.03238374368132949,0.033372761866539605,adequate
internvl3_earthvqa,InternVL3-8B,EarthVQA,abs_std_diff,9,10,non_significant_sdc,1685,313,1685,0,0.0,0.03317427432032776,0.03223738184681645,0.007445450681896064,0.02814811219771703,0.036883347912838586,0.03237823824590209,0.0339927625950481,adequate
internvl3_earthvqa,InternVL3-8B,EarthVQA,abs_std_diff,9,10,significant_sdc,436,226,336,100,0.22935779816513757,6.519928790746402e+26,0.041646934437508484,1.1951226883726914e+28,0.03567522969477031,0.04956072219172303,0.04845456046604384,2.0036854332537721e+27,adequate
internvl3_earthvqa,InternVL3-8B,EarthVQA,abs_std_diff,10,11,non_sdc,5364,375,5364,0,0.0,0.023030314532095156,0.022720032302956834,0.004188448335211402,0.019896038027729688,0.025769050184049104,0.02271810609525045,0.02334299669530829,adequate
internvl3_earthvqa,InternVL3-8B,EarthVQA,abs_std_diff,10,11,non_significant_sdc,1685,313,1685,0,0.0,0.023331838336960314,0.02299700987835725,0.004264303963146087,0.020596312849145187,0.025907277033246797,0.022918765678041447,0.023745100263716862,adequate
internvl3_earthvqa,InternVL3-8B,EarthVQA,abs_std_diff,10,11,significant_sdc,436,223,326,110,0.2522935779816514,2.2964053241262047e+31,0.09285332855521417,3.909152400069547e+32,0.09034604898520879,0.1011124241108797,4.164454972917365e+28,6.861913919729452e+31,adequate
internvl3_earthvqa,InternVL3-8B,EarthVQA,abs_std_diff,11,12,non_sdc,5364,375,5364,0,0.0,0.02269596159960624,0.02221183172043632,0.004758309998982431,0.01937809470912506,0.025031108523539285,0.022338361589457893,0.023049411593717067,adequate
internvl3_earthvqa,InternVL3-8B,EarthVQA,abs_std_diff,11,12,non_significant_sdc,1685,313,1685,0,0.0,0.022313993392680948,0.02170007372343982,0.004640220186694822,0.019181714757629063,0.024575685875283346,0.02188840439363766,0.022750505848413923,adequate
internvl3_earthvqa,InternVL3-8B,EarthVQA,abs_std_diff,11,12,significant_sdc,436,214,305,131,0.3004587155963303,5.3516215033281095e+29,0.0317830352150664,4.620252435193263e+30,0.03036564618957286,0.033842106862944,9.706092169855957e+28,1.1148792038322758e+30,adequate
internvl3_earthvqa,InternVL3-8B,EarthVQA,abs_std_diff,12,13,non_sdc,5364,375,5364,0,0.0,0.02674096097513735,0.026394669198248375,0.0046716858773687645,0.02360723753060613,0.029402033798396586,0.026378018056071387,0.02710811644323234,adequate
internvl3_earthvqa,InternVL3-8B,EarthVQA,abs_std_diff,12,13,non_significant_sdc,1685,313,1685,0,0.0,0.02705785293916209,0.02695068973919441,0.005206378651590429,0.023806679993867874,0.029731084521000203,0.026536507658209148,0.02759406027948225,adequate
internvl3_earthvqa,InternVL3-8B,EarthVQA,abs_std_diff,12,13,significant_sdc,436,208,294,142,0.32568807339449546,9.554600337346042e+29,0.0924856921239775,1.5323381157085415e+31,0.08667178299962258,0.09708995204799029,3.5416168808285363e+25,2.9160367449822406e+30,adequate
internvl3_earthvqa,InternVL3-8B,EarthVQA,abs_std_diff,13,14,non_sdc,5364,375,5364,0,0.0,0.029113590679200666,0.02859825636481955,0.006467472453694704,0.024422312155365944,0.03304257444464244,0.028634198734925873,0.029591111327617756,adequate
internvl3_earthvqa,InternVL3-8B,EarthVQA,abs_std_diff,13,14,non_significant_sdc,1685,313,1685,0,0.0,0.029411692202668614,0.029121272762616477,0.006472424275055598,0.024965696533521018,0.033185512448350586,0.02878829185912637,0.03002451582145335,adequate
internvl3_earthvqa,InternVL3-8B,EarthVQA,abs_std_diff,13,14,significant_sdc,436,205,288,148,0.33944954128440363,1.811799332921869e+29,0.033416599643473724,3.0747254266999603e+30,0.0319614686375978,0.036793190909891714,0.04920348444412292,5.6717196508858504e+29,adequate
internvl3_earthvqa,InternVL3-8B,EarthVQA,abs_std_diff,14,15,non_sdc,5364,375,5364,0,0.0,0.025969516565749435,0.02440561878157186,0.008153972475459592,0.01994667163020686,0.030675212974133698,0.02542716674829424,0.02651071757949293,adequate
internvl3_earthvqa,InternVL3-8B,EarthVQA,abs_std_diff,14,15,non_significant_sdc,1685,313,1685,0,0.0,0.02650205102442394,0.024843263439834118,0.008410534043120008,0.02066968110474673,0.030764845865113393,0.025723359530316056,0.027300835687742123,adequate
internvl3_earthvqa,InternVL3-8B,EarthVQA,abs_std_diff,14,15,significant_sdc,436,201,275,161,0.3692660550458715,7.983273267600603e+29,0.027452518441239183,1.2076806161499487e+31,0.024374110206049317,0.05986540080333243,9.065529654866362e+27,2.3593919306590002e+30,adequate
internvl3_earthvqa,InternVL3-8B,EarthVQA,abs_std_diff,15,16,non_sdc,5364,375,5364,0,0.0,0.02675643883361813,0.025668282574717552,0.006909302693930275,0.022027911618351936,0.03007983022297804,0.02629524703351999,0.02722636666448955,adequate
internvl3_earthvqa,InternVL3-8B,EarthVQA,abs_std_diff,15,16,non_significant_sdc,1685,313,1685,0,0.0,0.027313089664482756,0.026168407499790193,0.00689805421698273,0.022680290043354034,0.030612153391684254,0.02665464417176324,0.027979279746848957,adequate
internvl3_earthvqa,InternVL3-8B,EarthVQA,abs_std_diff,15,16,significant_sdc,436,192,262,174,0.3990825688073395,2.782286343429142e+30,0.03485030087889457,4.442819376411922e+31,0.02947696541645089,0.0617212960306479,1.745333248709012e+25,8.774228023476807e+30,adequate
internvl3_earthvqa,InternVL3-8B,EarthVQA,abs_std_diff,16,17,non_sdc,5364,375,5364,0,0.0,0.02855287625377073,0.02807696320508656,0.005959995626443146,0.024096778952158414,0.03211312678299452,0.028082477467559902,0.02902218395286077,adequate
internvl3_earthvqa,InternVL3-8B,EarthVQA,abs_std_diff,16,17,non_significant_sdc,1685,313,1685,0,0.0,0.028756996281883874,0.028342366218566895,0.0059965702179088165,0.024737790874812916,0.03211656153202057,0.028213808116747834,0.029303375952670286,adequate
internvl3_earthvqa,InternVL3-8B,EarthVQA,abs_std_diff,16,17,significant_sdc,436,188,254,182,0.4174311926605505,3.3687431740384724e+29,0.0882195492788237,2.710075264752875e+30,0.07878891378641129,0.12059262048985277,5.1025308853274405e+28,7.120084463214208e+29,adequate
internvl3_earthvqa,InternVL3-8B,EarthVQA,abs_std_diff,17,18,non_sdc,5364,375,5364,0,0.0,0.044342284273667196,0.04210608121421602,0.010884834437442465,0.0368135537689683,0.050377358200735065,0.04364737417271814,0.04506787655911052,adequate
internvl3_earthvqa,InternVL3-8B,EarthVQA,abs_std_diff,17,18,non_significant_sdc,1685,313,1685,0,0.0,0.04454314980807917,0.04243911703427632,0.011129241412570231,0.03684105838720615,0.04971900379115885,0.043411662285566276,0.045724995166196956,adequate
internvl3_earthvqa,InternVL3-8B,EarthVQA,abs_std_diff,17,18,significant_sdc,436,179,238,198,0.45412844036697253,7.490668894835117e+30,0.05668548494577408,1.0768629279737783e+32,0.033526859797385275,0.24064203583616384,6.056198139859221e+28,2.2814006558476515e+31,adequate
internvl3_earthvqa,InternVL3-8B,EarthVQA,abs_std_diff,18,19,non_sdc,5364,375,5364,0,0.0,0.0467569831109798,0.0449751541018486,0.012531793164876615,0.03784152027219534,0.05393123222248895,0.04571614706299862,0.047839856871068634,adequate
internvl3_earthvqa,InternVL3-8B,EarthVQA,abs_std_diff,18,19,non_significant_sdc,1685,313,1685,0,0.0,0.047675933534212366,0.04611062230887236,0.012557934003684379,0.03850387864642673,0.05567467007143744,0.04633382983228404,0.049004200912552295,adequate
internvl3_earthvqa,InternVL3-8B,EarthVQA,abs_std_diff,18,19,significant_sdc,436,175,231,205,0.4701834862385321,5.935130800700486e+29,0.08083433642679332,5.829429879501056e+30,0.07211561683489352,0.12513208191613762,1.3283616039686384e+28,1.461850934071599e+30,adequate
internvl3_earthvqa,InternVL3-8B,EarthVQA,abs_std_diff,19,20,non_sdc,5364,375,5364,0,0.0,0.04492712158548442,0.041673905175665146,0.014159872494412001,0.034886481463909144,0.05370643232256556,0.04398493690929143,0.04590304219620991,adequate
internvl3_earthvqa,InternVL3-8B,EarthVQA,abs_std_diff,19,20,non_significant_sdc,1685,313,1685,0,0.0,0.044972659537021675,0.041527403984218836,0.02362070039214574,0.034634542961915336,0.05228996773560842,0.04345923680342121,0.04664854321642777,adequate
internvl3_earthvqa,InternVL3-8B,EarthVQA,abs_std_diff,19,20,significant_sdc,436,170,222,214,0.49082568807339455,1.1892125027717282e+29,0.0771775796097152,1.3273994181198146e+30,0.05190780766460361,0.2096846185776652,11252372589.095572,3.234899275313176e+29,adequate
internvl3_earthvqa,InternVL3-8B,EarthVQA,abs_std_diff,20,21,non_sdc,5364,375,5364,0,0.0,0.07985265958629363,0.07886297647890292,0.01704757245668498,0.0680852560326457,0.0899342139635016,0.07848895257590606,0.0812108120233591,adequate
internvl3_earthvqa,InternVL3-8B,EarthVQA,abs_std_diff,20,21,non_significant_sdc,1685,313,1685,0,0.0,0.08092342080089572,0.07999229949453603,0.019129492952371423,0.06857087034167665,0.09208233952522278,0.07907267007558748,0.08279342030029346,adequate
internvl3_earthvqa,InternVL3-8B,EarthVQA,abs_std_diff,20,21,significant_sdc,436,165,213,223,0.5114678899082569,9.622656503415173e+29,0.17391344600794267,9.589250512833376e+30,0.16337911815059428,0.1939534660504789,3.2385776074014513e+24,2.397794856665667e+30,adequate
internvl3_earthvqa,InternVL3-8B,EarthVQA,abs_std_diff,21,22,non_sdc,5364,375,5364,0,0.0,0.06378050428822563,0.06196703442505428,0.016933132411295522,0.052212418574425906,0.07199350164996253,0.06247166326759663,0.06508985403239981,adequate
internvl3_earthvqa,InternVL3-8B,EarthVQA,abs_std_diff,21,22,non_significant_sdc,1685,313,1685,0,0.0,0.06465196502188572,0.06102219886249966,0.020688390673485383,0.052625398183691094,0.0726015002563082,0.06275254967461173,0.06666140362473366,adequate
internvl3_earthvqa,InternVL3-8B,EarthVQA,abs_std_diff,21,22,significant_sdc,436,158,201,235,0.5389908256880733,1.2893363758004233e+31,0.2166148928963408,1.8060808479846564e+32,0.1684204440335838,0.5159952874694552,7.100036290981743e+25,4.0170230504402422e+31,adequate
internvl3_earthvqa,InternVL3-8B,EarthVQA,abs_std_diff,22,23,non_sdc,5364,375,5364,0,0.0,0.09316752479846876,0.09054845752575064,0.019631583800074955,0.08003133614691031,0.10447113280710968,0.09157749342696352,0.09474941736199037,adequate
internvl3_earthvqa,InternVL3-8B,EarthVQA,abs_std_diff,22,23,non_significant_sdc,1685,313,1685,0,0.0,0.09306101537224097,0.08936144817959178,0.020195022393619252,0.07898514949042222,0.10472848452627659,0.09101399211915391,0.09512223403767067,adequate
internvl3_earthvqa,InternVL3-8B,EarthVQA,abs_std_diff,22,23,significant_sdc,436,146,184,252,0.5779816513761468,1.0331933628586358e+31,0.07924679256215388,1.3104345513843567e+32,0.06876548197196454,0.0983826019326035,8.421926895611878e+28,3.204517507966691e+31,adequate
internvl3_earthvqa,InternVL3-8B,EarthVQA,abs_std_diff,23,24,non_sdc,5364,375,5364,0,0.0,0.10166036149866539,0.09823358632051028,0.026512813896787373,0.08285986812728824,0.11661628597864399,0.09946073023041006,0.10383690890285201,adequate
internvl3_earthvqa,InternVL3-8B,EarthVQA,abs_std_diff,23,24,non_significant_sdc,1685,313,1685,0,0.0,0.10254353241606469,0.09876418551977943,0.03633322519915393,0.0832737423479557,0.11742175143697987,0.09973537172202487,0.10545318517112914,adequate
internvl3_earthvqa,InternVL3-8B,EarthVQA,abs_std_diff,23,24,significant_sdc,436,137,173,263,0.6032110091743119,4.162768805365397e+30,0.1743888629942524,4.424698330580378e+31,0.15498173662594386,0.18438969704569602,4.10580845082286e+28,1.18608357660298e+31,adequate
internvl3_earthvqa,InternVL3-8B,EarthVQA,abs_std_diff,24,25,non_sdc,5364,375,5364,0,0.0,0.10523532931044002,0.10116187789860893,0.030704564129480375,0.08272629504402479,0.12158325612545012,0.10284589288539908,0.10762479713781344,adequate
internvl3_earthvqa,InternVL3-8B,EarthVQA,abs_std_diff,24,25,non_significant_sdc,1685,313,1685,0,0.0,0.10849143021867973,0.10533077779569124,0.032454224648213174,0.08544958662241697,0.12446394951447197,0.10523281222268929,0.1117881659606512,adequate
internvl3_earthvqa,InternVL3-8B,EarthVQA,abs_std_diff,24,25,significant_sdc,436,130,164,272,0.6238532110091743,3.1038075003673303e+29,0.12543910376879633,3.960175103276469e+30,0.11788314003117231,0.21212525696170573,4.061121452347793,9.776966284225608e+29,adequate
internvl3_earthvqa,InternVL3-8B,EarthVQA,abs_std_diff,25,26,non_sdc,5364,375,5364,0,0.0,0.11249813399574111,0.10485826134681703,0.03903332779179536,0.08541624519560073,0.13460826277732849,0.1095400932667262,0.11556587049379233,adequate
internvl3_earthvqa,InternVL3-8B,EarthVQA,abs_std_diff,25,26,non_significant_sdc,1685,313,1685,0,0.0,0.11587762942444484,0.10615237744954917,0.04527110127993123,0.08526379592490918,0.13731870386335585,0.11158702179155956,0.12041912892250846,adequate
internvl3_earthvqa,InternVL3-8B,EarthVQA,abs_std_diff,25,26,significant_sdc,436,122,151,285,0.6536697247706422,710002361079.896,0.402326089995248,6109837855807.133,0.34502477183633923,0.4208426588043874,0.404466003527527,1903306335862.9548,adequate
internvl3_earthvqa,InternVL3-8B,EarthVQA,abs_std_diff,26,27,non_sdc,5364,375,5364,0,0.0,0.190490162285207,0.18581336280375577,0.05457146721837188,0.15076251162423027,0.22210726713140805,0.1859862784853556,0.1951160470467612,adequate
internvl3_earthvqa,InternVL3-8B,EarthVQA,abs_std_diff,26,27,non_significant_sdc,1685,313,1685,0,0.0,0.20341193056834334,0.19178056716918945,0.07432825672202076,0.15769438743591307,0.23739004135131836,0.19726664726370294,0.21017372214885274,adequate
internvl3_earthvqa,InternVL3-8B,EarthVQA,abs_std_diff,26,27,significant_sdc,436,116,143,293,0.6720183486238532,3.36066202566597e+25,0.5505325210337736,4.0187672772352064e+26,0.4523601118399172,0.6197868001704314,80607579188.21242,1.0922151583414257e+26,adequate
internvl3_earthvqa,InternVL3-8B,EarthVQA,l2_distance,0,1,non_sdc,5364,375,5364,0,0.0,0.6644555851577204,0.6652869542439779,0.04124030961465711,0.6368616765195673,0.691951695991599,0.6615821006262426,0.6673438488720018,adequate
internvl3_earthvqa,InternVL3-8B,EarthVQA,l2_distance,0,1,non_significant_sdc,1685,313,1685,0,0.0,0.6695691198850399,0.6700782895088195,0.04119957572033904,0.6389032135839048,0.6958231100669274,0.6657766531631681,0.6735384123906909,adequate
internvl3_earthvqa,InternVL3-8B,EarthVQA,l2_distance,0,1,significant_sdc,436,250,419,17,0.03899082568807344,14333049888.503548,1.260730894244447,293390214033.677,1.2543544459099674,1.2663442139722862,1.2208432390818889,44158440462.75681,adequate
internvl3_earthvqa,InternVL3-8B,EarthVQA,l2_distance,1,2,non_sdc,5364,375,5364,0,0.0,0.4968632236565388,0.49682644551450555,0.04567339597917951,0.4652223795976328,0.5281355713422482,0.49362509456106957,0.5001728054773289,adequate
internvl3_earthvqa,InternVL3-8B,EarthVQA,l2_distance,1,2,non_significant_sdc,1685,313,1685,0,0.0,0.5033382201709172,0.5019917234778404,0.04419825569322733,0.4714199165503184,0.5328128281980753,0.49900582146760725,0.5078183834742317,adequate
internvl3_earthvqa,InternVL3-8B,EarthVQA,l2_distance,1,2,significant_sdc,436,248,412,24,0.05504587155963303,1.1641410348287093,1.194213718175888,0.13113709088115144,1.1877133140758591,1.20243402281586,1.1438468292600792,1.1817616447810486,adequate
internvl3_earthvqa,InternVL3-8B,EarthVQA,l2_distance,2,3,non_sdc,5364,375,5364,0,0.0,0.6194569736039479,0.6230141494204016,0.07386594396199377,0.5669049504730437,0.6664994829579404,0.6142121551656374,0.6248069283632565,adequate
internvl3_earthvqa,InternVL3-8B,EarthVQA,l2_distance,2,3,non_significant_sdc,1685,313,1685,0,0.0,0.6336634958382894,0.6363393160013052,0.07096928121909238,0.5879104435443878,0.6847683404173169,0.6262241231530054,0.6412693484399057,adequate
internvl3_earthvqa,InternVL3-8B,EarthVQA,l2_distance,2,3,significant_sdc,436,247,404,32,0.07339449541284404,1.3002219475255532,1.3139858276260141,0.12707813799545445,1.3047165207716884,1.3287337838995212,1.2811376992258672,1.3171075064663935,adequate
internvl3_earthvqa,InternVL3-8B,EarthVQA,l2_distance,3,4,non_sdc,5364,375,5364,0,0.0,0.6856289579255982,0.6890960852144219,0.0713501580543281,0.6351671594640483,0.7290162124015667,0.6799830172720767,0.6912135306244118,adequate
internvl3_earthvqa,InternVL3-8B,EarthVQA,l2_distance,3,4,non_significant_sdc,1685,313,1685,0,0.0,0.7012786984806058,0.701335659250617,0.06872164045577231,0.6571884043514729,0.7422096271600042,0.6939752769744049,0.7086662662857763,adequate
internvl3_earthvqa,InternVL3-8B,EarthVQA,l2_distance,3,4,significant_sdc,436,245,398,38,0.08715596330275233,1.3865186357728219,1.4010642535832463,0.16325720806884564,1.3913522943550227,1.412017396214057,1.363665921447698,1.4077372069242156,adequate
internvl3_earthvqa,InternVL3-8B,EarthVQA,l2_distance,4,5,non_sdc,5364,375,5364,0,0.0,0.6768774184326981,0.6738046563189962,0.07004576208960102,0.6243397225351894,0.7211331734838693,0.671641981102287,0.6822266793597617,adequate
internvl3_earthvqa,InternVL3-8B,EarthVQA,l2_distance,4,5,non_significant_sdc,1685,313,1685,0,0.0,0.6901853824879988,0.684110677242279,0.07377807523471654,0.6413941890001297,0.7271530809147018,0.682826058545612,0.6978342694485766,adequate
internvl3_earthvqa,InternVL3-8B,EarthVQA,l2_distance,4,5,significant_sdc,436,238,385,51,0.1169724770642202,37282688741.861885,1.6846809934596627,731539177819.2634,1.6720190705085287,1.700904017808486,1.6196150775935725,117014960585.76088,adequate
internvl3_earthvqa,InternVL3-8B,EarthVQA,l2_distance,5,6,non_sdc,5364,375,5364,0,0.0,0.7406266951117744,0.7337944807668026,0.07772105048566812,0.6866935193538666,0.7922293413430452,0.7350896763384146,0.7460495904840179,adequate
internvl3_earthvqa,InternVL3-8B,EarthVQA,l2_distance,5,6,non_significant_sdc,1685,313,1685,0,0.0,0.754249998065495,0.7479467029156892,0.08458482296322264,0.6997949620708823,0.7985373325645924,0.7460767890368962,0.7625230112366823,adequate
internvl3_earthvqa,InternVL3-8B,EarthVQA,l2_distance,5,6,significant_sdc,436,237,376,60,0.13761467889908252,46227460473.06339,1.8472661582791075,756123423338.0039,1.8290140902509493,1.8698563600073055,1.7842433682824435,136435792888.92612,adequate
internvl3_earthvqa,InternVL3-8B,EarthVQA,l2_distance,6,7,non_sdc,5364,375,5364,0,0.0,0.8557113151042107,0.8595704147461749,0.12490465749243461,0.7707971116671195,0.9452308559646974,0.8462090496006139,0.865076278785358,adequate
internvl3_earthvqa,InternVL3-8B,EarthVQA,l2_distance,6,7,non_significant_sdc,1685,313,1685,0,0.0,0.8802519392692162,0.877346870303154,0.1316317643146103,0.7878182888031006,0.962234228849411,0.8670064753192871,0.893394564158861,adequate
internvl3_earthvqa,InternVL3-8B,EarthVQA,l2_distance,6,7,significant_sdc,436,235,366,70,0.16055045871559637,8272376974.726195,1.4749255545285282,158259890080.48917,1.4582487429891313,1.4902575295798632,1.4431656701942879,26251647159.376923,adequate
internvl3_earthvqa,InternVL3-8B,EarthVQA,l2_distance,7,8,non_sdc,5364,375,5364,0,0.0,0.9361859912154179,0.9360737520105699,0.1255368025468601,0.8435596142496381,1.0267970878693173,0.9272710073127325,0.9450479027429507,adequate
internvl3_earthvqa,InternVL3-8B,EarthVQA,l2_distance,7,8,non_significant_sdc,1685,313,1685,0,0.0,0.9572033872721519,0.9493520173334307,0.1289692843792162,0.8672673815772647,1.045356959104538,0.94448210685505,0.9701006737322686,adequate
internvl3_earthvqa,InternVL3-8B,EarthVQA,l2_distance,7,8,significant_sdc,436,231,352,84,0.19266055045871555,2.223308616355124,2.3102719443184987,0.49589308210915084,2.2760793244352144,2.325942027325533,2.1638166744373675,2.2876134041461276,adequate
internvl3_earthvqa,InternVL3-8B,EarthVQA,l2_distance,8,9,non_sdc,5364,375,5364,0,0.0,1.0769369361195562,1.0725106114432925,0.14021726335187462,0.9807787368343652,1.1750975808789652,1.0667557549887898,1.087367287845906,adequate
internvl3_earthvqa,InternVL3-8B,EarthVQA,l2_distance,8,9,non_significant_sdc,1685,313,1685,0,0.0,1.0998902696548127,1.1013987099423128,0.14118263680098636,0.9996936954557896,1.1916855002442996,1.085257329225619,1.1149956943749206,adequate
internvl3_earthvqa,InternVL3-8B,EarthVQA,l2_distance,8,9,significant_sdc,436,228,342,94,0.2155963302752294,1.936297410330723,1.9149723697681815,0.5243264925214578,1.8927002755963072,1.930961317553812,1.8862239982803557,2.000266041629721,adequate
internvl3_earthvqa,InternVL3-8B,EarthVQA,l2_distance,9,10,non_sdc,5364,375,5364,0,0.0,0.9869179978101287,0.9918792112307115,0.12616200749824155,0.912143443711102,1.072210155427456,0.9782379133956388,0.9955348219147803,adequate
internvl3_earthvqa,InternVL3-8B,EarthVQA,l2_distance,9,10,non_significant_sdc,1685,313,1685,0,0.0,1.0094946678460677,1.0132653602847346,0.12104752629689494,0.9274512082338333,1.091052496433258,0.9970027617433822,1.0226445093595475,adequate
internvl3_earthvqa,InternVL3-8B,EarthVQA,l2_distance,9,10,significant_sdc,436,226,335,101,0.231651376146789,1.7032885022445228,1.6637810152404162,0.4182840247519628,1.6428527369791146,1.7020055627336306,1.663403639812749,1.7545146962175966,adequate
internvl3_earthvqa,InternVL3-8B,EarthVQA,l2_distance,10,11,non_sdc,5364,375,5364,0,0.0,0.934189157032546,0.9282982170581817,0.1263784339576618,0.8519315519011937,1.0223894561435047,0.9247704977041763,0.9436941971648867,adequate
internvl3_earthvqa,InternVL3-8B,EarthVQA,l2_distance,10,11,non_significant_sdc,1685,313,1685,0,0.0,0.9556305002544943,0.9492925179004669,0.11994297165227999,0.875205647945404,1.040668092392109,0.9434179033766246,0.9684148137800282,adequate
internvl3_earthvqa,InternVL3-8B,EarthVQA,l2_distance,10,11,significant_sdc,436,220,318,118,0.27064220183486243,2.2799254034196212,2.457164984576556,0.4364441340149817,2.4144208041989073,2.4696476885250638,2.2157046125060376,2.341964198959568,adequate
internvl3_earthvqa,InternVL3-8B,EarthVQA,l2_distance,11,12,non_sdc,5364,375,5364,0,0.0,0.9440723663045923,0.941030364287527,0.1268256670754377,0.8660733164402477,1.02940905786138,0.9344582992439583,0.9534445382590536,adequate
internvl3_earthvqa,InternVL3-8B,EarthVQA,l2_distance,11,12,non_significant_sdc,1685,313,1685,0,0.0,0.9593853750821053,0.9528610625050284,0.1284375581538748,0.8783570668276619,1.0312925651669502,0.9458831183976335,0.9733978395482542,adequate
internvl3_earthvqa,InternVL3-8B,EarthVQA,l2_distance,11,12,significant_sdc,436,210,297,139,0.3188073394495413,2.09387280534453,2.2002435484711005,0.3932191518613398,2.152279788134049,2.2094430436893386,2.0368555361254574,2.152343572051229,adequate
internvl3_earthvqa,InternVL3-8B,EarthVQA,l2_distance,12,13,non_sdc,5364,375,5364,0,0.0,1.0894060053250394,1.0759348794817924,0.13666512256347382,0.9979824040319536,1.1797659850120545,1.0786592305160851,1.0999354029458719,adequate
internvl3_earthvqa,InternVL3-8B,EarthVQA,l2_distance,12,13,non_significant_sdc,1685,313,1685,0,0.0,1.1160257571930223,1.099644712779833,0.14602895030797097,1.0160061441935027,1.1968182836260115,1.10078483804942,1.1332903546919684,adequate
internvl3_earthvqa,InternVL3-8B,EarthVQA,l2_distance,12,13,significant_sdc,436,206,290,146,0.3348623853211009,2.3043381724115513,2.457028016752126,0.5038582183221869,2.2442100971024863,2.489539476073518,2.2350703859427625,2.3766432457694484,adequate
internvl3_earthvqa,InternVL3-8B,EarthVQA,l2_distance,13,14,non_sdc,5364,375,5364,0,0.0,1.0677093922700422,1.057710038596078,0.12473452768368612,0.9852482417355413,1.137238225516151,1.0577573498918176,1.0776950182470366,adequate
internvl3_earthvqa,InternVL3-8B,EarthVQA,l2_distance,13,14,non_significant_sdc,1685,313,1685,0,0.0,1.0837450122231211,1.072950259844462,0.13299368666069614,1.0014762952923775,1.1461400286011074,1.069440656521115,1.0982080845099258,adequate
internvl3_earthvqa,InternVL3-8B,EarthVQA,l2_distance,13,14,significant_sdc,436,205,287,149,0.34174311926605505,15538526897.344084,2.1448167684126873,263239339360.79626,2.1049105537181,2.1638413619021977,2.09617855475615,47274458153.31944,adequate
internvl3_earthvqa,InternVL3-8B,EarthVQA,l2_distance,14,15,non_sdc,5364,375,5364,0,0.0,1.1910740013980055,1.1886073777965014,0.13700305584283407,1.0975999923852773,1.280690344480368,1.180986202730672,1.2012711917484715,adequate
internvl3_earthvqa,InternVL3-8B,EarthVQA,l2_distance,14,15,non_significant_sdc,1685,313,1685,0,0.0,1.210907872685533,1.2025108023693687,0.14738204205298275,1.1185839034262157,1.2999796133774977,1.1963561755343306,1.225762360784017,adequate
internvl3_earthvqa,InternVL3-8B,EarthVQA,l2_distance,14,15,significant_sdc,436,199,270,166,0.3807339449541285,16516878590.854,2.355152166619593,271400009476.91766,1.906949379827295,2.410707875173919,2.1899236802923734,50107384484.56148,adequate
internvl3_earthvqa,InternVL3-8B,EarthVQA,l2_distance,15,16,non_sdc,5364,375,5364,0,0.0,1.2265947051615953,1.2216439613929162,0.1588264872682111,1.1119630054881176,1.333651277754042,1.2146956083965266,1.2386131187903213,adequate
internvl3_earthvqa,InternVL3-8B,EarthVQA,l2_distance,15,16,non_significant_sdc,1685,313,1685,0,0.0,1.2415017226873064,1.229426229541952,0.1635435841211282,1.1263694678034102,1.3546048113794038,1.224808315279581,1.258331993649801,adequate
internvl3_earthvqa,InternVL3-8B,EarthVQA,l2_distance,15,16,significant_sdc,436,190,258,178,0.40825688073394495,2.420960337869948,2.508292800309707,0.7664530088847851,2.0357093798870944,2.539596345351667,2.3384273340439075,2.5117623880843274,adequate
internvl3_earthvqa,InternVL3-8B,EarthVQA,l2_distance,16,17,non_sdc,5364,375,5364,0,0.0,1.3098544875534979,1.2879586552591564,0.16678400535850835,1.1854295297102495,1.4156119929892677,1.2970392629401508,1.3230558237940508,adequate
internvl3_earthvqa,InternVL3-8B,EarthVQA,l2_distance,16,17,non_significant_sdc,1685,313,1685,0,0.0,1.3258711268401417,1.3065143644809722,0.16881804788582733,1.2012273243495397,1.427705210797927,1.3083694301196396,1.3436551906824943,adequate
internvl3_earthvqa,InternVL3-8B,EarthVQA,l2_distance,16,17,significant_sdc,436,183,246,190,0.4357798165137615,85.66711083196367,2.4286635737029876,1306.331001036831,1.9931552136430934,2.464554589013664,2.3076823626834635,267.30898859080605,adequate
internvl3_earthvqa,InternVL3-8B,EarthVQA,l2_distance,17,18,non_sdc,5364,375,5364,0,0.0,1.6421380361407192,1.6178481306718744,0.20813968524019394,1.5039667616719785,1.7610449019932386,1.6264518482530501,1.6585809931400817,adequate
internvl3_earthvqa,InternVL3-8B,EarthVQA,l2_distance,17,18,non_significant_sdc,1685,313,1685,0,0.0,1.6720890979121752,1.6561785538991292,0.20152326402548693,1.527236020565033,1.7965543010960454,1.6511783949900845,1.6937751109913688,adequate
internvl3_earthvqa,InternVL3-8B,EarthVQA,l2_distance,17,18,significant_sdc,436,176,234,202,0.463302752293578,90.39497059046775,2.7782663836771126,1339.5042544183618,2.705418938276719,2.875290791599118,2.760410012490599,279.7373832847183,adequate
internvl3_earthvqa,InternVL3-8B,EarthVQA,l2_distance,18,19,non_sdc,5364,375,5364,0,0.0,1.8472102056478188,1.826891263326009,0.2447570112247549,1.6776706484102069,2.0009211319068383,1.8286376957053023,1.8652758995862562,adequate
internvl3_earthvqa,InternVL3-8B,EarthVQA,l2_distance,18,19,non_significant_sdc,1685,313,1685,0,0.0,1.8811839140253506,1.8678902917438083,0.24855943781884832,1.6900947919258704,2.04595746012295,1.8554806429637027,1.9074163586210138,adequate
internvl3_earthvqa,InternVL3-8B,EarthVQA,l2_distance,18,19,significant_sdc,436,172,227,209,0.47935779816513757,5443059780.007241,3.39714738787437,82007964485.85132,3.2746771914618353,3.5046423089747525,3.32061041795547,17081676076.53828,adequate
internvl3_earthvqa,InternVL3-8B,EarthVQA,l2_distance,19,20,non_sdc,5364,375,5364,0,0.0,1.7347017010990349,1.7015315368771553,0.2550370006041138,1.5581799435118835,1.8995694871991873,1.7160704876776787,1.7539132003752642,adequate
internvl3_earthvqa,InternVL3-8B,EarthVQA,l2_distance,19,20,non_significant_sdc,1685,313,1685,0,0.0,1.7650611179254345,1.7306734373172123,0.29879086122336945,1.586552050183801,1.9388884760084606,1.739463851428654,1.7915749109331498,adequate
internvl3_earthvqa,InternVL3-8B,EarthVQA,l2_distance,19,20,significant_sdc,436,168,219,217,0.4977064220183486,91756069364.99423,3.365806886128017,1276723333751.3916,2.955284622250771,3.640311374956248,3.3391832604327423,277945136499.5106,adequate
internvl3_earthvqa,InternVL3-8B,EarthVQA,l2_distance,20,21,non_sdc,5364,375,5364,0,0.0,2.228264542567188,2.2077731875812305,0.30265604701410986,2.003493078927762,2.4216099491407133,2.203575957245784,2.253959533196042,adequate
internvl3_earthvqa,InternVL3-8B,EarthVQA,l2_distance,20,21,non_significant_sdc,1685,313,1685,0,0.0,2.2548980256037803,2.225291726489862,0.31211751472158106,2.038533547650213,2.44816792833394,2.223337618983085,2.287381076342018,adequate
internvl3_earthvqa,InternVL3-8B,EarthVQA,l2_distance,20,21,significant_sdc,436,163,207,229,0.5252293577981652,91106302520.26459,3.9339487163388,1310791429891.735,2.9149743294229316,4.46997547879511,3.723436812445161,287192963359.518,adequate
internvl3_earthvqa,InternVL3-8B,EarthVQA,l2_distance,21,22,non_sdc,5364,375,5364,0,0.0,2.0564326615010033,2.024837790821728,0.2847971710446894,1.8512574270367623,2.221169235468235,2.0323213847408055,2.081468542238985,adequate
internvl3_earthvqa,InternVL3-8B,EarthVQA,l2_distance,21,22,non_significant_sdc,1685,313,1685,0,0.0,2.086224798509314,2.0301387400338142,0.31260434164745765,1.8795326566696167,2.261306983453256,2.0531759086909815,2.1219726815938125,adequate
internvl3_earthvqa,InternVL3-8B,EarthVQA,l2_distance,21,22,significant_sdc,436,156,197,239,0.5481651376146789,6827392874004.853,3.591004811800443,95827025472048.45,2.771607442777984,7.599064987532946,4.860805751623244,21693490260939.75,adequate
internvl3_earthvqa,InternVL3-8B,EarthVQA,l2_distance,22,23,non_sdc,5364,375,5364,0,0.0,2.5251034558427587,2.5012047517867315,0.31354533612707375,2.2969378467762107,2.7358497858047484,2.499322687692257,2.551027947313241,adequate
internvl3_earthvqa,InternVL3-8B,EarthVQA,l2_distance,22,23,non_significant_sdc,1685,313,1685,0,0.0,2.5548062974812455,2.5324120060964064,0.31312583530271304,2.3543532208392492,2.7398179925006367,2.5209686668860245,2.589148653706859,adequate
internvl3_earthvqa,InternVL3-8B,EarthVQA,l2_distance,22,23,significant_sdc,436,142,179,257,0.5894495412844036,8198705744608.55,3.8569330244648214,100895067953050.97,3.6652324394303926,7.579735906756654,1005.3297221176172,24895869700357.145,adequate
internvl3_earthvqa,InternVL3-8B,EarthVQA,l2_distance,23,24,non_sdc,5364,375,5364,0,0.0,2.786251715232146,2.7957449396796847,0.37711816281795885,2.522048190554833,3.0523482948811345,2.755566049618917,2.816909122165102,adequate
internvl3_earthvqa,InternVL3-8B,EarthVQA,l2_distance,23,24,non_significant_sdc,1685,313,1685,0,0.0,2.8450220981327496,2.8257794819380107,0.4466992549501651,2.596258784041685,3.0649740076065064,2.8049427206616695,2.8865369215234855,adequate
internvl3_earthvqa,InternVL3-8B,EarthVQA,l2_distance,23,24,significant_sdc,436,133,168,268,0.6146788990825688,5661479814034.855,3.6261812935070115,64564188428367.08,3.5690873861312866,6.246530437956051,1082.7796207922727,17067586832710.377,adequate
internvl3_earthvqa,InternVL3-8B,EarthVQA,l2_distance,24,25,non_sdc,5364,375,5364,0,0.0,3.0253429444938056,3.01925252034114,0.4823451744729987,2.6835023752280645,3.3396075317263603,2.9857770194949023,3.06533190251092,adequate
internvl3_earthvqa,InternVL3-8B,EarthVQA,l2_distance,24,25,non_significant_sdc,1685,313,1685,0,0.0,3.0872919695363046,3.025939110553626,0.5218580354074019,2.7323527616613053,3.396562418767384,3.032787059374744,3.1438432985721687,adequate
internvl3_earthvqa,InternVL3-8B,EarthVQA,l2_distance,24,25,significant_sdc,436,129,162,274,0.6284403669724771,5114547386739.782,3.793607706926307,65097560517072.91,3.7206540691609287,6.528793490662867,4.808464750181339,16248881419973.936,adequate
internvl3_earthvqa,InternVL3-8B,EarthVQA,l2_distance,25,26,non_sdc,5364,375,5364,0,0.0,3.7181171287241983,3.68967472231109,0.5183632339961429,3.3419711010022595,4.058887946494618,3.6742495725488324,3.7623837279589076,adequate
internvl3_earthvqa,InternVL3-8B,EarthVQA,l2_distance,25,26,non_significant_sdc,1685,313,1685,0,0.0,3.7656495189231403,3.7126726839277477,0.6030615044808734,3.3919998072087765,4.0926891167958575,3.7065460958684744,3.8254383690788196,adequate
internvl3_earthvqa,InternVL3-8B,EarthVQA,l2_distance,25,26,significant_sdc,436,122,151,285,0.6536697247706422,5727338145697.105,6.841804446006308,49305626394333.18,6.648754694023911,7.041811685172879,7.947605590798707,14869858959712.127,adequate
internvl3_earthvqa,InternVL3-8B,EarthVQA,l2_distance,26,27,non_sdc,5364,375,5364,0,0.0,5.82191076939996,5.812893290841391,0.9790217295285603,5.087512425400995,6.530518727302551,5.742808813853196,5.9026374306274,adequate
internvl3_earthvqa,InternVL3-8B,EarthVQA,l2_distance,26,27,non_significant_sdc,1685,313,1685,0,0.0,6.02916581218347,5.884679219939492,1.1221181040358168,5.304318281320425,6.661744236946106,5.916111926803779,6.144341420694392,adequate
internvl3_earthvqa,InternVL3-8B,EarthVQA,l2_distance,26,27,significant_sdc,436,115,142,294,0.6743119266055047,6204264352667.662,23.31106491478122,50837357222396.625,22.75463612225591,23.772192857703384,113925901970.41774,16273696501556.418,adequate
internvl3_lingoqa,InternVL3-8B,LingoQA,cos_sim,0,1,non_sdc,5762,75,5762,0,0.0,0.807998786365719,0.8094549819827079,0.03987605959864875,0.782636290623082,0.8337973952293396,0.799483535893051,0.8165256787894184,adequate
internvl3_lingoqa,InternVL3-8B,LingoQA,cos_sim,0,1,non_significant_sdc,1293,70,1293,0,0.0,0.7969490700642472,0.7985148184439715,0.03542428337431437,0.7784791173356952,0.8219969415664673,0.7897327642451327,0.8039722668627166,adequate
internvl3_lingoqa,InternVL3-8B,LingoQA,cos_sim,0,1,significant_sdc,433,75,424,9,0.020785219399538146,0.2711480568298844,0.2610127629370106,0.08764179335242302,0.24916306837480895,0.274420611180213,0.2609728100673699,0.282049070554834,adequate
internvl3_lingoqa,InternVL3-8B,LingoQA,cos_sim,1,2,non_sdc,5762,75,5762,0,0.0,0.7405707058417067,0.7404568570631521,0.053304251956702936,0.702507774417217,0.7723854459249057,0.7298586612689252,0.7517805362717555,adequate
internvl3_lingoqa,InternVL3-8B,LingoQA,cos_sim,1,2,non_significant_sdc,1293,70,1293,0,0.0,0.7220844767563753,0.7234617156140944,0.04763863824871986,0.691569559276104,0.7465549260377884,0.7126042568667768,0.7321699791236446,adequate
internvl3_lingoqa,InternVL3-8B,LingoQA,cos_sim,1,2,significant_sdc,433,75,414,19,0.04387990762124716,0.10757576050610132,0.09232406063499499,0.0874227575440611,0.08625541574188642,0.10188386585487395,0.0981858529257243,0.11885929232483314,adequate
internvl3_lingoqa,InternVL3-8B,LingoQA,cos_sim,2,3,non_sdc,5762,75,5762,0,0.0,0.6874706652563584,0.6868815503337167,0.06986821570458772,0.6307614463217118,0.7397875102857748,0.6728461595760082,0.7018684194573117,adequate
internvl3_lingoqa,InternVL3-8B,LingoQA,cos_sim,2,3,non_significant_sdc,1293,70,1293,0,0.0,0.6628101253320374,0.6647812090814114,0.0624241295324367,0.6148563131042148,0.7047082092612982,0.6489574035852248,0.6773735281980798,adequate
internvl3_lingoqa,InternVL3-8B,LingoQA,cos_sim,2,3,significant_sdc,433,74,405,28,0.0646651270207852,0.07816238195315678,0.05991715660356745,0.08369455304682723,0.051274486000136454,0.07247034042161338,0.06911940280488198,0.08928389971088818,adequate
internvl3_lingoqa,InternVL3-8B,LingoQA,cos_sim,3,4,non_sdc,5762,75,5762,0,0.0,0.7823649836100104,0.7873348407447338,0.046225259808974906,0.7564643811095845,0.8134746828249523,0.7730359850831885,0.791640766012057,adequate
internvl3_lingoqa,InternVL3-8B,LingoQA,cos_sim,3,4,non_significant_sdc,1293,70,1293,0,0.0,0.768229537563494,0.770649631023407,0.04094268582046887,0.741315466662248,0.7958219158649444,0.7598216422937131,0.7766051453731865,adequate
internvl3_lingoqa,InternVL3-8B,LingoQA,cos_sim,3,4,significant_sdc,433,75,399,34,0.07852193995381063,0.4201791350615281,0.43971265153009065,0.10445400975291935,0.43129362561264817,0.4461549575231513,0.4089537585160051,0.4311336240796179,adequate
internvl3_lingoqa,InternVL3-8B,LingoQA,cos_sim,4,5,non_sdc,5762,75,5762,0,0.0,0.7356812361417076,0.7324558451123859,0.05940289556362004,0.6991317702664269,0.7744562001455397,0.7230382557204832,0.7481921694467453,adequate
internvl3_lingoqa,InternVL3-8B,LingoQA,cos_sim,4,5,non_significant_sdc,1293,70,1293,0,0.0,0.7175929419922561,0.7178809009492397,0.05323052444469171,0.6872775759547949,0.7515565485789858,0.7059402461928733,0.7292786391591665,adequate
internvl3_lingoqa,InternVL3-8B,LingoQA,cos_sim,4,5,significant_sdc,433,75,387,46,0.10623556581986138,0.2878232889958134,0.3015592590886719,0.08798758646668019,0.2928053043326553,0.3104727037098943,0.27876103958239257,0.2973778392914407,adequate
internvl3_lingoqa,InternVL3-8B,LingoQA,cos_sim,5,6,non_sdc,5762,75,5762,0,0.0,0.777736981704397,0.779789112508297,0.04446813913293252,0.746502358127724,0.8072693109512329,0.7681150515965386,0.7871848254519775,adequate
internvl3_lingoqa,InternVL3-8B,LingoQA,cos_sim,5,6,non_significant_sdc,1293,70,1293,0,0.0,0.7625067563673652,0.7631480002403259,0.037926732273385354,0.7367819507916769,0.7895049723711881,0.7540982032301751,0.7709725340526891,adequate
internvl3_lingoqa,InternVL3-8B,LingoQA,cos_sim,5,6,significant_sdc,433,75,378,55,0.12702078521939952,0.21632136078811967,0.23178000124741574,0.15569219465881884,0.2195374906367185,0.24650551758858621,0.19974731242782115,0.23275270022639244,adequate
internvl3_lingoqa,InternVL3-8B,LingoQA,cos_sim,6,7,non_sdc,5762,75,5762,0,0.0,0.6311089382208582,0.6335193663835526,0.0717706955917623,0.5813388874133428,0.6778206110000611,0.6161474272311309,0.646399433896858,adequate
internvl3_lingoqa,InternVL3-8B,LingoQA,cos_sim,6,7,non_significant_sdc,1293,70,1293,0,0.0,0.6092704464594891,0.6167299437981385,0.062304538542984844,0.563075764612718,0.6553903967142105,0.5951768480869843,0.6235153886791996,adequate
internvl3_lingoqa,InternVL3-8B,LingoQA,cos_sim,6,7,significant_sdc,433,75,366,67,0.15473441108545039,0.22268538906623583,0.2307450658812815,0.08490103382838264,0.2158718010296627,0.24674376666697923,0.21267266380385172,0.23305514813322106,adequate
internvl3_lingoqa,InternVL3-8B,LingoQA,cos_sim,7,8,non_sdc,5762,75,5762,0,0.0,0.6632781836462865,0.6617407890466543,0.06762912202027108,0.613471001959764,0.7114893678914417,0.6491124280458496,0.677409596177165,adequate
internvl3_lingoqa,InternVL3-8B,LingoQA,cos_sim,7,8,non_significant_sdc,1293,70,1293,0,0.0,0.6468378826608813,0.6468196702003479,0.05714815489997267,0.610591221600771,0.6893842575095949,0.6347612835370319,0.6590727107715854,adequate
internvl3_lingoqa,InternVL3-8B,LingoQA,cos_sim,7,8,significant_sdc,433,75,362,71,0.16397228637413397,0.12369641112316566,0.1350151000126284,0.10648608472655918,0.12140808817075223,0.1474901589812065,0.11075131376334413,0.13700513089222244,adequate
internvl3_lingoqa,InternVL3-8B,LingoQA,cos_sim,8,9,non_sdc,5762,75,5762,0,0.0,0.7386872763702392,0.74600497986141,0.0554781094428134,0.7013152150267905,0.7740891476472219,0.7268269076299307,0.7500547298486988,adequate
internvl3_lingoqa,InternVL3-8B,LingoQA,cos_sim,8,9,non_significant_sdc,1293,70,1293,0,0.0,0.7311153720988018,0.7392364263534545,0.05151968309093478,0.7004974028095603,0.7665600671487696,0.719273879491897,0.7423885800155526,adequate
internvl3_lingoqa,InternVL3-8B,LingoQA,cos_sim,8,9,significant_sdc,433,75,344,89,0.20554272517321015,0.37654085443280627,0.36651137167093706,0.10954280926372476,0.327461697693382,0.41896066845071556,0.3626995163395046,0.39066980654029226,adequate
internvl3_lingoqa,InternVL3-8B,LingoQA,cos_sim,9,10,non_sdc,5762,75,5762,0,0.0,0.7368459372536674,0.7413300693035125,0.06414246354985313,0.7012116118437715,0.7802984403651296,0.7227201813683755,0.7510199922182991,adequate
internvl3_lingoqa,InternVL3-8B,LingoQA,cos_sim,9,10,non_significant_sdc,1293,70,1293,0,0.0,0.7273439510268777,0.7263770898183187,0.05214336467459959,0.7041707265944708,0.7578379895005908,0.7157820398520005,0.7381952666462377,adequate
internvl3_lingoqa,InternVL3-8B,LingoQA,cos_sim,9,10,significant_sdc,433,75,335,98,0.2263279445727483,0.27599001001120776,0.2916263080373102,0.10561428573943146,0.26445426655058957,0.3093897014552233,0.26269585724439587,0.2903731857236393,adequate
internvl3_lingoqa,InternVL3-8B,LingoQA,cos_sim,10,11,non_sdc,5762,75,5762,0,0.0,0.6958117855084397,0.698376893760666,0.06872551529820504,0.6508424371595566,0.740350271264712,0.6811623335850914,0.7106839369728338,adequate
internvl3_lingoqa,InternVL3-8B,LingoQA,cos_sim,10,11,non_significant_sdc,1293,70,1293,0,0.0,0.6922589077445943,0.6946811059425617,0.06016202116564529,0.6520135709733674,0.7340571209788322,0.6795307189006788,0.7053452376541723,adequate
internvl3_lingoqa,InternVL3-8B,LingoQA,cos_sim,10,11,significant_sdc,433,75,322,111,0.25635103926097,0.06312952102386413,0.10176079408550749,0.16971124477056115,0.07822261853333638,0.11630883887030032,0.04152544897952573,0.08498331795911136,adequate
internvl3_lingoqa,InternVL3-8B,LingoQA,cos_sim,11,12,non_sdc,5762,75,5762,0,0.0,0.6891185938968414,0.6929736852645874,0.06115202236167779,0.6482527766908918,0.7261754708630699,0.6757701812804808,0.701980661389368,adequate
internvl3_lingoqa,InternVL3-8B,LingoQA,cos_sim,11,12,non_significant_sdc,1293,70,1293,0,0.0,0.6892056064531396,0.6874455809593201,0.05232549651265327,0.6531420621004972,0.7207418458802359,0.6780555205966861,0.7007125124611684,adequate
internvl3_lingoqa,InternVL3-8B,LingoQA,cos_sim,11,12,significant_sdc,433,75,314,119,0.2748267898383372,0.07801047730040812,0.04216050511530163,0.11996200166131062,0.021325534627753863,0.08075343969525123,0.06246171181145458,0.09608419643317494,adequate
internvl3_lingoqa,InternVL3-8B,LingoQA,cos_sim,12,13,non_sdc,5762,75,5762,0,0.0,0.7301726510762965,0.7366324663162231,0.054004319179408886,0.6933164298534393,0.7749727048807674,0.7183573157394413,0.741635471270458,adequate
internvl3_lingoqa,InternVL3-8B,LingoQA,cos_sim,12,13,non_significant_sdc,1293,70,1293,0,0.0,0.722083161576903,0.730389251428492,0.050968807832454534,0.6962066132288712,0.7588073886357821,0.7104047381972141,0.7331744996313884,adequate
internvl3_lingoqa,InternVL3-8B,LingoQA,cos_sim,12,13,significant_sdc,433,75,300,133,0.3071593533487298,0.19042740136046674,0.17760815336464011,0.10208496951270359,0.13517228985319332,0.21002206947578458,0.17514197446351684,0.20715547998915107,adequate
internvl3_lingoqa,InternVL3-8B,LingoQA,cos_sim,13,14,non_sdc,5762,75,5762,0,0.0,0.7394774274988626,0.7515741053380465,0.06509325250595084,0.7095911627014478,0.7857370755889199,0.7245923393469316,0.7534037687470386,adequate
internvl3_lingoqa,InternVL3-8B,LingoQA,cos_sim,13,14,non_significant_sdc,1293,70,1293,0,0.0,0.7340493771641787,0.7449022883718665,0.05975040975413713,0.7108404015501341,0.7770155163911673,0.7199561070965825,0.7470877037445383,adequate
internvl3_lingoqa,InternVL3-8B,LingoQA,cos_sim,13,14,significant_sdc,433,75,294,139,0.3210161662817552,0.1642892866747725,0.26749334195438695,0.2384955289910582,0.011091610663855563,0.2855192365847072,0.13473575117066294,0.19345980040329233,adequate
internvl3_lingoqa,InternVL3-8B,LingoQA,cos_sim,14,15,non_sdc,5762,75,5762,0,0.0,0.7404641651386289,0.7479608788572509,0.04762315416876831,0.7050842829141999,0.774868819448683,0.7304904029051486,0.7503237230900249,adequate
internvl3_lingoqa,InternVL3-8B,LingoQA,cos_sim,14,15,non_significant_sdc,1293,70,1293,0,0.0,0.73787376773134,0.7441974528904619,0.045070925953414644,0.7068099956959486,0.7729071544276344,0.7269279388261746,0.7486819418470543,adequate
internvl3_lingoqa,InternVL3-8B,LingoQA,cos_sim,14,15,significant_sdc,433,75,280,153,0.3533487297921478,0.3265720266814134,0.3612408166637226,0.12896687974191826,0.216273697055116,0.4065247549086201,0.3085006036698297,0.3446467830800578,adequate
internvl3_lingoqa,InternVL3-8B,LingoQA,cos_sim,15,16,non_sdc,5762,75,5762,0,0.0,0.6616658736455382,0.6692741298427185,0.07351087233544663,0.6214654681583246,0.7083203720431479,0.6462288941246087,0.6768510467075608,adequate
internvl3_lingoqa,InternVL3-8B,LingoQA,cos_sim,15,16,non_significant_sdc,1293,70,1293,0,0.0,0.6652600064152625,0.6674766563452207,0.06764680109870568,0.6185711642791485,0.7161435037851334,0.6488779009653295,0.6813384738430261,adequate
internvl3_lingoqa,InternVL3-8B,LingoQA,cos_sim,15,16,significant_sdc,433,75,275,158,0.36489607390300227,0.031917934282854755,0.08893772564372238,0.18604503400183475,-0.20573201684319242,0.11988837782255546,0.006586721591620722,0.05800941167563133,adequate
internvl3_lingoqa,InternVL3-8B,LingoQA,cos_sim,16,17,non_sdc,5762,75,5762,0,0.0,0.6329945295688509,0.6363503532484174,0.06643074719594892,0.591629012886967,0.669027749981199,0.6195884260795402,0.646612024944088,adequate
internvl3_lingoqa,InternVL3-8B,LingoQA,cos_sim,16,17,non_significant_sdc,1293,70,1293,0,0.0,0.630746508135019,0.6327154704115607,0.058424880447407575,0.597858343612064,0.6707758083939552,0.618039064004703,0.6425940684863636,adequate
internvl3_lingoqa,InternVL3-8B,LingoQA,cos_sim,16,17,significant_sdc,433,73,252,181,0.418013856812933,0.10536652772344766,0.19517841562628746,0.21891116938013808,-0.14318937245680363,0.2464670148126933,0.07730542367030446,0.13373474930997345,adequate
internvl3_lingoqa,InternVL3-8B,LingoQA,cos_sim,17,18,non_sdc,5762,75,5762,0,0.0,0.6479809717970662,0.6493967113395532,0.06128699245038979,0.6094678229381961,0.6857384589190285,0.6355385195043283,0.6608639533107403,adequate
internvl3_lingoqa,InternVL3-8B,LingoQA,cos_sim,17,18,non_significant_sdc,1293,70,1293,0,0.0,0.6426727835281685,0.6441511579535224,0.056691831256630264,0.6096625097773292,0.6815955564379692,0.6307350568096407,0.6542648157546695,adequate
internvl3_lingoqa,InternVL3-8B,LingoQA,cos_sim,17,18,significant_sdc,433,73,241,192,0.4434180138568129,0.26417973960912644,0.31764667131462876,0.15601520544218656,0.16671806056888736,0.37103188524440844,0.24479814295129923,0.2846713190118089,adequate
internvl3_lingoqa,InternVL3-8B,LingoQA,cos_sim,18,19,non_sdc,5762,75,5762,0,0.0,0.7538303852988327,0.7624131129760492,0.045226459197348065,0.7245712086913132,0.7865900390527465,0.744602809021399,0.7629756207953505,adequate
internvl3_lingoqa,InternVL3-8B,LingoQA,cos_sim,18,19,non_significant_sdc,1293,70,1293,0,0.0,0.7628011602837456,0.7708471417427063,0.040726070627761755,0.7402444829543432,0.7896073961257934,0.7529898583661639,0.7715301161407361,adequate
internvl3_lingoqa,InternVL3-8B,LingoQA,cos_sim,18,19,significant_sdc,433,73,233,200,0.4618937644341802,0.19604875239063482,0.2673941449243195,0.17766693793051402,0.02030607122851878,0.30359767863945086,0.17224195068216577,0.2215707899572679,adequate
internvl3_lingoqa,InternVL3-8B,LingoQA,cos_sim,19,20,non_sdc,5762,75,5762,0,0.0,0.6320181419122699,0.6317525481184323,0.08142398901019492,0.5886607917689759,0.6815136102338631,0.6149079441124676,0.6496564845407414,adequate
internvl3_lingoqa,InternVL3-8B,LingoQA,cos_sim,19,20,non_significant_sdc,1293,70,1293,0,0.0,0.637692180249512,0.6352531455812,0.060583347946820514,0.6055179703235626,0.6787448426087698,0.6238414829313372,0.6507095826504575,adequate
internvl3_lingoqa,InternVL3-8B,LingoQA,cos_sim,19,20,significant_sdc,433,73,217,216,0.4988452655889145,0.13029770408227453,0.20890209829548792,0.2482302233387844,-0.10374881129483787,0.3478439921247108,0.09474150239670741,0.16773405246610654,adequate
internvl3_lingoqa,InternVL3-8B,LingoQA,cos_sim,20,21,non_sdc,5762,75,5762,0,0.0,0.6933540694741448,0.7027591590000235,0.07057001066352339,0.6490395850936572,0.7393316897478971,0.6786382462548575,0.7080075348953268,adequate
internvl3_lingoqa,InternVL3-8B,LingoQA,cos_sim,20,21,non_significant_sdc,1293,70,1293,0,0.0,0.7045154296031253,0.7152245885559491,0.06258598423738823,0.6667410123348236,0.7542845732287357,0.6891172403967072,0.71954903108865,adequate
internvl3_lingoqa,InternVL3-8B,LingoQA,cos_sim,20,21,significant_sdc,433,72,215,218,0.5034642032332564,0.24165578705156826,0.20276070614250338,0.1456358566941293,0.1259375274637524,0.34767525855984005,0.21793731500277036,0.2665777893813537,adequate
internvl3_lingoqa,InternVL3-8B,LingoQA,cos_sim,21,22,non_sdc,5762,75,5762,0,0.0,0.6602447369556561,0.6636542777972991,0.07106760929543063,0.6084132690004826,0.7072400870291811,0.6452811167412831,0.6752003286424645,adequate
internvl3_lingoqa,InternVL3-8B,LingoQA,cos_sim,21,22,non_significant_sdc,1293,70,1293,0,0.0,0.6694603782222808,0.6868436875251623,0.06307829908566889,0.6321581083795299,0.7083214407875424,0.655082351070446,0.6823259254376272,adequate
internvl3_lingoqa,InternVL3-8B,LingoQA,cos_sim,21,22,significant_sdc,433,70,201,232,0.535796766743649,0.09780330787988357,0.08268968046319727,0.12088719407729837,0.0581870543181288,0.09707505309156009,0.07816268449661244,0.12007793439908498,adequate
internvl3_lingoqa,InternVL3-8B,LingoQA,cos_sim,22,23,non_sdc,5762,75,5762,0,0.0,0.7251164976442953,0.7258843719959259,0.05879658540151844,0.6897650139236992,0.761214326257291,0.7125506705644066,0.7380288278384038,adequate
internvl3_lingoqa,InternVL3-8B,LingoQA,cos_sim,22,23,non_significant_sdc,1293,70,1293,0,0.0,0.735104736117888,0.7423632407188415,0.055757601751602937,0.7034100691477457,0.7752543091773987,0.7201653664441855,0.7483276643999374,adequate
internvl3_lingoqa,InternVL3-8B,LingoQA,cos_sim,22,23,significant_sdc,433,69,199,234,0.5404157043879907,0.30071024816778175,0.26101296592731865,0.1236377933340796,0.2544032745823568,0.33030043603206166,0.2821159217678417,0.321314099701851,adequate
internvl3_lingoqa,InternVL3-8B,LingoQA,cos_sim,23,24,non_sdc,5762,75,5762,0,0.0,0.7056112789153329,0.710231442291003,0.05149381928411664,0.6681341813542905,0.7409738078713417,0.6949516003676135,0.7165048169994638,adequate
internvl3_lingoqa,InternVL3-8B,LingoQA,cos_sim,23,24,non_significant_sdc,1293,70,1293,0,0.0,0.7141392189669895,0.7218069647039685,0.046427862935734976,0.6809708898266157,0.7474401387675055,0.7030044138047461,0.7249519871528276,adequate
internvl3_lingoqa,InternVL3-8B,LingoQA,cos_sim,23,24,significant_sdc,433,68,180,253,0.5842956120092379,0.5435593932609404,0.5839517268599297,0.15416439371068322,0.5497320571116038,0.6138599268635925,0.5223051554907285,0.5640901692184932,adequate
internvl3_lingoqa,InternVL3-8B,LingoQA,cos_sim,24,25,non_sdc,5762,75,5762,0,0.0,0.6963621637695723,0.6994265913963318,0.06570573130118526,0.6576834029501135,0.7375024198912656,0.6820893654332283,0.7103692187038648,adequate
internvl3_lingoqa,InternVL3-8B,LingoQA,cos_sim,24,25,non_significant_sdc,1293,70,1293,0,0.0,0.7041196006178421,0.7044461195667585,0.053271184521652505,0.6676548248843143,0.7411931768441812,0.6916470687921837,0.7160883669626866,adequate
internvl3_lingoqa,InternVL3-8B,LingoQA,cos_sim,24,25,significant_sdc,433,67,163,270,0.6235565819861432,0.4793977369158512,0.5338942432890132,0.13938629448496617,0.4546200672582704,0.5453550310767427,0.46008167837040154,0.499026707596741,adequate
internvl3_lingoqa,InternVL3-8B,LingoQA,cos_sim,25,26,non_sdc,5762,75,5762,0,0.0,0.8104738202562377,0.8171144038438798,0.050951448677289214,0.781130010431463,0.8437211710214615,0.7994441957961275,0.8211635344761975,adequate
internvl3_lingoqa,InternVL3-8B,LingoQA,cos_sim,25,26,non_significant_sdc,1293,70,1293,0,0.0,0.8127206447051384,0.8179363443933684,0.04537180574365567,0.7962577087538583,0.842927468234095,0.8032216458570429,0.8212465607749072,adequate
internvl3_lingoqa,InternVL3-8B,LingoQA,cos_sim,25,26,significant_sdc,433,66,160,273,0.6304849884526559,0.3661852260608434,0.3260761706196532,0.16512848525789156,0.2634368360954888,0.44565403187761504,0.33975459469897706,0.3956171689596533,adequate
internvl3_lingoqa,InternVL3-8B,LingoQA,cos_sim,26,27,non_sdc,5762,75,5762,0,0.0,0.966061275084402,0.9688311931159761,0.015167302681042093,0.9616617220640182,0.9741924650246098,0.9627165538941775,0.968993612890316,adequate
internvl3_lingoqa,InternVL3-8B,LingoQA,cos_sim,26,27,non_significant_sdc,1293,70,1293,0,0.0,0.9648872407315142,0.9666948165212359,0.02502910440513447,0.9615857526659966,0.9720148473978043,0.9624390603002022,0.9671768351037525,adequate
internvl3_lingoqa,InternVL3-8B,LingoQA,cos_sim,26,27,significant_sdc,433,61,146,287,0.6628175519630485,0.454551650020006,0.4357234455493032,0.21683022976033292,0.33229387156209167,0.5213569843647431,0.4141610102023269,0.4989569792821739,adequate
internvl3_lingoqa,InternVL3-8B,LingoQA,abs_mean_diff,0,1,non_sdc,5762,75,5762,0,0.0,0.014842195976095094,0.014910471895497969,0.0022051094227467636,0.013169111817010812,0.01634546741288865,0.014468890646229395,0.015225894400303084,adequate
internvl3_lingoqa,InternVL3-8B,LingoQA,abs_mean_diff,0,1,non_significant_sdc,1293,70,1293,0,0.0,0.01471510487997835,0.014697065334767103,0.0021929551022674735,0.013196788445514227,0.01598426139053817,0.014265819731936595,0.01516888318127442,adequate
internvl3_lingoqa,InternVL3-8B,LingoQA,abs_mean_diff,0,1,significant_sdc,433,75,424,9,0.020785219399538146,6.965587523290609e+29,0.02141700143574224,1.1537699641719078e+31,0.020685227640087202,0.02214857400394976,3.3374651739156428e+28,1.9540860608993704e+30,adequate
internvl3_lingoqa,InternVL3-8B,LingoQA,abs_mean_diff,1,2,non_sdc,5762,75,5762,0,0.0,0.008677256133989066,0.008528795537792823,0.0021412330212596965,0.0071963086957111955,0.009674552046427769,0.008265978896646648,0.009109581130397185,adequate
internvl3_lingoqa,InternVL3-8B,LingoQA,abs_mean_diff,1,2,non_significant_sdc,1293,70,1293,0,0.0,0.008841535026165748,0.008576555116830961,0.002390623626009128,0.0072473691856990066,0.009749754877041349,0.008309374759444188,0.009459994078741771,adequate
internvl3_lingoqa,InternVL3-8B,LingoQA,abs_mean_diff,1,2,significant_sdc,433,75,414,19,0.04387990762124716,4.598302601868848e+28,0.002071711044682532,6.71536124032021e+29,0.0017440832714189073,0.0027889780206035593,1.977255858412803e+23,1.2025313491541337e+29,adequate
internvl3_lingoqa,InternVL3-8B,LingoQA,abs_mean_diff,2,3,non_sdc,5762,75,5762,0,0.0,0.008440720330475257,0.008369633806869387,0.002559104701950265,0.006848638893903366,0.00961113751400262,0.008003537757685919,0.008924209148330496,adequate
internvl3_lingoqa,InternVL3-8B,LingoQA,abs_mean_diff,2,3,non_significant_sdc,1293,70,1293,0,0.0,0.008923754336684344,0.008760729136185781,0.0022999891635122004,0.007546782924328,0.010107750638521143,0.008481851068170945,0.009401832568580641,adequate
internvl3_lingoqa,InternVL3-8B,LingoQA,abs_mean_diff,2,3,significant_sdc,433,74,405,28,0.0646651270207852,1.4834686407662809e+29,0.016752279040460685,2.1401474952054315e+30,0.01562860590044637,0.018077697490855138,7.722270685246469e+25,3.921281811098312e+29,adequate
internvl3_lingoqa,InternVL3-8B,LingoQA,abs_mean_diff,3,4,non_sdc,5762,75,5762,0,0.0,0.012766711418189478,0.012560145663363593,0.003152415462945885,0.01058667900864608,0.014568463608251384,0.012223465204139248,0.013325717822006587,adequate
internvl3_lingoqa,InternVL3-8B,LingoQA,abs_mean_diff,3,4,non_significant_sdc,1293,70,1293,0,0.0,0.012326465660689694,0.012179603477796683,0.003131735581648555,0.010521807995003959,0.013740619080827424,0.011724344125563993,0.013023223086459772,adequate
internvl3_lingoqa,InternVL3-8B,LingoQA,abs_mean_diff,3,4,significant_sdc,433,75,399,34,0.07852193995381063,1.750514022226615e+29,0.03573377367717271,3.3606048122541804e+30,0.03457220733208506,0.03647548121837329,9.172620668847708e+25,5.214704188885526e+29,adequate
internvl3_lingoqa,InternVL3-8B,LingoQA,abs_mean_diff,4,5,non_sdc,5762,75,5762,0,0.0,0.012007412294901546,0.011795392612615311,0.0022696618123159698,0.010504752319927016,0.013259115434872607,0.011614055819616984,0.012406052325409313,adequate
internvl3_lingoqa,InternVL3-8B,LingoQA,abs_mean_diff,4,5,non_significant_sdc,1293,70,1293,0,0.0,0.012248123450685218,0.011818122894813618,0.002609382359555709,0.010575123030044462,0.013765504638500074,0.011741842075667528,0.01278215843441901,adequate
internvl3_lingoqa,InternVL3-8B,LingoQA,abs_mean_diff,4,5,significant_sdc,433,75,387,46,0.10623556581986138,2.2701260593037503e+28,0.01745725791350159,3.8766964218899484e+29,0.014199538104122087,0.019757679948697284,532454592.09071994,6.478679778334636e+28,adequate
internvl3_lingoqa,InternVL3-8B,LingoQA,abs_mean_diff,5,6,non_sdc,5762,75,5762,0,0.0,0.012790385614040136,0.01220433285459876,0.003201550883378833,0.010313343981073963,0.014771024862836515,0.012228201257505287,0.013396264564145473,adequate
internvl3_lingoqa,InternVL3-8B,LingoQA,abs_mean_diff,5,6,non_significant_sdc,1293,70,1293,0,0.0,0.013886904462586301,0.013262514863163233,0.0034721656910369878,0.01131255186295935,0.01631247578964879,0.013156255895565851,0.01459432364992437,adequate
internvl3_lingoqa,InternVL3-8B,LingoQA,abs_mean_diff,5,6,significant_sdc,433,75,378,55,0.12702078521939952,2.297964121850996e+30,0.04813991855278763,4.463252815947286e+31,0.043189332110104055,0.05146337098118906,2.148261956575097e+26,7.152077963285373e+30,adequate
internvl3_lingoqa,InternVL3-8B,LingoQA,abs_mean_diff,6,7,non_sdc,5762,75,5762,0,0.0,0.015739725184809844,0.015417948798535185,0.003507725751254329,0.013182719150790945,0.01796396727577838,0.015143392823177941,0.01638862015538481,adequate
internvl3_lingoqa,InternVL3-8B,LingoQA,abs_mean_diff,6,7,non_significant_sdc,1293,70,1293,0,0.0,0.015934759503727372,0.015150760692593298,0.004152661150163576,0.013307687790074851,0.017921931052114815,0.015091053579951608,0.016863113825864914,adequate
internvl3_lingoqa,InternVL3-8B,LingoQA,abs_mean_diff,6,7,significant_sdc,433,75,366,67,0.15473441108545039,1.9610188806500732e+30,0.015099645440219616,3.639872083662588e+31,0.014013907606048244,0.016357836897998135,1.033863697305116e+28,6.051378858282865e+30,adequate
internvl3_lingoqa,InternVL3-8B,LingoQA,abs_mean_diff,7,8,non_sdc,5762,75,5762,0,0.0,0.016500965152772197,0.015972678526304664,0.004196949759590625,0.013580572279170155,0.019295776102115355,0.015695256603646957,0.01733147322407259,adequate
internvl3_lingoqa,InternVL3-8B,LingoQA,abs_mean_diff,7,8,non_significant_sdc,1293,70,1293,0,0.0,0.017078026848232418,0.016610354713823956,0.0040781281923778,0.01419703068677336,0.01978745560960046,0.01623980845882923,0.01789043943756907,adequate
internvl3_lingoqa,InternVL3-8B,LingoQA,abs_mean_diff,7,8,significant_sdc,433,75,362,71,0.16397228637413397,2.077182191903653e+29,0.03353465069144755,1.9234908982861604e+30,0.03061184010525443,0.03565955211465456,4.517563455177192e+28,4.262189744392018e+29,adequate
internvl3_lingoqa,InternVL3-8B,LingoQA,abs_mean_diff,8,9,non_sdc,5762,75,5762,0,0.0,0.020186409338905927,0.019512434266507627,0.004894181124226987,0.01658246960907586,0.023382477648556232,0.01926514291509733,0.021139275570604712,adequate
internvl3_lingoqa,InternVL3-8B,LingoQA,abs_mean_diff,8,9,non_significant_sdc,1293,70,1293,0,0.0,0.01974463553742016,0.019060425100509416,0.005035680548855398,0.01623229871297048,0.022390966769307852,0.018666639258141427,0.02089512730006506,adequate
internvl3_lingoqa,InternVL3-8B,LingoQA,abs_mean_diff,8,9,significant_sdc,433,75,344,89,0.20554272517321015,1.0302912653942798e+29,0.018988245347400706,1.3927785766771488e+30,0.015531516781822796,0.022209567738915508,6.249957412528673e+26,2.6164916513846482e+29,adequate
internvl3_lingoqa,InternVL3-8B,LingoQA,abs_mean_diff,9,10,non_sdc,5762,75,5762,0,0.0,0.01976144057348499,0.019239786990747826,0.00507681303064827,0.016045074477525696,0.022773550070026734,0.01881305336959975,0.020748470076335738,adequate
internvl3_lingoqa,InternVL3-8B,LingoQA,abs_mean_diff,9,10,non_significant_sdc,1293,70,1293,0,0.0,0.020635424466082464,0.01952759195410181,0.005663230313672548,0.016987153117290953,0.02323045685294677,0.019456968326519088,0.021930974471136178,adequate
internvl3_lingoqa,InternVL3-8B,LingoQA,abs_mean_diff,9,10,significant_sdc,433,75,335,98,0.2263279445727483,5.868473172370422e+29,0.04153371965797732,1.035939622735278e+31,0.03220876765779543,0.04660548799794775,2.348352952222228e+27,1.7784533750603545e+30,adequate
internvl3_lingoqa,InternVL3-8B,LingoQA,abs_mean_diff,10,11,non_sdc,5762,75,5762,0,0.0,0.01753016137513071,0.017287975296838787,0.003575595365277892,0.015319650527089834,0.019571819493735564,0.01693045676493193,0.018129792967717526,adequate
internvl3_lingoqa,InternVL3-8B,LingoQA,abs_mean_diff,10,11,non_significant_sdc,1293,70,1293,0,0.0,0.018369558637257772,0.01777515315140287,0.004333864913888391,0.015566738878583742,0.020602040321983654,0.017482012127721755,0.01926456760553902,adequate
internvl3_lingoqa,InternVL3-8B,LingoQA,abs_mean_diff,10,11,significant_sdc,433,75,322,111,0.25635103926097,3.4165209239329803e+28,0.02550831303352072,6.0236776071087456e+29,0.021401427016826347,0.028408194478715256,4.400362790476955e+25,1.0922563994102004e+29,adequate
internvl3_lingoqa,InternVL3-8B,LingoQA,abs_mean_diff,11,12,non_sdc,5762,75,5762,0,0.0,0.019084351607357396,0.01852276807650924,0.0045122961562898195,0.016057980681867583,0.021976973221171647,0.01825485660222405,0.01992245645601858,adequate
internvl3_lingoqa,InternVL3-8B,LingoQA,abs_mean_diff,11,12,non_significant_sdc,1293,70,1293,0,0.0,0.018790092201257505,0.01820134803710971,0.0045415588890847965,0.015672973311587197,0.02101780975326186,0.017929519110220456,0.01970674926334366,adequate
internvl3_lingoqa,InternVL3-8B,LingoQA,abs_mean_diff,11,12,significant_sdc,433,75,314,119,0.2748267898383372,1.5129072195413746e+28,0.058141613996834776,1.6487877363265348e+29,0.021145359773963347,0.06224811075454844,1.4020661724248333e+27,3.6954785542500574e+28,adequate
internvl3_lingoqa,InternVL3-8B,LingoQA,abs_mean_diff,12,13,non_sdc,5762,75,5762,0,0.0,0.02172834547614358,0.020895462724621647,0.005688482198598421,0.01730261681797473,0.025220582645167324,0.02067851986817669,0.022844198374888918,adequate
internvl3_lingoqa,InternVL3-8B,LingoQA,abs_mean_diff,12,13,non_significant_sdc,1293,70,1293,0,0.0,0.021428750745780337,0.020546294058914536,0.005572675654394085,0.017757891677320004,0.024854602217674257,0.02037468152515031,0.022560900450328093,adequate
internvl3_lingoqa,InternVL3-8B,LingoQA,abs_mean_diff,12,13,significant_sdc,433,75,300,133,0.3071593533487298,7.693491360125003e+28,0.025958368846937557,1.2714030089731323e+30,0.018894634393699542,0.030942884803635582,0.02266631090834959,2.395627951543381e+29,adequate
internvl3_lingoqa,InternVL3-8B,LingoQA,abs_mean_diff,13,14,non_sdc,5762,75,5762,0,0.0,0.022967559792628957,0.02190898946788539,0.006424426262244241,0.018413828333209762,0.026563452467373745,0.021839015808420067,0.024140837010625946,adequate
internvl3_lingoqa,InternVL3-8B,LingoQA,abs_mean_diff,13,14,non_significant_sdc,1293,70,1293,0,0.0,0.021641545496685257,0.020368973233936622,0.0062507351296557465,0.017321021747634266,0.024163633944805373,0.02037037671292571,0.023073247033479138,adequate
internvl3_lingoqa,InternVL3-8B,LingoQA,abs_mean_diff,13,14,significant_sdc,433,75,294,139,0.3210161662817552,5.505165512861096e+28,0.023940911090086996,8.230068301738273e+29,0.02298479065969016,0.025339841299775838,9.62766367823473e+25,1.6123371944009057e+29,adequate
internvl3_lingoqa,InternVL3-8B,LingoQA,abs_mean_diff,14,15,non_sdc,5762,75,5762,0,0.0,0.020514757611397788,0.01990616386782546,0.005476763958119046,0.01662097214623528,0.022751580477536965,0.01955083990369724,0.021580267716988413,adequate
internvl3_lingoqa,InternVL3-8B,LingoQA,abs_mean_diff,14,15,non_significant_sdc,1293,70,1293,0,0.0,0.020797198874083433,0.02007832214109261,0.00514057507983832,0.017483220527148142,0.02284631901420653,0.019855954628042207,0.021843549383044152,adequate
internvl3_lingoqa,InternVL3-8B,LingoQA,abs_mean_diff,14,15,significant_sdc,433,75,280,153,0.3533487297921478,8.235298482803792e+25,0.01791034078662645,1.3780290094277305e+27,0.012017019178566277,0.024846788567053725,0.01658461876244609,2.6916928893210838e+26,adequate
internvl3_lingoqa,InternVL3-8B,LingoQA,abs_mean_diff,15,16,non_sdc,5762,75,5762,0,0.0,0.024402209634836254,0.023493208504956346,0.006779386785026826,0.02016862601158209,0.026776129916084537,0.023145035219035225,0.025831148317896117,adequate
internvl3_lingoqa,InternVL3-8B,LingoQA,abs_mean_diff,15,16,non_significant_sdc,1293,70,1293,0,0.0,0.02321044495017221,0.02244727819925174,0.005059324549181623,0.019454698566169965,0.026642586153824456,0.022333948410288792,0.024126670087127225,adequate
internvl3_lingoqa,InternVL3-8B,LingoQA,abs_mean_diff,15,16,significant_sdc,433,75,275,158,0.36489607390300227,1.618310773667477e+28,0.02302346706428394,2.1465644058385376e+29,0.007487627190575764,0.027032405717716534,0.020398610139075686,4.5900377741691465e+28,adequate
internvl3_lingoqa,InternVL3-8B,LingoQA,abs_mean_diff,16,17,non_sdc,5762,75,5762,0,0.0,0.026612127597436787,0.025505916315625474,0.007482331213330881,0.021005637719054168,0.031017701850611378,0.025229400247842086,0.028108159617133643,adequate
internvl3_lingoqa,InternVL3-8B,LingoQA,abs_mean_diff,16,17,non_significant_sdc,1293,70,1293,0,0.0,0.025017201824868798,0.02366360105574131,0.006084552386911142,0.02053113923674183,0.028709893596048155,0.023874846474906668,0.02629605309171215,adequate
internvl3_lingoqa,InternVL3-8B,LingoQA,abs_mean_diff,16,17,significant_sdc,433,73,252,181,0.418013856812933,4.9526035290722285e+28,0.01521116937273087,6.190623032249114e+29,0.006482395124906788,0.020267298231915046,1.4988012624582193e+19,1.3601013870563764e+29,adequate
internvl3_lingoqa,InternVL3-8B,LingoQA,abs_mean_diff,17,18,non_sdc,5762,75,5762,0,0.0,0.03222155370435466,0.03211694350466132,0.0077726890027317655,0.025958522302348033,0.03709948487495157,0.030846409515871906,0.033601341720220855,adequate
internvl3_lingoqa,InternVL3-8B,LingoQA,abs_mean_diff,17,18,non_significant_sdc,1293,70,1293,0,0.0,0.03214872403884719,0.0319831221076172,0.007537729694561766,0.026144362268193316,0.03624389385643961,0.030602628140169574,0.03376145055606692,adequate
internvl3_lingoqa,InternVL3-8B,LingoQA,abs_mean_diff,17,18,significant_sdc,433,73,241,192,0.4434180138568129,3.740567154243971e+29,0.01944669497636508,4.7999711022713e+30,0.005567874455330323,0.024820441503685956,0.019429354731868312,1.0989342049023947e+30,adequate
internvl3_lingoqa,InternVL3-8B,LingoQA,abs_mean_diff,18,19,non_sdc,5762,75,5762,0,0.0,0.04022943479428416,0.03820076886719714,0.012713035721291704,0.0315314227147169,0.0457503482300256,0.03791350648024447,0.042750370541020676,adequate
internvl3_lingoqa,InternVL3-8B,LingoQA,abs_mean_diff,18,19,non_significant_sdc,1293,70,1293,0,0.0,0.040508778673057695,0.03879356347024441,0.012045574382822156,0.03148993290960789,0.045364991304706094,0.03804199649476802,0.04322321613585769,adequate
internvl3_lingoqa,InternVL3-8B,LingoQA,abs_mean_diff,18,19,significant_sdc,433,73,233,200,0.4618937644341802,3.4680338731704275e+28,0.0524234938321217,4.560775547564298e+29,0.04582139170177433,0.062149938005878,7.93920343553004e+26,9.742958316684586e+28,adequate
internvl3_lingoqa,InternVL3-8B,LingoQA,abs_mean_diff,19,20,non_sdc,5762,75,5762,0,0.0,0.04098761579155341,0.040015701110990315,0.01254627367341094,0.031662064843112604,0.04802598471287638,0.03878020057492609,0.043310929136376936,adequate
internvl3_lingoqa,InternVL3-8B,LingoQA,abs_mean_diff,19,20,non_significant_sdc,1293,70,1293,0,0.0,0.04121189107144064,0.039845852247838466,0.011738473762419896,0.03223048574451742,0.04769166046753526,0.03878454976771663,0.04380875691552399,adequate
internvl3_lingoqa,InternVL3-8B,LingoQA,abs_mean_diff,19,20,significant_sdc,433,73,217,216,0.4988452655889145,9.06297762075986e+28,0.017264584991700794,1.3338133181835604e+30,0.011350777608399488,0.024872327285191537,0.02382881076742082,2.86141358133112e+29,adequate
internvl3_lingoqa,InternVL3-8B,LingoQA,abs_mean_diff,20,21,non_sdc,5762,75,5762,0,0.0,0.04251124400992444,0.0414640748873353,0.012748076032128077,0.03312119854672346,0.04908784723025746,0.04010108433872348,0.04493203382773995,adequate
internvl3_lingoqa,InternVL3-8B,LingoQA,abs_mean_diff,20,21,non_significant_sdc,1293,70,1293,0,0.0,0.04245686210834256,0.04001056435315505,0.013308437770058077,0.03299221449664661,0.04766518747367497,0.03988385248623797,0.04531634451480833,adequate
internvl3_lingoqa,InternVL3-8B,LingoQA,abs_mean_diff,20,21,significant_sdc,433,72,215,218,0.5034642032332564,7.158387613145544e+28,0.018688394345951324,6.46983311717909e+29,0.01195624697839423,0.032529771677650345,2.663804269922297e+27,1.6070874568630204e+29,adequate
internvl3_lingoqa,InternVL3-8B,LingoQA,abs_mean_diff,21,22,non_sdc,5762,75,5762,0,0.0,0.05021528149851384,0.048708188033197077,0.013966001076276402,0.03977411018152322,0.05801882647018839,0.04775876475120589,0.052890043290474226,adequate
internvl3_lingoqa,InternVL3-8B,LingoQA,abs_mean_diff,21,22,non_significant_sdc,1293,70,1293,0,0.0,0.05059552815319217,0.04871990501414984,0.014856148503755344,0.04058129220668759,0.05822701793460345,0.04713055283785941,0.05428393412785688,adequate
internvl3_lingoqa,InternVL3-8B,LingoQA,abs_mean_diff,21,22,significant_sdc,433,70,201,232,0.535796766743649,1.806804521511667e+29,0.03850987072729943,2.3541736372106798e+30,0.034402989041136235,0.07532815104920645,31.692243704764728,5.299869157097679e+29,adequate
internvl3_lingoqa,InternVL3-8B,LingoQA,abs_mean_diff,22,23,non_sdc,5762,75,5762,0,0.0,0.05145251570816614,0.049552636892601316,0.011971478155450967,0.0422649968426082,0.05836728956550359,0.04919808950507106,0.05380656824008425,adequate
internvl3_lingoqa,InternVL3-8B,LingoQA,abs_mean_diff,22,23,non_significant_sdc,1293,70,1293,0,0.0,0.05066704515739432,0.04940519407736482,0.01187464801109157,0.04203315218910575,0.056191456504166126,0.048243942858234516,0.053319169079925566,adequate
internvl3_lingoqa,InternVL3-8B,LingoQA,abs_mean_diff,22,23,significant_sdc,433,69,199,234,0.5404157043879907,8.776765093120104e+27,0.024763146391594593,1.2381150792419298e+29,0.00857145932255959,0.04914421574186693,0.035857589809283955,2.646327656865001e+28,adequate
internvl3_lingoqa,InternVL3-8B,LingoQA,abs_mean_diff,23,24,non_sdc,5762,75,5762,0,0.0,0.056001311535055165,0.05458734018935098,0.012692265571695834,0.04715568551586734,0.06254266806045602,0.053755091679382784,0.05845986890743138,adequate
internvl3_lingoqa,InternVL3-8B,LingoQA,abs_mean_diff,23,24,non_significant_sdc,1293,70,1293,0,0.0,0.055548962856682385,0.054023185412266424,0.012267818951614095,0.04643512978509534,0.06227493318526641,0.05331180438581144,0.057878277523926366,adequate
internvl3_lingoqa,InternVL3-8B,LingoQA,abs_mean_diff,23,24,significant_sdc,433,68,180,253,0.5842956120092379,9.460378279578968e+28,0.0363023277866293,6.588573072733709e+29,0.03147532388910043,0.11102948740732912,1.2132419415306993e+28,2.0244721791771343e+29,adequate
internvl3_lingoqa,InternVL3-8B,LingoQA,abs_mean_diff,24,25,non_sdc,5762,75,5762,0,0.0,0.06992957397912808,0.066284118918702,0.021065392689537592,0.0565611195717273,0.07826419533971189,0.06636960986631356,0.07379469918079475,adequate
internvl3_lingoqa,InternVL3-8B,LingoQA,abs_mean_diff,24,25,non_significant_sdc,1293,70,1293,0,0.0,0.06614740236611708,0.06286254907026886,0.01723401877661325,0.05478073538352664,0.07413088288158179,0.06322226358260206,0.06953772086251382,adequate
internvl3_lingoqa,InternVL3-8B,LingoQA,abs_mean_diff,24,25,significant_sdc,433,67,163,270,0.6235565819861432,9.339695472064285e+26,0.054474541632344525,1.1924117961709297e+28,0.049537441617220034,0.18071231527291998,29532660839.420307,3.004678345946801e+27,adequate
internvl3_lingoqa,InternVL3-8B,LingoQA,abs_mean_diff,25,26,non_sdc,5762,75,5762,0,0.0,0.08522162690965761,0.08171740895393642,0.0251346430095458,0.0683572744924782,0.09798412623153031,0.08074642631364647,0.08967988301424276,adequate
internvl3_lingoqa,InternVL3-8B,LingoQA,abs_mean_diff,25,26,non_significant_sdc,1293,70,1293,0,0.0,0.07996535689004132,0.07677941783057417,0.024337541238070977,0.06339941556299371,0.09248466650024056,0.07596174023023525,0.08440278574958839,adequate
internvl3_lingoqa,InternVL3-8B,LingoQA,abs_mean_diff,25,26,significant_sdc,433,66,160,273,0.6304849884526559,1.2063581798113644e+27,0.035730134543715694,1.5259358088713103e+28,0.024493637409213245,0.06171401985255735,0.06082307419002259,4.049314169995986e+27,adequate
internvl3_lingoqa,InternVL3-8B,LingoQA,abs_mean_diff,26,27,non_sdc,5762,75,5762,0,0.0,0.11813459377231054,0.11568373405311164,0.0293084068611838,0.09619031946307846,0.13508380058779412,0.11263439588810333,0.12386030861207485,adequate
internvl3_lingoqa,InternVL3-8B,LingoQA,abs_mean_diff,26,27,non_significant_sdc,1293,70,1293,0,0.0,0.11750587646004639,0.11591123104095459,0.030117405165329434,0.09650262162089347,0.1343223646815334,0.11265575323994433,0.12266187441140053,adequate
internvl3_lingoqa,InternVL3-8B,LingoQA,abs_mean_diff,26,27,significant_sdc,433,61,146,287,0.6628175519630485,1.6344973232480266e+28,0.2405737105528919,1.4074486022427587e+29,0.21028061389771044,0.29688688812359254,2636473005800.438,4.3479463288659e+28,adequate
internvl3_lingoqa,InternVL3-8B,LingoQA,abs_std_diff,0,1,non_sdc,5762,75,5762,0,0.0,0.06170568938592701,0.06098301625914044,0.00504612020772507,0.05806676658891862,0.06453354395925999,0.06066356770164711,0.06279604251329222,adequate
internvl3_lingoqa,InternVL3-8B,LingoQA,abs_std_diff,0,1,non_significant_sdc,1293,70,1293,0,0.0,0.06040179507045912,0.06003526761196554,0.004360705728240422,0.057957407946770005,0.06301350203844217,0.05953319720780527,0.061260636850138064,adequate
internvl3_lingoqa,InternVL3-8B,LingoQA,abs_std_diff,0,1,significant_sdc,433,75,424,9,0.020785219399538146,6.370628118498352e+30,0.016057244521014546,1.02530592409275e+32,0.015324291982212844,0.017001769524447773,2.88698222727879e+29,1.753095882383269e+31,adequate
internvl3_lingoqa,InternVL3-8B,LingoQA,abs_std_diff,1,2,non_sdc,5762,75,5762,0,0.0,0.024822643464551496,0.024383585722673507,0.0035793565955703345,0.02228673643642856,0.027199056232348084,0.0241887549486734,0.025453984276921013,adequate
internvl3_lingoqa,InternVL3-8B,LingoQA,abs_std_diff,1,2,non_significant_sdc,1293,70,1293,0,0.0,0.025247932424233555,0.025131764606787607,0.003691103319886492,0.022548139941963283,0.028037253944646744,0.024426751243809504,0.026030956020215892,adequate
internvl3_lingoqa,InternVL3-8B,LingoQA,abs_std_diff,1,2,significant_sdc,433,75,414,19,0.04387990762124716,2.705243501748299e+29,0.009890328218438188,3.8737703059399326e+30,0.008690766324954375,0.011003138611511308,2.9530393571009686e+24,6.858094773566833e+29,adequate
internvl3_lingoqa,InternVL3-8B,LingoQA,abs_std_diff,2,3,non_sdc,5762,75,5762,0,0.0,0.02101632033055291,0.021193293971009552,0.0033850753154357482,0.018357067989806335,0.02352113159079301,0.020400431055352716,0.021616209539806103,adequate
internvl3_lingoqa,InternVL3-8B,LingoQA,abs_std_diff,2,3,non_significant_sdc,1293,70,1293,0,0.0,0.020884818499392298,0.020866891524444025,0.003252382573677554,0.01879675453528762,0.02276507079601288,0.02028137457001735,0.021458046192819193,adequate
internvl3_lingoqa,InternVL3-8B,LingoQA,abs_std_diff,2,3,significant_sdc,433,74,405,28,0.0646651270207852,1.6058581767727836e+30,0.02299769906973352,2.304993663508753e+31,0.021785277949303995,0.024493042607696688,5.621423694004031e+26,4.263879875100284e+30,adequate
internvl3_lingoqa,InternVL3-8B,LingoQA,abs_std_diff,3,4,non_sdc,5762,75,5762,0,0.0,0.043405156921005765,0.04362440266107258,0.0066429793834760515,0.03917819054590331,0.047923396682794786,0.04219796649140301,0.04459194416686878,adequate
internvl3_lingoqa,InternVL3-8B,LingoQA,abs_std_diff,3,4,non_significant_sdc,1293,70,1293,0,0.0,0.04540708523283687,0.0461572694281737,0.007030035821300617,0.04127080096253034,0.04931499374409517,0.04397146862498573,0.04673657180780023,adequate
internvl3_lingoqa,InternVL3-8B,LingoQA,abs_std_diff,3,4,significant_sdc,433,75,399,34,0.07852193995381063,1.1066315638005118e+30,0.026827640375312493,2.087470060098702e+31,0.02530333186898913,0.02885187006726557,1.1538973553814418e+27,3.272810820507e+30,adequate
internvl3_lingoqa,InternVL3-8B,LingoQA,abs_std_diff,4,5,non_sdc,5762,75,5762,0,0.0,0.04027642522586741,0.03985373079776764,0.007881301236691585,0.03436664362316546,0.045556713671214805,0.03884695708076036,0.041760138399570025,adequate
internvl3_lingoqa,InternVL3-8B,LingoQA,abs_std_diff,4,5,non_significant_sdc,1293,70,1293,0,0.0,0.041600149972484624,0.04140102071687579,0.006590793927613392,0.037252161119665415,0.04574668139983446,0.04032976942563222,0.04284392964232502,adequate
internvl3_lingoqa,InternVL3-8B,LingoQA,abs_std_diff,4,5,significant_sdc,433,75,387,46,0.10623556581986138,2.8369107572192433e+29,0.03758876709913721,3.417002628120824e+30,0.03575512249859012,0.04011521161514886,2082698868.308303,6.499194970169148e+29,adequate
internvl3_lingoqa,InternVL3-8B,LingoQA,abs_std_diff,5,6,non_sdc,5762,75,5762,0,0.0,0.022975751880795023,0.022028955693979908,0.006246709912470339,0.01927781105041504,0.024960076212882997,0.021774056165268767,0.02437600840720107,adequate
internvl3_lingoqa,InternVL3-8B,LingoQA,abs_std_diff,5,6,non_significant_sdc,1293,70,1293,0,0.0,0.022071099176663143,0.02115729096389952,0.005513844089624038,0.018673846125602724,0.0242366224527359,0.021046131609971166,0.023179379576201763,adequate
internvl3_lingoqa,InternVL3-8B,LingoQA,abs_std_diff,5,6,significant_sdc,433,75,378,55,0.12702078521939952,1.378187566652431e+31,0.033670434006014646,2.6682322462770813e+32,0.027302042942266076,0.039208171585080574,1.2367667890811479e+27,4.264384533777678e+31,adequate
internvl3_lingoqa,InternVL3-8B,LingoQA,abs_std_diff,6,7,non_sdc,5762,75,5762,0,0.0,0.024345836752524004,0.024141489062458277,0.004321901962166018,0.021396729808587294,0.027142904000356793,0.02360737289055397,0.02507427313230397,adequate
internvl3_lingoqa,InternVL3-8B,LingoQA,abs_std_diff,6,7,non_significant_sdc,1293,70,1293,0,0.0,0.02436887728898066,0.02395330635564668,0.00525495842020278,0.02116759717464447,0.026600974527272312,0.023315638230821317,0.025540592844955114,adequate
internvl3_lingoqa,InternVL3-8B,LingoQA,abs_std_diff,6,7,significant_sdc,433,75,366,67,0.15473441108545039,8.502353195613535e+30,0.0433324784496609,1.52666889011428e+32,0.04075091913798634,0.04584234378927825,1.1183829146137304e+29,2.5336450212146553e+31,adequate
internvl3_lingoqa,InternVL3-8B,LingoQA,abs_std_diff,7,8,non_sdc,5762,75,5762,0,0.0,0.03310138158128781,0.03201521196890445,0.0071267368204481225,0.027990639209747314,0.036658376814764845,0.03176337253736704,0.03457224742343238,adequate
internvl3_lingoqa,InternVL3-8B,LingoQA,abs_std_diff,7,8,non_significant_sdc,1293,70,1293,0,0.0,0.031828865692302886,0.030453139916062355,0.0060044944858101594,0.02728601369787665,0.03533565142640361,0.030660171062158622,0.03303373842066495,adequate
internvl3_lingoqa,InternVL3-8B,LingoQA,abs_std_diff,7,8,significant_sdc,433,75,362,71,0.16397228637413397,4.663041563952179e+30,0.05663027819626186,6.332138673300663e+31,0.05358793145539809,0.06107549095640377,2.1710154059007813e+29,1.2143520759162153e+31,adequate
internvl3_lingoqa,InternVL3-8B,LingoQA,abs_std_diff,8,9,non_sdc,5762,75,5762,0,0.0,0.0346430549896065,0.03423236161470413,0.006322865774984408,0.03041787329932739,0.0387345705802242,0.03345376562474266,0.035859444648421356,adequate
internvl3_lingoqa,InternVL3-8B,LingoQA,abs_std_diff,8,9,non_significant_sdc,1293,70,1293,0,0.0,0.03347232252399348,0.03311118483543396,0.007127281636869308,0.02905808630827311,0.03701339662075043,0.0321869046076457,0.03488152204270246,adequate
internvl3_lingoqa,InternVL3-8B,LingoQA,abs_std_diff,8,9,significant_sdc,433,75,344,89,0.20554272517321015,9.676810585941014e+29,0.04610902694415073,1.162709718501813e+31,0.04153436209474291,0.05407131524110327,5.936772137874591e+27,2.2725529523425896e+30,adequate
internvl3_lingoqa,InternVL3-8B,LingoQA,abs_std_diff,9,10,non_sdc,5762,75,5762,0,0.0,0.036545745930350496,0.03556735455989837,0.00855769688328215,0.03041086449391312,0.04183570668101311,0.03490362010102622,0.038249137558681555,adequate
internvl3_lingoqa,InternVL3-8B,LingoQA,abs_std_diff,9,10,non_significant_sdc,1293,70,1293,0,0.0,0.035861554372936824,0.03502836963161826,0.00896962085185237,0.02878846451640129,0.042919160081790045,0.0337423944091171,0.037974890017057825,adequate
internvl3_lingoqa,InternVL3-8B,LingoQA,abs_std_diff,9,10,significant_sdc,433,75,335,98,0.2263279445727483,3.9664285632434577e+30,0.0449526349500734,6.97331521093174e+31,0.03968408042374923,0.050740690635783334,3.062778984209452e+28,1.1813824101748407e+31,adequate
internvl3_lingoqa,InternVL3-8B,LingoQA,abs_std_diff,10,11,non_sdc,5762,75,5762,0,0.0,0.026928527971916062,0.02689754504423875,0.005593474504319801,0.023301961045298313,0.029892902076244354,0.025937375314200463,0.02794609841912668,adequate
internvl3_lingoqa,InternVL3-8B,LingoQA,abs_std_diff,10,11,non_significant_sdc,1293,70,1293,0,0.0,0.026300792960405755,0.02620016783475876,0.0059643519780639715,0.021871523867393362,0.030039000511169433,0.025191349907819884,0.027473283764699832,adequate
internvl3_lingoqa,InternVL3-8B,LingoQA,abs_std_diff,10,11,significant_sdc,433,75,322,111,0.25635103926097,1.326380966425018e+30,0.07173327934377047,2.341436012639701e+31,0.06560656428337097,0.07585623248347215,4.7332776043208344e+26,4.1519255442172944e+30,adequate
internvl3_lingoqa,InternVL3-8B,LingoQA,abs_std_diff,11,12,non_sdc,5762,75,5762,0,0.0,0.026235643126422546,0.025350417264483192,0.0059156355802003745,0.022316120765530145,0.0297525477680293,0.025221404804013997,0.02727497086493851,adequate
internvl3_lingoqa,InternVL3-8B,LingoQA,abs_std_diff,11,12,non_significant_sdc,1293,70,1293,0,0.0,0.025983161203729892,0.0250482466958818,0.00614995974471379,0.02168149959582549,0.030027441680431366,0.024673806426195016,0.027306802014725733,adequate
internvl3_lingoqa,InternVL3-8B,LingoQA,abs_std_diff,11,12,significant_sdc,433,75,314,119,0.2748267898383372,1.6583070686991177e+29,0.022872608839249124,1.7405823637064434e+30,0.02157842922879725,0.03025460041755316,1.522783301412813e+28,3.8093757892704515e+29,adequate
internvl3_lingoqa,InternVL3-8B,LingoQA,abs_std_diff,12,13,non_sdc,5762,75,5762,0,0.0,0.03371059880141338,0.031746903291115396,0.011022070417679632,0.025674730016474138,0.040660493034455514,0.03155853839798533,0.03597517382543326,adequate
internvl3_lingoqa,InternVL3-8B,LingoQA,abs_std_diff,12,13,non_significant_sdc,1293,70,1293,0,0.0,0.030700725198286188,0.028519086837768555,0.008527094194665887,0.024314487086875097,0.03652910025496232,0.028919943150493024,0.03259779973890592,adequate
internvl3_lingoqa,InternVL3-8B,LingoQA,abs_std_diff,12,13,significant_sdc,433,75,300,133,0.3071593533487298,7.95680274439193e+29,0.07239097037485667,1.3128379910062883e+31,0.06632959485358123,0.08179907865670262,0.0891689651782864,2.4573505195200573e+30,adequate
internvl3_lingoqa,InternVL3-8B,LingoQA,abs_std_diff,13,14,non_sdc,5762,75,5762,0,0.0,0.030592728365920103,0.029710705835549606,0.007433604438028133,0.025104643205801646,0.03498804364353418,0.02918627632821807,0.03204578370131166,adequate
internvl3_lingoqa,InternVL3-8B,LingoQA,abs_std_diff,13,14,non_significant_sdc,1293,70,1293,0,0.0,0.02961598583359082,0.028366323094815016,0.007297965807277821,0.02431982457637787,0.0333317294716835,0.02797162341342181,0.03145847779808888,adequate
internvl3_lingoqa,InternVL3-8B,LingoQA,abs_std_diff,13,14,significant_sdc,433,75,294,139,0.3210161662817552,6.213699466682987e+29,0.03235062439830936,9.025459238606695e+30,0.029826460596250028,0.04981137698098105,6.093660244953998e+27,1.766663557019693e+30,adequate
internvl3_lingoqa,InternVL3-8B,LingoQA,abs_std_diff,14,15,non_sdc,5762,75,5762,0,0.0,0.02949666327490331,0.028504616484559816,0.007852468682204808,0.023747897148132323,0.0343996842645786,0.0280475523206123,0.030957411295727703,adequate
internvl3_lingoqa,InternVL3-8B,LingoQA,abs_std_diff,14,15,non_significant_sdc,1293,70,1293,0,0.0,0.027952793252224332,0.02686349692798796,0.007601392265033266,0.022827165282290916,0.03276290354274568,0.026230759165997937,0.02967002721376106,adequate
internvl3_lingoqa,InternVL3-8B,LingoQA,abs_std_diff,14,15,significant_sdc,433,75,280,153,0.3533487297921478,1.1126040639526316e+27,0.041711588295138616,1.8617426913370585e+28,0.03557685694220115,0.11587566498438923,0.0678892615453174,3.5671275332832466e+27,adequate
internvl3_lingoqa,InternVL3-8B,LingoQA,abs_std_diff,15,16,non_sdc,5762,75,5762,0,0.0,0.03488370128499671,0.03281380572626667,0.01134490622431379,0.027226351015269757,0.03981580804162598,0.03257744266518708,0.03738983808989179,adequate
internvl3_lingoqa,InternVL3-8B,LingoQA,abs_std_diff,15,16,non_significant_sdc,1293,70,1293,0,0.0,0.03456042745799848,0.032567266246368146,0.010795178231369164,0.02745199700196584,0.040361060414995466,0.03229963453242987,0.03692034213564552,adequate
internvl3_lingoqa,InternVL3-8B,LingoQA,abs_std_diff,15,16,significant_sdc,433,75,275,158,0.36489607390300227,1.5858883582217947e+29,0.028375520694012543,1.8046390750725881e+30,0.022627656557122056,0.127425879468115,0.0680807210192916,4.2504286301900784e+29,adequate
internvl3_lingoqa,InternVL3-8B,LingoQA,abs_std_diff,16,17,non_sdc,5762,75,5762,0,0.0,0.03578367622152049,0.032680443591541715,0.012444391702979991,0.02781517690136319,0.042647404166368336,0.033402116635573485,0.03841072935210749,adequate
internvl3_lingoqa,InternVL3-8B,LingoQA,abs_std_diff,16,17,non_significant_sdc,1293,70,1293,0,0.0,0.03382585922402963,0.032062227527300514,0.011884260750300602,0.02594272109369437,0.03822225001123217,0.03124951288536841,0.036647476523881985,adequate
internvl3_lingoqa,InternVL3-8B,LingoQA,abs_std_diff,16,17,significant_sdc,433,73,252,181,0.418013856812933,6.702528218338908e+29,0.10331159807285484,7.988895942317839e+30,0.09199323573586891,0.12611308129390283,3.1064351004854977e+20,1.7839375831154647e+30,adequate
internvl3_lingoqa,InternVL3-8B,LingoQA,abs_std_diff,17,18,non_sdc,5762,75,5762,0,0.0,0.06287769739886978,0.061102275550365445,0.014736089685687738,0.05153076996883521,0.07306909009015986,0.06010554350776648,0.06577273754996178,adequate
internvl3_lingoqa,InternVL3-8B,LingoQA,abs_std_diff,17,18,non_significant_sdc,1293,70,1293,0,0.0,0.059857442040273504,0.05778037942945957,0.014254052432477182,0.04880970535856305,0.06883115383485953,0.05672251301059796,0.06311758457572396,adequate
internvl3_lingoqa,InternVL3-8B,LingoQA,abs_std_diff,17,18,significant_sdc,433,73,241,192,0.4434180138568129,8.06733203299625e+30,0.0772281949009214,1.040911474629037e+32,0.06529435424172149,0.24591469369372543,0.13060756804873638,2.2858118616239653e+31,adequate
internvl3_lingoqa,InternVL3-8B,LingoQA,abs_std_diff,18,19,non_sdc,5762,75,5762,0,0.0,0.07057877743096606,0.06981157801217502,0.019454172178728812,0.055585207151515145,0.08346548431685993,0.06673131416770986,0.07450515580923439,adequate
internvl3_lingoqa,InternVL3-8B,LingoQA,abs_std_diff,18,19,non_significant_sdc,1293,70,1293,0,0.0,0.06420493911240965,0.060988928432817814,0.018892221085102964,0.049168374803331166,0.07787813175292242,0.06042939166147513,0.0683910045568073,adequate
internvl3_lingoqa,InternVL3-8B,LingoQA,abs_std_diff,18,19,significant_sdc,433,73,233,200,0.4618937644341802,4.136924024490371e+29,0.07304566916154355,5.307953513325429e+30,0.04904749259656789,0.1430321968331629,1.2567201409140878e+28,1.171996628231407e+30,adequate
internvl3_lingoqa,InternVL3-8B,LingoQA,abs_std_diff,19,20,non_sdc,5762,75,5762,0,0.0,0.059823159487645695,0.05755506888741539,0.01690387246196304,0.046282289425532024,0.07150484621524811,0.05655427373247113,0.06315476888573876,adequate
internvl3_lingoqa,InternVL3-8B,LingoQA,abs_std_diff,19,20,non_significant_sdc,1293,70,1293,0,0.0,0.057080818325754235,0.055447585525966826,0.016141393820862108,0.04606249928474426,0.06395419197423118,0.05362274416262651,0.06078055971560733,adequate
internvl3_lingoqa,InternVL3-8B,LingoQA,abs_std_diff,19,20,significant_sdc,433,73,217,216,0.4988452655889145,7.307862853235506e+29,0.08124445074675035,1.0747823346071305e+31,0.04414163073714899,0.19305264280766857,0.12908563765753098,2.2738431534797307e+30,adequate
internvl3_lingoqa,InternVL3-8B,LingoQA,abs_std_diff,20,21,non_sdc,5762,75,5762,0,0.0,0.11332550343548826,0.1129596568812612,0.02634128854901936,0.09654224677277463,0.12924717348955927,0.10812625639518954,0.11859379807240278,adequate
internvl3_lingoqa,InternVL3-8B,LingoQA,abs_std_diff,20,21,non_significant_sdc,1293,70,1293,0,0.0,0.11192516150075772,0.11084205098450184,0.02345422486459629,0.09553733926552993,0.12515573389828205,0.10761930144810744,0.11634388099883325,adequate
internvl3_lingoqa,InternVL3-8B,LingoQA,abs_std_diff,20,21,significant_sdc,433,72,215,218,0.5034642032332564,1.2002712029384692e+30,0.20220187914614773,1.3169647456776316e+31,0.18774396515622432,0.22197642983222493,4.468462217334997e+28,3.1413955905039725e+30,adequate
internvl3_lingoqa,InternVL3-8B,LingoQA,abs_std_diff,21,22,non_sdc,5762,75,5762,0,0.0,0.10206338414328894,0.09693813625545729,0.041802260009997955,0.06895782829572758,0.12621005926103818,0.0934910465863782,0.11106565314836321,adequate
internvl3_lingoqa,InternVL3-8B,LingoQA,abs_std_diff,21,22,non_significant_sdc,1293,70,1293,0,0.0,0.08781293046403635,0.08100299672646956,0.038012068436427585,0.059008072529520304,0.10779912054538726,0.07876067719541512,0.09805569425078851,adequate
internvl3_lingoqa,InternVL3-8B,LingoQA,abs_std_diff,21,22,significant_sdc,433,70,201,232,0.535796766743649,2.2461720239312055e+30,0.2351822475997769,3.0163456940767185e+31,0.1917757607844411,0.4848989248275757,327.9984797817735,6.738516071793617e+30,adequate
internvl3_lingoqa,InternVL3-8B,LingoQA,abs_std_diff,22,23,non_sdc,5762,75,5762,0,0.0,0.1198206217322586,0.11897350461394698,0.03248968427144316,0.09281522304647498,0.14548139026538925,0.11325793308496271,0.1264731410157339,adequate
internvl3_lingoqa,InternVL3-8B,LingoQA,abs_std_diff,22,23,non_significant_sdc,1293,70,1293,0,0.0,0.1265419974055337,0.12371356212175809,0.030345204525211823,0.10158098841968335,0.14670641874444895,0.11918767023616998,0.13365077863268884,adequate
internvl3_lingoqa,InternVL3-8B,LingoQA,abs_std_diff,22,23,significant_sdc,433,69,199,234,0.5404157043879907,6.62367610535908e+28,0.03330332831460602,9.343845003312214e+29,0.021433479019573758,0.09203415257590157,0.0686472026502512,2.0281252380025086e+29,adequate
internvl3_lingoqa,InternVL3-8B,LingoQA,abs_std_diff,23,24,non_sdc,5762,75,5762,0,0.0,0.12058635943132072,0.11607695900731616,0.031179350360790326,0.09959648407640911,0.1385823026429052,0.1147042743175163,0.12678349118437537,adequate
internvl3_lingoqa,InternVL3-8B,LingoQA,abs_std_diff,23,24,non_significant_sdc,1293,70,1293,0,0.0,0.12222782717465472,0.11863115170727605,0.03036341770240295,0.1035245272020499,0.13889999501407146,0.11577231743693676,0.1293055332825019,adequate
internvl3_lingoqa,InternVL3-8B,LingoQA,abs_std_diff,23,24,significant_sdc,433,68,180,253,0.5842956120092379,1.4777045984897103e+30,0.15966878223175907,1.2660515289658638e+31,0.15434323783431733,0.23439217221980194,1.4577818695158381e+29,3.592671237578188e+30,adequate
internvl3_lingoqa,InternVL3-8B,LingoQA,abs_std_diff,24,25,non_sdc,5762,75,5762,0,0.0,0.1793477940837752,0.1784232449673471,0.04831111007218047,0.14952561259269714,0.21075515225529673,0.17138436926085027,0.18736247422728639,adequate
internvl3_lingoqa,InternVL3-8B,LingoQA,abs_std_diff,24,25,non_significant_sdc,1293,70,1293,0,0.0,0.17103040005739856,0.1705043004317717,0.03866641951837179,0.147496031721433,0.19316979854003244,0.16275495737125528,0.17976757430266285,adequate
internvl3_lingoqa,InternVL3-8B,LingoQA,abs_std_diff,24,25,significant_sdc,433,67,163,270,0.6235565819861432,1.329824815109864e+28,0.18583617830763058,1.6978061509740223e+29,0.1704857100029381,0.32475796554769787,323035159351.0456,4.1953828249778785e+28,adequate
internvl3_lingoqa,InternVL3-8B,LingoQA,abs_std_diff,25,26,non_sdc,5762,75,5762,0,0.0,0.18721042743488017,0.1763150149749385,0.07336533174247595,0.1323660123679373,0.2369017892249129,0.17260950537572645,0.20281339517737684,adequate
internvl3_lingoqa,InternVL3-8B,LingoQA,abs_std_diff,25,26,non_significant_sdc,1293,70,1293,0,0.0,0.16572565294039632,0.14966658923936926,0.1573281500502488,0.1246105283498764,0.19287702441215515,0.15180613955678837,0.18253603842882551,adequate
internvl3_lingoqa,InternVL3-8B,LingoQA,abs_std_diff,25,26,significant_sdc,433,66,160,273,0.6304849884526559,5.459583053869003e+28,0.31662203432345876,6.905887010033017e+29,0.28188236301042596,0.33201462060821296,0.3705941948416836,1.807310252315169e+29,adequate
internvl3_lingoqa,InternVL3-8B,LingoQA,abs_std_diff,26,27,non_sdc,5762,75,5762,0,0.0,0.30707937550407205,0.29915834652198536,0.09080580052087948,0.24760492146015167,0.36641586763518197,0.28938215507278725,0.3252890596583004,adequate
internvl3_lingoqa,InternVL3-8B,LingoQA,abs_std_diff,26,27,non_significant_sdc,1293,70,1293,0,0.0,0.31230814216384656,0.3087959289550781,0.1421004800171486,0.2453000091371082,0.36040963729222614,0.29543843345464754,0.32992769361483804,adequate
internvl3_lingoqa,InternVL3-8B,LingoQA,abs_std_diff,26,27,significant_sdc,433,61,146,287,0.6628175519630485,1.877503172255954e+29,2.0799022754844354,1.5979460012395834e+30,1.809315791543649,2.213398114759095,11208792954818.867,4.890078692868634e+29,adequate
internvl3_lingoqa,InternVL3-8B,LingoQA,l2_distance,0,1,non_sdc,5762,75,5762,0,0.0,0.7446419434084665,0.7456249632449643,0.03463166668328296,0.7194921898841858,0.7653788522533749,0.7379970252562089,0.7514596812587334,adequate
internvl3_lingoqa,InternVL3-8B,LingoQA,l2_distance,0,1,non_significant_sdc,1293,70,1293,0,0.0,0.748384059841812,0.7435541227459908,0.03564788683497586,0.7218350823968649,0.7747985782722632,0.7412819272434801,0.7554982046690806,adequate
internvl3_lingoqa,InternVL3-8B,LingoQA,l2_distance,0,1,significant_sdc,433,75,418,15,0.034642032332563466,59895052433.32132,1.149423100510422,894003475953.1483,1.1338429207704506,1.1591623425483704,1.1376933108834442,157183425414.38278,adequate
internvl3_lingoqa,InternVL3-8B,LingoQA,l2_distance,1,2,non_sdc,5762,75,5762,0,0.0,0.5292960671086298,0.5309635891633875,0.05246008260197936,0.49923030606337954,0.5663626962773679,0.5179646416667448,0.5402646868384279,adequate
internvl3_lingoqa,InternVL3-8B,LingoQA,l2_distance,1,2,non_significant_sdc,1293,70,1293,0,0.0,0.5468548397104716,0.5477194558171665,0.04807867544494713,0.5145999261966119,0.5801778693993886,0.5360595272209288,0.5567774544175821,adequate
internvl3_lingoqa,InternVL3-8B,LingoQA,l2_distance,1,2,significant_sdc,433,74,408,25,0.05773672055427248,38695076998.37791,1.2230754707540785,781602242446.445,1.2137233453745744,1.2341396060525154,1.1975439930537324,119602965265.18576,adequate
internvl3_lingoqa,InternVL3-8B,LingoQA,l2_distance,2,3,non_sdc,5762,75,5762,0,0.0,0.6972048991634299,0.693669924736023,0.07396191294212881,0.6485013642481395,0.7557657857735952,0.6825240758434399,0.7120807410634344,adequate
internvl3_lingoqa,InternVL3-8B,LingoQA,l2_distance,2,3,non_significant_sdc,1293,70,1293,0,0.0,0.7202633743542294,0.7172085586935282,0.06754961653962487,0.6743028178811074,0.7767155354931241,0.7052655375035863,0.7347731561786371,adequate
internvl3_lingoqa,InternVL3-8B,LingoQA,l2_distance,2,3,significant_sdc,433,74,401,32,0.07390300230946878,1.387405480516822,1.3890993996542327,0.1116808830216379,1.3731706920935183,1.4065551186094478,1.3733533465701517,1.4006636831911972,adequate
internvl3_lingoqa,InternVL3-8B,LingoQA,l2_distance,3,4,non_sdc,5762,75,5762,0,0.0,0.8360247630154725,0.8405381781714303,0.07495728089802772,0.7872553425175803,0.8845191941811488,0.820968861688133,0.8509837035149741,adequate
internvl3_lingoqa,InternVL3-8B,LingoQA,l2_distance,3,4,non_significant_sdc,1293,70,1293,0,0.0,0.8617945002859664,0.8553861094557721,0.06634999841723452,0.817666141986847,0.9041060152507964,0.8490280887868507,0.8749012293942637,adequate
internvl3_lingoqa,InternVL3-8B,LingoQA,l2_distance,3,4,significant_sdc,433,75,393,40,0.09237875288683606,16462687531.824137,1.3195522950620067,326360064538.05237,1.3089813371093906,1.3282300817723176,1.3411989570678093,52600294306.017845,adequate
internvl3_lingoqa,InternVL3-8B,LingoQA,l2_distance,4,5,non_sdc,5762,75,5762,0,0.0,0.8067709390350912,0.8088086070049376,0.07064578036459307,0.7637386560440064,0.8451962496923364,0.791968330127596,0.821550879248978,adequate
internvl3_lingoqa,InternVL3-8B,LingoQA,l2_distance,4,5,non_significant_sdc,1293,70,1293,0,0.0,0.8204766770316063,0.8149796509080462,0.06430784739918176,0.7767626320322355,0.8579209923744202,0.8070778328776631,0.8338940570080351,adequate
internvl3_lingoqa,InternVL3-8B,LingoQA,l2_distance,4,5,significant_sdc,433,75,384,49,0.11316397228637409,16848531770.965418,1.503593770825133,330162446002.0977,1.48946263869198,1.5182513147592545,1.4891686397757917,53176735887.58515,adequate
internvl3_lingoqa,InternVL3-8B,LingoQA,l2_distance,5,6,non_sdc,5762,75,5762,0,0.0,0.8931020232561628,0.8876226462166885,0.08051213788348648,0.8363441971765049,0.9459445710693087,0.8765432913936724,0.910060155000815,adequate
internvl3_lingoqa,InternVL3-8B,LingoQA,l2_distance,5,6,non_significant_sdc,1293,70,1293,0,0.0,0.9106055439999696,0.9046351526464734,0.07243041897088119,0.86248160733117,0.9516653901054746,0.8961865860799327,0.9241356791565073,adequate
internvl3_lingoqa,InternVL3-8B,LingoQA,l2_distance,5,6,significant_sdc,433,75,372,61,0.14087759815242495,1.7690151078593526,1.7609590547425407,0.2598821879000329,1.7359950040676155,1.783214455964614,1.7439038864990397,1.794837254156627,adequate
internvl3_lingoqa,InternVL3-8B,LingoQA,l2_distance,6,7,non_sdc,5762,75,5762,0,0.0,1.0123393935614358,1.0124918533408123,0.0940837406746054,0.9586044850222992,1.0731745532580785,0.9928822248156519,1.0314197060777386,adequate
internvl3_lingoqa,InternVL3-8B,LingoQA,l2_distance,6,7,non_significant_sdc,1293,70,1293,0,0.0,1.0429977572458307,1.0337414264678955,0.0838869191806458,0.9889822478952079,1.0843163297094147,1.025850157285362,1.0610114102157624,adequate
internvl3_lingoqa,InternVL3-8B,LingoQA,l2_distance,6,7,significant_sdc,433,75,361,72,0.16628175519630484,388093792373.127,1.6014104850438176,7373782055059.301,1.5709639167299077,1.6190658564470253,1.5692724164729197,1251002807222.5054,adequate
internvl3_lingoqa,InternVL3-8B,LingoQA,l2_distance,7,8,non_sdc,5762,75,5762,0,0.0,1.215787028109791,1.2156547542129243,0.10236801809628356,1.154910856982072,1.2822080942300649,1.1947719097488592,1.2358445968790115,adequate
internvl3_lingoqa,InternVL3-8B,LingoQA,l2_distance,7,8,non_significant_sdc,1293,70,1293,0,0.0,1.2114117007539182,1.209709794748397,0.09248942343352196,1.153407006263733,1.2593774271011353,1.1928324153648686,1.2302945412544042,adequate
internvl3_lingoqa,InternVL3-8B,LingoQA,l2_distance,7,8,significant_sdc,433,75,352,81,0.18706697459584298,398016645019.4548,2.095546250440637,7467454177846.722,2.0580382611678574,2.117778461806628,2.0330125941408097,1254737424290.6257,adequate
internvl3_lingoqa,InternVL3-8B,LingoQA,l2_distance,8,9,non_sdc,5762,75,5762,0,0.0,1.3744464442457158,1.37580057233572,0.12200380139285569,1.2986655018546365,1.4514388989976474,1.3494832306789468,1.3993984290733166,adequate
internvl3_lingoqa,InternVL3-8B,LingoQA,l2_distance,8,9,non_significant_sdc,1293,70,1293,0,0.0,1.3602223322104567,1.365983927791769,0.12141599008584901,1.2781877420669379,1.4345069918139228,1.332507158899918,1.3879493157297464,adequate
internvl3_lingoqa,InternVL3-8B,LingoQA,l2_distance,8,9,significant_sdc,433,75,339,94,0.2170900692840647,1.9290559138240033,1.8757372705303892,0.3715507724520528,1.7975259605719118,1.9425872321031532,1.8910961197866816,1.9706853731192095,adequate
internvl3_lingoqa,InternVL3-8B,LingoQA,l2_distance,9,10,non_sdc,5762,75,5762,0,0.0,1.265380579223056,1.2622055333593618,0.13132313260908826,1.17917874345073,1.3445686268806458,1.2377299331099751,1.2936467631107333,adequate
internvl3_lingoqa,InternVL3-8B,LingoQA,l2_distance,9,10,non_significant_sdc,1293,70,1293,0,0.0,1.2747495703759117,1.2647786771549898,0.11755366978509196,1.2020896131342107,1.3322651949193742,1.250158731298468,1.300566374553144,adequate
internvl3_lingoqa,InternVL3-8B,LingoQA,l2_distance,9,10,significant_sdc,433,75,328,105,0.2424942263279446,1.642210993698332,1.5804388523101807,0.3366474248152519,1.532232640349135,1.6165734486920493,1.6098501497096842,1.6807170453267772,adequate
internvl3_lingoqa,InternVL3-8B,LingoQA,l2_distance,10,11,non_sdc,5762,75,5762,0,0.0,1.2113951971966728,1.2046240544319153,0.10877134210872284,1.1385863494032469,1.283940542827953,1.188625291648587,1.2341749784548401,adequate
internvl3_lingoqa,InternVL3-8B,LingoQA,l2_distance,10,11,non_significant_sdc,1293,70,1293,0,0.0,1.217974900080752,1.2021716870367527,0.10349596149505823,1.1546640827738006,1.2664388796178305,1.1971664728062312,1.2403888292050442,adequate
internvl3_lingoqa,InternVL3-8B,LingoQA,l2_distance,10,11,significant_sdc,433,75,318,115,0.2655889145496536,2.2131725471066526,2.2846261141251545,0.27311732219763446,2.244347302889337,2.3247051719500096,2.1823209796399223,2.2433892210254087,adequate
internvl3_lingoqa,InternVL3-8B,LingoQA,l2_distance,11,12,non_sdc,5762,75,5762,0,0.0,1.2161139815739457,1.2101192513534,0.11132695874408575,1.146475144795009,1.2913094368474236,1.192571320301594,1.2392914234148757,adequate
internvl3_lingoqa,InternVL3-8B,LingoQA,l2_distance,11,12,non_significant_sdc,1293,70,1293,0,0.0,1.2160807060077745,1.2089670896530151,0.10023288545636184,1.154962318284171,1.2733881622552872,1.1964092887053221,1.2364418895907867,adequate
internvl3_lingoqa,InternVL3-8B,LingoQA,l2_distance,11,12,significant_sdc,433,75,309,124,0.28637413394919164,2.142598198697023,2.3457393159671707,0.46811748567623873,1.9044215202331543,2.369191836337654,2.0905242072833508,2.1937398519653417,adequate
internvl3_lingoqa,InternVL3-8B,LingoQA,l2_distance,12,13,non_sdc,5762,75,5762,0,0.0,1.4475467750721334,1.4511205878500877,0.1461387794210138,1.3432710062373767,1.5403636768460274,1.4168608033967265,1.4793475329213548,adequate
internvl3_lingoqa,InternVL3-8B,LingoQA,l2_distance,12,13,non_significant_sdc,1293,70,1293,0,0.0,1.443338693521703,1.4327405524253845,0.11819629851296486,1.3635366834126985,1.513430979516771,1.4168182846046096,1.4702122309852068,adequate
internvl3_lingoqa,InternVL3-8B,LingoQA,l2_distance,12,13,significant_sdc,433,75,298,135,0.31177829099307164,2.3612037465871833,2.5388670332577763,0.4534510069589742,2.1071916279744127,2.58705443508771,2.3094485957613125,2.410534122575735,adequate
internvl3_lingoqa,InternVL3-8B,LingoQA,l2_distance,13,14,non_sdc,5762,75,5762,0,0.0,1.3488003443451935,1.3327055644989014,0.14270558236426154,1.2496975436806679,1.437465756650894,1.3198141116605548,1.3788187256957205,adequate
internvl3_lingoqa,InternVL3-8B,LingoQA,l2_distance,13,14,non_significant_sdc,1293,70,1293,0,0.0,1.3164896104182608,1.2919593168341594,0.13387160621684455,1.2365481361098911,1.3813830216725667,1.2867153620781593,1.3499664527773343,adequate
internvl3_lingoqa,InternVL3-8B,LingoQA,l2_distance,13,14,significant_sdc,433,75,290,143,0.3302540415704388,2.0854369438490425,2.0724717475930037,0.2884923521880773,2.0448678446059323,2.1055561985288347,2.0536513928135887,2.118410827777889,adequate
internvl3_lingoqa,InternVL3-8B,LingoQA,l2_distance,14,15,non_sdc,5762,75,5762,0,0.0,1.436820520593447,1.4213760507468023,0.13400395182962188,1.3348947142603442,1.533326299754025,1.4096056869092748,1.4639316836821172,adequate
internvl3_lingoqa,InternVL3-8B,LingoQA,l2_distance,14,15,non_significant_sdc,1293,70,1293,0,0.0,1.4033654195039669,1.386292391809924,0.11466678093555752,1.3291953139834933,1.485871496407882,1.3803791245361656,1.4279001839113017,adequate
internvl3_lingoqa,InternVL3-8B,LingoQA,l2_distance,14,15,significant_sdc,433,75,279,154,0.3556581986143187,2.081278491367507,2.097710990175909,0.35498779878366093,1.9194075404381266,2.1795897617632027,2.0443012140960364,2.120599013649197,adequate
internvl3_lingoqa,InternVL3-8B,LingoQA,l2_distance,15,16,non_sdc,5762,75,5762,0,0.0,1.5141491018760542,1.4850927283987403,0.1634413992697662,1.4054559971156872,1.5913602411746979,1.4803023308741015,1.549876671464871,adequate
internvl3_lingoqa,InternVL3-8B,LingoQA,l2_distance,15,16,non_significant_sdc,1293,70,1293,0,0.0,1.48574112632289,1.465421591202418,0.1390545105400149,1.392785632610321,1.5561069390353035,1.456800140660335,1.5155866575123407,adequate
internvl3_lingoqa,InternVL3-8B,LingoQA,l2_distance,15,16,significant_sdc,433,75,272,161,0.371824480369515,2.2365155502337983,2.256474432896595,0.3885982739035306,2.045538132288018,2.3049645484710224,2.194451959727179,2.281900676437118,adequate
internvl3_lingoqa,InternVL3-8B,LingoQA,l2_distance,16,17,non_sdc,5762,75,5762,0,0.0,1.6256176861550058,1.599482201223303,0.18460135324682872,1.4971513986587524,1.7409888631419133,1.586506309999125,1.6661348111877043,adequate
internvl3_lingoqa,InternVL3-8B,LingoQA,l2_distance,16,17,non_significant_sdc,1293,70,1293,0,0.0,1.5769610336019477,1.5584736168384552,0.16025166423196885,1.478401229299348,1.6605683635262882,1.5399251301887307,1.6159915943325982,adequate
internvl3_lingoqa,InternVL3-8B,LingoQA,l2_distance,16,17,significant_sdc,433,73,248,185,0.4272517321016166,2.2574990594907534,2.3004662868927936,0.5687530180933942,1.7941444339800854,2.4107086999075755,2.189869817864755,2.3280509734183332,adequate
internvl3_lingoqa,InternVL3-8B,LingoQA,l2_distance,17,18,non_sdc,5762,75,5762,0,0.0,2.0946670465145516,2.088807465283425,0.18227237062362475,1.9656788960590468,2.2206838972079828,2.058359421313362,2.1323861558033057,adequate
internvl3_lingoqa,InternVL3-8B,LingoQA,l2_distance,17,18,non_significant_sdc,1293,70,1293,0,0.0,2.06646803571757,2.050354763865471,0.18303127395791738,1.9418458044528961,2.1786469004370947,2.025913642143344,2.1090748412102607,adequate
internvl3_lingoqa,InternVL3-8B,LingoQA,l2_distance,17,18,significant_sdc,433,73,239,194,0.44803695150115475,67447148288.18529,2.6020564205792485,1042707608599.7695,2.5127231977423845,2.7125421300226327,2.6248639625742265,211177315813.65198,adequate
internvl3_lingoqa,InternVL3-8B,LingoQA,l2_distance,18,19,non_sdc,5762,75,5762,0,0.0,2.3677511992972584,2.3526184530485246,0.1995444060477126,2.2129687070846558,2.487832418332497,2.3269314018457044,2.4090818691765095,adequate
internvl3_lingoqa,InternVL3-8B,LingoQA,l2_distance,18,19,non_significant_sdc,1293,70,1293,0,0.0,2.3053547714463423,2.2878746619591346,0.18105831461726313,2.1877301707863808,2.3998756790161133,2.2697128344732054,2.3459727851747125,adequate
internvl3_lingoqa,InternVL3-8B,LingoQA,l2_distance,18,19,significant_sdc,433,73,226,207,0.4780600461893765,71326851509.1318,3.4648444214645697,1072277698418.0415,3.376597678174778,3.5774745965490538,3.483025224851425,223887061673.47015,adequate
internvl3_lingoqa,InternVL3-8B,LingoQA,l2_distance,19,20,non_sdc,5762,75,5762,0,0.0,2.235174173989356,2.221477625633888,0.24066813724278974,2.082066110390074,2.3910155976429963,2.1846809089031427,2.2860833739522204,adequate
internvl3_lingoqa,InternVL3-8B,LingoQA,l2_distance,19,20,non_significant_sdc,1293,70,1293,0,0.0,2.168868244651776,2.163558797703849,0.20225829586854976,2.020660408337911,2.301925849914551,2.1228049252563412,2.218996971774836,adequate
internvl3_lingoqa,InternVL3-8B,LingoQA,l2_distance,19,20,significant_sdc,433,73,215,218,0.5034642032332564,778.047855813605,2.8700564004936995,11362.631151231833,2.584649240889517,3.229208004717924,2.925139308744211,2489.5578315229995,adequate
internvl3_lingoqa,InternVL3-8B,LingoQA,l2_distance,20,21,non_sdc,5762,75,5762,0,0.0,2.885817924511612,2.8747217506170273,0.3059774151107332,2.6543491199828573,3.084154346159526,2.8222708269673746,2.9508648245144657,adequate
internvl3_lingoqa,InternVL3-8B,LingoQA,l2_distance,20,21,non_significant_sdc,1293,70,1293,0,0.0,2.8041192382063715,2.7823131723063335,0.2656579590026562,2.6134769121805825,2.964548423886299,2.74502503735325,2.8662122099228466,adequate
internvl3_lingoqa,InternVL3-8B,LingoQA,l2_distance,20,21,significant_sdc,433,72,209,224,0.5173210161662818,482719779877.6823,3.9779243809836253,6978598891437.726,3.267145954832739,4.518482183923527,3.919524624016761,1528612633746.4192,adequate
internvl3_lingoqa,InternVL3-8B,LingoQA,l2_distance,21,22,non_sdc,5762,75,5762,0,0.0,2.8513137300027265,2.8147994208156613,0.5099393999950707,2.432489762703578,3.15819488465786,2.7419194508965914,2.9620731946321044,adequate
internvl3_lingoqa,InternVL3-8B,LingoQA,l2_distance,21,22,non_significant_sdc,1293,70,1293,0,0.0,2.685883691096867,2.608766782283783,0.4316842761811403,2.3688098650712233,2.9626399825016656,2.591757045765842,2.788976710868759,adequate
internvl3_lingoqa,InternVL3-8B,LingoQA,l2_distance,21,22,significant_sdc,433,70,199,234,0.5404157043879907,506977057021.0932,3.049732762940076,7151791454082.803,3.0051851686166255,7.4589687318218,5.009235033562058,1609921816393.4358,adequate
internvl3_lingoqa,InternVL3-8B,LingoQA,l2_distance,22,23,non_sdc,5762,75,5762,0,0.0,3.263087530468442,3.230897996143291,0.3888097308412952,2.9840369357003107,3.4614658833963596,3.182159133567102,3.350904562172692,adequate
internvl3_lingoqa,InternVL3-8B,LingoQA,l2_distance,22,23,non_significant_sdc,1293,70,1293,0,0.0,3.1817156251093506,3.1470240629636326,0.31211560080049544,2.966404115452486,3.3342407643795013,3.1176723652745992,3.254147787121679,adequate
internvl3_lingoqa,InternVL3-8B,LingoQA,l2_distance,22,23,significant_sdc,433,69,198,235,0.5427251732101617,5419360596034.66,4.7184589882286225,76257163006259.77,4.540752204097047,6.8836490028643205,5.508064163745476,17400541583805.186,adequate
internvl3_lingoqa,InternVL3-8B,LingoQA,l2_distance,23,24,non_sdc,5762,75,5762,0,0.0,3.408064910189272,3.3876628709466834,0.31686432409566756,3.195884382724762,3.6213409087000707,3.343240626459798,3.4727891516539255,adequate
internvl3_lingoqa,InternVL3-8B,LingoQA,l2_distance,23,24,non_significant_sdc,1293,70,1293,0,0.0,3.394603795373807,3.40667508657162,0.2746664859332416,3.214643621444702,3.5401456615199214,3.3389821083356956,3.450203513870589,adequate
internvl3_lingoqa,InternVL3-8B,LingoQA,l2_distance,23,24,significant_sdc,433,68,173,260,0.6004618937644342,8514785882132.205,3.3067984726964212,86900020998473.53,3.245165012320694,5.257514603283941,4.268796650687928,24066762351478.066,adequate
internvl3_lingoqa,InternVL3-8B,LingoQA,l2_distance,24,25,non_sdc,5762,75,5762,0,0.0,4.059420581538004,4.054344869041879,0.49863732526239496,3.7358432810972717,4.386464442525591,3.965570262064435,4.149937309081853,adequate
internvl3_lingoqa,InternVL3-8B,LingoQA,l2_distance,24,25,non_significant_sdc,1293,70,1293,0,0.0,3.97851973274292,4.002216788700649,0.39205833687594316,3.710032973970686,4.1869923160189675,3.896360837312419,4.064124093200054,adequate
internvl3_lingoqa,InternVL3-8B,LingoQA,l2_distance,24,25,significant_sdc,433,67,161,272,0.628175519630485,2.64156718012837e+16,3.924469539097377,3.351428931668211e+17,3.8301687094630026,7.057246037891933,95.29533787655448,8.859383122124907e+16,adequate
internvl3_lingoqa,InternVL3-8B,LingoQA,l2_distance,25,26,non_sdc,5762,75,5762,0,0.0,4.888506492619816,4.842761717654847,0.7765310185730449,4.39658607902198,5.3663437715892135,4.735932823440948,5.048212786039768,adequate
internvl3_lingoqa,InternVL3-8B,LingoQA,l2_distance,25,26,non_significant_sdc,1293,70,1293,0,0.0,4.732157025612926,4.631806196310581,1.4269400584340446,4.28799797807421,5.011494856614333,4.585122904803343,4.8964581230814845,adequate
internvl3_lingoqa,InternVL3-8B,LingoQA,l2_distance,25,26,significant_sdc,433,65,159,274,0.6327944572748267,2.674542852482115e+16,6.561863928425069,3.372443196849074e+17,6.355395925288297,8.193127705126393,7.775496019447033,8.73801485975742e+16,adequate
internvl3_lingoqa,InternVL3-8B,LingoQA,l2_distance,26,27,non_sdc,5762,75,5762,0,0.0,7.716501280814051,7.729033490393077,1.1032369635275503,7.108503067067691,8.375581072724383,7.49038258512329,7.940614600365168,adequate
internvl3_lingoqa,InternVL3-8B,LingoQA,l2_distance,26,27,non_significant_sdc,1293,70,1293,0,0.0,7.869994488959047,7.750208520889283,2.1433942911655097,7.262929925918579,8.301327424890856,7.654057763879472,8.094968582997613,adequate
internvl3_lingoqa,InternVL3-8B,LingoQA,l2_distance,26,27,significant_sdc,433,60,143,290,0.6697459584295612,94333653461286.6,25.296751645146585,1119064843891057.1,24.07422781963738,26.351622970736756,27.20248791413306,289395129552012.8,adequate
internvl3_vqav2,InternVL3-8B,VQAv2,cos_sim,0,1,non_sdc,5786,133,5786,0,0.0,0.7809035828926564,0.7834524142692796,0.03821339066838604,0.7609501381715139,0.8066973308237588,0.7764528223100695,0.785050418734052,adequate
internvl3_vqav2,InternVL3-8B,VQAv2,cos_sim,0,1,non_significant_sdc,1239,123,1239,0,0.0,0.7731542016623795,0.7766087368130684,0.04098083952272324,0.7458286338618824,0.8019143150698754,0.7671467387074111,0.7792244232082223,adequate
internvl3_vqav2,InternVL3-8B,VQAv2,cos_sim,0,1,significant_sdc,465,123,452,13,0.027956989247311825,0.27413588186584825,0.24495110067786002,0.12034118591110456,0.23702871617005794,0.25218306869572527,0.25825217616066165,0.29316113872636634,adequate
internvl3_vqav2,InternVL3-8B,VQAv2,cos_sim,1,2,non_sdc,5786,133,5786,0,0.0,0.7212276401183471,0.724633227288723,0.04859090813585061,0.6917623409203121,0.7541380599141121,0.7164377696937276,0.726301026307155,adequate
internvl3_vqav2,InternVL3-8B,VQAv2,cos_sim,1,2,non_significant_sdc,1239,123,1239,0,0.0,0.7086637112104183,0.7142673448512429,0.05105051660681548,0.6810688720299647,0.7425640909760086,0.7007866662706799,0.7163803333970984,adequate
internvl3_vqav2,InternVL3-8B,VQAv2,cos_sim,1,2,significant_sdc,465,122,446,19,0.04086021505376347,0.13734892373456145,0.10897981097959743,0.1265667214184213,0.09924348306899168,0.12170851876845165,0.12166357804700924,0.15577019061410508,adequate
internvl3_vqav2,InternVL3-8B,VQAv2,cos_sim,2,3,non_sdc,5786,133,5786,0,0.0,0.6462093402226965,0.6518038455396891,0.0611410615696156,0.6083806658332997,0.6880455304836405,0.6397247304313909,0.6530480885843741,adequate
internvl3_vqav2,InternVL3-8B,VQAv2,cos_sim,2,3,non_significant_sdc,1239,123,1239,0,0.0,0.63046104482888,0.6376089677214622,0.058945425873344795,0.5913932539877438,0.6757802923520406,0.6217782054581293,0.6387059297038086,adequate
internvl3_vqav2,InternVL3-8B,VQAv2,cos_sim,2,3,significant_sdc,465,122,436,29,0.062365591397849474,0.1296378706814391,0.09704242576369826,0.11910108777650376,0.08542739037348299,0.10849690355588587,0.11452881968035572,0.14715389193126996,adequate
internvl3_vqav2,InternVL3-8B,VQAv2,cos_sim,3,4,non_sdc,5786,133,5786,0,0.0,0.7124498598214467,0.7152214907109737,0.055256759632179096,0.6818847734030786,0.7536018341779709,0.7070090130718675,0.7178092274523158,adequate
internvl3_vqav2,InternVL3-8B,VQAv2,cos_sim,3,4,non_significant_sdc,1239,123,1239,0,0.0,0.700241080442906,0.70689900053872,0.05656240095703958,0.6691683423519135,0.7389380627281064,0.6922037123659742,0.7077688370355159,adequate
internvl3_vqav2,InternVL3-8B,VQAv2,cos_sim,3,4,significant_sdc,465,121,419,46,0.09892473118279566,0.46154498087138013,0.47549851269138105,0.10929820068609548,0.46687054603683703,0.4825742600523696,0.4495904899903078,0.47426713883022975,adequate
internvl3_vqav2,InternVL3-8B,VQAv2,cos_sim,4,5,non_sdc,5786,133,5786,0,0.0,0.6991563267301446,0.7051379837487873,0.05408675799071494,0.6675792422007631,0.7376364560249974,0.6933239560021938,0.7052392495997866,adequate
internvl3_vqav2,InternVL3-8B,VQAv2,cos_sim,4,5,non_significant_sdc,1239,123,1239,0,0.0,0.6850269018900816,0.6886218658515385,0.05740550036164934,0.6531020470423884,0.7263100087327301,0.6756970572252256,0.6939782353466638,adequate
internvl3_vqav2,InternVL3-8B,VQAv2,cos_sim,4,5,significant_sdc,465,120,406,59,0.12688172043010748,0.3113727003166715,0.30800674399551076,0.10339597737098573,0.29194542317062006,0.3217412056211306,0.2987983099901461,0.32533552072341904,adequate
internvl3_vqav2,InternVL3-8B,VQAv2,cos_sim,5,6,non_sdc,5786,133,5786,0,0.0,0.7525127496084405,0.7559882601102194,0.047254124698012684,0.72340099300657,0.7846755761919277,0.7481222560800957,0.7567760483410989,adequate
internvl3_vqav2,InternVL3-8B,VQAv2,cos_sim,5,6,non_significant_sdc,1239,123,1239,0,0.0,0.7441733446992441,0.7518697634339333,0.04705766495981549,0.722147528330485,0.7762872542847287,0.7373315854907982,0.7503145523209737,adequate
internvl3_vqav2,InternVL3-8B,VQAv2,cos_sim,5,6,significant_sdc,465,118,390,75,0.16129032258064513,0.2597172800067765,0.25563705727762104,0.1844625144244455,0.23729173660430372,0.2748103116695978,0.23587327924453177,0.28444993983638767,adequate
internvl3_vqav2,InternVL3-8B,VQAv2,cos_sim,6,7,non_sdc,5786,133,5786,0,0.0,0.517987161723462,0.5170473145401996,0.07452724389026184,0.47513868801650544,0.5701147733713712,0.5110832917457097,0.5247068102999137,adequate
internvl3_vqav2,InternVL3-8B,VQAv2,cos_sim,6,7,non_significant_sdc,1239,123,1239,0,0.0,0.4994891719393849,0.5042387721213427,0.07536684767678005,0.4509381658591338,0.5540100431868008,0.4882846407252279,0.5096642002339465,adequate
internvl3_vqav2,InternVL3-8B,VQAv2,cos_sim,6,7,significant_sdc,465,119,380,85,0.18279569892473113,0.34559770439593274,0.3769281322554666,0.12231753800121545,0.3640074878170782,0.38736807053186456,0.33260805530996207,0.3583741634884657,adequate
internvl3_vqav2,InternVL3-8B,VQAv2,cos_sim,7,8,non_sdc,5786,133,5786,0,0.0,0.594265228358647,0.6030998461776309,0.0668903484495097,0.5552592062950135,0.6401457331058654,0.5866523784156076,0.6020230875910461,adequate
internvl3_vqav2,InternVL3-8B,VQAv2,cos_sim,7,8,non_significant_sdc,1239,123,1239,0,0.0,0.5721940033380953,0.5756640513332523,0.06654601640280916,0.5359698674258064,0.6214893485109011,0.5604076508675307,0.5838365408881092,adequate
internvl3_vqav2,InternVL3-8B,VQAv2,cos_sim,7,8,significant_sdc,465,118,370,95,0.20430107526881724,0.06024431547820526,0.03646231311544472,0.14211106710555557,0.01909977946506471,0.054457286762415756,0.040729783093185264,0.08277550411970304,adequate
internvl3_vqav2,InternVL3-8B,VQAv2,cos_sim,8,9,non_sdc,5786,133,5786,0,0.0,0.6369980619076232,0.6458634750710593,0.07460751896261988,0.5986660803141801,0.6871459811925889,0.6281103141784194,0.6455200380969356,adequate
internvl3_vqav2,InternVL3-8B,VQAv2,cos_sim,8,9,non_significant_sdc,1239,123,1239,0,0.0,0.6268270665441193,0.6406970138351122,0.08439583508515663,0.5889625555632272,0.6816507733116547,0.6135192636549255,0.6393847267616738,adequate
internvl3_vqav2,InternVL3-8B,VQAv2,cos_sim,8,9,significant_sdc,465,119,365,100,0.21505376344086025,0.28309187333270264,0.2556917057657728,0.12234751704806465,0.21881081680862272,0.30031854826576854,0.2651800813132453,0.30169745101001694,adequate
internvl3_vqav2,InternVL3-8B,VQAv2,cos_sim,9,10,non_sdc,5786,133,5786,0,0.0,0.6654779154265207,0.6704638681784194,0.05990491410339352,0.626504027375988,0.7078093776479364,0.6596112009306415,0.6712407209213188,adequate
internvl3_vqav2,InternVL3-8B,VQAv2,cos_sim,9,10,non_significant_sdc,1239,123,1239,0,0.0,0.6467262953895228,0.6522110263506572,0.054628166468895886,0.6118142226360794,0.6834494081036798,0.638466494027713,0.655235032873499,adequate
internvl3_vqav2,InternVL3-8B,VQAv2,cos_sim,9,10,significant_sdc,465,118,355,110,0.23655913978494625,0.33356767007698424,0.33488281770628325,0.12089389177961558,0.3156434619913296,0.35854402032433724,0.31667591113758375,0.3517155798802212,adequate
internvl3_vqav2,InternVL3-8B,VQAv2,cos_sim,10,11,non_sdc,5786,133,5786,0,0.0,0.598788051283861,0.604521583853399,0.06828921965253448,0.5565912111809379,0.6457368731498718,0.592967720538219,0.6042124822510289,adequate
internvl3_vqav2,InternVL3-8B,VQAv2,cos_sim,10,11,non_significant_sdc,1239,123,1239,0,0.0,0.5845963633103607,0.5917095964153608,0.06806014276523555,0.5459286601562284,0.6372550627267038,0.5762286860813287,0.5923414057510094,adequate
internvl3_vqav2,InternVL3-8B,VQAv2,cos_sim,10,11,significant_sdc,465,116,346,119,0.2559139784946236,0.0028321098809160226,-0.04840925423789541,0.16828792065727224,-0.06718057564136629,-0.026106989472078124,-0.020016428738409867,0.03025432959444028,adequate
internvl3_vqav2,InternVL3-8B,VQAv2,cos_sim,11,12,non_sdc,5786,133,5786,0,0.0,0.6183767384730301,0.6248158441189139,0.06706456566548025,0.5728026812689172,0.6668914934319834,0.6115101279249991,0.6248275694906361,adequate
internvl3_vqav2,InternVL3-8B,VQAv2,cos_sim,11,12,non_significant_sdc,1239,123,1239,0,0.0,0.6107760219345723,0.6120285155142055,0.06384335361796148,0.5710995800438381,0.6526559996936057,0.6011840683420955,0.6197932357150169,adequate
internvl3_vqav2,InternVL3-8B,VQAv2,cos_sim,11,12,significant_sdc,465,114,337,128,0.2752688172043011,0.1219082026122297,0.09449327824523254,0.14886551793677918,0.08119515390982004,0.11425434022533651,0.10102475639431795,0.14669822507971858,adequate
internvl3_vqav2,InternVL3-8B,VQAv2,cos_sim,12,13,non_sdc,5786,133,5786,0,0.0,0.5993925539343875,0.6068143974989653,0.0752916675333372,0.5632459911007789,0.6511808522045612,0.5907868759498921,0.6074085313379756,adequate
internvl3_vqav2,InternVL3-8B,VQAv2,cos_sim,12,13,non_significant_sdc,1239,123,1239,0,0.0,0.587949419732244,0.5999879991566693,0.0753824076311795,0.5404132637388421,0.6418707933690813,0.5756107082891102,0.5992584504187665,adequate
internvl3_vqav2,InternVL3-8B,VQAv2,cos_sim,12,13,significant_sdc,465,111,318,147,0.31612903225806455,0.20673314696501335,0.2059982193595901,0.13153689527919882,0.17929182671086522,0.22893618883527056,0.1887623080040227,0.22789032924446156,adequate
internvl3_vqav2,InternVL3-8B,VQAv2,cos_sim,13,14,non_sdc,5786,133,5786,0,0.0,0.6431920450270987,0.6499138455837965,0.06575541321573933,0.603303000330925,0.6871944643557072,0.6366365429387036,0.6499289630660404,adequate
internvl3_vqav2,InternVL3-8B,VQAv2,cos_sim,13,14,non_significant_sdc,1239,123,1239,0,0.0,0.6284276467698781,0.631261150042216,0.07011415346879075,0.5880215756154705,0.6817333797328317,0.618310996242214,0.637899642005052,adequate
internvl3_vqav2,InternVL3-8B,VQAv2,cos_sim,13,14,significant_sdc,465,110,310,155,0.33333333333333337,0.2104906105269264,0.2098049583597755,0.16117226689333422,0.18892107373673697,0.23825504720135002,0.18856746736425115,0.23352199206828558,adequate
internvl3_vqav2,InternVL3-8B,VQAv2,cos_sim,14,15,non_sdc,5786,133,5786,0,0.0,0.6370495134402511,0.6428476774692535,0.05668462390221321,0.5987605373516227,0.6804073580673763,0.6307807056910558,0.6427753845299099,adequate
internvl3_vqav2,InternVL3-8B,VQAv2,cos_sim,14,15,non_significant_sdc,1239,123,1239,0,0.0,0.6327808885311977,0.637133967417937,0.05438567546036526,0.5995036824183031,0.6715919762378625,0.6248203741676326,0.6397811882013815,adequate
internvl3_vqav2,InternVL3-8B,VQAv2,cos_sim,14,15,significant_sdc,465,109,305,160,0.34408602150537637,0.24972844283832044,0.2766316996849313,0.14784898322354734,0.23159326506512506,0.3039700413236813,0.23064099509339103,0.2708916605725495,adequate
internvl3_vqav2,InternVL3-8B,VQAv2,cos_sim,15,16,non_sdc,5786,133,5786,0,0.0,0.5642380625974076,0.5694347479277186,0.06427717477271805,0.5241081515470376,0.6107954435227883,0.5577053175183718,0.570668738854462,adequate
internvl3_vqav2,InternVL3-8B,VQAv2,cos_sim,15,16,non_significant_sdc,1239,123,1239,0,0.0,0.5571882125726091,0.5626734380017627,0.06123166643803545,0.5165061006943386,0.5986350823464719,0.5488094839240844,0.5650500645862536,adequate
internvl3_vqav2,InternVL3-8B,VQAv2,cos_sim,15,16,significant_sdc,465,109,291,174,0.37419354838709673,0.07217457424564097,0.07598203294245261,0.1703050223785679,0.030078613807504276,0.1057442018895277,0.0486219593094678,0.09784198537649152,adequate
internvl3_vqav2,InternVL3-8B,VQAv2,cos_sim,16,17,non_sdc,5786,133,5786,0,0.0,0.5892213542434668,0.5904247068306979,0.07127866546740169,0.5400804870684321,0.6443179387768562,0.5804491185279833,0.5967893480450315,adequate
internvl3_vqav2,InternVL3-8B,VQAv2,cos_sim,16,17,non_significant_sdc,1239,123,1239,0,0.0,0.5799923152196881,0.5824684831831191,0.06718363952699273,0.5343340546358377,0.6296918791803446,0.5696699459167845,0.5894542085659842,adequate
internvl3_vqav2,InternVL3-8B,VQAv2,cos_sim,16,17,significant_sdc,465,106,279,186,0.4,0.2632266060469218,0.31799966066467517,0.19371920298595177,0.16698690134157634,0.37739191006641,0.2380795588672654,0.2888185843199939,adequate
internvl3_vqav2,InternVL3-8B,VQAv2,cos_sim,17,18,non_sdc,5786,133,5786,0,0.0,0.6063328632361541,0.6154433826299814,0.06661995351530071,0.5648899178419795,0.6516332235187292,0.60014143935083,0.6126931208804709,adequate
internvl3_vqav2,InternVL3-8B,VQAv2,cos_sim,17,18,non_significant_sdc,1239,123,1239,0,0.0,0.5923321485793942,0.6026001580059528,0.06875802421363586,0.5451629599427572,0.6420769027609756,0.5829428675454008,0.6018221598779188,adequate
internvl3_vqav2,InternVL3-8B,VQAv2,cos_sim,17,18,significant_sdc,465,103,261,204,0.43870967741935485,0.32636253650917113,0.3421558427567385,0.1372901667511467,0.296634138390726,0.38280353193380395,0.30759571506199346,0.34457820909323444,adequate
internvl3_vqav2,InternVL3-8B,VQAv2,cos_sim,18,19,non_sdc,5786,133,5786,0,0.0,0.6672672636239289,0.6720866937386362,0.05551604382900096,0.6397056697734765,0.7037877324450851,0.660695496537601,0.6744900786032764,adequate
internvl3_vqav2,InternVL3-8B,VQAv2,cos_sim,18,19,non_significant_sdc,1239,123,1239,0,0.0,0.6663980706170493,0.6739995280901591,0.05973221594277393,0.638378004853924,0.7049153162931141,0.6578484492529401,0.6753081277156676,adequate
internvl3_vqav2,InternVL3-8B,VQAv2,cos_sim,18,19,significant_sdc,465,102,247,218,0.4688172043010753,0.23303620799384983,0.2178448804331069,0.160664191782072,0.09331274382313903,0.2924663774403078,0.20707964381728552,0.2604905703111196,adequate
internvl3_vqav2,InternVL3-8B,VQAv2,cos_sim,19,20,non_sdc,5786,133,5786,0,0.0,0.5327843899152549,0.5380935713096902,0.07628166037973526,0.4847773054242134,0.585900197572568,0.5258420825358812,0.5390188061517581,adequate
internvl3_vqav2,InternVL3-8B,VQAv2,cos_sim,19,20,non_significant_sdc,1239,123,1239,0,0.0,0.5222553337068626,0.5318270921707153,0.07550583673841321,0.47025058742499715,0.5718607940024844,0.5109557168454635,0.5327043621332217,adequate
internvl3_vqav2,InternVL3-8B,VQAv2,cos_sim,19,20,significant_sdc,465,99,229,236,0.5075268817204301,0.2168925868284115,0.2246596530383947,0.1763112442594513,0.07407094887932952,0.3207733880500404,0.18848362162379165,0.24606828518869997,adequate
internvl3_vqav2,InternVL3-8B,VQAv2,cos_sim,20,21,non_sdc,5786,133,5786,0,0.0,0.512184767887343,0.5203101933570136,0.08826841170822433,0.4654109253333165,0.5752827463050683,0.5039650166502702,0.5205813549221919,adequate
internvl3_vqav2,InternVL3-8B,VQAv2,cos_sim,20,21,non_significant_sdc,1239,123,1239,0,0.0,0.4936924171730159,0.5025081876665354,0.09557928839182336,0.4453674157095306,0.56049842622244,0.4783515152477234,0.5083233979109114,adequate
internvl3_vqav2,InternVL3-8B,VQAv2,cos_sim,20,21,significant_sdc,465,99,221,244,0.5247311827956989,0.45863379048434316,0.49358429774946094,0.1333531958094596,0.40288493219687016,0.5635440912511613,0.44124588662258063,0.4751668774975501,adequate
internvl3_vqav2,InternVL3-8B,VQAv2,cos_sim,21,22,non_sdc,5786,133,5786,0,0.0,0.517175565214266,0.5222552386777741,0.06979960702342124,0.47238517530036694,0.5666970113913218,0.5097227033541766,0.5247813823204313,adequate
internvl3_vqav2,InternVL3-8B,VQAv2,cos_sim,21,22,non_significant_sdc,1239,123,1239,0,0.0,0.5127172832132095,0.5164878999903089,0.06876232344525525,0.47106242471804416,0.5605919599369331,0.5028976659901641,0.5221389107132889,adequate
internvl3_vqav2,InternVL3-8B,VQAv2,cos_sim,21,22,significant_sdc,465,97,214,251,0.5397849462365591,0.1566191608619956,0.13182764941332292,0.1322148425390673,0.10040970303460348,0.15929099340562006,0.1329579931559014,0.18219849300584343,adequate
internvl3_vqav2,InternVL3-8B,VQAv2,cos_sim,22,23,non_sdc,5786,133,5786,0,0.0,0.6153610562725026,0.6213574260473251,0.05958589704694364,0.5784107570618611,0.6578399193557827,0.6081168649687252,0.6222207920987782,adequate
internvl3_vqav2,InternVL3-8B,VQAv2,cos_sim,22,23,non_significant_sdc,1239,123,1239,0,0.0,0.6024489546327657,0.6121055030822754,0.06288508186185092,0.5646067375228518,0.6444540489464998,0.5911164743306462,0.6127578287740001,adequate
internvl3_vqav2,InternVL3-8B,VQAv2,cos_sim,22,23,significant_sdc,465,96,201,264,0.567741935483871,0.4076233138821968,0.4134207690248684,0.14977176283222246,0.30344874457437165,0.5204124633146792,0.38299299078207294,0.43185507570608017,adequate
internvl3_vqav2,InternVL3-8B,VQAv2,cos_sim,23,24,non_sdc,5786,133,5786,0,0.0,0.5669509731881334,0.5729355913836781,0.06190060949125321,0.5325642961722153,0.6100604411746775,0.5608377750277276,0.5729530481948935,adequate
internvl3_vqav2,InternVL3-8B,VQAv2,cos_sim,23,24,non_significant_sdc,1239,123,1239,0,0.0,0.5598592742828336,0.5668412086463743,0.062184280269322,0.5246439275934416,0.6012988324587544,0.5498474376629613,0.5694980462452308,adequate
internvl3_vqav2,InternVL3-8B,VQAv2,cos_sim,23,24,significant_sdc,465,92,183,282,0.6064516129032258,0.49412053928979055,0.5310564217518787,0.14690420091664058,0.4687832016117719,0.5695848522745833,0.4716143989127913,0.5145493750447662,adequate
internvl3_vqav2,InternVL3-8B,VQAv2,cos_sim,24,25,non_sdc,5786,133,5786,0,0.0,0.6209862600502974,0.626497319189661,0.05338537392242116,0.585793551754824,0.6586212615172068,0.6143595177430328,0.627225169996808,adequate
internvl3_vqav2,InternVL3-8B,VQAv2,cos_sim,24,25,non_significant_sdc,1239,123,1239,0,0.0,0.6141486138420672,0.6178295463323593,0.053348938352098675,0.5854662248527097,0.6507348982351167,0.6044983909025932,0.6232514685183584,adequate
internvl3_vqav2,InternVL3-8B,VQAv2,cos_sim,24,25,significant_sdc,465,86,171,294,0.6322580645161291,0.558103250910221,0.6491678158442179,0.18337079385410293,0.49704835065325403,0.6814831087783891,0.5306972100048291,0.5840833927045679,adequate
internvl3_vqav2,InternVL3-8B,VQAv2,cos_sim,25,26,non_sdc,5786,133,5786,0,0.0,0.7566075817067209,0.7633057328339281,0.052850965996805374,0.7272888583981472,0.7943706393241883,0.7506352476472065,0.7623333267471193,adequate
internvl3_vqav2,InternVL3-8B,VQAv2,cos_sim,25,26,non_significant_sdc,1239,123,1239,0,0.0,0.7573784589633863,0.7654149418785459,0.05770195989166023,0.7204438562098986,0.7975605543611085,0.7479426796283527,0.7663362334421923,adequate
internvl3_vqav2,InternVL3-8B,VQAv2,cos_sim,25,26,significant_sdc,465,86,159,306,0.6580645161290323,0.41873566750153113,0.44248432164289514,0.22064444997850874,0.30987169365493616,0.566661953621981,0.3854607915009809,0.45137814108127416,adequate
internvl3_vqav2,InternVL3-8B,VQAv2,cos_sim,26,27,non_sdc,5786,133,5786,0,0.0,0.9543397682021479,0.9602854680834394,0.021020809631451504,0.951482766522811,0.9659242009123166,0.9522590659501301,0.956288611376913,adequate
internvl3_vqav2,InternVL3-8B,VQAv2,cos_sim,26,27,non_significant_sdc,1239,123,1239,0,0.0,0.9505202746895104,0.9581874896740091,0.027498865708265173,0.9468455761671066,0.9659635557068719,0.9471922506220062,0.9535589275439973,adequate
internvl3_vqav2,InternVL3-8B,VQAv2,cos_sim,26,27,significant_sdc,465,74,139,326,0.7010752688172043,0.5911356000012435,0.6156871927027799,0.24993011023291786,0.60901397892407,0.634594133922032,0.5502472815527546,0.6315993545543722,adequate
internvl3_vqav2,InternVL3-8B,VQAv2,abs_mean_diff,0,1,non_sdc,5786,133,5786,0,0.0,0.015555917530931988,0.015322044482018099,0.0034181339390753954,0.013153886551865272,0.017695251017964136,0.015136732671738054,0.015988962534803978,adequate
internvl3_vqav2,InternVL3-8B,VQAv2,abs_mean_diff,0,1,non_significant_sdc,1239,123,1239,0,0.0,0.015902941912604433,0.015781328699085863,0.0032544132610896285,0.013737680616673402,0.017924181572647746,0.01540652242468581,0.01642234702326053,adequate
internvl3_vqav2,InternVL3-8B,VQAv2,abs_mean_diff,0,1,significant_sdc,465,123,452,13,0.027956989247311825,3.606400500805372e+28,0.030243789796166275,7.557014215359991e+29,0.029097235913635517,0.031601130097572296,1.5956207351881078e+18,1.2045858841131474e+29,adequate
internvl3_vqav2,InternVL3-8B,VQAv2,abs_mean_diff,1,2,non_sdc,5786,133,5786,0,0.0,0.009763574149134794,0.00950129768030057,0.0023975731245084652,0.008056290236439693,0.011121746844075846,0.009438891754334773,0.010104761399551234,adequate
internvl3_vqav2,InternVL3-8B,VQAv2,abs_mean_diff,1,2,non_significant_sdc,1239,123,1239,0,0.0,0.009682080458671744,0.009481631629371448,0.002417508430070833,0.0077821256764720945,0.011212619867826026,0.009292732430893492,0.010112763065467194,adequate
internvl3_vqav2,InternVL3-8B,VQAv2,abs_mean_diff,1,2,significant_sdc,465,122,446,19,0.04086021505376347,4.02808644123795e+26,0.0032753126353633646,8.506799738116097e+27,0.0028027302908654114,0.004268521376486336,0.00424792943329627,1.3341371263409967e+27,adequate
internvl3_vqav2,InternVL3-8B,VQAv2,abs_mean_diff,2,3,non_sdc,5786,133,5786,0,0.0,0.00989286512933811,0.009585324201591151,0.0025423872117083775,0.008213603124022483,0.011284865604855282,0.009649345620630384,0.010128577020256591,adequate
internvl3_vqav2,InternVL3-8B,VQAv2,abs_mean_diff,2,3,non_significant_sdc,1239,123,1239,0,0.0,0.010103510961159794,0.009740790996390084,0.002459811131317596,0.008385511610724376,0.01130825553029295,0.00974114506423362,0.01045917239412266,adequate
internvl3_vqav2,InternVL3-8B,VQAv2,abs_mean_diff,2,3,significant_sdc,465,122,436,29,0.062365591397849474,1.3451720068862868e+28,0.025614153646046713,2.281676279353439e+29,0.024243669178127786,0.026713333078374972,0.024617092184288137,3.800194571028905e+28,adequate
internvl3_vqav2,InternVL3-8B,VQAv2,abs_mean_diff,3,4,non_sdc,5786,133,5786,0,0.0,0.0120790626361937,0.011752564306861083,0.003529946866343077,0.009621561640025382,0.013924165702148996,0.011682177415321177,0.012482879177436875,adequate
internvl3_vqav2,InternVL3-8B,VQAv2,abs_mean_diff,3,4,non_significant_sdc,1239,123,1239,0,0.0,0.012295964734245048,0.011944949568714947,0.003190196456305885,0.010110173492891873,0.013975638438076261,0.011863781425478365,0.012778926440911895,adequate
internvl3_vqav2,InternVL3-8B,VQAv2,abs_mean_diff,3,4,significant_sdc,465,121,419,46,0.09892473118279566,1.939533823701587e+28,0.038356157380859464,3.457757712218034e+29,0.036369555682057936,0.039657714216000575,4.6646933657536944e+26,5.725498564690874e+28,adequate
internvl3_vqav2,InternVL3-8B,VQAv2,abs_mean_diff,4,5,non_sdc,5786,133,5786,0,0.0,0.01115213442901783,0.010454861495721463,0.0033771280742685055,0.008898218433993558,0.01289315681959338,0.010682257077478146,0.011713471605705315,adequate
internvl3_vqav2,InternVL3-8B,VQAv2,abs_mean_diff,4,5,non_significant_sdc,1239,123,1239,0,0.0,0.01082390763150554,0.010402375246595704,0.002936792666499952,0.00889164257439136,0.012156757835154644,0.010388109505302254,0.011298001424128876,adequate
internvl3_vqav2,InternVL3-8B,VQAv2,abs_mean_diff,4,5,significant_sdc,465,120,406,59,0.12688172043010748,2.057090288381049e+29,0.035305971702636815,3.993572749409219e+30,0.032818736557786984,0.037107502634171396,9.392630439491395e+26,6.71100554452274e+29,adequate
internvl3_vqav2,InternVL3-8B,VQAv2,abs_mean_diff,5,6,non_sdc,5786,133,5786,0,0.0,0.013236038792301138,0.012801494108935614,0.003379756800096251,0.010949860750274225,0.014962235598691873,0.012935530665809993,0.013541147905674341,adequate
internvl3_vqav2,InternVL3-8B,VQAv2,abs_mean_diff,5,6,non_significant_sdc,1239,123,1239,0,0.0,0.013138000305605274,0.012529603467555717,0.003246977257149154,0.011005979374749586,0.014521133323962038,0.012754002983699423,0.013557459800381854,adequate
internvl3_vqav2,InternVL3-8B,VQAv2,abs_mean_diff,5,6,significant_sdc,465,118,390,75,0.16129032258064513,2.4734706102796984e+29,0.05184159233538928,4.772305343773324e+30,0.04833165428795495,0.053782468248272736,0.0466122420873428,8.134711017842135e+29,adequate
internvl3_vqav2,InternVL3-8B,VQAv2,abs_mean_diff,6,7,non_sdc,5786,133,5786,0,0.0,0.01799917970829741,0.017094079637899995,0.005302089654729151,0.014444200997240841,0.020712437383879564,0.01742657174334058,0.01855874181864616,adequate
internvl3_vqav2,InternVL3-8B,VQAv2,abs_mean_diff,6,7,non_significant_sdc,1239,123,1239,0,0.0,0.01773732979965232,0.017262746191894014,0.004974715138193172,0.01416515135754119,0.019982307904865593,0.017117267384412237,0.01838511390771931,adequate
internvl3_vqav2,InternVL3-8B,VQAv2,abs_mean_diff,6,7,significant_sdc,465,119,380,85,0.18279569892473113,1.2148007374054748e+28,0.010667783198688103,1.745776211918623e+29,0.008654365886230857,0.012290405518166264,5.802533769486296e+25,3.231342149273039e+28,adequate
internvl3_vqav2,InternVL3-8B,VQAv2,abs_mean_diff,7,8,non_sdc,5786,133,5786,0,0.0,0.018970109694999602,0.01789763609499291,0.0052931654767162245,0.015221142207034669,0.02163975505048738,0.01847259153439638,0.01947927759808281,adequate
internvl3_vqav2,InternVL3-8B,VQAv2,abs_mean_diff,7,8,non_significant_sdc,1239,123,1239,0,0.0,0.018199075994471445,0.01724152177602293,0.005080264368289505,0.014952142698396193,0.0205496220669479,0.01751634722066292,0.018886630345134565,adequate
internvl3_vqav2,InternVL3-8B,VQAv2,abs_mean_diff,7,8,significant_sdc,465,118,370,95,0.20430107526881724,3.9421209648552783e+27,0.007436949170517678,7.5825820966417345e+28,0.0065435237840426215,0.009701077773637252,0.009570226487518532,1.302267226470777e+28,adequate
internvl3_vqav2,InternVL3-8B,VQAv2,abs_mean_diff,8,9,non_sdc,5786,133,5786,0,0.0,0.023896248484763488,0.023044587907957305,0.006449856584877525,0.01934225469827652,0.027388867687966143,0.023129530762425875,0.02467908745559105,adequate
internvl3_vqav2,InternVL3-8B,VQAv2,abs_mean_diff,8,9,non_significant_sdc,1239,123,1239,0,0.0,0.023584700430892915,0.022720457808602424,0.0057441833423120805,0.019733658144011713,0.02618369140485335,0.02271955867039901,0.024428871989611183,adequate
internvl3_vqav2,InternVL3-8B,VQAv2,abs_mean_diff,8,9,significant_sdc,465,119,365,100,0.21505376344086025,1.4614445579183027e+29,0.008885885985587172,2.6971613016325876e+30,0.007470259856318637,0.013520789546511916,278645604.4029609,4.7448588091992256e+29,adequate
internvl3_vqav2,InternVL3-8B,VQAv2,abs_mean_diff,9,10,non_sdc,5786,133,5786,0,0.0,0.023412622248902483,0.02198047994170338,0.008167989409599492,0.01828272756369364,0.02663442301987247,0.022293115216173276,0.024716034470570178,adequate
internvl3_vqav2,InternVL3-8B,VQAv2,abs_mean_diff,9,10,non_significant_sdc,1239,123,1239,0,0.0,0.02305553254092617,0.022020229005387852,0.0065344214303942,0.018707729985873247,0.02632114143026146,0.022179674009678865,0.023948698929837343,adequate
internvl3_vqav2,InternVL3-8B,VQAv2,abs_mean_diff,9,10,significant_sdc,465,118,355,110,0.23655913978494625,1.1874964283409564e+28,0.05363825293333859,1.7830772617556387e+29,0.04521775331671293,0.058328162204018055,297862542.6715409,3.4184563287813726e+28,adequate
internvl3_vqav2,InternVL3-8B,VQAv2,abs_mean_diff,10,11,non_sdc,5786,133,5786,0,0.0,0.02054679091372469,0.019265004149120715,0.006017592029231098,0.016492255168397807,0.02354094898328185,0.019967702557469918,0.021159632847058265,adequate
internvl3_vqav2,InternVL3-8B,VQAv2,abs_mean_diff,10,11,non_significant_sdc,1239,123,1239,0,0.0,0.02069979126335486,0.019693656689923955,0.006323563621201199,0.016351652411936687,0.023611513454289662,0.01977601832503731,0.021709065696298907,adequate
internvl3_vqav2,InternVL3-8B,VQAv2,abs_mean_diff,10,11,significant_sdc,465,116,346,119,0.2559139784946236,2.997668982103656e+28,0.012205448013502268,4.886869925760527e+29,0.011396842895845445,0.013235612710633752,2477727545.396053,9.429113105495483e+28,adequate
internvl3_vqav2,InternVL3-8B,VQAv2,abs_mean_diff,11,12,non_sdc,5786,133,5786,0,0.0,0.021568749431526396,0.020648066686200246,0.006500270069243599,0.01678925270680338,0.025023282886567442,0.021040890905989987,0.022113799492607965,adequate
internvl3_vqav2,InternVL3-8B,VQAv2,abs_mean_diff,11,12,non_significant_sdc,1239,123,1239,0,0.0,0.02117378828090199,0.020006862124833075,0.006215212255888791,0.016737166376449026,0.02415918201094051,0.02041683377703091,0.022018006432140348,adequate
internvl3_vqav2,InternVL3-8B,VQAv2,abs_mean_diff,11,12,significant_sdc,465,114,337,128,0.2752688172043011,2.282951198999601e+29,0.06747535153824304,3.776849159801216e+30,0.055000881716723043,0.07221515285212318,5.808331944211553e+26,7.37502047627128e+29,adequate
internvl3_vqav2,InternVL3-8B,VQAv2,abs_mean_diff,12,13,non_sdc,5786,133,5786,0,0.0,0.024038025961463955,0.02242335872956591,0.008600257062242626,0.01817984846420586,0.027568482771693242,0.02327437763380775,0.024854260820774958,adequate
internvl3_vqav2,InternVL3-8B,VQAv2,abs_mean_diff,12,13,non_significant_sdc,1239,123,1239,0,0.0,0.02262449567601507,0.021193129643797874,0.0073418338226031565,0.017156087468672348,0.027236883166349597,0.02168222337056146,0.02359070538498548,adequate
internvl3_vqav2,InternVL3-8B,VQAv2,abs_mean_diff,12,13,significant_sdc,465,111,318,147,0.31612903225806455,2.188853569041879e+28,0.06168953096018914,2.2701918573645067e+29,0.044069622859491835,0.06727726027673604,2.7292132348342825e+27,5.079834084059e+28,adequate
internvl3_vqav2,InternVL3-8B,VQAv2,abs_mean_diff,13,14,non_sdc,5786,133,5786,0,0.0,0.023671727839589804,0.022285455643820264,0.007724435119845509,0.01837142966687679,0.027722189367255744,0.022975188095596507,0.02440431965422827,adequate
internvl3_vqav2,InternVL3-8B,VQAv2,abs_mean_diff,13,14,non_significant_sdc,1239,123,1239,0,0.0,0.0232648739809347,0.02220511678817936,0.006879095636304981,0.01845681037192639,0.026815299338195472,0.022403345854429702,0.024181547656335702,adequate
internvl3_vqav2,InternVL3-8B,VQAv2,abs_mean_diff,13,14,significant_sdc,465,110,310,155,0.33333333333333337,0.01961489608013091,0.019696010573653087,0.01403921964550322,0.01822201121118566,0.022029524383952424,0.01814222208476526,0.02131206062461514,adequate
internvl3_vqav2,InternVL3-8B,VQAv2,abs_mean_diff,14,15,non_sdc,5786,133,5786,0,0.0,0.023438236830977642,0.021834657776967754,0.007520981496963506,0.01807792744408029,0.02688164909539575,0.022700202821113766,0.024203502625607252,adequate
internvl3_vqav2,InternVL3-8B,VQAv2,abs_mean_diff,14,15,non_significant_sdc,1239,123,1239,0,0.0,0.023596495048604744,0.022345019795466214,0.00693579207917989,0.01878853988079033,0.027334369072041502,0.022736373824767352,0.024567098291942105,adequate
internvl3_vqav2,InternVL3-8B,VQAv2,abs_mean_diff,14,15,significant_sdc,465,109,305,160,0.34408602150537637,9.820072958881166e+27,0.01785783322375952,1.5376728223630326e+29,0.014302093155530035,0.02262669157388867,2.708405759935014e+24,2.8587353896845403e+28,adequate
internvl3_vqav2,InternVL3-8B,VQAv2,abs_mean_diff,15,16,non_sdc,5786,133,5786,0,0.0,0.025463520651985844,0.02378342195266956,0.008010905496542153,0.020012328675396644,0.02962330692188026,0.024675391495065754,0.02631751873913264,adequate
internvl3_vqav2,InternVL3-8B,VQAv2,abs_mean_diff,15,16,non_significant_sdc,1239,123,1239,0,0.0,0.023790218954733745,0.022541722607067122,0.0066202988086460825,0.019328093915981684,0.028015479398623706,0.02298826475052103,0.024669241112163426,adequate
internvl3_vqav2,InternVL3-8B,VQAv2,abs_mean_diff,15,16,significant_sdc,465,109,291,174,0.37419354838709673,1.5282042732811394e+28,0.028565450514457663,1.9089977272863285e+29,0.020486856996062765,0.03681464027375819,2.134241312031374e+19,3.8390665501810393e+28,adequate
internvl3_vqav2,InternVL3-8B,VQAv2,abs_mean_diff,16,17,non_sdc,5786,133,5786,0,0.0,0.026347156147624944,0.02452429367874104,0.007879314412807857,0.020868223614525047,0.030028441150799993,0.025554707569856047,0.027173600440475603,adequate
internvl3_vqav2,InternVL3-8B,VQAv2,abs_mean_diff,16,17,non_significant_sdc,1239,123,1239,0,0.0,0.02557289535861655,0.024405382966506295,0.006884439737253063,0.02083623327780515,0.02917492372528726,0.024643422498582833,0.026606849640440036,adequate
internvl3_vqav2,InternVL3-8B,VQAv2,abs_mean_diff,16,17,significant_sdc,465,106,279,186,0.4,2.644030806114928e+27,0.02805040549600915,4.416402140875366e+28,0.01938975774873124,0.034933316252878585,0.025508421551543935,8.71281016017636e+27,adequate
internvl3_vqav2,InternVL3-8B,VQAv2,abs_mean_diff,17,18,non_sdc,5786,133,5786,0,0.0,0.030357448164185,0.028986948106519993,0.008779237071759517,0.023850157169536465,0.03477141952886165,0.029571028674179028,0.03118250704323812,adequate
internvl3_vqav2,InternVL3-8B,VQAv2,abs_mean_diff,17,18,non_significant_sdc,1239,123,1239,0,0.0,0.030401041984716114,0.029689427554750673,0.007713051430501606,0.024448545373700285,0.03479007486926598,0.029414105711351834,0.031434902003469545,adequate
internvl3_vqav2,InternVL3-8B,VQAv2,abs_mean_diff,17,18,significant_sdc,465,103,261,204,0.43870967741935485,1.0124863831965915e+29,0.03961184869209925,1.6357218115479556e+30,0.02127959784500453,0.049227048823495906,0.03402826659317498,3.387935205311671e+29,adequate
internvl3_vqav2,InternVL3-8B,VQAv2,abs_mean_diff,18,19,non_sdc,5786,133,5786,0,0.0,0.03812546023050674,0.03583322399396814,0.012083826426023667,0.029944873709205747,0.04332999470643699,0.037113152248259444,0.039212866947170334,adequate
internvl3_vqav2,InternVL3-8B,VQAv2,abs_mean_diff,18,19,non_significant_sdc,1239,123,1239,0,0.0,0.03708215979401839,0.03453745099250227,0.011089654914752377,0.02902527124835895,0.04201148315220772,0.03571538745815711,0.038486509429992544,adequate
internvl3_vqav2,InternVL3-8B,VQAv2,abs_mean_diff,18,19,significant_sdc,465,102,247,218,0.4688172043010753,1.118899871900847e+29,0.03555086708380556,1.6819698350284246e+30,0.026096117587524094,0.04541410618860807,71551185.14990129,3.544795690903949e+29,adequate
internvl3_vqav2,InternVL3-8B,VQAv2,abs_mean_diff,19,20,non_sdc,5786,133,5786,0,0.0,0.03960557632846698,0.036767887382214905,0.012816560552021667,0.030765985225101874,0.04561026194299172,0.038485174459108255,0.040718002589216165,adequate
internvl3_vqav2,InternVL3-8B,VQAv2,abs_mean_diff,19,20,non_significant_sdc,1239,123,1239,0,0.0,0.03963724505408731,0.03808515482920815,0.012018099919383438,0.03159779405633199,0.04498124325250324,0.0379711717425267,0.04137696439448665,adequate
internvl3_vqav2,InternVL3-8B,VQAv2,abs_mean_diff,19,20,significant_sdc,465,99,229,236,0.5075268817204301,1.3470868315708658e+29,0.03282666595994818,1.452434068551656e+30,0.006252475272940129,0.05241021610397313,76287085.49969694,3.473720640743876e+29,adequate
internvl3_vqav2,InternVL3-8B,VQAv2,abs_mean_diff,20,21,non_sdc,5786,133,5786,0,0.0,0.04920784383022667,0.04611589077555028,0.01725639997874302,0.037572893930913565,0.05796394969026248,0.04702903162839908,0.05154932785208183,adequate
internvl3_vqav2,InternVL3-8B,VQAv2,abs_mean_diff,20,21,non_significant_sdc,1239,123,1239,0,0.0,0.04892892002565774,0.04575471618833641,0.016889208373661785,0.03778660176302973,0.05530432874492059,0.04663678240622616,0.0515146573268193,adequate
internvl3_vqav2,InternVL3-8B,VQAv2,abs_mean_diff,20,21,significant_sdc,465,99,221,244,0.5247311827956989,6.220115197071694e+28,0.045644057610509346,9.246866013590841e+29,0.03736203264597119,0.05127229389141907,0.04994059193781874,2.0314957515559278e+29,adequate
internvl3_vqav2,InternVL3-8B,VQAv2,abs_mean_diff,21,22,non_sdc,5786,133,5786,0,0.0,0.05195860375753422,0.04844725084196973,0.017480045600228897,0.03944635508406617,0.06075841852504274,0.04996539841933893,0.05402478660046571,adequate
internvl3_vqav2,InternVL3-8B,VQAv2,abs_mean_diff,21,22,non_significant_sdc,1239,123,1239,0,0.0,0.05009878755179049,0.04714412894099951,0.016073272825037663,0.040339886943976846,0.05622160867270496,0.047881421284771644,0.052597077526779175,adequate
internvl3_vqav2,InternVL3-8B,VQAv2,abs_mean_diff,21,22,significant_sdc,465,97,214,251,0.5397849462365591,1.192909973002193e+28,0.05743419583554246,1.187664594062179e+29,0.018837420013258045,0.10743307447707166,3.3707490191747187e+24,3.0642986101269763e+28,adequate
internvl3_vqav2,InternVL3-8B,VQAv2,abs_mean_diff,22,23,non_sdc,5786,133,5786,0,0.0,0.05373759967598419,0.051180233939437714,0.015178028987159652,0.043199600437973544,0.061862632643426715,0.05226843038404519,0.05524053271642697,adequate
internvl3_vqav2,InternVL3-8B,VQAv2,abs_mean_diff,22,23,non_significant_sdc,1239,123,1239,0,0.0,0.053719190727590564,0.049707570243626834,0.016836713715424292,0.04250604456230517,0.06105176277185184,0.05147698173900742,0.05621040323395318,adequate
internvl3_vqav2,InternVL3-8B,VQAv2,abs_mean_diff,22,23,significant_sdc,465,96,201,264,0.567741935483871,2.2971028348289725e+28,0.03949411074649923,3.2491156881640505e+29,0.010669178652520083,0.061206256761690794,5.966944247113615e+19,7.551569908140052e+28,adequate
internvl3_vqav2,InternVL3-8B,VQAv2,abs_mean_diff,23,24,non_sdc,5786,133,5786,0,0.0,0.058638503426129245,0.055861041390974274,0.0175834644919811,0.04698770388495177,0.06737686674265811,0.056823899405033206,0.06059386826841963,adequate
internvl3_vqav2,InternVL3-8B,VQAv2,abs_mean_diff,23,24,non_significant_sdc,1239,123,1239,0,0.0,0.05858917145094269,0.055707565641828945,0.016053891287013306,0.04840985482248167,0.06655395258317834,0.056522089186561306,0.06067939897406321,adequate
internvl3_vqav2,InternVL3-8B,VQAv2,abs_mean_diff,23,24,significant_sdc,465,92,183,282,0.6064516129032258,8.617927908594501e+30,0.03345625568181276,1.1547635090442185e+32,0.0061754884331354076,0.06914829705100584,112416109064.6575,2.7851673639849383e+31,adequate
internvl3_vqav2,InternVL3-8B,VQAv2,abs_mean_diff,24,25,non_sdc,5786,133,5786,0,0.0,0.06841031502644107,0.06598436279148844,0.020085746171765527,0.05472432049767425,0.07834306582143265,0.0664920377260224,0.0704697178232288,adequate
internvl3_vqav2,InternVL3-8B,VQAv2,abs_mean_diff,24,25,non_significant_sdc,1239,123,1239,0,0.0,0.06791439653813168,0.06548437323759902,0.01836743310403174,0.05484712009435926,0.07579592891159423,0.06528885336357017,0.07052839985409311,adequate
internvl3_vqav2,InternVL3-8B,VQAv2,abs_mean_diff,24,25,significant_sdc,465,86,171,294,0.6322580645161291,1.557253850429413e+28,0.06804501193062383,1.914678622031861e+29,0.05915162896699443,0.17138642817735672,7.865937977163386e+25,5.081849943602802e+28,adequate
internvl3_vqav2,InternVL3-8B,VQAv2,abs_mean_diff,25,26,non_sdc,5786,133,5786,0,0.0,0.08452696456498823,0.07850627147359773,0.02836874366938663,0.06488823200660673,0.09809661851752371,0.08134240673757603,0.08788647580086617,adequate
internvl3_vqav2,InternVL3-8B,VQAv2,abs_mean_diff,25,26,non_significant_sdc,1239,123,1239,0,0.0,0.08352691057637927,0.07807248161407188,0.031181375276828936,0.0656188347755835,0.09577238266910648,0.07903746246430707,0.08831571337393904,adequate
internvl3_vqav2,InternVL3-8B,VQAv2,abs_mean_diff,25,26,significant_sdc,465,86,159,306,0.6580645161290323,9.167953529515034e+29,0.12347245680130257,1.137580902155964e+31,0.0946966002970506,0.13651696315073236,77044444137.42677,2.9862798152828313e+30,adequate
internvl3_vqav2,InternVL3-8B,VQAv2,abs_mean_diff,26,27,non_sdc,5786,133,5786,0,0.0,0.1251289804324547,0.11762514066483293,0.03604153033761886,0.10140794785951988,0.14194262515868453,0.12139929410643352,0.12934560439300988,adequate
internvl3_vqav2,InternVL3-8B,VQAv2,abs_mean_diff,26,27,non_significant_sdc,1239,123,1239,0,0.0,0.12390430041207187,0.11829874337171063,0.040718397427230324,0.10261709662154317,0.13788158632814884,0.11919976345873853,0.12875559449517096,adequate
internvl3_vqav2,InternVL3-8B,VQAv2,abs_mean_diff,26,27,significant_sdc,465,74,139,326,0.7010752688172043,4.559767984696171e+28,0.3635680941598756,5.375887169874537e+29,0.33391145544544776,0.3853124554972259,79847221086.8349,1.4971836611167744e+29,adequate
internvl3_vqav2,InternVL3-8B,VQAv2,abs_std_diff,0,1,non_sdc,5786,133,5786,0,0.0,0.05493827219113257,0.05503828537005644,0.004914294865746794,0.051356194993934116,0.05842315753300985,0.05420718151959268,0.055642687529947804,adequate
internvl3_vqav2,InternVL3-8B,VQAv2,abs_std_diff,0,1,non_significant_sdc,1239,123,1239,0,0.0,0.05375373789864816,0.05359447198478799,0.004413489902156818,0.050728819417682564,0.0566564230248332,0.05301510225519772,0.05446338861204572,adequate
internvl3_vqav2,InternVL3-8B,VQAv2,abs_std_diff,0,1,significant_sdc,465,123,452,13,0.027956989247311825,4.909719565168278e+29,0.02294160615728826,1.02035959892283e+31,0.02184464919323824,0.024232098262528985,5.144042069249366e+19,1.6144245128336688e+30,adequate
internvl3_vqav2,InternVL3-8B,VQAv2,abs_std_diff,1,2,non_sdc,5786,133,5786,0,0.0,0.02281655050879775,0.022807403467595577,0.004391035893709168,0.019606334592580148,0.026073721269595212,0.022143496656832407,0.023475152016784313,adequate
internvl3_vqav2,InternVL3-8B,VQAv2,abs_std_diff,1,2,non_significant_sdc,1239,123,1239,0,0.0,0.02256828535448508,0.022192900202104023,0.004186804529355405,0.019973377449704066,0.025099933438264485,0.021852397823894136,0.023260855356138418,adequate
internvl3_vqav2,InternVL3-8B,VQAv2,abs_std_diff,1,2,significant_sdc,465,122,446,19,0.04086021505376347,1.1538695827644597e+28,0.010784343379188557,2.43682394601041e+29,0.009047341285919656,0.012560518249413188,0.011566528088384227,3.7933108091671318e+28,adequate
internvl3_vqav2,InternVL3-8B,VQAv2,abs_std_diff,2,3,non_sdc,5786,133,5786,0,0.0,0.02223645239695241,0.021976015617646404,0.003992252943057109,0.01959789186142958,0.024445794315801725,0.021773432168174615,0.02269124551798636,adequate
internvl3_vqav2,InternVL3-8B,VQAv2,abs_std_diff,2,3,non_significant_sdc,1239,123,1239,0,0.0,0.02205742918380369,0.021796344356103378,0.003921768397712444,0.019267581610216036,0.024241441287673436,0.02143962631613711,0.022698063939718544,adequate
internvl3_vqav2,InternVL3-8B,VQAv2,abs_std_diff,2,3,significant_sdc,465,122,436,29,0.062365591397849474,1.2509227816380312e+29,0.023229331538385273,1.9139266549121708e+30,0.02048222230253171,0.026584016577321658,0.02529936866385187,3.316756494208712e+29,adequate
internvl3_vqav2,InternVL3-8B,VQAv2,abs_std_diff,3,4,non_sdc,5786,133,5786,0,0.0,0.039376690193245564,0.039578933323213425,0.008172881626690491,0.03418296346297631,0.04452604662489008,0.038375277454312746,0.04041953041664747,adequate
internvl3_vqav2,InternVL3-8B,VQAv2,abs_std_diff,3,4,non_significant_sdc,1239,123,1239,0,0.0,0.04110809416040344,0.04083723681313651,0.007983112318777706,0.03565673578170038,0.04691860645832352,0.040020336465160865,0.04222326595496934,adequate
internvl3_vqav2,InternVL3-8B,VQAv2,abs_std_diff,3,4,significant_sdc,465,121,419,46,0.09892473118279566,3.1342942742222645e+29,0.04790953592378266,5.571882097254655e+30,0.04576292824076146,0.049816472569898684,4.9349531637124974e+27,9.355551720776691e+29,adequate
internvl3_vqav2,InternVL3-8B,VQAv2,abs_std_diff,4,5,non_sdc,5786,133,5786,0,0.0,0.03756652875148149,0.03791926582069958,0.006493095055106479,0.03293552945057551,0.04196622429622544,0.03669137946877385,0.03837714982381507,adequate
internvl3_vqav2,InternVL3-8B,VQAv2,abs_std_diff,4,5,non_significant_sdc,1239,123,1239,0,0.0,0.03799163746278895,0.03816991452223215,0.006403578257310951,0.033367965577377215,0.04205608872636672,0.03688778354472525,0.03913231893916799,adequate
internvl3_vqav2,InternVL3-8B,VQAv2,abs_std_diff,4,5,significant_sdc,465,120,406,59,0.12688172043010748,1.7067867336165205e+30,0.027143032118982197,3.0349403036344324e+31,0.02434605226985046,0.029834351825470826,1.1978468274390179e+28,5.270931015864679e+30,adequate
internvl3_vqav2,InternVL3-8B,VQAv2,abs_std_diff,5,6,non_sdc,5786,133,5786,0,0.0,0.024078436933836298,0.02336593810468912,0.005422223744760678,0.0202712459223611,0.026835391090975866,0.02358839529796476,0.02461229678930315,adequate
internvl3_vqav2,InternVL3-8B,VQAv2,abs_std_diff,5,6,non_significant_sdc,1239,123,1239,0,0.0,0.02276315230928647,0.022325106478970628,0.005267770906401593,0.019666788168251514,0.025249277516489935,0.022170550376071654,0.02341551353610828,adequate
internvl3_vqav2,InternVL3-8B,VQAv2,abs_std_diff,5,6,significant_sdc,465,118,390,75,0.16129032258064513,3.883828296388268e+30,0.033353211396202745,7.566497568205999e+31,0.029266357573927666,0.03588408292556296,0.03286856313907008,1.3287676863777385e+31,adequate
internvl3_vqav2,InternVL3-8B,VQAv2,abs_std_diff,6,7,non_sdc,5786,133,5786,0,0.0,0.026938920700983575,0.026296238459291913,0.007390975782535433,0.021998412552334014,0.03100317297503352,0.02610208902748584,0.027764170456100832,adequate
internvl3_vqav2,InternVL3-8B,VQAv2,abs_std_diff,6,7,non_significant_sdc,1239,123,1239,0,0.0,0.027529543959038665,0.02650093221489121,0.006812989119452414,0.023224334155482456,0.03206670987937185,0.026773393801041753,0.028348278665680314,adequate
internvl3_vqav2,InternVL3-8B,VQAv2,abs_std_diff,6,7,significant_sdc,465,119,380,85,0.18279569892473113,5.8043710782838e+28,0.034360523810800236,7.799661978410006e+29,0.03229350779129535,0.03670258937897731,6.415554152852771e+26,1.4906374764207236e+29,adequate
internvl3_vqav2,InternVL3-8B,VQAv2,abs_std_diff,7,8,non_sdc,5786,133,5786,0,0.0,0.03258534724308548,0.03152293392590114,0.00764923645713343,0.027434253000787327,0.03650212279436263,0.03192625333982455,0.03329584108275082,adequate
internvl3_vqav2,InternVL3-8B,VQAv2,abs_std_diff,7,8,non_significant_sdc,1239,123,1239,0,0.0,0.031739711205184803,0.03129245817661285,0.006289998781281141,0.027016029382745423,0.03569750979640125,0.030795101810703458,0.03263592944876383,adequate
internvl3_vqav2,InternVL3-8B,VQAv2,abs_std_diff,7,8,significant_sdc,465,118,370,95,0.20430107526881724,1.6607289446395973e+28,0.04210242309740611,3.194349108327462e+29,0.03899955643074853,0.04513325260914102,0.04796363100095648,5.486119506221405e+28,adequate
internvl3_vqav2,InternVL3-8B,VQAv2,abs_std_diff,8,9,non_sdc,5786,133,5786,0,0.0,0.0407111928223725,0.03853218654791514,0.013065388648085817,0.03224640339612961,0.046447061002254486,0.03917218680963365,0.04230143269445828,adequate
internvl3_vqav2,InternVL3-8B,VQAv2,abs_std_diff,8,9,non_significant_sdc,1239,123,1239,0,0.0,0.04223935310029805,0.039894118905067444,0.015283454627701637,0.03335549185352941,0.04732730984687805,0.04022390580921884,0.044770886254233935,adequate
internvl3_vqav2,InternVL3-8B,VQAv2,abs_std_diff,8,9,significant_sdc,465,119,365,100,0.21505376344086025,1.2853265147033073e+30,0.054273642903688,2.350951834703312e+31,0.048871854434207995,0.05995369900246056,12863684309.849684,4.2063377068886013e+30,adequate
internvl3_vqav2,InternVL3-8B,VQAv2,abs_std_diff,9,10,non_sdc,5786,133,5786,0,0.0,0.046995561263979954,0.04638352014479183,0.01178637732143837,0.03868330404162407,0.05460697870988112,0.04546374029683317,0.04854159664676478,adequate
internvl3_vqav2,InternVL3-8B,VQAv2,abs_std_diff,9,10,non_significant_sdc,1239,123,1239,0,0.0,0.046804703375238316,0.04720141552388668,0.011265929337233924,0.0398587520633425,0.054213873556126724,0.04489981489415279,0.0486623935634514,adequate
internvl3_vqav2,InternVL3-8B,VQAv2,abs_std_diff,9,10,significant_sdc,465,118,355,110,0.23655913978494625,1.097688350642174e+29,0.05175052446370222,1.6499261955882893e+30,0.04705181733077886,0.05843979857709943,8507611976.099541,3.064432169598174e+29,adequate
internvl3_vqav2,InternVL3-8B,VQAv2,abs_std_diff,10,11,non_sdc,5786,133,5786,0,0.0,0.02800962565671954,0.02702800049023195,0.007058866081196124,0.023329527727488815,0.03166335904970765,0.027376489940718778,0.028623843513676618,adequate
internvl3_vqav2,InternVL3-8B,VQAv2,abs_std_diff,10,11,non_significant_sdc,1239,123,1239,0,0.0,0.02823249247003748,0.02775520154021003,0.006996138081332842,0.023594544047401064,0.03130992474379363,0.027378325864732662,0.029150405710045395,adequate
internvl3_vqav2,InternVL3-8B,VQAv2,abs_std_diff,10,11,significant_sdc,465,116,346,119,0.2559139784946236,4.863794949581995e+29,0.07374452715929675,7.529731545618087e+30,0.06883022432424585,0.07925244211694416,12872669698.15473,1.484177789560992e+30,adequate
internvl3_vqav2,InternVL3-8B,VQAv2,abs_std_diff,11,12,non_sdc,5786,133,5786,0,0.0,0.027100984865684977,0.026578259840607642,0.00621541978987408,0.022772836809357006,0.030526214744895697,0.026515524909601986,0.027681227260800103,adequate
internvl3_vqav2,InternVL3-8B,VQAv2,abs_std_diff,11,12,non_significant_sdc,1239,123,1239,0,0.0,0.02662518264918397,0.026273533701896667,0.0068345140041192074,0.021718966818991162,0.030775667760174284,0.025663401860360396,0.027560478138007976,adequate
internvl3_vqav2,InternVL3-8B,VQAv2,abs_std_diff,11,12,significant_sdc,465,114,337,128,0.2752688172043011,8.55395687545418e+29,0.018885428504068023,1.2370697121568211e+31,0.017657334099010547,0.02271666073677491,8.606890445582126e+27,2.4858064517112107e+30,adequate
internvl3_vqav2,InternVL3-8B,VQAv2,abs_std_diff,12,13,non_sdc,5786,133,5786,0,0.0,0.040509901462595754,0.038288322836160654,0.014225309783561334,0.02979886035124461,0.04936623708768324,0.03910055654139759,0.04198889632262643,adequate
internvl3_vqav2,InternVL3-8B,VQAv2,abs_std_diff,12,13,non_significant_sdc,1239,123,1239,0,0.0,0.041340056493481964,0.03876030385494232,0.014978287351112778,0.029839222807259785,0.05214340720059617,0.0389403401756014,0.043902119499323475,adequate
internvl3_vqav2,InternVL3-8B,VQAv2,abs_std_diff,12,13,significant_sdc,465,111,318,147,0.31612903225806455,2.9670301856044894e+29,0.07467444225841638,2.853133427004791e+30,0.06796621272758563,0.07966418549114344,4.081001634755956e+28,6.587728982425956e+29,adequate
internvl3_vqav2,InternVL3-8B,VQAv2,abs_std_diff,13,14,non_sdc,5786,133,5786,0,0.0,0.031723061751679264,0.030793992768634447,0.00818058364616158,0.025973133388019744,0.03667443907923169,0.03107917532326422,0.032394906851752815,adequate
internvl3_vqav2,InternVL3-8B,VQAv2,abs_std_diff,13,14,non_significant_sdc,1239,123,1239,0,0.0,0.03209230353384337,0.03057815012883167,0.00824932815403457,0.026167697310447692,0.0364778908117423,0.031076479099664926,0.03322148944705212,adequate
internvl3_vqav2,InternVL3-8B,VQAv2,abs_std_diff,13,14,significant_sdc,465,110,310,155,0.33333333333333337,0.05136782080583638,0.035881068025316515,0.04318117217775506,0.0334069975176636,0.03955885828757773,0.04695735018957462,0.056387513775470625,adequate
internvl3_vqav2,InternVL3-8B,VQAv2,abs_std_diff,14,15,non_sdc,5786,133,5786,0,0.0,0.027891571041093622,0.026678545926423634,0.007944806899280364,0.022274765910373792,0.03195871678846223,0.027069326423003783,0.028822606603025498,adequate
internvl3_vqav2,InternVL3-8B,VQAv2,abs_std_diff,14,15,non_significant_sdc,1239,123,1239,0,0.0,0.02787868884436716,0.026915027449528377,0.007311394886131843,0.02254673419520259,0.032149225212163374,0.02685349276399468,0.029061276874959296,adequate
internvl3_vqav2,InternVL3-8B,VQAv2,abs_std_diff,14,15,significant_sdc,465,109,305,160,0.34408602150537637,1.5028845425690093e+29,0.05287975954766176,2.2931812856038148e+30,0.04507909806407228,0.06616347967361917,2.5441055040152205e+25,4.2907346433167905e+29,adequate
internvl3_vqav2,InternVL3-8B,VQAv2,abs_std_diff,15,16,non_sdc,5786,133,5786,0,0.0,0.034971254896164775,0.03315624977020841,0.010824724805510295,0.02717515956610441,0.041487989218338676,0.0339809570609639,0.03600190227224233,adequate
internvl3_vqav2,InternVL3-8B,VQAv2,abs_std_diff,15,16,non_significant_sdc,1239,123,1239,0,0.0,0.03312985860750742,0.03265232328445681,0.008880217034030233,0.026611779151218276,0.03765190541744232,0.03206268157294479,0.034201841926285635,adequate
internvl3_vqav2,InternVL3-8B,VQAv2,abs_std_diff,15,16,significant_sdc,465,109,291,174,0.37419354838709673,7.56268860924842e+29,0.03235923696537407,9.79563048821683e+30,0.027154099272221933,0.0625416480612998,3.3970646286260306e+20,1.9720731411732256e+30,adequate
internvl3_vqav2,InternVL3-8B,VQAv2,abs_std_diff,16,17,non_sdc,5786,133,5786,0,0.0,0.030759448703394063,0.028696811488933036,0.009223789970920186,0.024621085360132414,0.03548160681360159,0.029837605831433793,0.03177644636758677,adequate
internvl3_vqav2,InternVL3-8B,VQAv2,abs_std_diff,16,17,non_significant_sdc,1239,123,1239,0,0.0,0.030622132746375246,0.02932791511217753,0.008478897969311934,0.024284923407766557,0.03442172005445606,0.029471415765392486,0.03187122585253787,adequate
internvl3_vqav2,InternVL3-8B,VQAv2,abs_std_diff,16,17,significant_sdc,465,106,279,186,0.4,2.9493992833880592e+28,0.06764337633337293,4.92646804511945e+29,0.06126461953532939,0.09063668282968657,0.08055461572048189,9.68096938456916e+28,adequate
internvl3_vqav2,InternVL3-8B,VQAv2,abs_std_diff,17,18,non_sdc,5786,133,5786,0,0.0,0.06201882587340906,0.06106296956539154,0.01569571919968521,0.050758900407415174,0.07104685941622371,0.060624979045183776,0.0634851467361099,adequate
internvl3_vqav2,InternVL3-8B,VQAv2,abs_std_diff,17,18,non_significant_sdc,1239,123,1239,0,0.0,0.06190804003679323,0.06052631756355022,0.016284756797606898,0.05129521192688691,0.0704332957605994,0.059907797351856425,0.0639088587388932,adequate
internvl3_vqav2,InternVL3-8B,VQAv2,abs_std_diff,17,18,significant_sdc,465,103,261,204,0.43870967741935485,9.210803370408736e+29,0.09097756445407867,1.4880508246728308e+31,0.07726102094261014,0.13776753994883323,0.11633077536066304,3.0302769071554796e+30,adequate
internvl3_vqav2,InternVL3-8B,VQAv2,abs_std_diff,18,19,non_sdc,5786,133,5786,0,0.0,0.07831512488019421,0.07767542682845016,0.022584612270952185,0.06154318650563558,0.09351878308437088,0.07529684549237935,0.08135225242330234,adequate
internvl3_vqav2,InternVL3-8B,VQAv2,abs_std_diff,18,19,non_significant_sdc,1239,123,1239,0,0.0,0.08027626126234004,0.079319495956103,0.022579761121369307,0.06452296793460846,0.09478353121532844,0.07631872449334688,0.08445676941108626,adequate
internvl3_vqav2,InternVL3-8B,VQAv2,abs_std_diff,18,19,significant_sdc,465,102,247,218,0.4688172043010753,1.2017607747684214e+30,0.07893949716675039,1.8516209656187067e+31,0.05746933118421205,0.09213800332984146,1155270087.6853733,3.941757932616598e+30,adequate
internvl3_vqav2,InternVL3-8B,VQAv2,abs_std_diff,19,20,non_sdc,5786,133,5786,0,0.0,0.08322943262066625,0.08029907581115525,0.025499289706048464,0.06486262132724126,0.09979024710883569,0.08034703440919011,0.08632111495646368,adequate
internvl3_vqav2,InternVL3-8B,VQAv2,abs_std_diff,19,20,non_significant_sdc,1239,123,1239,0,0.0,0.07838309753340884,0.07541575210709725,0.02126300039942337,0.0631982523575425,0.09146654272847105,0.07517167238070357,0.08201420977787766,adequate
internvl3_vqav2,InternVL3-8B,VQAv2,abs_std_diff,19,20,significant_sdc,465,99,229,236,0.5075268817204301,1.067107856104321e+30,0.08509826203998254,1.318638398631823e+31,0.07262490507291287,0.10210614697057374,1257055998.5046294,3.076217958551925e+30,adequate
internvl3_vqav2,InternVL3-8B,VQAv2,abs_std_diff,20,21,non_sdc,5786,133,5786,0,0.0,0.17840838668457698,0.17585991695523262,0.040598129896019686,0.1483764175913836,0.20527972798380587,0.1736627599843597,0.1833148328134699,adequate
internvl3_vqav2,InternVL3-8B,VQAv2,abs_std_diff,20,21,non_significant_sdc,1239,123,1239,0,0.0,0.1762345453399947,0.17382438693727767,0.03998539572897228,0.14823427855968474,0.20227979434033233,0.16982826518735405,0.18278309550846147,adequate
internvl3_vqav2,InternVL3-8B,VQAv2,abs_std_diff,20,21,significant_sdc,465,99,221,244,0.5247311827956989,1.4560556167882573e+30,0.2339207055617352,2.164582289909348e+31,0.14239537320574935,0.2715539600776166,0.21657180066574447,4.779034029359478e+30,adequate
internvl3_vqav2,InternVL3-8B,VQAv2,abs_std_diff,21,22,non_sdc,5786,133,5786,0,0.0,0.1233284322116572,0.11674494507976554,0.044776445938041316,0.09114549893208526,0.14673816510776178,0.11831956860864776,0.12875706657461986,adequate
internvl3_vqav2,InternVL3-8B,VQAv2,abs_std_diff,21,22,non_significant_sdc,1239,123,1239,0,0.0,0.11350808954698745,0.10884173763425727,0.037509331080416014,0.08688097181064741,0.13067370491183322,0.10832591127940441,0.11919582404305545,adequate
internvl3_vqav2,InternVL3-8B,VQAv2,abs_std_diff,21,22,significant_sdc,465,97,214,251,0.5397849462365591,2.9187247739686826e+29,0.3614835851654714,3.059852980786705e+30,0.12897743299907566,0.4715609739021379,4.932392979266943e+25,7.950941650416041e+29,adequate
internvl3_vqav2,InternVL3-8B,VQAv2,abs_std_diff,22,23,non_sdc,5786,133,5786,0,0.0,0.17545403021550532,0.17077337270765974,0.04716895279114748,0.14464615955948829,0.1992006110958755,0.16912652383314047,0.1822259155988247,adequate
internvl3_vqav2,InternVL3-8B,VQAv2,abs_std_diff,22,23,non_significant_sdc,1239,123,1239,0,0.0,0.17745388577497828,0.17035632474081858,0.047621770794393954,0.14694197475910187,0.19613458567396158,0.17052048477314288,0.18460067158914714,adequate
internvl3_vqav2,InternVL3-8B,VQAv2,abs_std_diff,22,23,significant_sdc,465,96,201,264,0.567741935483871,1.3426165241143813e+30,0.11952751084249846,1.9007424182387407e+31,0.103411501767684,0.16438247233021017,5.2145466111925656e+20,4.3464265909717753e+30,adequate
internvl3_vqav2,InternVL3-8B,VQAv2,abs_std_diff,23,24,non_sdc,5786,133,5786,0,0.0,0.15366083448125395,0.15241188119197713,0.040864405991023964,0.12342787472377147,0.17995524088790799,0.14905619728691324,0.1583813338674713,adequate
internvl3_vqav2,InternVL3-8B,VQAv2,abs_std_diff,23,24,non_significant_sdc,1239,123,1239,0,0.0,0.15545619326563379,0.15312648005783558,0.038731302155753974,0.1261015225664463,0.17941431248248918,0.1498602639625683,0.16132036791577103,adequate
internvl3_vqav2,InternVL3-8B,VQAv2,abs_std_diff,23,24,significant_sdc,465,92,183,282,0.6064516129032258,1.5319049244158644e+32,0.14061873299734934,2.061923636325701e+33,0.09062027718339646,0.24321994492754132,1094776393452.197,5.0837424625195814e+32,adequate
internvl3_vqav2,InternVL3-8B,VQAv2,abs_std_diff,24,25,non_sdc,5786,133,5786,0,0.0,0.18442567760800424,0.18123544845151607,0.04470718211580401,0.1547010531970139,0.21228907382574633,0.1795044344409112,0.18932757242584164,adequate
internvl3_vqav2,InternVL3-8B,VQAv2,abs_std_diff,24,25,non_significant_sdc,1239,123,1239,0,0.0,0.18742616725617373,0.18578488230705262,0.044195974244617284,0.156937460899353,0.21516387243019908,0.18157000262327913,0.1937453026885368,adequate
internvl3_vqav2,InternVL3-8B,VQAv2,abs_std_diff,24,25,significant_sdc,465,86,171,294,0.6322580645161291,1.8039355323159602e+29,0.19717147885536662,2.27259333687591e+30,0.18638228518622263,0.40696031037642033,1.089163369404357e+27,5.926746701403349e+29,adequate
internvl3_vqav2,InternVL3-8B,VQAv2,abs_std_diff,25,26,non_sdc,5786,133,5786,0,0.0,0.24046958948284558,0.2281748570760705,0.0863719897419334,0.17301239150886735,0.2951496619110306,0.2277757818724804,0.25373257101453217,adequate
internvl3_vqav2,InternVL3-8B,VQAv2,abs_std_diff,25,26,non_significant_sdc,1239,123,1239,0,0.0,0.24170363869196498,0.21877040465672812,0.25497313862651755,0.1698780526571414,0.2854034913772786,0.2197080823014683,0.2703679550238364,adequate
internvl3_vqav2,InternVL3-8B,VQAv2,abs_std_diff,25,26,significant_sdc,465,86,159,306,0.6580645161290323,8.19287319361727e+30,0.3669740302222116,1.0170204523030115e+32,0.3305935482589566,0.6233171279333076,1330070332888.9565,2.638342863207784e+31,adequate
internvl3_vqav2,InternVL3-8B,VQAv2,abs_std_diff,26,27,non_sdc,5786,133,5786,0,0.0,0.37883513154719284,0.36027298229081295,0.10517478960054671,0.3068355924504645,0.43469023775486715,0.36844549700405665,0.38955432913083293,adequate
internvl3_vqav2,InternVL3-8B,VQAv2,abs_std_diff,26,27,non_significant_sdc,1239,123,1239,0,0.0,0.38689286629647973,0.3675863515763056,0.2282612994529812,0.3159151977879874,0.4346508851900757,0.37052428832726186,0.40387286216192236,adequate
internvl3_vqav2,InternVL3-8B,VQAv2,abs_std_diff,26,27,significant_sdc,465,74,139,326,0.7010752688172043,6.780997128400731e+29,0.1453054973057338,7.994677708136631e+30,0.03741265073114512,0.40474388218987634,1094596335650.2328,2.2621406420344838e+30,adequate
internvl3_vqav2,InternVL3-8B,VQAv2,l2_distance,0,1,non_sdc,5786,133,5786,0,0.0,0.7366258423850026,0.7316955493556129,0.04298338123279496,0.7057572305202484,0.7623390125877717,0.7321266257346195,0.7412258860878289,adequate
internvl3_vqav2,InternVL3-8B,VQAv2,l2_distance,0,1,non_significant_sdc,1239,123,1239,0,0.0,0.7394219567637375,0.7362997233867645,0.042835612745988065,0.7066065243312291,0.7651128007305993,0.7339735363912023,0.7452000380947496,adequate
internvl3_vqav2,InternVL3-8B,VQAv2,l2_distance,0,1,significant_sdc,465,122,448,17,0.03655913978494618,19441634529.073906,1.1866962483951025,411501840331.5269,1.1778366565704346,1.1950739050398067,1.15796111167805,58455384353.51918,adequate
internvl3_vqav2,InternVL3-8B,VQAv2,l2_distance,1,2,non_sdc,5786,133,5786,0,0.0,0.5449738881082725,0.5437980350993928,0.04525902473041103,0.5161076116150823,0.574598484096073,0.5402734198644833,0.5498617861118625,adequate
internvl3_vqav2,InternVL3-8B,VQAv2,l2_distance,1,2,non_significant_sdc,1239,123,1239,0,0.0,0.5557196556836846,0.5543963351557332,0.04293278005619602,0.5251277800988068,0.5812336571266253,0.5495103974101704,0.5621131412240489,adequate
internvl3_vqav2,InternVL3-8B,VQAv2,l2_distance,1,2,significant_sdc,465,122,444,21,0.04516129032258065,1.1328554295324413,1.1606167913699637,0.1307922401260371,1.1474974719541415,1.1713034842087298,1.1137474390302524,1.148391950905073,adequate
internvl3_vqav2,InternVL3-8B,VQAv2,l2_distance,2,3,non_sdc,5786,133,5786,0,0.0,0.7541324562369741,0.7504681843519211,0.06446299562108278,0.7109374450519681,0.7931216160456339,0.7478145551635308,0.7607351093530567,adequate
internvl3_vqav2,InternVL3-8B,VQAv2,l2_distance,2,3,non_significant_sdc,1239,123,1239,0,0.0,0.7672946640901981,0.7590592169761657,0.06063889485599183,0.7246945581652902,0.8079031333327293,0.7593066202749138,0.7760215248371444,adequate
internvl3_vqav2,InternVL3-8B,VQAv2,l2_distance,2,3,significant_sdc,465,122,433,32,0.0688172043010753,1.3527374376315364,1.3733676404369122,0.14152087928051252,1.3567674743885896,1.3898776137098974,1.3317971243868694,1.3688819337788372,adequate
internvl3_vqav2,InternVL3-8B,VQAv2,l2_distance,3,4,non_sdc,5786,133,5786,0,0.0,0.8700204519859537,0.8660865863164265,0.07218630203932658,0.8244327589869499,0.9177407352423601,0.8636554264913687,0.8764008019447732,adequate
internvl3_vqav2,InternVL3-8B,VQAv2,l2_distance,3,4,non_significant_sdc,1239,123,1239,0,0.0,0.887514127309061,0.8828426476182609,0.06848363478449035,0.8462361610219592,0.9299924632139278,0.8788927112505928,0.8970181885070967,adequate
internvl3_vqav2,InternVL3-8B,VQAv2,l2_distance,3,4,significant_sdc,465,121,413,52,0.1118279569892473,1.3792512731721998,1.3713014807019914,0.21306132733460656,1.3542793441791923,1.3891092915924228,1.3551830491673378,1.4037845556381332,adequate
internvl3_vqav2,InternVL3-8B,VQAv2,l2_distance,4,5,non_sdc,5786,133,5786,0,0.0,0.8312187439173027,0.8262857937611134,0.0699053455821401,0.7794053670432832,0.8758508749306202,0.8239071332636019,0.8387623657452098,adequate
internvl3_vqav2,InternVL3-8B,VQAv2,l2_distance,4,5,non_significant_sdc,1239,123,1239,0,0.0,0.8397731726203387,0.8383405239958512,0.07082605049840555,0.7926230728626251,0.8832527654511588,0.828841023244457,0.8517459600443361,adequate
internvl3_vqav2,InternVL3-8B,VQAv2,l2_distance,4,5,significant_sdc,465,119,402,63,0.13548387096774195,1.515144387910155,1.5350778297502168,0.21890296145395435,1.5106169952421773,1.5556339639790204,1.4871550534885245,1.5424072271588096,adequate
internvl3_vqav2,InternVL3-8B,VQAv2,l2_distance,5,6,non_sdc,5786,133,5786,0,0.0,0.9282535793975406,0.9213916470405754,0.08004449075691669,0.8786425705262046,0.9759735655784607,0.9213690469764403,0.9356665958295799,adequate
internvl3_vqav2,InternVL3-8B,VQAv2,l2_distance,5,6,non_significant_sdc,1239,123,1239,0,0.0,0.9423810181950969,0.9341307814632144,0.08687709432366274,0.8859404212441937,0.9876447319984436,0.9321565361435419,0.9536534265542584,adequate
internvl3_vqav2,InternVL3-8B,VQAv2,l2_distance,5,6,significant_sdc,465,118,387,78,0.16774193548387095,1.6841688410479168,1.7067738418676415,0.2843656070208924,1.6742673595340882,1.7334902687948577,1.6480090005876167,1.7192948717340815,adequate
internvl3_vqav2,InternVL3-8B,VQAv2,l2_distance,6,7,non_sdc,5786,133,5786,0,0.0,1.1084274576472473,1.1100393494734397,0.10453436444346488,1.0396563960955694,1.1649512366837813,1.098281221079107,1.1183495214079058,adequate
internvl3_vqav2,InternVL3-8B,VQAv2,l2_distance,6,7,non_significant_sdc,1239,123,1239,0,0.0,1.1285448624257421,1.1132175359461043,0.10374751939494255,1.0612554165667722,1.1794202314515418,1.1156348531689868,1.1431911614300612,adequate
internvl3_vqav2,InternVL3-8B,VQAv2,l2_distance,6,7,significant_sdc,465,118,376,89,0.1913978494623656,11939962269859.29,1.4383820094624342,231524458375603.3,1.4134655086969843,1.4625122626217044,1.4219762612529734,40324183953293.79,adequate
internvl3_vqav2,InternVL3-8B,VQAv2,l2_distance,7,8,non_sdc,5786,133,5786,0,0.0,1.343002281251679,1.3395807544390361,0.11028848094843552,1.2708767599871624,1.4123096819277163,1.331516106911484,1.354754585282993,adequate
internvl3_vqav2,InternVL3-8B,VQAv2,l2_distance,7,8,non_significant_sdc,1239,123,1239,0,0.0,1.356284059848088,1.3579326669375102,0.10273962549264805,1.2873561882611477,1.418767915878977,1.3416128348147265,1.3711016553895077,adequate
internvl3_vqav2,InternVL3-8B,VQAv2,l2_distance,7,8,significant_sdc,465,118,368,97,0.20860215053763442,12199526667030.748,2.1550875306129456,234027498236920.9,2.112722320824253,2.1880603110303687,2.0530330525984084,41444051259503.45,adequate
internvl3_vqav2,InternVL3-8B,VQAv2,l2_distance,8,9,non_sdc,5786,133,5786,0,0.0,1.609139077508043,1.5893971061373091,0.14957794753851836,1.5085373914667537,1.6857995557785035,1.5959929378110975,1.622480049605493,adequate
internvl3_vqav2,InternVL3-8B,VQAv2,l2_distance,8,9,non_significant_sdc,1239,123,1239,0,0.0,1.615571479392878,1.5958713061279721,0.1663398303371879,1.513483692299236,1.6808383576571941,1.5933983507428546,1.6407192076555475,adequate
internvl3_vqav2,InternVL3-8B,VQAv2,l2_distance,8,9,significant_sdc,465,119,362,103,0.22150537634408607,105216634836.27005,1.9663094890360928,2001883005821.58,1.932633597023633,2.0131071149086464,1.9584808059064491,357078954470.8597,adequate
internvl3_vqav2,InternVL3-8B,VQAv2,l2_distance,9,10,non_sdc,5786,133,5786,0,0.0,1.4306318536338587,1.420102459413034,0.12355541842747152,1.3401892866407121,1.5148300582712346,1.4187741361423334,1.4421700841928353,adequate
internvl3_vqav2,InternVL3-8B,VQAv2,l2_distance,9,10,non_significant_sdc,1239,123,1239,0,0.0,1.457024084478001,1.4505662432423345,0.11117440477699926,1.3779032669569318,1.5287463039159774,1.4417763230983334,1.4722254637009176,adequate
internvl3_vqav2,InternVL3-8B,VQAv2,l2_distance,9,10,significant_sdc,465,118,353,112,0.24086021505376343,177331480940.72742,1.5342549353229755,2407579961128.885,1.5058074581379792,1.5759977832132457,1.573052516991038,463882612980.8682,adequate
internvl3_vqav2,InternVL3-8B,VQAv2,l2_distance,10,11,non_sdc,5786,133,5786,0,0.0,1.319905565980756,1.3161782175302505,0.11494661564724237,1.237960411595148,1.3901269733905792,1.3088245969542371,1.3315186861112622,adequate
internvl3_vqav2,InternVL3-8B,VQAv2,l2_distance,10,11,non_significant_sdc,1239,123,1239,0,0.0,1.3351247152517027,1.3199988810912422,0.12200237545976997,1.2495755593665698,1.4163382629316952,1.3181474231483128,1.3537905602679352,adequate
internvl3_vqav2,InternVL3-8B,VQAv2,l2_distance,10,11,significant_sdc,465,115,343,122,0.26236559139784943,105812480200.35027,2.3641849123701757,1466730955410.651,2.298144907367473,2.405725801477627,2.2118003004345215,292270947245.4755,adequate
internvl3_vqav2,InternVL3-8B,VQAv2,l2_distance,11,12,non_sdc,5786,133,5786,0,0.0,1.3055831602854167,1.2952904770219766,0.11401489008729186,1.2248360092441242,1.3868178532095599,1.2935371082790164,1.3183830720698637,adequate
internvl3_vqav2,InternVL3-8B,VQAv2,l2_distance,11,12,non_significant_sdc,1239,123,1239,0,0.0,1.3116173556651411,1.308196085691452,0.11758208997490244,1.2412792147460738,1.3882339389956728,1.2948127649704548,1.3293234120044344,adequate
internvl3_vqav2,InternVL3-8B,VQAv2,l2_distance,11,12,significant_sdc,465,112,330,135,0.29032258064516125,35709362870.11721,2.177723689955108,648692790791.9714,2.124976495090796,2.204368383300548,2.044416396922741,116290359342.06349,adequate
internvl3_vqav2,InternVL3-8B,VQAv2,l2_distance,12,13,non_sdc,5786,133,5786,0,0.0,1.5625013779897152,1.553258488704632,0.14893365687534127,1.4683838889405534,1.6374823510646819,1.5465955067647474,1.5788541853148643,adequate
internvl3_vqav2,InternVL3-8B,VQAv2,l2_distance,12,13,non_significant_sdc,1239,123,1239,0,0.0,1.5810220974561895,1.57912939786911,0.15322526164530745,1.480479232299285,1.6583080047910863,1.560051509348208,1.6035299549372546,adequate
internvl3_vqav2,InternVL3-8B,VQAv2,l2_distance,12,13,significant_sdc,465,110,313,152,0.32688172043010755,2.373980170721339,2.510934046336583,0.6179808590794887,2.261349602621429,2.544385737302352,2.305129524566583,2.4475293776960063,adequate
internvl3_vqav2,InternVL3-8B,VQAv2,l2_distance,13,14,non_sdc,5786,133,5786,0,0.0,1.4917663195131916,1.4818745583295823,0.13979515868594897,1.3897611498832703,1.5818773984909058,1.4775689867937545,1.5082011888207292,adequate
internvl3_vqav2,InternVL3-8B,VQAv2,l2_distance,13,14,non_significant_sdc,1239,123,1239,0,0.0,1.4988029500883135,1.4842045988355363,0.152680596733125,1.3948841527672298,1.5884810893507728,1.4753237621981008,1.5231641902185062,adequate
internvl3_vqav2,InternVL3-8B,VQAv2,l2_distance,13,14,significant_sdc,465,110,310,155,0.33333333333333337,2.1218068272294284,2.131844240791944,0.517451614648122,2.0441026152396686,2.183027166493085,2.06897113478484,2.183433040130763,adequate
internvl3_vqav2,InternVL3-8B,VQAv2,l2_distance,14,15,non_sdc,5786,133,5786,0,0.0,1.5771968395997378,1.566810816526413,0.14191845297509606,1.4761348906999978,1.667150895510401,1.5615778296569252,1.594905766040663,adequate
internvl3_vqav2,InternVL3-8B,VQAv2,l2_distance,14,15,non_significant_sdc,1239,123,1239,0,0.0,1.5700975691755061,1.56584752202034,0.1273353937741715,1.4803157009940215,1.665664554380235,1.5520165630150071,1.589291332348925,adequate
internvl3_vqav2,InternVL3-8B,VQAv2,l2_distance,14,15,significant_sdc,465,109,300,165,0.3548387096774194,2458615279.79557,2.218279390918965,42584465770.72565,2.1027846166065762,2.275479630548127,2.1565303378408984,7818917846.087887,adequate
internvl3_vqav2,InternVL3-8B,VQAv2,l2_distance,15,16,non_sdc,5786,133,5786,0,0.0,1.6368926688422532,1.6262178325653076,0.15207437407900928,1.5246885514685085,1.743714919090271,1.621008706131759,1.65328219388761,adequate
internvl3_vqav2,InternVL3-8B,VQAv2,l2_distance,15,16,non_significant_sdc,1239,123,1239,0,0.0,1.6184614086320754,1.6217303801985348,0.14285698737433083,1.5113331649614417,1.7193524396531634,1.5985031740137607,1.6393017790894036,adequate
internvl3_vqav2,InternVL3-8B,VQAv2,l2_distance,15,16,significant_sdc,465,109,287,178,0.3827956989247312,2569981128.643911,2.2374559057002164,43538241330.64029,2.1028360681406557,2.2866706106127523,2.1917153314542004,8046377274.317186,adequate
internvl3_vqav2,InternVL3-8B,VQAv2,l2_distance,16,17,non_sdc,5786,133,5786,0,0.0,1.668399087925508,1.657414708739866,0.1693030560995523,1.5527756755741742,1.7748099515835445,1.648833830023433,1.6898895825251306,adequate
internvl3_vqav2,InternVL3-8B,VQAv2,l2_distance,16,17,non_significant_sdc,1239,123,1239,0,0.0,1.6577715374746904,1.6585819636072432,0.15773302136436523,1.537891525471233,1.7672767548850088,1.635179504535443,1.6808412441224159,adequate
internvl3_vqav2,InternVL3-8B,VQAv2,l2_distance,16,17,significant_sdc,465,106,277,188,0.4043010752688172,2.1712069253177173,2.0873556039771257,0.8695613294789358,1.7193826218040622,2.1856965094196554,2.072679444722734,2.271705111941474,adequate
internvl3_vqav2,InternVL3-8B,VQAv2,l2_distance,17,18,non_sdc,5786,133,5786,0,0.0,2.092801506706804,2.079538414478302,0.17170128957118938,1.978253796696663,2.1920111482484,2.07653670733888,2.109470140168581,adequate
internvl3_vqav2,InternVL3-8B,VQAv2,l2_distance,17,18,non_significant_sdc,1239,123,1239,0,0.0,2.1059771879350193,2.09056354971493,0.17209269223895757,1.9751140503656295,2.227054517849898,2.082687986440871,2.128893583760383,adequate
internvl3_vqav2,InternVL3-8B,VQAv2,l2_distance,17,18,significant_sdc,465,103,260,205,0.4408602150537635,2.6882279795295783,2.611852687232348,0.7481259594585259,2.4943281813543674,2.7313143720432205,2.615977724059664,2.774083938683334,adequate
internvl3_vqav2,InternVL3-8B,VQAv2,l2_distance,18,19,non_sdc,5786,133,5786,0,0.0,2.533934661569329,2.510730564594269,0.2036809334095966,2.3915517727533975,2.6604523306543175,2.509197873646108,2.560299494259016,adequate
internvl3_vqav2,InternVL3-8B,VQAv2,l2_distance,18,19,non_significant_sdc,1239,123,1239,0,0.0,2.5381454100369587,2.5228390077064775,0.20944248355469033,2.3909632971412256,2.656751067140997,2.5085302576768846,2.5684778575322564,adequate
internvl3_vqav2,InternVL3-8B,VQAv2,l2_distance,18,19,significant_sdc,465,101,244,221,0.47526881720430103,9374429687.579374,3.417257853916713,146433272805.145,3.080114875520979,3.6275278500148227,3.3650162551055525,30229438456.378788,adequate
internvl3_vqav2,InternVL3-8B,VQAv2,l2_distance,19,20,non_sdc,5786,133,5786,0,0.0,2.4458816908332675,2.42647144649968,0.2118364447186381,2.3039492603610543,2.578929003614646,2.424130530592856,2.4678559098728647,adequate
internvl3_vqav2,InternVL3-8B,VQAv2,l2_distance,19,20,non_significant_sdc,1239,123,1239,0,0.0,2.4247736862992033,2.414851438431513,0.19380461218862327,2.2951050051963735,2.5399753689156164,2.397962989689655,2.452693568114643,adequate
internvl3_vqav2,InternVL3-8B,VQAv2,l2_distance,19,20,significant_sdc,465,99,226,239,0.5139784946236559,10121065679.346474,2.461305842107656,152152979983.0246,2.3944092113144544,2.6566374435716744,2.581497400596191,32521718148.66691,adequate
internvl3_vqav2,InternVL3-8B,VQAv2,l2_distance,20,21,non_sdc,5786,133,5786,0,0.0,3.423336756186153,3.4018140477046632,0.36201285601514116,3.177265995522825,3.6315047865112624,3.382053020710329,3.465444681596562,adequate
internvl3_vqav2,InternVL3-8B,VQAv2,l2_distance,20,21,non_significant_sdc,1239,123,1239,0,0.0,3.4288409197675715,3.4373949766159058,0.3743160197205039,3.1507609605789186,3.645700858986896,3.369533327562497,3.4907401361054737,adequate
internvl3_vqav2,InternVL3-8B,VQAv2,l2_distance,20,21,significant_sdc,465,99,220,245,0.5268817204301075,67568310905.06403,3.8566317436646442,1002200010150.8694,2.2598191779486987,4.152726666051515,3.454578461180687,229871573171.14572,adequate
internvl3_vqav2,InternVL3-8B,VQAv2,l2_distance,21,22,non_sdc,5786,133,5786,0,0.0,3.2444335140555447,3.1573599551035008,0.4172345972939217,2.954041920900345,3.4509391390909516,3.192933052909834,3.3049269499160405,adequate
internvl3_vqav2,InternVL3-8B,VQAv2,l2_distance,21,22,non_significant_sdc,1239,123,1239,0,0.0,3.163578608355279,3.119872407913208,0.34730082487751895,2.9338321934143705,3.3421386110371554,3.1131687043674137,3.2215723672349386,adequate
internvl3_vqav2,InternVL3-8B,VQAv2,l2_distance,21,22,significant_sdc,465,96,210,255,0.5483870967741935,70785849520.98503,6.119688321133049,1025784413617.1163,2.56889299348909,6.9977598020008625,4.961327283750015,234710974711.72836,adequate
internvl3_vqav2,InternVL3-8B,VQAv2,l2_distance,22,23,non_sdc,5786,133,5786,0,0.0,3.885597998207738,3.8520078308442063,0.37788545465437334,3.611532380183538,4.1184135361015795,3.8454791826675043,3.928837407794312,adequate
internvl3_vqav2,InternVL3-8B,VQAv2,l2_distance,22,23,non_significant_sdc,1239,123,1239,0,0.0,3.8877351965795843,3.8343090360814873,0.3938154888212894,3.610318450494246,4.106753853105364,3.831483301840416,3.950537368326218,adequate
internvl3_vqav2,InternVL3-8B,VQAv2,l2_distance,22,23,significant_sdc,465,95,197,268,0.5763440860215054,8162797184423.8,5.577229981519738,107420582373096.6,3.3989406167244423,6.681658827528661,5.191254573687047,25945810143234.555,adequate
internvl3_vqav2,InternVL3-8B,VQAv2,l2_distance,23,24,non_sdc,5786,133,5786,0,0.0,3.8329737915278708,3.816574331797086,0.31808387643918357,3.616684608516239,4.0056719070389155,3.799439388001042,3.8680378603720653,adequate
internvl3_vqav2,InternVL3-8B,VQAv2,l2_distance,23,24,non_significant_sdc,1239,123,1239,0,0.0,3.846351190246458,3.8299760023752847,0.3135756824869859,3.630772254683755,4.005341448357716,3.802706298842189,3.8933305246664656,adequate
internvl3_vqav2,InternVL3-8B,VQAv2,l2_distance,23,24,significant_sdc,465,91,179,286,0.6150537634408602,8983637124755.604,4.006060690715395,112688284598517.39,3.2568972791944235,5.110865563762431,4.408329685497587,28503968572554.684,adequate
internvl3_vqav2,InternVL3-8B,VQAv2,l2_distance,24,25,non_sdc,5786,133,5786,0,0.0,4.314382349176632,4.263447551564736,0.3686024556212727,4.073035804848922,4.516475767481561,4.2759303797209,4.357230687831361,adequate
internvl3_vqav2,InternVL3-8B,VQAv2,l2_distance,24,25,non_significant_sdc,1239,123,1239,0,0.0,4.360196313995777,4.348693805582383,0.36726688857513035,4.1411574484288005,4.557290719939279,4.306537422691124,4.417251930675146,adequate
internvl3_vqav2,InternVL3-8B,VQAv2,l2_distance,24,25,significant_sdc,465,85,166,299,0.6430107526881721,133674626.30208923,4.105047627731606,1722182957.1797705,3.376715256243336,7.1419244323457995,5.300700134901424,401009355.4488955,adequate
internvl3_vqav2,InternVL3-8B,VQAv2,l2_distance,25,26,non_sdc,5786,133,5786,0,0.0,5.730347773402817,5.665798362902397,0.6071292920289307,5.2673964007695515,6.076869800686836,5.6420027627376195,5.823687667741704,adequate
internvl3_vqav2,InternVL3-8B,VQAv2,l2_distance,25,26,non_significant_sdc,1239,123,1239,0,0.0,5.7159427028931855,5.588022864781893,2.0495822366813785,5.210934589975155,5.989646850468276,5.548259530246253,5.935806333990373,adequate
internvl3_vqav2,InternVL3-8B,VQAv2,l2_distance,25,26,significant_sdc,465,85,156,309,0.6645161290322581,10484263241357.76,6.676681406643926,72175759630681.16,6.197416162004276,11.397700419231338,890644505862.5742,21398033847028.81,adequate
internvl3_vqav2,InternVL3-8B,VQAv2,l2_distance,26,27,non_sdc,5786,133,5786,0,0.0,8.831622275068572,8.783601256038832,0.9053580123704551,8.19567322731018,9.378500431776047,8.73697634004969,8.93225433202793,adequate
internvl3_vqav2,InternVL3-8B,VQAv2,l2_distance,26,27,non_significant_sdc,1239,123,1239,0,0.0,8.973372369342165,8.802176132202149,2.202900232478327,8.28445917444156,9.434993302380597,8.808994884199247,9.13766204920974,adequate
internvl3_vqav2,InternVL3-8B,VQAv2,l2_distance,26,27,significant_sdc,465,74,138,327,0.7032258064516129,37244723051902.79,24.72211777434057,279747002394879.66,23.874029286053716,24.90222135855227,5335362329754.191,91513278468819.5,adequate
llava15_earthvqa,LLaVA-1.5-7B,EarthVQA,cos_sim,0,1,non_sdc,7249,375,7249,0,0.0,0.9518043754107458,0.9712717175483704,0.05012352595961591,0.9432298881667001,0.9813161373138428,0.9477178973526236,0.9556410442604473,adequate
llava15_earthvqa,LLaVA-1.5-7B,EarthVQA,cos_sim,0,1,non_significant_sdc,68,42,68,0,0.0,0.9183890762452224,0.9454759125198637,0.06213193985307292,0.8697390067908499,0.9595582243055105,0.8931748815589485,0.9400306439685673,adequate
llava15_earthvqa,LLaVA-1.5-7B,EarthVQA,cos_sim,0,1,significant_sdc,183,69,73,110,0.6010928961748634,0.18348737434680146,0.07680185663760924,0.2666055997496624,0.06155150231658196,0.11856972289328672,0.12748100142701546,0.24782384026902735,adequate
llava15_earthvqa,LLaVA-1.5-7B,EarthVQA,cos_sim,1,2,non_sdc,7249,375,7249,0,0.0,0.9449524455973487,0.9729791283607483,0.06442471922151767,0.9323631525039673,0.9809730648994446,0.9399375056659934,0.9497380370322249,adequate
llava15_earthvqa,LLaVA-1.5-7B,EarthVQA,cos_sim,1,2,non_significant_sdc,68,42,68,0,0.0,0.8824653542230562,0.9093655745188396,0.092357619167752,0.8165037631988525,0.9625931419432163,0.8487006034550327,0.9147767913054553,adequate
llava15_earthvqa,LLaVA-1.5-7B,EarthVQA,cos_sim,1,2,significant_sdc,183,66,70,113,0.6174863387978142,0.34388877079806296,0.2812091142547374,0.19172172303264434,0.26366121702048245,0.29601400223921753,0.30242427140683464,0.3914183287057062,adequate
llava15_earthvqa,LLaVA-1.5-7B,EarthVQA,cos_sim,2,3,non_sdc,7249,375,7249,0,0.0,0.9539780579308718,0.9734527468681335,0.04504426357585974,0.9380461772282919,0.9795371890068054,0.950287085083342,0.9573583547977592,adequate
llava15_earthvqa,LLaVA-1.5-7B,EarthVQA,cos_sim,2,3,non_significant_sdc,68,42,68,0,0.0,0.8987232633596199,0.9214641427000363,0.07935040045245206,0.8765624339381853,0.9597962699830531,0.8706273974685479,0.9233488194114686,adequate
llava15_earthvqa,LLaVA-1.5-7B,EarthVQA,cos_sim,2,3,significant_sdc,183,66,70,113,0.6174863387978142,0.3763475658821324,0.32616736253305356,0.1913809673811772,0.2898118996194431,0.35630367057664053,0.3352478745288632,0.4236203490060842,adequate
llava15_earthvqa,LLaVA-1.5-7B,EarthVQA,cos_sim,3,4,non_sdc,7249,375,7249,0,0.0,0.958658891405905,0.9754583835601807,0.04042056885459514,0.945861428976059,0.9837207794189453,0.9554086695189393,0.9617335303325352,adequate
llava15_earthvqa,LLaVA-1.5-7B,EarthVQA,cos_sim,3,4,non_significant_sdc,68,42,68,0,0.0,0.9112525932530425,0.9310007797820228,0.07385956817196246,0.8785453364253044,0.9699910749991735,0.8838124602179522,0.9342501251553252,adequate
llava15_earthvqa,LLaVA-1.5-7B,EarthVQA,cos_sim,3,4,significant_sdc,183,63,67,116,0.6338797814207651,0.34351613233448397,0.28074534237384796,0.1995067503669985,0.25542230828075996,0.3028929850884846,0.2999090572329378,0.3931846605117613,adequate
llava15_earthvqa,LLaVA-1.5-7B,EarthVQA,cos_sim,4,5,non_sdc,7249,375,7249,0,0.0,0.9376814080306902,0.9554408958980015,0.057284201241403175,0.9181591272354126,0.975948691368103,0.9330146592041829,0.9420437102553034,adequate
llava15_earthvqa,LLaVA-1.5-7B,EarthVQA,cos_sim,4,5,non_significant_sdc,68,42,68,0,0.0,0.8761158015300651,0.8933516831109019,0.09359827141076155,0.8308500908315182,0.9512730437730039,0.8353590195151769,0.9087870087056389,adequate
llava15_earthvqa,LLaVA-1.5-7B,EarthVQA,cos_sim,4,5,significant_sdc,183,59,63,120,0.6557377049180328,0.44422490016163124,0.41120802383033594,0.18647422964150326,0.39425720206024695,0.43253380151427523,0.3994405961568868,0.4930165235984322,adequate
llava15_earthvqa,LLaVA-1.5-7B,EarthVQA,cos_sim,5,6,non_sdc,7249,375,7249,0,0.0,0.9468858660279041,0.9674251675605774,0.05407415622780142,0.9308955669403076,0.9788004875183105,0.9424326056890572,0.951000973199139,adequate
llava15_earthvqa,LLaVA-1.5-7B,EarthVQA,cos_sim,5,6,non_significant_sdc,68,42,68,0,0.0,0.893725599744366,0.9215004727953956,0.0840116532202491,0.8579928890730326,0.94235034180539,0.8634979412213023,0.9172659883441275,adequate
llava15_earthvqa,LLaVA-1.5-7B,EarthVQA,cos_sim,5,6,significant_sdc,183,57,60,123,0.6721311475409837,0.26304979199913103,0.19005278292663244,0.25200860205202436,0.1599197380187712,0.21479040844251915,0.20418180836796976,0.32947464618789934,adequate
llava15_earthvqa,LLaVA-1.5-7B,EarthVQA,cos_sim,6,7,non_sdc,7249,375,7249,0,0.0,0.9345272100064348,0.9462456405162811,0.052167093727007924,0.918593168258667,0.970634251832962,0.930361627515784,0.9383894286476808,adequate
llava15_earthvqa,LLaVA-1.5-7B,EarthVQA,cos_sim,6,7,non_significant_sdc,68,42,68,0,0.0,0.8798409264097115,0.8945300408772059,0.08745150117008291,0.8520926386117935,0.9359660744667053,0.8501804647479331,0.9040139148147694,adequate
llava15_earthvqa,LLaVA-1.5-7B,EarthVQA,cos_sim,6,7,significant_sdc,183,56,59,124,0.6775956284153005,0.38739036040943503,0.3345218659663687,0.19626852184053858,0.31546952811126805,0.3585850278637847,0.3407404719470293,0.439900808868782,adequate
llava15_earthvqa,LLaVA-1.5-7B,EarthVQA,cos_sim,7,8,non_sdc,7249,375,7249,0,0.0,0.9227331245139213,0.9375777542591095,0.05801470931744971,0.9047645926475525,0.9627159535884857,0.9180024549379786,0.9272545664776344,adequate
llava15_earthvqa,LLaVA-1.5-7B,EarthVQA,cos_sim,7,8,non_significant_sdc,68,42,68,0,0.0,0.8672249543037001,0.8852098675874563,0.08644433750539783,0.8316065904039602,0.9242330491542816,0.8363955052623049,0.892830398608946,adequate
llava15_earthvqa,LLaVA-1.5-7B,EarthVQA,cos_sim,7,8,significant_sdc,183,55,58,125,0.6830601092896175,0.2480733021118532,0.17442462467873582,0.24742638645246628,0.15862647149407744,0.19842109756962378,0.19021017576974109,0.3170286013898285,adequate
llava15_earthvqa,LLaVA-1.5-7B,EarthVQA,cos_sim,8,9,non_sdc,7249,375,7249,0,0.0,0.9294741444371986,0.9524825572967529,0.06102821364165261,0.9140649735927582,0.9662144184112549,0.9244616820055291,0.9341601452945982,adequate
llava15_earthvqa,LLaVA-1.5-7B,EarthVQA,cos_sim,8,9,non_significant_sdc,68,42,68,0,0.0,0.8676513474239494,0.886834626396497,0.09591095159703204,0.8474102765321732,0.9331890754401684,0.8293527319899159,0.8987951457681342,adequate
llava15_earthvqa,LLaVA-1.5-7B,EarthVQA,cos_sim,8,9,significant_sdc,183,53,56,127,0.6939890710382514,0.27359919542482164,0.1992110937681733,0.23698554623168155,0.1592116048844645,0.24396724010608634,0.21596645852719773,0.34082904688965077,adequate
llava15_earthvqa,LLaVA-1.5-7B,EarthVQA,cos_sim,9,10,non_sdc,7249,375,7249,0,0.0,0.934858493206045,0.9516723677515984,0.050087383268307965,0.9201626289974559,0.9676564931869507,0.930903983144513,0.938632036605878,adequate
llava15_earthvqa,LLaVA-1.5-7B,EarthVQA,cos_sim,9,10,non_significant_sdc,68,42,68,0,0.0,0.8906614115137771,0.9060292508867052,0.07563918510963681,0.8710204716771841,0.9415976735098022,0.8634503990235294,0.9123584163303603,adequate
llava15_earthvqa,LLaVA-1.5-7B,EarthVQA,cos_sim,9,10,significant_sdc,183,51,54,129,0.7049180327868853,0.3194535043516897,0.24442849536331332,0.23205560031801697,0.21751398851676862,0.27468129848035017,0.26233462849745154,0.3859343104110221,adequate
llava15_earthvqa,LLaVA-1.5-7B,EarthVQA,cos_sim,10,11,non_sdc,7249,375,7249,0,0.0,0.8978737417034174,0.9126839518547059,0.05531240295014516,0.875456690788269,0.9340461492538452,0.8934860969773912,0.9020138852049293,adequate
llava15_earthvqa,LLaVA-1.5-7B,EarthVQA,cos_sim,10,11,non_significant_sdc,68,42,68,0,0.0,0.8648254657707821,0.8668807297945023,0.07853827452489266,0.8479613829404116,0.9202649580617236,0.838905565092528,0.886729977785062,adequate
llava15_earthvqa,LLaVA-1.5-7B,EarthVQA,cos_sim,10,11,significant_sdc,183,50,53,130,0.7103825136612022,0.22160816226196228,0.12964487773347266,0.25179546894652605,0.09376838442166241,0.1749645939895085,0.15921911896109206,0.291467477976961,adequate
llava15_earthvqa,LLaVA-1.5-7B,EarthVQA,cos_sim,11,12,non_sdc,7249,375,7249,0,0.0,0.9003850965354862,0.916730260848999,0.06291711515151538,0.8754250918115888,0.9437716484069825,0.8948302822072302,0.9053951185041748,adequate
llava15_earthvqa,LLaVA-1.5-7B,EarthVQA,cos_sim,11,12,non_significant_sdc,68,42,68,0,0.0,0.8444033077353986,0.8649215133159192,0.09200723930685471,0.8187424093484879,0.9012031384876796,0.8085124812310714,0.8718582753288947,adequate
llava15_earthvqa,LLaVA-1.5-7B,EarthVQA,cos_sim,11,12,significant_sdc,183,50,53,130,0.7103825136612022,0.05318225112492939,-0.07939734857301323,0.321577991002906,-0.0984064560307532,-0.041104866419823805,-0.026999531953062844,0.14430740840741074,adequate
llava15_earthvqa,LLaVA-1.5-7B,EarthVQA,cos_sim,12,13,non_sdc,7249,375,7249,0,0.0,0.9166958554610692,0.9347796638806661,0.05842847047350062,0.8857369050383568,0.9575598239898682,0.9115639033218553,0.9214964149154267,adequate
llava15_earthvqa,LLaVA-1.5-7B,EarthVQA,cos_sim,12,13,non_significant_sdc,68,42,68,0,0.0,0.8592256961734421,0.8861134774409808,0.09436864095700134,0.8379302846060859,0.9166380933352879,0.8262873798748641,0.8871049925143422,adequate
llava15_earthvqa,LLaVA-1.5-7B,EarthVQA,cos_sim,12,13,significant_sdc,183,50,52,131,0.7158469945355191,0.2015109086487327,0.1015642402617603,0.27204995694615997,0.08532799415442407,0.12476180733314582,0.1345845872025523,0.2836288649864109,adequate
llava15_earthvqa,LLaVA-1.5-7B,EarthVQA,cos_sim,13,14,non_sdc,7249,375,7249,0,0.0,0.9195232657159641,0.9390023350715637,0.05638483131670503,0.8910305003325144,0.9583793878555298,0.9151553505208856,0.9238152609701908,adequate
llava15_earthvqa,LLaVA-1.5-7B,EarthVQA,cos_sim,13,14,non_significant_sdc,68,42,68,0,0.0,0.850961448922214,0.8872231670788356,0.09674944632518441,0.8304416060979878,0.90736551124316,0.8172241641140537,0.8789103268374499,adequate
llava15_earthvqa,LLaVA-1.5-7B,EarthVQA,cos_sim,13,14,significant_sdc,183,48,50,133,0.7267759562841529,0.21174198101231664,0.11440563559228059,0.28086107734749594,0.06279417574500704,0.17007711465109368,0.14142535369031942,0.2932564686417368,adequate
llava15_earthvqa,LLaVA-1.5-7B,EarthVQA,cos_sim,14,15,non_sdc,7249,375,7249,0,0.0,0.935560883164533,0.9554067015647888,0.05603118246279288,0.9131187200546265,0.9721344312032064,0.931226299605589,0.9396308587921601,adequate
llava15_earthvqa,LLaVA-1.5-7B,EarthVQA,cos_sim,14,15,non_significant_sdc,68,42,68,0,0.0,0.8604523324307818,0.8974770550544445,0.10575260834753102,0.8525001155951667,0.9217918571084738,0.8132629548087594,0.897760829316465,adequate
llava15_earthvqa,LLaVA-1.5-7B,EarthVQA,cos_sim,14,15,significant_sdc,183,48,50,133,0.7267759562841529,0.3736003226678342,0.309293980044978,0.22441919573403013,0.2876908429423157,0.33824209131452504,0.3154902934997856,0.4398505586437261,adequate
llava15_earthvqa,LLaVA-1.5-7B,EarthVQA,cos_sim,15,16,non_sdc,7249,375,7249,0,0.0,0.9363880093486776,0.9533785283565521,0.051910300943065785,0.9179506003856659,0.9690997004508972,0.9318614990100048,0.9404995484519791,adequate
llava15_earthvqa,LLaVA-1.5-7B,EarthVQA,cos_sim,15,16,non_significant_sdc,68,42,68,0,0.0,0.8789742406996027,0.9096305258572102,0.09046653785082727,0.8810385907334941,0.9349321659122194,0.8472128056319259,0.9061473114541828,adequate
llava15_earthvqa,LLaVA-1.5-7B,EarthVQA,cos_sim,15,16,significant_sdc,183,47,49,134,0.7322404371584699,0.32517871156272454,0.2505031422692902,0.24344885598555455,0.21425418312452277,0.28930350469083205,0.26296182429058734,0.3970445120288915,adequate
llava15_earthvqa,LLaVA-1.5-7B,EarthVQA,cos_sim,16,17,non_sdc,7249,375,7249,0,0.0,0.9112024362916901,0.9348289370536804,0.06964200851508275,0.8847990198568865,0.9558432221412658,0.9053892165315962,0.9167025921751704,adequate
llava15_earthvqa,LLaVA-1.5-7B,EarthVQA,cos_sim,16,17,non_significant_sdc,68,42,68,0,0.0,0.8389083439002784,0.8772929497439452,0.11630956652144195,0.8236251542610782,0.9073828916464534,0.7968025613790842,0.8714040066201919,adequate
llava15_earthvqa,LLaVA-1.5-7B,EarthVQA,cos_sim,16,17,significant_sdc,183,45,47,136,0.7431693989071038,0.3934905940419836,0.341354919483467,0.20453860060844758,0.3074946832291934,0.3887842216966103,0.3390182531876508,0.45473685108895545,adequate
llava15_earthvqa,LLaVA-1.5-7B,EarthVQA,cos_sim,17,18,non_sdc,7249,375,7249,0,0.0,0.9367870408683177,0.9570704698562622,0.054847925470996525,0.9154630140824751,0.9727482199668884,0.9324444940591741,0.9408730255364555,adequate
llava15_earthvqa,LLaVA-1.5-7B,EarthVQA,cos_sim,17,18,non_significant_sdc,68,42,68,0,0.0,0.8702943896449548,0.9104100180168946,0.10369276649556308,0.8554901356498401,0.9397503044456244,0.830446894551036,0.9027687044196401,adequate
llava15_earthvqa,LLaVA-1.5-7B,EarthVQA,cos_sim,17,18,significant_sdc,183,44,46,137,0.7486338797814207,0.4991749186257229,0.48496947179035266,0.20709728612065842,0.4606442091112234,0.5402550872187225,0.43904414560713817,0.5585892644310182,adequate
llava15_earthvqa,LLaVA-1.5-7B,EarthVQA,cos_sim,18,19,non_sdc,7249,375,7249,0,0.0,0.9224799819832374,0.9431090652942657,0.06298597630756851,0.9010451634724935,0.9618031978607178,0.9174141290842103,0.9272094594060517,adequate
llava15_earthvqa,LLaVA-1.5-7B,EarthVQA,cos_sim,18,19,non_significant_sdc,68,42,68,0,0.0,0.8374577682930111,0.8775974713792705,0.12182016764220047,0.8195881923394543,0.9117189741560391,0.790139190127092,0.8756077653725374,adequate
llava15_earthvqa,LLaVA-1.5-7B,EarthVQA,cos_sim,18,19,significant_sdc,183,40,42,141,0.7704918032786885,0.46224241253762405,0.41844125380929637,0.185093543712777,0.3780425327772997,0.4430066301506393,0.41167816318601275,0.5224416263297452,adequate
llava15_earthvqa,LLaVA-1.5-7B,EarthVQA,cos_sim,19,20,non_sdc,7249,375,7249,0,0.0,0.9338841601316941,0.9496820569038391,0.04741284477257738,0.91646665760449,0.9650120735168457,0.9299468983922398,0.9375739828206379,adequate
llava15_earthvqa,LLaVA-1.5-7B,EarthVQA,cos_sim,19,20,non_significant_sdc,68,42,68,0,0.0,0.8768639216041995,0.9017043428288566,0.08071410322452399,0.8630047043164571,0.9291980918496847,0.8469890980831419,0.9017049615726237,adequate
llava15_earthvqa,LLaVA-1.5-7B,EarthVQA,cos_sim,19,20,significant_sdc,183,39,41,142,0.7759562841530054,0.5694163156298284,0.570777487998106,0.1940381795100201,0.47408715924438166,0.6392102521293017,0.511705062814324,0.628380728329959,adequate
llava15_earthvqa,LLaVA-1.5-7B,EarthVQA,cos_sim,20,21,non_sdc,7249,375,7249,0,0.0,0.9128693856865827,0.9309872627258301,0.06307478530878309,0.8879771530628204,0.9569541215896606,0.9079542351475625,0.9176358251423339,adequate
llava15_earthvqa,LLaVA-1.5-7B,EarthVQA,cos_sim,20,21,non_significant_sdc,68,42,68,0,0.0,0.8100529612698001,0.8518750794932373,0.1257620485329918,0.7668415009975433,0.8932012096047401,0.7672034790731045,0.8441785231007178,adequate
llava15_earthvqa,LLaVA-1.5-7B,EarthVQA,cos_sim,20,21,significant_sdc,183,38,39,144,0.7868852459016393,0.35826147979850775,0.26004546759079916,0.23945718668951035,0.23020207190087866,0.3042028681660185,0.28807006510010913,0.4367995746301054,adequate
llava15_earthvqa,LLaVA-1.5-7B,EarthVQA,cos_sim,21,22,non_sdc,7249,375,7249,0,0.0,0.9303922854114343,0.9490562677383423,0.053869743586802646,0.9134871297412448,0.9648460149765015,0.9262472319738029,0.934363224499497,adequate
llava15_earthvqa,LLaVA-1.5-7B,EarthVQA,cos_sim,21,22,non_significant_sdc,68,42,68,0,0.0,0.856982449452406,0.8731617589791616,0.10374579979301389,0.8369436481824288,0.9225235618650913,0.8198662490693504,0.8867366580369628,adequate
llava15_earthvqa,LLaVA-1.5-7B,EarthVQA,cos_sim,21,22,significant_sdc,183,35,36,147,0.8032786885245902,0.48893633281107324,0.4342956390916085,0.2231471830008581,0.3975913076072323,0.5008914812791104,0.419131594009907,0.5650332690830179,adequate
llava15_earthvqa,LLaVA-1.5-7B,EarthVQA,cos_sim,22,23,non_sdc,7249,375,7249,0,0.0,0.9226251537134066,0.9464809468814305,0.06981527965671215,0.9028373848308217,0.9645107686519623,0.917545784994934,0.927575203706934,adequate
llava15_earthvqa,LLaVA-1.5-7B,EarthVQA,cos_sim,22,23,non_significant_sdc,68,42,68,0,0.0,0.8148608663849739,0.8647668853638664,0.13136049568137614,0.7450380598505338,0.9115000698301527,0.7660831035823396,0.8561013977275623,adequate
llava15_earthvqa,LLaVA-1.5-7B,EarthVQA,cos_sim,22,23,significant_sdc,183,32,33,150,0.819672131147541,0.5383857849530913,0.5164228568271715,0.2037685743978063,0.46378278549836605,0.5663875499550177,0.4711861450863675,0.6096457829434051,adequate
llava15_earthvqa,LLaVA-1.5-7B,EarthVQA,cos_sim,23,24,non_sdc,7249,375,7249,0,0.0,0.9134227718453568,0.9280619621276855,0.056421185524863596,0.8994644338434393,0.9475395381450653,0.9088213211843741,0.9177266208520408,adequate
llava15_earthvqa,LLaVA-1.5-7B,EarthVQA,cos_sim,23,24,non_significant_sdc,68,42,68,0,0.0,0.8399316927038759,0.8831965132719941,0.11270505020269105,0.8191954736198698,0.9148158822208643,0.7998218241561735,0.8730322991358173,adequate
llava15_earthvqa,LLaVA-1.5-7B,EarthVQA,cos_sim,23,24,significant_sdc,183,32,33,150,0.819672131147541,0.6283003627100253,0.633700796536037,0.1913333939145858,0.5992514637051797,0.6597733996352371,0.5640659114344057,0.6897194637981188,adequate
llava15_earthvqa,LLaVA-1.5-7B,EarthVQA,cos_sim,24,25,non_sdc,7249,375,7249,0,0.0,0.8965313843299735,0.9222018241882324,0.08145824194213003,0.8678830067316691,0.9516204595565796,0.8900541989917824,0.9028294480245515,adequate
llava15_earthvqa,LLaVA-1.5-7B,EarthVQA,cos_sim,24,25,non_significant_sdc,68,42,68,0,0.0,0.7738442248978333,0.8258284543241774,0.16614816816832467,0.7146963696831312,0.8712874185293913,0.7180318355349716,0.8149599070837354,adequate
llava15_earthvqa,LLaVA-1.5-7B,EarthVQA,cos_sim,24,25,significant_sdc,183,28,29,154,0.8415300546448088,0.33138141572961727,0.215950146317482,0.2921909452117364,0.16988469386587338,0.3762749814324909,0.23156428148185115,0.4446840350910256,underpowered
llava15_earthvqa,LLaVA-1.5-7B,EarthVQA,cos_sim,25,26,non_sdc,7249,375,7249,0,0.0,0.9150877531690943,0.9333440661430359,0.05919045832361009,0.893164767159356,0.9537157416343689,0.9102992134528708,0.9197099851507776,adequate
llava15_earthvqa,LLaVA-1.5-7B,EarthVQA,cos_sim,25,26,non_significant_sdc,68,42,68,0,0.0,0.8447764464585037,0.8861379367964608,0.10831817372217324,0.7965506795379851,0.9058992601931095,0.8058723803327076,0.8741917000389923,adequate
llava15_earthvqa,LLaVA-1.5-7B,EarthVQA,cos_sim,25,26,significant_sdc,183,26,27,156,0.8524590163934427,0.5888643479063284,0.5651875138282776,0.20837142133722925,0.5066712331406924,0.7002093186131632,0.5127653945576116,0.6668263359299536,underpowered
llava15_earthvqa,LLaVA-1.5-7B,EarthVQA,cos_sim,26,27,non_sdc,7249,375,7249,0,0.0,0.940019326244304,0.9600997567176819,0.05889564790893369,0.9234607484605577,0.9751374125480652,0.9356329061447825,0.9440491429336205,adequate
llava15_earthvqa,LLaVA-1.5-7B,EarthVQA,cos_sim,26,27,non_significant_sdc,68,42,68,0,0.0,0.832323219816742,0.9092024473043588,0.19155135925800976,0.7869130609891354,0.9299803659319879,0.7688473202771506,0.8782692508313135,adequate
llava15_earthvqa,LLaVA-1.5-7B,EarthVQA,cos_sim,26,27,significant_sdc,183,23,24,159,0.8688524590163934,0.6278886781956681,0.7268002584171134,0.2639257234479269,0.5803349276164086,0.782910341206862,0.5276950544844301,0.7238023471501506,underpowered
llava15_earthvqa,LLaVA-1.5-7B,EarthVQA,cos_sim,27,28,non_sdc,7249,375,7249,0,0.0,0.9319114871881555,0.9480703175067902,0.05493997914184133,0.918115800077265,0.9662851435797555,0.9277729479313386,0.9358095379475033,adequate
llava15_earthvqa,LLaVA-1.5-7B,EarthVQA,cos_sim,27,28,non_significant_sdc,68,42,68,0,0.0,0.8315511502128332,0.8967140118281047,0.18080955856201897,0.7667602140169877,0.9318470649230175,0.7683950663897394,0.8767602206536468,adequate
llava15_earthvqa,LLaVA-1.5-7B,EarthVQA,cos_sim,27,28,significant_sdc,183,21,22,161,0.8797814207650273,0.5714891596797994,0.6671708153218638,0.2486333437327446,0.47116202131217844,0.7122204559189933,0.47801557583652377,0.6633194279292531,underpowered
llava15_earthvqa,LLaVA-1.5-7B,EarthVQA,cos_sim,28,29,non_sdc,7249,375,7249,0,0.0,0.9167138386032343,0.9383382201194763,0.06915520025007359,0.8991886973381042,0.9586115002632141,0.9115132874870313,0.9218714026961463,adequate
llava15_earthvqa,LLaVA-1.5-7B,EarthVQA,cos_sim,28,29,non_significant_sdc,68,42,68,0,0.0,0.8120701241191761,0.8636439681053162,0.16980340415712508,0.7444596363911553,0.925371310540608,0.7498286774991327,0.8607042633884333,adequate
llava15_earthvqa,LLaVA-1.5-7B,EarthVQA,cos_sim,28,29,significant_sdc,183,19,19,164,0.8961748633879781,0.4982134008808475,0.5668220410541612,0.2800148628002722,0.4071408651617109,0.6590419718805625,0.37087483611304883,0.6145442664648205,underpowered
llava15_earthvqa,LLaVA-1.5-7B,EarthVQA,cos_sim,29,30,non_sdc,7249,375,7249,0,0.0,0.9350062149440378,0.9553744196891785,0.06002784373266989,0.9187987208366394,0.9722276329994202,0.9309213775528097,0.9389212386782632,adequate
llava15_earthvqa,LLaVA-1.5-7B,EarthVQA,cos_sim,29,30,non_significant_sdc,68,42,68,0,0.0,0.8225939120349651,0.9044835226876395,0.17515762081331473,0.7933585517681562,0.9300482658935445,0.75906451028087,0.8668850122034112,adequate
llava15_earthvqa,LLaVA-1.5-7B,EarthVQA,cos_sim,29,30,significant_sdc,183,17,17,166,0.907103825136612,0.5096455718031687,0.6041838688155016,0.3025423722687464,0.3823646772272733,0.7313117847150686,0.3681004506999002,0.6439942357378874,underpowered
llava15_earthvqa,LLaVA-1.5-7B,EarthVQA,cos_sim,30,31,non_sdc,7249,375,7249,0,0.0,0.9511704019248776,0.9657926559448242,0.04571639955547579,0.9421772824393378,0.9773907661437988,0.9479362066438028,0.9541066144316629,adequate
llava15_earthvqa,LLaVA-1.5-7B,EarthVQA,cos_sim,30,31,non_significant_sdc,68,42,68,0,0.0,0.8761061949553702,0.9396347717924433,0.1591643629486658,0.8531451414931904,0.9537316277623177,0.8210312862268254,0.9138347140212741,adequate
llava15_earthvqa,LLaVA-1.5-7B,EarthVQA,cos_sim,30,31,significant_sdc,183,11,11,172,0.9398907103825137,0.5985088929773487,0.733016699552536,0.35292331508324676,0.3863282936230268,0.8640385419130325,0.38678407993311675,0.7831662164694059,underpowered
llava15_earthvqa,LLaVA-1.5-7B,EarthVQA,abs_mean_diff,0,1,non_sdc,7249,375,7249,0,0.0,0.00265280100521677,0.002586552611319348,0.0009958795771575358,0.0018868751358240843,0.003331863903440535,0.0025754250758453683,0.0027328998275564205,adequate
llava15_earthvqa,LLaVA-1.5-7B,EarthVQA,abs_mean_diff,0,1,non_significant_sdc,68,42,68,0,0.0,0.0022486729229323843,0.002173920723263026,0.000634592804332405,0.0018016572576016188,0.0024933417859886375,0.002064282265633796,0.0024586807366747112,adequate
llava15_earthvqa,LLaVA-1.5-7B,EarthVQA,abs_mean_diff,0,1,significant_sdc,183,69,73,110,0.6010928961748634,0.017412567739522565,0.020080262410207366,0.00668449269145532,0.018270273089446887,0.021117070718307276,0.015850628097821985,0.018840239627452286,adequate
llava15_earthvqa,LLaVA-1.5-7B,EarthVQA,abs_mean_diff,1,2,non_sdc,7249,375,7249,0,0.0,0.0025614886477354467,0.00251137644850782,0.0011039075571862515,0.001820130506530404,0.0030160199385136366,0.0024851095547192125,0.0026422812928532362,adequate
llava15_earthvqa,LLaVA-1.5-7B,EarthVQA,abs_mean_diff,1,2,non_significant_sdc,68,42,68,0,0.0,0.003214446477888314,0.002960906535874875,0.0008167197978854042,0.002660628189005365,0.003647696995288313,0.0029294620512871883,0.003521290698748925,adequate
llava15_earthvqa,LLaVA-1.5-7B,EarthVQA,abs_mean_diff,1,2,significant_sdc,183,66,70,113,0.6174863387978142,0.014435282127819806,0.01584807440801286,0.004574495828788088,0.01477718569011052,0.017186923165020428,0.013336809647934348,0.015451127131951592,adequate
llava15_earthvqa,LLaVA-1.5-7B,EarthVQA,abs_mean_diff,2,3,non_sdc,7249,375,7249,0,0.0,0.00563899918897817,0.005574770923703909,0.0020928794095272625,0.004559456370770931,0.006442668265663087,0.005524341013354488,0.005758003372867122,adequate
llava15_earthvqa,LLaVA-1.5-7B,EarthVQA,abs_mean_diff,2,3,non_significant_sdc,68,42,68,0,0.0,0.007477326182150614,0.008344643096539324,0.0019021721621170328,0.005983497528359294,0.008973605851578113,0.006685075701113127,0.008195091386629317,adequate
llava15_earthvqa,LLaVA-1.5-7B,EarthVQA,abs_mean_diff,2,3,significant_sdc,183,66,70,113,0.6174863387978142,0.011087552074619879,0.01179300533246477,0.0026949065846731267,0.0108604345670236,0.01247669474639911,0.010434534056701089,0.011683852807590548,adequate
llava15_earthvqa,LLaVA-1.5-7B,EarthVQA,abs_mean_diff,3,4,non_sdc,7249,375,7249,0,0.0,0.0059121159535213946,0.005843096598982811,0.002142188130464574,0.004279974848031998,0.007079370319843292,0.005794629852488158,0.00603266255799347,adequate
llava15_earthvqa,LLaVA-1.5-7B,EarthVQA,abs_mean_diff,3,4,non_significant_sdc,68,42,68,0,0.0,0.0061459583980861794,0.005757853702922899,0.0019313094513755823,0.005281810467400086,0.007050234115948635,0.0055422951794240295,0.006838054925748842,adequate
llava15_earthvqa,LLaVA-1.5-7B,EarthVQA,abs_mean_diff,3,4,significant_sdc,183,63,67,116,0.6338797814207651,0.005263271202720947,0.004964524191062973,0.0023470287465770408,0.0041788532256091734,0.005497430650783437,0.0047527223727984735,0.0058595127078157295,adequate
llava15_earthvqa,LLaVA-1.5-7B,EarthVQA,abs_mean_diff,4,5,non_sdc,7249,375,7249,0,0.0,0.0034466866015399494,0.003186611458659172,0.001315161071076078,0.002547440689522773,0.004198345821350813,0.0033582423698189953,0.00353695219675457,adequate
llava15_earthvqa,LLaVA-1.5-7B,EarthVQA,abs_mean_diff,4,5,non_significant_sdc,68,42,68,0,0.0,0.003395336579910537,0.003098261554259807,0.0013061711278052985,0.002451990998871714,0.004057586741899806,0.002921678806846413,0.0039033865735845696,adequate
llava15_earthvqa,LLaVA-1.5-7B,EarthVQA,abs_mean_diff,4,5,significant_sdc,183,59,63,120,0.6557377049180328,0.04472740013169815,0.003309919075964361,0.32561449142344917,0.002759265686071725,0.004069712249400588,0.0033398512009096605,0.12682312061075113,adequate
llava15_earthvqa,LLaVA-1.5-7B,EarthVQA,abs_mean_diff,5,6,non_sdc,7249,375,7249,0,0.0,0.0038097272535508398,0.0037773933727294207,0.001773576310398455,0.0024857826065272093,0.004928350361296907,0.0036864708938163927,0.003932154767783012,adequate
llava15_earthvqa,LLaVA-1.5-7B,EarthVQA,abs_mean_diff,5,6,non_significant_sdc,68,42,68,0,0.0,0.004540837299264519,0.00403140858023627,0.0018275668972429374,0.0035024227800022345,0.005617848783996041,0.0038616017580927415,0.005363938057023176,adequate
llava15_earthvqa,LLaVA-1.5-7B,EarthVQA,abs_mean_diff,5,6,significant_sdc,183,57,60,123,0.6721311475409837,0.058934990388561426,0.018117081004489517,0.3330072285303815,0.01716021941535232,0.018575903814053163,0.01485945374599953,0.14384308377255253,adequate
llava15_earthvqa,LLaVA-1.5-7B,EarthVQA,abs_mean_diff,6,7,non_sdc,7249,375,7249,0,0.0,0.006658013349443005,0.0066950947511941195,0.0026380816751215763,0.004565024732275763,0.008192013949155807,0.006469712077084283,0.006849225727450096,adequate
llava15_earthvqa,LLaVA-1.5-7B,EarthVQA,abs_mean_diff,6,7,non_significant_sdc,68,42,68,0,0.0,0.006317404015974568,0.0055684474604536915,0.0028698156763166567,0.004189659180365897,0.007613637301032073,0.005302307668925045,0.007615349085434651,adequate
llava15_earthvqa,LLaVA-1.5-7B,EarthVQA,abs_mean_diff,6,7,significant_sdc,183,56,59,124,0.6775956284153005,0.009689345720401536,0.009217051924586448,0.0057909789862347965,0.007732368674846746,0.010051828918370361,0.008518959661182893,0.011363300527515587,adequate
llava15_earthvqa,LLaVA-1.5-7B,EarthVQA,abs_mean_diff,7,8,non_sdc,7249,375,7249,0,0.0,0.004144804869595824,0.0040929485112428665,0.002232117887585422,0.00253854418406263,0.005613325745798647,0.003982934346559407,0.0043046885471763425,adequate
llava15_earthvqa,LLaVA-1.5-7B,EarthVQA,abs_mean_diff,7,8,non_significant_sdc,68,42,68,0,0.0,0.005931511004292267,0.00588222176884301,0.0018197651206513497,0.004825842443096917,0.007148752829100256,0.005302621189609675,0.006535503592707376,adequate
llava15_earthvqa,LLaVA-1.5-7B,EarthVQA,abs_mean_diff,7,8,significant_sdc,183,55,58,125,0.6830601092896175,0.008654511429497474,0.006877094174272226,0.00853322089418742,0.004683183996144645,0.00989374477173943,0.006772005378659325,0.01107922142247254,adequate
llava15_earthvqa,LLaVA-1.5-7B,EarthVQA,abs_mean_diff,8,9,non_sdc,7249,375,7249,0,0.0,0.004339968301592767,0.0040739939082413915,0.002232992064050982,0.002827021642588079,0.0054101888090372086,0.004169613423231515,0.004514390124278669,adequate
llava15_earthvqa,LLaVA-1.5-7B,EarthVQA,abs_mean_diff,8,9,non_significant_sdc,68,42,68,0,0.0,0.005087356952620166,0.0049323243678132955,0.002021312175042299,0.003683537177186316,0.005716064462571272,0.004474444059425676,0.005796739810757066,adequate
llava15_earthvqa,LLaVA-1.5-7B,EarthVQA,abs_mean_diff,8,9,significant_sdc,183,53,56,127,0.6939890710382514,0.012515117094515398,0.012722240383166591,0.006868784257795564,0.008183997892022298,0.01484493734861477,0.01069892307936877,0.014412265874553335,adequate
llava15_earthvqa,LLaVA-1.5-7B,EarthVQA,abs_mean_diff,9,10,non_sdc,7249,375,7249,0,0.0,0.0054588600318064414,0.004975263494998217,0.0030241771214717696,0.003530103713274002,0.0068418607115745544,0.0052255787555858845,0.0056969215638763325,adequate
llava15_earthvqa,LLaVA-1.5-7B,EarthVQA,abs_mean_diff,9,10,non_significant_sdc,68,42,68,0,0.0,0.0067957151090745445,0.0066097051720134916,0.0025485608687203527,0.005091588420327753,0.007594116320390077,0.006062021995278708,0.007684751294885187,adequate
llava15_earthvqa,LLaVA-1.5-7B,EarthVQA,abs_mean_diff,9,10,significant_sdc,183,51,54,129,0.7049180327868853,0.016015286173438472,0.015275087716575826,0.008683094202706023,0.012619591265802785,0.018244271494486198,0.013882019047713173,0.01834547803040736,adequate
llava15_earthvqa,LLaVA-1.5-7B,EarthVQA,abs_mean_diff,10,11,non_sdc,7249,375,7249,0,0.0,0.009569951210078559,0.008638963103294373,0.005388099581630373,0.005494070161754887,0.01262287376448512,0.009175182094534946,0.009979016521959172,adequate
llava15_earthvqa,LLaVA-1.5-7B,EarthVQA,abs_mean_diff,10,11,non_significant_sdc,68,42,68,0,0.0,0.010457861018337318,0.009485668048173898,0.004254339574454385,0.008010896373889409,0.01364418341708836,0.008846375197420939,0.012048360324397517,adequate
llava15_earthvqa,LLaVA-1.5-7B,EarthVQA,abs_mean_diff,10,11,significant_sdc,183,50,53,130,0.7103825136612022,0.020699160158117128,0.02028276928586467,0.007973228247772418,0.018361573492423917,0.02569604944912907,0.01853480601886681,0.02277211387375164,adequate
llava15_earthvqa,LLaVA-1.5-7B,EarthVQA,abs_mean_diff,11,12,non_sdc,7249,375,7249,0,0.0,0.008171368801725129,0.007784457784146071,0.004036013772885848,0.005712652672082185,0.010137088410556317,0.007904879611783428,0.008451882094412094,adequate
llava15_earthvqa,LLaVA-1.5-7B,EarthVQA,abs_mean_diff,11,12,non_significant_sdc,68,42,68,0,0.0,0.009280195097071087,0.00889458825146833,0.00367477145545216,0.0070943936356343325,0.012517155013123917,0.007878701631938989,0.01070478330562796,adequate
llava15_earthvqa,LLaVA-1.5-7B,EarthVQA,abs_mean_diff,11,12,significant_sdc,183,50,53,130,0.7103825136612022,0.020112341169978416,0.01943905454138484,0.008188516718273196,0.01681466885291192,0.023135975754002527,0.01805631819870158,0.022569532773735433,adequate
llava15_earthvqa,LLaVA-1.5-7B,EarthVQA,abs_mean_diff,12,13,non_sdc,7249,375,7249,0,0.0,0.010942071780578884,0.00964760376761357,0.006672519058902694,0.006612646393477917,0.013295074032309154,0.010493786888552488,0.011394190107480138,adequate
llava15_earthvqa,LLaVA-1.5-7B,EarthVQA,abs_mean_diff,12,13,non_significant_sdc,68,42,68,0,0.0,0.011165153309478662,0.010229246299004081,0.004293969063948818,0.008302105482601161,0.012211226028739475,0.009961633825850282,0.01257414310388589,adequate
llava15_earthvqa,LLaVA-1.5-7B,EarthVQA,abs_mean_diff,12,13,significant_sdc,183,50,52,131,0.7158469945355191,0.02252368490109652,0.02211083522023709,0.00703178949961481,0.018932706694717385,0.02711445935265332,0.020574680584506278,0.024416206683832938,adequate
llava15_earthvqa,LLaVA-1.5-7B,EarthVQA,abs_mean_diff,13,14,non_sdc,7249,375,7249,0,0.0,0.009354753854490838,0.009005656465888023,0.005118517241446687,0.005663368850946426,0.012736782897263765,0.008983127816104707,0.009733967889272482,adequate
llava15_earthvqa,LLaVA-1.5-7B,EarthVQA,abs_mean_diff,13,14,non_significant_sdc,68,42,68,0,0.0,0.010915088708934406,0.0095779527691775,0.004620545062863594,0.009208474154795775,0.012351577037147114,0.009724878986245673,0.012414950422052979,adequate
llava15_earthvqa,LLaVA-1.5-7B,EarthVQA,abs_mean_diff,13,14,significant_sdc,183,48,50,133,0.7267759562841529,0.03852761487554825,0.041143057090990545,0.016162061551184,0.03372472033738539,0.04951436846631066,0.033859612762396823,0.042984872203709126,adequate
llava15_earthvqa,LLaVA-1.5-7B,EarthVQA,abs_mean_diff,14,15,non_sdc,7249,375,7249,0,0.0,0.011110980370204715,0.010702191386371851,0.00580409493494933,0.006961779668927193,0.015123572200536728,0.01069840664787011,0.011528941105406159,adequate
llava15_earthvqa,LLaVA-1.5-7B,EarthVQA,abs_mean_diff,14,15,non_significant_sdc,68,42,68,0,0.0,0.01288176581456977,0.012071237666532397,0.004604230527188064,0.011143117774134645,0.014472647799322239,0.01151489887012204,0.014314213255209738,adequate
llava15_earthvqa,LLaVA-1.5-7B,EarthVQA,abs_mean_diff,14,15,significant_sdc,183,48,50,133,0.7267759562841529,0.011953513899051318,0.01050766770210003,0.007916758157241587,0.00704332037342035,0.014416693156223973,0.010012571228070397,0.014193759116398514,adequate
llava15_earthvqa,LLaVA-1.5-7B,EarthVQA,abs_mean_diff,15,16,non_sdc,7249,375,7249,0,0.0,0.010410575336772646,0.009828440689792236,0.005350432227185887,0.006312158983200788,0.013901479956176545,0.010021538282659549,0.01079176074684324,adequate
llava15_earthvqa,LLaVA-1.5-7B,EarthVQA,abs_mean_diff,15,16,non_significant_sdc,68,42,68,0,0.0,0.01337128632410755,0.013548112640689527,0.0045039834176196615,0.010763077238308532,0.015853338658676615,0.011800569581625219,0.014703722967208916,adequate
llava15_earthvqa,LLaVA-1.5-7B,EarthVQA,abs_mean_diff,15,16,significant_sdc,183,47,49,134,0.7322404371584699,0.017282355436313096,0.016813316957416887,0.005754859408490213,0.013527669473456181,0.02040137848294131,0.015721376921609163,0.018890502521991093,adequate
llava15_earthvqa,LLaVA-1.5-7B,EarthVQA,abs_mean_diff,16,17,non_sdc,7249,375,7249,0,0.0,0.008453858183410929,0.008183487225323915,0.004568438574130812,0.005216906700904171,0.010740124578164383,0.0081258948188742,0.00879835520902104,adequate
llava15_earthvqa,LLaVA-1.5-7B,EarthVQA,abs_mean_diff,16,17,non_significant_sdc,68,42,68,0,0.0,0.009628251954545492,0.00880585788446109,0.004197015873780003,0.006148640334140509,0.012511648431730768,0.008186068588004965,0.011303751996631613,adequate
llava15_earthvqa,LLaVA-1.5-7B,EarthVQA,abs_mean_diff,16,17,significant_sdc,183,45,47,136,0.7431693989071038,0.018495326926212956,0.017475538468938703,0.014515587535557907,0.011109788056310951,0.022311998260378534,0.014984557722522735,0.02349286853581108,adequate
llava15_earthvqa,LLaVA-1.5-7B,EarthVQA,abs_mean_diff,17,18,non_sdc,7249,375,7249,0,0.0,0.008152016173769233,0.007361637428402901,0.004537844430479891,0.005029368679970503,0.010554843074218794,0.007821243816345958,0.008493128703671183,adequate
llava15_earthvqa,LLaVA-1.5-7B,EarthVQA,abs_mean_diff,17,18,non_significant_sdc,68,42,68,0,0.0,0.011560659725260172,0.010719283577054739,0.00519516396274861,0.008289026140118949,0.013935514704494308,0.009929827159895117,0.013393042585214994,adequate
llava15_earthvqa,LLaVA-1.5-7B,EarthVQA,abs_mean_diff,17,18,significant_sdc,183,44,46,137,0.7486338797814207,0.011555008046598536,0.011395401094460442,0.0046646949238758895,0.00879111819085665,0.013555294381483098,0.01033652389719065,0.012889015458784056,adequate
llava15_earthvqa,LLaVA-1.5-7B,EarthVQA,abs_mean_diff,18,19,non_sdc,7249,375,7249,0,0.0,0.0072899675667716605,0.006355706928297877,0.00465224218007901,0.004447198007255793,0.008955605357186869,0.006966604385236569,0.007625343636979162,adequate
llava15_earthvqa,LLaVA-1.5-7B,EarthVQA,abs_mean_diff,18,19,non_significant_sdc,68,42,68,0,0.0,0.010618480055668025,0.009063234253387367,0.0058574241330741905,0.006811316384534751,0.01453050971031189,0.008662302147374665,0.012808465763271878,adequate
llava15_earthvqa,LLaVA-1.5-7B,EarthVQA,abs_mean_diff,18,19,significant_sdc,183,40,42,141,0.7704918032786885,0.01319037638586551,0.011237286900797365,0.010920852104390507,0.007561235898887093,0.015207926961506217,0.010502134498062662,0.016406813685721142,adequate
llava15_earthvqa,LLaVA-1.5-7B,EarthVQA,abs_mean_diff,19,20,non_sdc,7249,375,7249,0,0.0,0.008261044013246954,0.007177911698818207,0.005197990629516376,0.004448626097291708,0.011283244161556164,0.007868007799072277,0.008667436625785993,adequate
llava15_earthvqa,LLaVA-1.5-7B,EarthVQA,abs_mean_diff,19,20,non_significant_sdc,68,42,68,0,0.0,0.011268304432421536,0.009525849286896678,0.007326724049290822,0.008080118655925617,0.013816005868725797,0.009327455416688344,0.013670038863233343,adequate
llava15_earthvqa,LLaVA-1.5-7B,EarthVQA,abs_mean_diff,19,20,significant_sdc,183,39,41,142,0.7759562841530054,0.014556140316937806,0.013824581793433398,0.006853844749743491,0.010549210748464172,0.016784015472750276,0.012617077870613872,0.016755550802242447,adequate
llava15_earthvqa,LLaVA-1.5-7B,EarthVQA,abs_mean_diff,20,21,non_sdc,7249,375,7249,0,0.0,0.010569806110587235,0.009794730693101883,0.005243603772075292,0.006709799024974927,0.013871020870283246,0.01017403282172122,0.010978833653628088,adequate
llava15_earthvqa,LLaVA-1.5-7B,EarthVQA,abs_mean_diff,20,21,non_significant_sdc,68,42,68,0,0.0,0.013198974801240161,0.011810994267995867,0.00610706678131797,0.00913898315775441,0.015167690436023154,0.011258755026217319,0.0154052211350664,adequate
llava15_earthvqa,LLaVA-1.5-7B,EarthVQA,abs_mean_diff,20,21,significant_sdc,183,38,39,144,0.7868852459016393,0.01699796705580429,0.0157046518003454,0.008536081104525447,0.01153479197195598,0.02056589026042089,0.01453424791848346,0.01974023463974458,adequate
llava15_earthvqa,LLaVA-1.5-7B,EarthVQA,abs_mean_diff,21,22,non_sdc,7249,375,7249,0,0.0,0.008570763059023347,0.0076347411506705815,0.005514334679860632,0.005078229773789644,0.010846515186131,0.008189684596632612,0.008987777122479175,adequate
llava15_earthvqa,LLaVA-1.5-7B,EarthVQA,abs_mean_diff,21,22,non_significant_sdc,68,42,68,0,0.0,0.011480340879747987,0.009602718392852694,0.005811968848924152,0.006179367153630925,0.017135891629620276,0.009221008231730062,0.013846530456698475,adequate
llava15_earthvqa,LLaVA-1.5-7B,EarthVQA,abs_mean_diff,21,22,significant_sdc,183,35,36,147,0.8032786885245902,0.016743657209820222,0.01189797818755769,0.014870492362754348,0.00849617873698625,0.01759807210491628,0.012472104275701293,0.02194002921964323,adequate
llava15_earthvqa,LLaVA-1.5-7B,EarthVQA,abs_mean_diff,22,23,non_sdc,7249,375,7249,0,0.0,0.014146302381652444,0.013329600294431051,0.008238791860581863,0.008293874561786652,0.018380282611663763,0.013557303756050756,0.014759001138386837,adequate
llava15_earthvqa,LLaVA-1.5-7B,EarthVQA,abs_mean_diff,22,23,non_significant_sdc,68,42,68,0,0.0,0.020341722989542572,0.01903663924895227,0.010277947595103793,0.014097375346214644,0.02841546839206583,0.01704327990761793,0.02418019537301075,adequate
llava15_earthvqa,LLaVA-1.5-7B,EarthVQA,abs_mean_diff,22,23,significant_sdc,183,32,33,150,0.819672131147541,0.032004441302726165,0.030974656723591745,0.01975573311859748,0.024683343037506755,0.03674865536847893,0.026625020590785017,0.03882627676365328,adequate
llava15_earthvqa,LLaVA-1.5-7B,EarthVQA,abs_mean_diff,23,24,non_sdc,7249,375,7249,0,0.0,0.00831511718639219,0.007859218710412582,0.0044832482153500785,0.005236086808145047,0.010642096832660692,0.008009256901483615,0.008640180370490943,adequate
llava15_earthvqa,LLaVA-1.5-7B,EarthVQA,abs_mean_diff,23,24,non_significant_sdc,68,42,68,0,0.0,0.013310452900824214,0.011856005920673766,0.010993232241142502,0.006513458086244229,0.015342464275398435,0.01028309590484749,0.01737983406103948,adequate
llava15_earthvqa,LLaVA-1.5-7B,EarthVQA,abs_mean_diff,23,24,significant_sdc,183,32,33,150,0.819672131147541,0.028587359308086018,0.027716262142497058,0.021444569999439857,0.019498268933966757,0.03339393841748943,0.021881811098937866,0.03627896557866923,adequate
llava15_earthvqa,LLaVA-1.5-7B,EarthVQA,abs_mean_diff,24,25,non_sdc,7249,375,7249,0,0.0,0.007869076489763796,0.007240941748023033,0.004450712111392173,0.004906121641397476,0.010019829496741295,0.0075411864293818244,0.0082072251607873,adequate
llava15_earthvqa,LLaVA-1.5-7B,EarthVQA,abs_mean_diff,24,25,non_significant_sdc,68,42,68,0,0.0,0.01167157701174967,0.010721762327907176,0.006658040723608657,0.00792431114574096,0.013791200632113032,0.00990584785435352,0.013920832635634116,adequate
llava15_earthvqa,LLaVA-1.5-7B,EarthVQA,abs_mean_diff,24,25,significant_sdc,183,28,29,154,0.8415300546448088,0.046190605367450135,0.049458499228087614,0.0301009576360856,0.025325156140084168,0.05850275243366403,0.03563150477734182,0.05710019318032954,underpowered
llava15_earthvqa,LLaVA-1.5-7B,EarthVQA,abs_mean_diff,25,26,non_sdc,7249,375,7249,0,0.0,0.00882691986505575,0.00808569062501192,0.005367835836345545,0.005200544558465481,0.01136847399175167,0.00843518735632084,0.00922106172480519,adequate
llava15_earthvqa,LLaVA-1.5-7B,EarthVQA,abs_mean_diff,25,26,non_significant_sdc,68,42,68,0,0.0,0.014389060945866674,0.012009324917856317,0.011877724796451262,0.009400227538467983,0.016191570056924738,0.011795785912823934,0.01819693488112736,adequate
llava15_earthvqa,LLaVA-1.5-7B,EarthVQA,abs_mean_diff,25,26,significant_sdc,183,26,27,156,0.8524590163934427,0.03611130041161803,0.028491646450545107,0.02449989895253296,0.02018025361949277,0.04717178668883838,0.027650990807798217,0.04503282987011035,underpowered
llava15_earthvqa,LLaVA-1.5-7B,EarthVQA,abs_mean_diff,26,27,non_sdc,7249,375,7249,0,0.0,0.009845077030742768,0.009187024552375078,0.005616955292588051,0.006205820478498936,0.012762804515659809,0.00941300648261507,0.01028928635739247,adequate
llava15_earthvqa,LLaVA-1.5-7B,EarthVQA,abs_mean_diff,26,27,non_significant_sdc,68,42,68,0,0.0,0.014163916696306808,0.012227610335685313,0.009003137589051313,0.008788017381448299,0.016612182452809064,0.011719463816438031,0.017346305277723205,adequate
llava15_earthvqa,LLaVA-1.5-7B,EarthVQA,abs_mean_diff,26,27,significant_sdc,183,23,24,159,0.8688524590163934,0.027296556017872325,0.024276586415778314,0.020305325835994956,0.01517543415372659,0.030992394860843386,0.020447168669569103,0.03595227540600223,underpowered
llava15_earthvqa,LLaVA-1.5-7B,EarthVQA,abs_mean_diff,27,28,non_sdc,7249,375,7249,0,0.0,0.009422580915288333,0.0081623749807477,0.006513831750041476,0.005263044498860836,0.011965602112468332,0.008944521655617155,0.009905595636263887,adequate
llava15_earthvqa,LLaVA-1.5-7B,EarthVQA,abs_mean_diff,27,28,non_significant_sdc,68,42,68,0,0.0,0.013713460375643891,0.011001411571891773,0.01049760983440982,0.007106547073150674,0.013988799424483798,0.010953374290962234,0.017307608438645393,adequate
llava15_earthvqa,LLaVA-1.5-7B,EarthVQA,abs_mean_diff,27,28,significant_sdc,183,21,22,161,0.8797814207650273,0.04071872162494013,0.024199892089664176,0.04276886886644424,0.017073822022434702,0.04344623427058817,0.025848394869471297,0.059464930210052065,underpowered
llava15_earthvqa,LLaVA-1.5-7B,EarthVQA,abs_mean_diff,28,29,non_sdc,7249,375,7249,0,0.0,0.012112680316501673,0.010911592748016119,0.007567764404309746,0.0073113106191158295,0.015281341038644314,0.01153782540382588,0.01270480177108102,adequate
llava15_earthvqa,LLaVA-1.5-7B,EarthVQA,abs_mean_diff,28,29,non_significant_sdc,68,42,68,0,0.0,0.01775922475125697,0.011661403957987204,0.01615370217861326,0.010314251761883497,0.020045740906005867,0.014093384623170386,0.023168851613509928,adequate
llava15_earthvqa,LLaVA-1.5-7B,EarthVQA,abs_mean_diff,28,29,significant_sdc,183,19,19,164,0.8961748633879781,0.05058099516962424,0.04062835393682578,0.03404038751810809,0.02661717385571036,0.06794592605580632,0.03676615445906903,0.06614282339193668,underpowered
llava15_earthvqa,LLaVA-1.5-7B,EarthVQA,abs_mean_diff,29,30,non_sdc,7249,375,7249,0,0.0,0.014515843093390109,0.012609846191480756,0.008708883466378974,0.008607077567527691,0.018456177785992622,0.013851231379259497,0.015185969953017372,adequate
llava15_earthvqa,LLaVA-1.5-7B,EarthVQA,abs_mean_diff,29,30,non_significant_sdc,68,42,68,0,0.0,0.017293351574261033,0.015058172068425586,0.013605735526390553,0.008664815081283452,0.021061536291829094,0.013560916234044106,0.02215766409022609,adequate
llava15_earthvqa,LLaVA-1.5-7B,EarthVQA,abs_mean_diff,29,30,significant_sdc,183,17,17,166,0.907103825136612,0.04437323174651424,0.027070526602781482,0.05228975287154986,0.017161117448490495,0.04624724206609689,0.024689423564540233,0.07190535755900539,underpowered
llava15_earthvqa,LLaVA-1.5-7B,EarthVQA,abs_mean_diff,30,31,non_sdc,7249,375,7249,0,0.0,0.012974921956223344,0.01133674755692482,0.008663484852891012,0.007544916123151779,0.01602531224489212,0.012383884680540677,0.013604821767867314,adequate
llava15_earthvqa,LLaVA-1.5-7B,EarthVQA,abs_mean_diff,30,31,non_significant_sdc,68,42,68,0,0.0,0.032495750145191474,0.018819808028638363,0.10426407412119548,0.011738959252117917,0.021630113251462933,0.017095254738929526,0.06580063695293957,adequate
llava15_earthvqa,LLaVA-1.5-7B,EarthVQA,abs_mean_diff,30,31,significant_sdc,183,11,11,172,0.9398907103825137,0.06956047678835063,0.03128892977779009,0.12608880025409158,0.020935534447845485,0.04789939505810087,0.02540727261443805,0.14790697144385856,underpowered
llava15_earthvqa,LLaVA-1.5-7B,EarthVQA,abs_std_diff,0,1,non_sdc,7249,375,7249,0,0.0,0.03175678650094149,0.030634442033867042,0.005204828545483479,0.028243333101272583,0.036504884250462055,0.031444052932958884,0.032063056991083326,adequate
llava15_earthvqa,LLaVA-1.5-7B,EarthVQA,abs_std_diff,0,1,non_significant_sdc,68,42,68,0,0.0,0.03000538833581973,0.03138236071182681,0.004964058628728433,0.027975803751238433,0.0330868037417531,0.028015041767626734,0.03191457445608627,adequate
llava15_earthvqa,LLaVA-1.5-7B,EarthVQA,abs_std_diff,0,1,significant_sdc,183,69,73,110,0.6010928961748634,0.017432297658835916,0.01601068622299603,0.005659239740065187,0.014017163110630853,0.021227409530963217,0.01616581338591692,0.01875117046645388,adequate
llava15_earthvqa,LLaVA-1.5-7B,EarthVQA,abs_std_diff,1,2,non_sdc,7249,375,7249,0,0.0,0.024270157099669776,0.024324661386864527,0.005230503244896736,0.01982550323009491,0.029027950949966908,0.0239257708436779,0.024619789744409277,adequate
llava15_earthvqa,LLaVA-1.5-7B,EarthVQA,abs_std_diff,1,2,non_significant_sdc,68,42,68,0,0.0,0.02180894033077858,0.0215780229822218,0.004523190426162576,0.017853857949376106,0.023849631160763756,0.020422667116406425,0.023263830427952936,adequate
llava15_earthvqa,LLaVA-1.5-7B,EarthVQA,abs_std_diff,1,2,significant_sdc,183,66,70,113,0.6174863387978142,0.019354596413317837,0.018650669946658368,0.003630542908064184,0.016716456858023088,0.02131551313118971,0.01852052876036673,0.020219743763468648,adequate
llava15_earthvqa,LLaVA-1.5-7B,EarthVQA,abs_std_diff,2,3,non_sdc,7249,375,7249,0,0.0,0.025824559145954048,0.025509526021778584,0.0049273473257719445,0.022161728143692015,0.030023714527487755,0.02561010707808931,0.02603647870223697,adequate
llava15_earthvqa,LLaVA-1.5-7B,EarthVQA,abs_std_diff,2,3,non_significant_sdc,68,42,68,0,0.0,0.026696752052056946,0.026290119999820102,0.0053808788076131235,0.02230203626063335,0.03243238478899002,0.024371705895361882,0.02888170577606271,adequate
llava15_earthvqa,LLaVA-1.5-7B,EarthVQA,abs_std_diff,2,3,significant_sdc,183,66,70,113,0.6174863387978142,0.022152416122372193,0.022388336837899928,0.0025831910043916132,0.021001277719529306,0.023419042944680064,0.02152259087263693,0.02272886784586162,adequate
llava15_earthvqa,LLaVA-1.5-7B,EarthVQA,abs_std_diff,3,4,non_sdc,7249,375,7249,0,0.0,0.022947813806507816,0.022702404856681825,0.006918962796845044,0.01723119616508484,0.026355708447786477,0.022509877201115747,0.023389595186105398,adequate
llava15_earthvqa,LLaVA-1.5-7B,EarthVQA,abs_std_diff,3,4,non_significant_sdc,68,42,68,0,0.0,0.022086220508354217,0.022391336038708687,0.0043913521333866475,0.019281883616573535,0.024827085727487097,0.02047072411032325,0.023626060049543856,adequate
llava15_earthvqa,LLaVA-1.5-7B,EarthVQA,abs_std_diff,3,4,significant_sdc,183,63,67,116,0.6338797814207651,0.010023071488022955,0.00899501585838746,0.004626348586342279,0.007320027342256234,0.010092224013440463,0.009035017449222374,0.011150000549097322,adequate
llava15_earthvqa,LLaVA-1.5-7B,EarthVQA,abs_std_diff,4,5,non_sdc,7249,375,7249,0,0.0,0.028297413590655646,0.027325288259557316,0.007746544670971195,0.022806286811828613,0.0364327821880579,0.027810578271207205,0.02877712863531869,adequate
llava15_earthvqa,LLaVA-1.5-7B,EarthVQA,abs_std_diff,4,5,non_significant_sdc,68,42,68,0,0.0,0.02481270959065661,0.025144268638707314,0.0067054302175082025,0.02131485380232334,0.02897932845075707,0.022626077606449108,0.02707544397107809,adequate
llava15_earthvqa,LLaVA-1.5-7B,EarthVQA,abs_std_diff,4,5,significant_sdc,183,59,63,120,0.6557377049180328,0.2536476544322511,0.015451127967360069,1.8846131161453,0.013997248403299497,0.017552938407325015,0.015534875823942166,0.7287818457014565,adequate
llava15_earthvqa,LLaVA-1.5-7B,EarthVQA,abs_std_diff,5,6,non_sdc,7249,375,7249,0,0.0,0.03449609059316287,0.03448040851137855,0.007430407884731578,0.02926626718706555,0.0392343836526076,0.03398890472619532,0.035000908279758845,adequate
llava15_earthvqa,LLaVA-1.5-7B,EarthVQA,abs_std_diff,5,6,non_significant_sdc,68,42,68,0,0.0,0.032298001445010355,0.03179642132350377,0.005091093805477589,0.0293203704059124,0.03489336253215487,0.03087390851893388,0.033960778565852605,adequate
llava15_earthvqa,LLaVA-1.5-7B,EarthVQA,abs_std_diff,5,6,significant_sdc,183,57,60,123,0.6721311475409837,0.26601900213291296,0.01900008986038821,1.9027872634800527,0.01713005300661942,0.020989049967302352,0.01917044101361164,0.7567479098696813,adequate
llava15_earthvqa,LLaVA-1.5-7B,EarthVQA,abs_std_diff,6,7,non_sdc,7249,375,7249,0,0.0,0.03182334057103726,0.032038587145507336,0.00815665317039275,0.02840656516226855,0.03659184090793133,0.031300797805879105,0.03234957721739687,adequate
llava15_earthvqa,LLaVA-1.5-7B,EarthVQA,abs_std_diff,6,7,non_significant_sdc,68,42,68,0,0.0,0.029961570647554864,0.03020093363638108,0.00622224078192365,0.026256284454748743,0.03301157080568373,0.027491591427473844,0.03256719363856475,adequate
llava15_earthvqa,LLaVA-1.5-7B,EarthVQA,abs_std_diff,6,7,significant_sdc,183,56,59,124,0.6775956284153005,0.024730763831316484,0.020791579265983736,0.023563349983861413,0.01805479786529833,0.02326647944900454,0.02012731397060245,0.03163979633113006,adequate
llava15_earthvqa,LLaVA-1.5-7B,EarthVQA,abs_std_diff,7,8,non_sdc,7249,375,7249,0,0.0,0.023592533221110216,0.026574121167262394,0.010243193163524365,0.017803318798542023,0.03088473156094551,0.0229347483485393,0.02423647774192339,adequate
llava15_earthvqa,LLaVA-1.5-7B,EarthVQA,abs_std_diff,7,8,non_significant_sdc,68,42,68,0,0.0,0.029495339674532394,0.03163927899939673,0.007055896298907907,0.023755450661365803,0.03262731758877635,0.026753236039860875,0.032075599979522494,adequate
llava15_earthvqa,LLaVA-1.5-7B,EarthVQA,abs_std_diff,7,8,significant_sdc,183,55,58,125,0.6830601092896175,0.037532097725206076,0.03695116481002496,0.015709747081349777,0.03296681021207146,0.038877472566554744,0.03395115940679217,0.04178669112349416,adequate
llava15_earthvqa,LLaVA-1.5-7B,EarthVQA,abs_std_diff,8,9,non_sdc,7249,375,7249,0,0.0,0.03146277439706656,0.030917849391698837,0.007229677755311546,0.026238507458141873,0.0361318439245224,0.031019126171548356,0.03191262836967565,adequate
llava15_earthvqa,LLaVA-1.5-7B,EarthVQA,abs_std_diff,8,9,non_significant_sdc,68,42,68,0,0.0,0.02626452282851206,0.02618248201906681,0.005241252069354219,0.02307358314283192,0.030509081669151783,0.024514813660608325,0.028280993367372713,adequate
llava15_earthvqa,LLaVA-1.5-7B,EarthVQA,abs_std_diff,8,9,significant_sdc,183,53,56,127,0.6939890710382514,0.04320144872790398,0.04632394650608909,0.009239890388319513,0.04422647188588673,0.048262981526857734,0.04067358890761582,0.04550698910096752,adequate
llava15_earthvqa,LLaVA-1.5-7B,EarthVQA,abs_std_diff,9,10,non_sdc,7249,375,7249,0,0.0,0.023215263329027968,0.024643000215291977,0.008663065431242596,0.016738981008529663,0.02894074097275734,0.02260208736014567,0.023832389106283495,adequate
llava15_earthvqa,LLaVA-1.5-7B,EarthVQA,abs_std_diff,9,10,non_significant_sdc,68,42,68,0,0.0,0.027128495533790667,0.026037503753534773,0.007311507008819668,0.021284964053876816,0.032390963138332445,0.024374586467784443,0.029840697254045624,adequate
llava15_earthvqa,LLaVA-1.5-7B,EarthVQA,abs_std_diff,9,10,significant_sdc,183,51,54,129,0.7049180327868853,0.02148306231237084,0.020615070031917825,0.005861843959340101,0.01834191967334066,0.02359529303348794,0.020122870194060963,0.023136085124506267,adequate
llava15_earthvqa,LLaVA-1.5-7B,EarthVQA,abs_std_diff,10,11,non_sdc,7249,375,7249,0,0.0,0.03935602328200757,0.0402391470140881,0.010159356255570464,0.03267483040690422,0.04600735008716583,0.03854328761124006,0.04016326012718751,adequate
llava15_earthvqa,LLaVA-1.5-7B,EarthVQA,abs_std_diff,10,11,non_significant_sdc,68,42,68,0,0.0,0.03632063436837605,0.037995672651699605,0.007366790791206494,0.029832735657691956,0.04084355836468083,0.03341752093454429,0.03893805247083419,adequate
llava15_earthvqa,LLaVA-1.5-7B,EarthVQA,abs_std_diff,10,11,significant_sdc,183,50,53,130,0.7103825136612022,0.05416283579281879,0.05546309312387389,0.014592053424768648,0.0488585318837847,0.06029609758026746,0.05037044039901994,0.0582669209170108,adequate
llava15_earthvqa,LLaVA-1.5-7B,EarthVQA,abs_std_diff,11,12,non_sdc,7249,375,7249,0,0.0,0.04892608520082238,0.04665111564099789,0.012454589572644666,0.04012813866138458,0.057442791759967804,0.048090495582061195,0.049780322503119506,adequate
llava15_earthvqa,LLaVA-1.5-7B,EarthVQA,abs_std_diff,11,12,non_significant_sdc,68,42,68,0,0.0,0.04076630388593521,0.04095591465011239,0.008358842609182094,0.03399835541271246,0.04497312930013452,0.03803358854149098,0.043770614900080544,adequate
llava15_earthvqa,LLaVA-1.5-7B,EarthVQA,abs_std_diff,11,12,significant_sdc,183,50,53,130,0.7103825136612022,0.04935257997686516,0.0493678227827257,0.00979415717017514,0.04336912063311557,0.05409028069401274,0.046852210255080705,0.05193984090526852,adequate
llava15_earthvqa,LLaVA-1.5-7B,EarthVQA,abs_std_diff,12,13,non_sdc,7249,375,7249,0,0.0,0.041289009754683914,0.042801372706890106,0.010718482167185387,0.03452949970960617,0.04855852574110031,0.04049324104017131,0.042067918309865684,adequate
llava15_earthvqa,LLaVA-1.5-7B,EarthVQA,abs_std_diff,12,13,non_significant_sdc,68,42,68,0,0.0,0.04273911252040592,0.04534337744116783,0.009402834962565937,0.039069059171846936,0.04972416162490845,0.0396751094299307,0.045582886337773826,adequate
llava15_earthvqa,LLaVA-1.5-7B,EarthVQA,abs_std_diff,12,13,significant_sdc,183,50,52,131,0.7158469945355191,0.030984724905321656,0.030065504073792576,0.011865862414718388,0.025088021702760338,0.03520431343884188,0.027907087954656556,0.034849899599499606,adequate
llava15_earthvqa,LLaVA-1.5-7B,EarthVQA,abs_std_diff,13,14,non_sdc,7249,375,7249,0,0.0,0.020805911798026513,0.02250928059220314,0.010913702050419105,0.011842280626296997,0.028178735325733822,0.020157953548866486,0.02146232258787986,adequate
llava15_earthvqa,LLaVA-1.5-7B,EarthVQA,abs_std_diff,13,14,non_significant_sdc,68,42,68,0,0.0,0.02593170377298575,0.027913572111477457,0.009284435198833287,0.019532033027364656,0.03261012790931596,0.022216720331635305,0.029796230095436787,adequate
llava15_earthvqa,LLaVA-1.5-7B,EarthVQA,abs_std_diff,13,14,significant_sdc,183,48,50,133,0.7267759562841529,0.051640533876792905,0.055705425006394485,0.016223387057343008,0.04816712560702344,0.06376981702918301,0.04709753814114631,0.05569431897784594,adequate
llava15_earthvqa,LLaVA-1.5-7B,EarthVQA,abs_std_diff,14,15,non_sdc,7249,375,7249,0,0.0,0.02228653796262344,0.02276655286550522,0.009958115194854462,0.014783814549446106,0.02932537512646781,0.021728372616765915,0.02285192653039458,adequate
llava15_earthvqa,LLaVA-1.5-7B,EarthVQA,abs_std_diff,14,15,non_significant_sdc,68,42,68,0,0.0,0.027754865748665966,0.029344256967306137,0.00840181044579625,0.02203167804206411,0.03528492525219917,0.0244134652570464,0.03104242265824884,adequate
llava15_earthvqa,LLaVA-1.5-7B,EarthVQA,abs_std_diff,14,15,significant_sdc,183,48,50,133,0.7267759562841529,0.02786227713613148,0.02780072657125337,0.008342058808008762,0.021792463083960573,0.030240627956025456,0.02562849757895412,0.030085568992554726,adequate
llava15_earthvqa,LLaVA-1.5-7B,EarthVQA,abs_std_diff,15,16,non_sdc,7249,375,7249,0,0.0,0.025149256869085233,0.02604299783706665,0.01167464556597256,0.018333829939365387,0.03237874209880829,0.02446121279037309,0.02584248318185424,adequate
llava15_earthvqa,LLaVA-1.5-7B,EarthVQA,abs_std_diff,15,16,non_significant_sdc,68,42,68,0,0.0,0.02722136527582581,0.028642759126211916,0.005541512337395023,0.02196337149611541,0.03191625513136387,0.025144867065125955,0.028978217046560395,adequate
llava15_earthvqa,LLaVA-1.5-7B,EarthVQA,abs_std_diff,15,16,significant_sdc,183,47,49,134,0.7322404371584699,0.029260830995095244,0.027876731753349305,0.013244499042131682,0.023537472802765514,0.03219440641502539,0.026046687708146155,0.03286496250423599,adequate
llava15_earthvqa,LLaVA-1.5-7B,EarthVQA,abs_std_diff,16,17,non_sdc,7249,375,7249,0,0.0,0.0587942309621809,0.058450207114219666,0.013576564177748,0.04886440601613787,0.06922851968556643,0.05769546147818027,0.0599093235059416,adequate
llava15_earthvqa,LLaVA-1.5-7B,EarthVQA,abs_std_diff,16,17,non_significant_sdc,68,42,68,0,0.0,0.04668649679232475,0.04646791231173736,0.016387714093908275,0.04014329884487849,0.05330466153100133,0.04129544560816301,0.05248083326002073,adequate
llava15_earthvqa,LLaVA-1.5-7B,EarthVQA,abs_std_diff,16,17,significant_sdc,183,45,47,136,0.7431693989071038,0.07337781058960215,0.07693535401200761,0.014466455486139132,0.06988328330370844,0.08047210926912268,0.06907288467042849,0.07726933147984522,adequate
llava15_earthvqa,LLaVA-1.5-7B,EarthVQA,abs_std_diff,17,18,non_sdc,7249,375,7249,0,0.0,0.02327616606153368,0.024113638060433523,0.01098285759984939,0.017169544100761415,0.030018189921975136,0.022543849868851145,0.02403205403582815,adequate
llava15_earthvqa,LLaVA-1.5-7B,EarthVQA,abs_std_diff,17,18,non_significant_sdc,68,42,68,0,0.0,0.03499307050632807,0.039127578563762436,0.01553733218410157,0.024256727761692472,0.041016927521143644,0.028324007593444396,0.04088415412895684,adequate
llava15_earthvqa,LLaVA-1.5-7B,EarthVQA,abs_std_diff,17,18,significant_sdc,183,44,46,137,0.7486338797814207,0.04403054905946501,0.044229346270463904,0.018750441373962975,0.035476439222969905,0.054538105139318775,0.03874438869051909,0.049662798310701736,adequate
llava15_earthvqa,LLaVA-1.5-7B,EarthVQA,abs_std_diff,18,19,non_sdc,7249,375,7249,0,0.0,0.041233671493935614,0.0422175203760465,0.011190193269888985,0.0310510341078043,0.050043776631355286,0.04034054415524029,0.04213648280846791,adequate
llava15_earthvqa,LLaVA-1.5-7B,EarthVQA,abs_std_diff,18,19,non_significant_sdc,68,42,68,0,0.0,0.03884616471230005,0.03817360894754529,0.007587258832598051,0.03435088401394231,0.043255798658356076,0.03640141182561365,0.041533624821729245,adequate
llava15_earthvqa,LLaVA-1.5-7B,EarthVQA,abs_std_diff,18,19,significant_sdc,183,40,42,141,0.7704918032786885,0.0401822516662448,0.04126359172621552,0.012202732824838795,0.03410266922900872,0.04603403112946117,0.036533577165447674,0.04387396982988197,adequate
llava15_earthvqa,LLaVA-1.5-7B,EarthVQA,abs_std_diff,19,20,non_sdc,7249,375,7249,0,0.0,0.01915456131722122,0.019150689244270325,0.009782673195617878,0.012812569737434387,0.024253031611442565,0.018473534569102546,0.019840157281088264,adequate
llava15_earthvqa,LLaVA-1.5-7B,EarthVQA,abs_std_diff,19,20,non_significant_sdc,68,42,68,0,0.0,0.025706397036688675,0.02207772220884051,0.00932062207626104,0.01786585059016943,0.03177850693464279,0.022439246049732478,0.029582874222527467,adequate
llava15_earthvqa,LLaVA-1.5-7B,EarthVQA,abs_std_diff,19,20,significant_sdc,183,39,41,142,0.7759562841530054,0.05159452384762988,0.053123452757694284,0.023889787728832393,0.03881735339456675,0.06240967790387115,0.04482449778182431,0.05847551643957889,adequate
llava15_earthvqa,LLaVA-1.5-7B,EarthVQA,abs_std_diff,20,21,non_sdc,7249,375,7249,0,0.0,0.057087786998485525,0.05634170919656754,0.014335672198031855,0.04771419117848078,0.06637172028422356,0.056091609782714616,0.05810805926048667,adequate
llava15_earthvqa,LLaVA-1.5-7B,EarthVQA,abs_std_diff,20,21,non_significant_sdc,68,42,68,0,0.0,0.044399097128098204,0.04504917135350725,0.01124080886176926,0.03698984676828751,0.05066608903663499,0.04087054950777499,0.04820680322373494,adequate
llava15_earthvqa,LLaVA-1.5-7B,EarthVQA,abs_std_diff,20,21,significant_sdc,183,38,39,144,0.7868852459016393,0.05678018813474994,0.053963849490339104,0.020330535085619213,0.046515079709340115,0.060659761954512864,0.05085341101435786,0.0645056745418132,adequate
llava15_earthvqa,LLaVA-1.5-7B,EarthVQA,abs_std_diff,21,22,non_sdc,7249,375,7249,0,0.0,0.03627757010944873,0.03385021537542343,0.013876135502599335,0.027027963971098263,0.04316851496696472,0.035296055134070005,0.03729750189646184,adequate
llava15_earthvqa,LLaVA-1.5-7B,EarthVQA,abs_std_diff,21,22,non_significant_sdc,68,42,68,0,0.0,0.03441467550803583,0.0327196737130483,0.008210352503251077,0.028273306787014008,0.040135799907147884,0.03165829510227083,0.037312582809801514,adequate
llava15_earthvqa,LLaVA-1.5-7B,EarthVQA,abs_std_diff,21,22,significant_sdc,183,35,36,147,0.8032786885245902,0.041723985234049556,0.0436135859665822,0.0159393142431937,0.03310792570059397,0.0505058669549083,0.036336055903017486,0.04722107164065657,adequate
llava15_earthvqa,LLaVA-1.5-7B,EarthVQA,abs_std_diff,22,23,non_sdc,7249,375,7249,0,0.0,0.04688783639469928,0.05069534345106645,0.016938773381773024,0.035492897033691406,0.05963627249002457,0.04572864710604531,0.04802504821359821,adequate
llava15_earthvqa,LLaVA-1.5-7B,EarthVQA,abs_std_diff,22,23,non_significant_sdc,68,42,68,0,0.0,0.05333809426389663,0.05552148177073552,0.015226417253451656,0.044837182801630765,0.06269943792544001,0.048077252886312774,0.05817347027558213,adequate
llava15_earthvqa,LLaVA-1.5-7B,EarthVQA,abs_std_diff,22,23,significant_sdc,183,32,33,150,0.819672131147541,0.09304104592732879,0.1099596095024323,0.03261746957254233,0.05985631048679352,0.11617382729844171,0.08089485795106507,0.10399777450199556,adequate
llava15_earthvqa,LLaVA-1.5-7B,EarthVQA,abs_std_diff,23,24,non_sdc,7249,375,7249,0,0.0,0.03996313575728833,0.03459405433386564,0.017362817098451507,0.029059067368507385,0.04733308404684067,0.03887869539147656,0.04106016739858631,adequate
llava15_earthvqa,LLaVA-1.5-7B,EarthVQA,abs_std_diff,23,24,non_significant_sdc,68,42,68,0,0.0,0.033452641989606374,0.03171713908131306,0.008827647181879202,0.02897026362972191,0.03825349104590714,0.030284309646337323,0.03660354276627918,adequate
llava15_earthvqa,LLaVA-1.5-7B,EarthVQA,abs_std_diff,23,24,significant_sdc,183,32,33,150,0.819672131147541,0.033311799616241505,0.024930757223343362,0.037737293424918925,0.015569450599806649,0.034625958651304245,0.024205269268764887,0.04547176920821495,adequate
llava15_earthvqa,LLaVA-1.5-7B,EarthVQA,abs_std_diff,24,25,non_sdc,7249,375,7249,0,0.0,0.0634453055637953,0.06677557900547981,0.02095162343168132,0.04445628076791763,0.07955804094672203,0.06230021844712801,0.0645801511949062,adequate
llava15_earthvqa,LLaVA-1.5-7B,EarthVQA,abs_std_diff,24,25,non_significant_sdc,68,42,68,0,0.0,0.07074253800725576,0.07478343173861504,0.022640320177896082,0.058220692082411714,0.0864999456597226,0.062129356237098685,0.07845997545914382,adequate
llava15_earthvqa,LLaVA-1.5-7B,EarthVQA,abs_std_diff,24,25,significant_sdc,183,28,29,154,0.8415300546448088,0.045875109426517756,0.03493857307701695,0.04153049354389254,0.019737923327757388,0.05501332848655934,0.03397479830281465,0.05946580145570956,underpowered
llava15_earthvqa,LLaVA-1.5-7B,EarthVQA,abs_std_diff,25,26,non_sdc,7249,375,7249,0,0.0,0.03010669230056085,0.028474628925323486,0.01684521636442778,0.017780405282974244,0.03851750989754995,0.029074724562733655,0.031137620512312322,adequate
llava15_earthvqa,LLaVA-1.5-7B,EarthVQA,abs_std_diff,25,26,non_significant_sdc,68,42,68,0,0.0,0.036520713400750124,0.03549859350403914,0.01576073007872444,0.028981931077746242,0.04404920555481857,0.03199110441104378,0.04155460415978559,adequate
llava15_earthvqa,LLaVA-1.5-7B,EarthVQA,abs_std_diff,25,26,significant_sdc,183,26,27,156,0.8524590163934427,0.04418952482829276,0.03868980553685403,0.01836234506482831,0.0317643938624129,0.05782622643271271,0.037067124896132383,0.051645338507154304,underpowered
llava15_earthvqa,LLaVA-1.5-7B,EarthVQA,abs_std_diff,26,27,non_sdc,7249,375,7249,0,0.0,0.039719625235150824,0.036616557836532594,0.017594786905125802,0.02662831296523412,0.04992221109569073,0.03839968556896655,0.04104097656474809,adequate
llava15_earthvqa,LLaVA-1.5-7B,EarthVQA,abs_std_diff,26,27,non_significant_sdc,68,42,68,0,0.0,0.0626245559006147,0.051186861736433845,0.055789676799349805,0.03777364827692509,0.06520251800807622,0.0498436011336543,0.08009473582861075,adequate
llava15_earthvqa,LLaVA-1.5-7B,EarthVQA,abs_std_diff,26,27,significant_sdc,183,23,24,159,0.8688524590163934,0.05294164823760994,0.04871336074203861,0.03237598492259452,0.03208060908108071,0.06617493078940445,0.04061205298952478,0.06634684308056592,underpowered
llava15_earthvqa,LLaVA-1.5-7B,EarthVQA,abs_std_diff,27,28,non_sdc,7249,375,7249,0,0.0,0.03214223216491097,0.03160924570901053,0.012124107411401325,0.024965114891529083,0.03919662535190582,0.03130513183816414,0.03297661788764759,adequate
llava15_earthvqa,LLaVA-1.5-7B,EarthVQA,abs_std_diff,27,28,non_significant_sdc,68,42,68,0,0.0,0.03979302086939907,0.03926189291098761,0.014034906128059434,0.03304847842082381,0.04765749065713449,0.03491988205101756,0.04448061947137017,adequate
llava15_earthvqa,LLaVA-1.5-7B,EarthVQA,abs_std_diff,27,28,significant_sdc,183,21,22,161,0.8797814207650273,0.12285778411157904,0.0737399084075373,0.19703285802639173,0.04899543297229981,0.1063111844111462,0.0642043387008037,0.2154933563937023,underpowered
llava15_earthvqa,LLaVA-1.5-7B,EarthVQA,abs_std_diff,28,29,non_sdc,7249,375,7249,0,0.0,0.029967805779676334,0.02585849165916443,0.0195316802862318,0.014939218759536743,0.04085865467786789,0.028905526203969547,0.031021431489907155,adequate
llava15_earthvqa,LLaVA-1.5-7B,EarthVQA,abs_std_diff,28,29,non_significant_sdc,68,42,68,0,0.0,0.03300759748552449,0.03139356683407511,0.01719253717616159,0.017403364181518555,0.04517893506110542,0.02643245895008299,0.03993500647727657,adequate
llava15_earthvqa,LLaVA-1.5-7B,EarthVQA,abs_std_diff,28,29,significant_sdc,183,19,19,164,0.8961748633879781,0.08509769507275419,0.035163660438693296,0.15408028775916374,0.02968945610178571,0.0789630951321855,0.04010722592760463,0.16031904028340044,underpowered
llava15_earthvqa,LLaVA-1.5-7B,EarthVQA,abs_std_diff,29,30,non_sdc,7249,375,7249,0,0.0,0.048204143643795404,0.049409290154774986,0.015116758074324171,0.03684651851654053,0.057945734510819115,0.04712394172009552,0.049317150330421784,adequate
llava15_earthvqa,LLaVA-1.5-7B,EarthVQA,abs_std_diff,29,30,non_significant_sdc,68,42,68,0,0.0,0.04509125271255374,0.04327894885230947,0.014742668379526765,0.03639744493094357,0.0570492260158062,0.040112421688695214,0.049712606479994016,adequate
llava15_earthvqa,LLaVA-1.5-7B,EarthVQA,abs_std_diff,29,30,significant_sdc,183,17,17,166,0.907103825136612,0.09702578348002935,0.07164837419986725,0.0772418551467622,0.042364105582237244,0.11248120123689825,0.06355506025777583,0.13498397105326632,underpowered
llava15_earthvqa,LLaVA-1.5-7B,EarthVQA,abs_std_diff,30,31,non_sdc,7249,375,7249,0,0.0,0.028833862428403453,0.027930498123168945,0.012828774597005868,0.021703660488128662,0.034274622797966,0.028028818566890067,0.029658381993658237,adequate
llava15_earthvqa,LLaVA-1.5-7B,EarthVQA,abs_std_diff,30,31,non_significant_sdc,68,42,68,0,0.0,0.08092566829970745,0.03398865756097731,0.36031156886069626,0.02538150828331709,0.041945730336010456,0.03391800941617012,0.1981814990415262,adequate
llava15_earthvqa,LLaVA-1.5-7B,EarthVQA,abs_std_diff,30,31,significant_sdc,183,11,11,172,0.9398907103825137,0.1657557299976139,0.06831337846055323,0.3293996643667909,0.05661630568404992,0.07832058229380184,0.057151522876065466,0.36788352248961753,underpowered
llava15_earthvqa,LLaVA-1.5-7B,EarthVQA,l2_distance,0,1,non_sdc,7249,375,7249,0,0.0,0.26615579476469436,0.2582565652472632,0.03771403006657359,0.23857957124710083,0.29991166293621063,0.2640794365606973,0.2681764415653689,adequate
llava15_earthvqa,LLaVA-1.5-7B,EarthVQA,l2_distance,0,1,non_significant_sdc,68,42,68,0,0.0,0.2613364237167599,0.26473865677148867,0.024527574430126133,0.247895414630572,0.2744138560124806,0.25227454974821684,0.27125121939578484,adequate
llava15_earthvqa,LLaVA-1.5-7B,EarthVQA,l2_distance,0,1,significant_sdc,183,69,73,110,0.6010928961748634,0.5549365333451192,0.6019935541006983,0.13068050047135452,0.5747614727944744,0.6220179717151486,0.5241453934176038,0.5833182015555937,adequate
llava15_earthvqa,LLaVA-1.5-7B,EarthVQA,l2_distance,1,2,non_sdc,7249,375,7249,0,0.0,0.21005632913789477,0.21414834840430153,0.035104798240812946,0.18458892405033112,0.23874570429325104,0.20797277484956272,0.21212031303685805,adequate
llava15_earthvqa,LLaVA-1.5-7B,EarthVQA,l2_distance,1,2,non_significant_sdc,68,42,68,0,0.0,0.2082391806373897,0.2051255295851401,0.027024262121060252,0.19387189241556022,0.2241377357361663,0.19988493360222967,0.21727328762920814,adequate
llava15_earthvqa,LLaVA-1.5-7B,EarthVQA,l2_distance,1,2,significant_sdc,183,66,70,113,0.6174863387978142,0.4737250592649339,0.505598424648752,0.10188585315510654,0.49159829713860337,0.529869579995165,0.44913013438535543,0.49653814405384317,adequate
llava15_earthvqa,LLaVA-1.5-7B,EarthVQA,l2_distance,2,3,non_sdc,7249,375,7249,0,0.0,0.23153614235933773,0.2383789544304212,0.04130027588191487,0.20285120308399202,0.2573089599609375,0.22943495048752813,0.23364257264412147,adequate
llava15_earthvqa,LLaVA-1.5-7B,EarthVQA,l2_distance,2,3,non_significant_sdc,68,42,68,0,0.0,0.2645946117685266,0.2790117592171386,0.039045938840040345,0.22255236005935913,0.29724552296102047,0.24823274500752202,0.27899123143458526,adequate
llava15_earthvqa,LLaVA-1.5-7B,EarthVQA,l2_distance,2,3,significant_sdc,183,66,70,113,0.6174863387978142,0.3701941767781705,0.37674037716826614,0.055925807369810135,0.358850788705203,0.39996982761183564,0.35727523039603637,0.38295486048732985,adequate
llava15_earthvqa,LLaVA-1.5-7B,EarthVQA,l2_distance,3,4,non_sdc,7249,375,7249,0,0.0,0.22002446608795279,0.22039746386664255,0.05425567039428537,0.17990649491548538,0.2544932010082098,0.2167864708196789,0.22330585530529276,adequate
llava15_earthvqa,LLaVA-1.5-7B,EarthVQA,l2_distance,3,4,non_significant_sdc,68,42,68,0,0.0,0.24409241373521595,0.23759530391544104,0.03800885053554074,0.2281289462532316,0.25845350644418175,0.2331051017744151,0.25572159865410254,adequate
llava15_earthvqa,LLaVA-1.5-7B,EarthVQA,l2_distance,3,4,significant_sdc,183,63,67,116,0.6338797814207651,0.42087893019267114,0.43676202759450794,0.09139156442723961,0.4174763186245548,0.4505644531882539,0.39902352220606446,0.4421792592281193,adequate
llava15_earthvqa,LLaVA-1.5-7B,EarthVQA,l2_distance,4,5,non_sdc,7249,375,7249,0,0.0,0.2766810867965556,0.269144502778848,0.04801061272351158,0.23870889842510223,0.31689908852179843,0.2740110261797475,0.2794295247991831,adequate
llava15_earthvqa,LLaVA-1.5-7B,EarthVQA,l2_distance,4,5,non_significant_sdc,68,42,68,0,0.0,0.2939392317886637,0.27422272520405905,0.048545380382235284,0.2513651805264609,0.332072634746631,0.27615576711872913,0.3156187149686893,adequate
llava15_earthvqa,LLaVA-1.5-7B,EarthVQA,l2_distance,4,5,significant_sdc,183,59,63,120,0.6557377049180328,2.3194351356550915,0.38920569176576575,15.342150904760402,0.3824046888217634,0.40189844582762035,0.3749623340183358,6.190667564348403,adequate
llava15_earthvqa,LLaVA-1.5-7B,EarthVQA,l2_distance,5,6,non_sdc,7249,375,7249,0,0.0,0.3230419834380847,0.3323459327220917,0.06352195288730543,0.28989285230636597,0.3553319811820984,0.3185689017387947,0.3275497787707077,adequate
llava15_earthvqa,LLaVA-1.5-7B,EarthVQA,l2_distance,5,6,non_significant_sdc,68,42,68,0,0.0,0.3508832769433099,0.34528681210109163,0.044972398554803415,0.32731377705931664,0.3623097865627362,0.3372427486042393,0.367887717595836,adequate
llava15_earthvqa,LLaVA-1.5-7B,EarthVQA,l2_distance,5,6,significant_sdc,183,57,60,123,0.6721311475409837,2.719996187776181,0.7499114992667217,15.660337653817313,0.7168923544944549,0.762889569055061,0.6698607828135396,6.7459893154732065,adequate
llava15_earthvqa,LLaVA-1.5-7B,EarthVQA,l2_distance,6,7,non_sdc,7249,375,7249,0,0.0,0.3288758624434344,0.3200753927230835,0.05590349693029928,0.29663047194480896,0.3650425374507904,0.3249385805493849,0.3329795300314373,adequate
llava15_earthvqa,LLaVA-1.5-7B,EarthVQA,l2_distance,6,7,non_significant_sdc,68,42,68,0,0.0,0.3599114351322706,0.3552606518451984,0.0596905290132862,0.30908259312913877,0.39398992487362455,0.3404504068650633,0.3817384836679412,adequate
llava15_earthvqa,LLaVA-1.5-7B,EarthVQA,l2_distance,6,7,significant_sdc,183,56,59,124,0.6775956284153005,0.7221363773944903,0.7090977472918374,0.32072395391698333,0.6859752049251479,0.7226263041398964,0.6484837561849917,0.8083788728315255,adequate
llava15_earthvqa,LLaVA-1.5-7B,EarthVQA,l2_distance,7,8,non_sdc,7249,375,7249,0,0.0,0.29783333332403444,0.3071417510509491,0.09101711767542768,0.244615708788236,0.3596010075675117,0.2914919455257612,0.30411745109332944,adequate
llava15_earthvqa,LLaVA-1.5-7B,EarthVQA,l2_distance,7,8,non_significant_sdc,68,42,68,0,0.0,0.39152209451548825,0.3940734810062817,0.07809874393089067,0.3502134154550731,0.4270054187093462,0.36512356413694125,0.4180717673894614,adequate
llava15_earthvqa,LLaVA-1.5-7B,EarthVQA,l2_distance,7,8,significant_sdc,183,55,58,125,0.6830601092896175,1.0067886332046934,1.0400528317811537,0.3480039548113606,1.018906208933616,1.0629781624492334,0.9172175577646196,1.0985048971090405,adequate
llava15_earthvqa,LLaVA-1.5-7B,EarthVQA,l2_distance,8,9,non_sdc,7249,375,7249,0,0.0,0.3713938157129928,0.35429710149765015,0.07488068514688608,0.3199789110157225,0.4129292567571004,0.36562395839169076,0.3772022102241306,adequate
llava15_earthvqa,LLaVA-1.5-7B,EarthVQA,l2_distance,8,9,non_significant_sdc,68,42,68,0,0.0,0.43337594390682643,0.4165281144144771,0.09663684053059578,0.36816408990749294,0.47298441188676016,0.40049526476155484,0.4686400856594537,adequate
llava15_earthvqa,LLaVA-1.5-7B,EarthVQA,l2_distance,8,9,significant_sdc,183,53,56,127,0.6939890710382514,1.0840400257985758,1.1456523388624191,0.29222175818556706,1.0888436856318493,1.1971094734510597,1.00262832380235,1.161464914948962,adequate
llava15_earthvqa,LLaVA-1.5-7B,EarthVQA,l2_distance,9,10,non_sdc,7249,375,7249,0,0.0,0.39102936258383747,0.36749574542045593,0.10631924390470567,0.31127697229385376,0.45595415884798224,0.38317769894444054,0.3991481106759814,adequate
llava15_earthvqa,LLaVA-1.5-7B,EarthVQA,l2_distance,9,10,non_significant_sdc,68,42,68,0,0.0,0.49409616479261115,0.48540539890527723,0.10737452143351597,0.4148199680660452,0.5779739572451665,0.45817650166381885,0.5328030286489311,adequate
llava15_earthvqa,LLaVA-1.5-7B,EarthVQA,l2_distance,9,10,significant_sdc,183,51,54,129,0.7049180327868853,1.0579427547862588,1.1241275783704252,0.26748272372268894,1.1079432359155343,1.1433393070284201,0.9810320433492963,1.1247599812712983,adequate
llava15_earthvqa,LLaVA-1.5-7B,EarthVQA,l2_distance,10,11,non_sdc,7249,375,7249,0,0.0,0.548114294953016,0.5378119885921478,0.09812220648737417,0.47733861207962036,0.6007986068725586,0.5404191217493781,0.5557154427201464,adequate
llava15_earthvqa,LLaVA-1.5-7B,EarthVQA,l2_distance,10,11,non_significant_sdc,68,42,68,0,0.0,0.5979091805052144,0.5872423819133213,0.10056414458898852,0.5514630811909834,0.629373994966348,0.5655838609616416,0.6332852881073171,adequate
llava15_earthvqa,LLaVA-1.5-7B,EarthVQA,l2_distance,10,11,significant_sdc,183,50,53,130,0.7103825136612022,1.122095763309125,1.164417444443216,0.25041589824620897,1.1525247607912337,1.184652317543419,1.0546228257723218,1.1868224980777053,adequate
llava15_earthvqa,LLaVA-1.5-7B,EarthVQA,l2_distance,11,12,non_sdc,7249,375,7249,0,0.0,0.5906239024067083,0.5768455905573708,0.10195754483301724,0.5163213014602661,0.65251225233078,0.5830373588108166,0.5982135184262749,adequate
llava15_earthvqa,LLaVA-1.5-7B,EarthVQA,l2_distance,11,12,non_significant_sdc,68,42,68,0,0.0,0.664460019798045,0.6448385715484619,0.1034470327184706,0.5929187824949622,0.7178860654433569,0.6303623183595789,0.7026367969363817,adequate
llava15_earthvqa,LLaVA-1.5-7B,EarthVQA,l2_distance,11,12,significant_sdc,183,50,53,130,0.7103825136612022,1.4054007807028004,1.5030775605415811,0.30830094363327853,1.4453829599886525,1.5297688647192351,1.317322398263324,1.4844536958591321,adequate
llava15_earthvqa,LLaVA-1.5-7B,EarthVQA,l2_distance,12,13,non_sdc,7249,375,7249,0,0.0,0.520260015320182,0.5175181031227112,0.12340911442186162,0.41613703966140747,0.607337411493063,0.510668551152075,0.5302641123393911,adequate
llava15_earthvqa,LLaVA-1.5-7B,EarthVQA,l2_distance,12,13,non_significant_sdc,68,42,68,0,0.0,0.6459842411746817,0.6418296572836963,0.13075051851486694,0.5897669577971101,0.690834984756433,0.6071144739785406,0.6896365260712543,adequate
llava15_earthvqa,LLaVA-1.5-7B,EarthVQA,l2_distance,12,13,significant_sdc,183,50,52,131,0.7158469945355191,1.2228652994724554,1.2863821320387783,0.32047293223813633,1.259195524514938,1.3321988631267936,1.1297805031667225,1.3061923641175375,adequate
llava15_earthvqa,LLaVA-1.5-7B,EarthVQA,l2_distance,13,14,non_sdc,7249,375,7249,0,0.0,0.480558465408812,0.4588067489010947,0.1648953791198504,0.35797985394795734,0.5990203022956848,0.46928926621158923,0.4919948798617752,adequate
llava15_earthvqa,LLaVA-1.5-7B,EarthVQA,l2_distance,13,14,non_significant_sdc,68,42,68,0,0.0,0.6750275756422633,0.6461909264326096,0.18094747803140726,0.5954685429377216,0.7485041297746426,0.617778603381871,0.7354995559521135,adequate
llava15_earthvqa,LLaVA-1.5-7B,EarthVQA,l2_distance,13,14,significant_sdc,183,48,50,133,0.7267759562841529,1.422518367193908,1.5424539313024404,0.3662672978638297,1.4921196677855082,1.5635356483410816,1.3124228990627886,1.5187717830738168,adequate
llava15_earthvqa,LLaVA-1.5-7B,EarthVQA,l2_distance,14,15,non_sdc,7249,375,7249,0,0.0,0.5336628184518146,0.49426338502338957,0.17676655874930677,0.3922158479690552,0.6498345037301382,0.5206515953311067,0.5467573603216761,adequate
llava15_earthvqa,LLaVA-1.5-7B,EarthVQA,l2_distance,14,15,non_significant_sdc,68,42,68,0,0.0,0.7490848391187814,0.7170725422246116,0.21559942092500065,0.5848671849817038,0.8121422832323746,0.6731834257432028,0.8376195057798487,adequate
llava15_earthvqa,LLaVA-1.5-7B,EarthVQA,l2_distance,14,15,significant_sdc,183,48,50,133,0.7267759562841529,1.2338421498172385,1.2788951007687315,0.2934975085612474,1.2273685919995212,1.3278717593270906,1.1489519217777102,1.3106090659137553,adequate
llava15_earthvqa,LLaVA-1.5-7B,EarthVQA,l2_distance,15,16,non_sdc,7249,375,7249,0,0.0,0.547486964241245,0.507248866558075,0.17654889617589858,0.4150101840496063,0.6613048911094666,0.5339749563346425,0.5614350559066825,adequate
llava15_earthvqa,LLaVA-1.5-7B,EarthVQA,l2_distance,15,16,non_significant_sdc,68,42,68,0,0.0,0.747174530837877,0.692575950543959,0.2127078762528315,0.6350591542820135,0.7783470425222601,0.6779371353249924,0.8272997187858676,adequate
llava15_earthvqa,LLaVA-1.5-7B,EarthVQA,l2_distance,15,16,significant_sdc,183,47,49,134,0.7322404371584699,1.5060654533775306,1.5823809978913288,0.4007386136606778,1.5478307203370698,1.6134865478593476,1.3896235007249316,1.6141389475020615,adequate
llava15_earthvqa,LLaVA-1.5-7B,EarthVQA,l2_distance,16,17,non_sdc,7249,375,7249,0,0.0,0.684157953190196,0.674712598323822,0.13706052003151825,0.5862275838851929,0.7623602628707886,0.6734098919641689,0.6952001495892702,adequate
llava15_earthvqa,LLaVA-1.5-7B,EarthVQA,l2_distance,16,17,non_significant_sdc,68,42,68,0,0.0,0.8034446233278691,0.7480251022747585,0.26089115747226277,0.6825686730444431,0.8568571287961233,0.7359355071473294,0.8935510079213821,adequate
llava15_earthvqa,LLaVA-1.5-7B,EarthVQA,l2_distance,16,17,significant_sdc,183,45,47,136,0.7431693989071038,1.4270888555832584,1.4374661859200926,0.37591049544378013,1.410049172080293,1.5068599082985703,1.3220919601058272,1.5315836781437366,adequate
llava15_earthvqa,LLaVA-1.5-7B,EarthVQA,l2_distance,17,18,non_sdc,7249,375,7249,0,0.0,0.517262484168663,0.46984076499938965,0.20143180911141742,0.36438529193401337,0.6475589215755463,0.501993237152639,0.5329611403166286,adequate
llava15_earthvqa,LLaVA-1.5-7B,EarthVQA,l2_distance,17,18,non_significant_sdc,68,42,68,0,0.0,0.7810888197798542,0.7044864531074251,0.27490100334108936,0.6219200138002634,0.8814183690008663,0.6932873781596092,0.8768078556449378,adequate
llava15_earthvqa,LLaVA-1.5-7B,EarthVQA,l2_distance,17,18,significant_sdc,183,44,46,137,0.7486338797814207,1.2021714286831076,1.1173896074073877,0.5068414828627664,1.079952860061003,1.1682255599571734,1.0716695828084706,1.350502624298164,adequate
llava15_earthvqa,LLaVA-1.5-7B,EarthVQA,l2_distance,18,19,non_sdc,7249,375,7249,0,0.0,0.5937289147735775,0.5763666152954101,0.16046560481386207,0.4671960175037384,0.692451947927475,0.5809356046485652,0.6066125719654603,adequate
llava15_earthvqa,LLaVA-1.5-7B,EarthVQA,l2_distance,18,19,non_significant_sdc,68,42,68,0,0.0,0.8275173699666719,0.7722272767939351,0.23953254950969058,0.6677641700953245,0.8791079433368785,0.7524455054048285,0.9163955437246512,adequate
llava15_earthvqa,LLaVA-1.5-7B,EarthVQA,l2_distance,18,19,significant_sdc,183,40,42,141,0.7704918032786885,1.2489723236260422,1.2579998386149502,0.3558699507846203,1.2159180015899969,1.285404057527075,1.1441072942815977,1.3580107200038078,adequate
llava15_earthvqa,LLaVA-1.5-7B,EarthVQA,l2_distance,19,20,non_sdc,7249,375,7249,0,0.0,0.5841880512236484,0.5437713861465454,0.18906483696004248,0.445381224155426,0.7068711121877035,0.5696651980323237,0.5985814723780022,adequate
llava15_earthvqa,LLaVA-1.5-7B,EarthVQA,l2_distance,19,20,non_significant_sdc,68,42,68,0,0.0,0.8282190483307688,0.766449384821149,0.23194067480006947,0.6482473369687796,0.917439971438476,0.7442992684227038,0.9239962541607082,adequate
llava15_earthvqa,LLaVA-1.5-7B,EarthVQA,l2_distance,19,20,significant_sdc,183,39,41,142,0.7759562841530054,1.3571354264726558,1.3218360385116266,0.50342821149846,1.2525995410218531,1.4339977210881758,1.221259166319574,1.5185263194887284,adequate
llava15_earthvqa,LLaVA-1.5-7B,EarthVQA,l2_distance,20,21,non_sdc,7249,375,7249,0,0.0,0.7100113914057529,0.6901993155479431,0.1292873161842237,0.6302781105041504,0.7810781300067902,0.7001826475919236,0.7204708401530016,adequate
llava15_earthvqa,LLaVA-1.5-7B,EarthVQA,l2_distance,20,21,non_significant_sdc,68,42,68,0,0.0,0.8986078380479946,0.8535371204217275,0.2278194693380369,0.7366801622108771,0.9902037658861705,0.8275724485224567,0.9818314435340328,adequate
llava15_earthvqa,LLaVA-1.5-7B,EarthVQA,l2_distance,20,21,significant_sdc,183,38,39,144,0.7868852459016393,1.5425807614659657,1.6209292095534655,0.49398037270196987,1.5191975953627606,1.6962515894247563,1.388718102074139,1.7027024683127083,adequate
llava15_earthvqa,LLaVA-1.5-7B,EarthVQA,l2_distance,21,22,non_sdc,7249,375,7249,0,0.0,0.652765328154248,0.6144859850406647,0.20157794814875812,0.4939296543598175,0.790391743183136,0.6379670526701412,0.6680451060065975,adequate
llava15_earthvqa,LLaVA-1.5-7B,EarthVQA,l2_distance,21,22,non_significant_sdc,68,42,68,0,0.0,0.9298929421304936,0.9102163049909804,0.27458269963645215,0.7664746354733195,1.0194779549326216,0.8532381408705683,1.026743291312324,adequate
llava15_earthvqa,LLaVA-1.5-7B,EarthVQA,l2_distance,21,22,significant_sdc,183,35,36,147,0.8032786885245902,1.8172816224141097,1.8606019932396558,0.6942912252132899,1.790827213805549,2.0659250839024175,1.5901616067167903,2.0369897282920286,adequate
llava15_earthvqa,LLaVA-1.5-7B,EarthVQA,l2_distance,22,23,non_sdc,7249,375,7249,0,0.0,0.6571966605313754,0.6428377032279968,0.2056034783524635,0.5249999016523361,0.7729718155331082,0.6438055937031055,0.6711589332564954,adequate
llava15_earthvqa,LLaVA-1.5-7B,EarthVQA,l2_distance,22,23,non_significant_sdc,68,42,68,0,0.0,0.9426348283713892,0.8816506479467665,0.29285365000610614,0.7865278273820877,1.0757138236210897,0.8594551902405418,1.0426717097863711,adequate
llava15_earthvqa,LLaVA-1.5-7B,EarthVQA,l2_distance,22,23,significant_sdc,183,32,33,150,0.819672131147541,1.4119240282652648,1.3546296382436946,0.5447488828845157,1.308963021453546,1.4459828114023014,1.243436005399802,1.604165676989012,adequate
llava15_earthvqa,LLaVA-1.5-7B,EarthVQA,l2_distance,23,24,non_sdc,7249,375,7249,0,0.0,0.6676770212513615,0.623914917310079,0.18209091633740138,0.5344192981719971,0.7804184189209571,0.6530044601662731,0.6825691954018512,adequate
llava15_earthvqa,LLaVA-1.5-7B,EarthVQA,l2_distance,23,24,non_significant_sdc,68,42,68,0,0.0,0.9062592530971157,0.7916984425059387,0.31206550836718827,0.7172104027122259,1.001396086165514,0.8146061222587315,1.0143817522550944,adequate
llava15_earthvqa,LLaVA-1.5-7B,EarthVQA,l2_distance,23,24,significant_sdc,183,32,33,150,0.819672131147541,1.4094655023932676,1.28655437182407,0.7890203915449646,1.2022045899410636,1.4292771268864066,1.1926214310865006,1.6819476808482312,adequate
llava15_earthvqa,LLaVA-1.5-7B,EarthVQA,l2_distance,24,25,non_sdc,7249,375,7249,0,0.0,0.7271209958969235,0.7143757541974386,0.1969916614853005,0.5748207569122314,0.881487226486206,0.7145549746709667,0.7402733677181428,adequate
llava15_earthvqa,LLaVA-1.5-7B,EarthVQA,l2_distance,24,25,non_significant_sdc,68,42,68,0,0.0,1.0045650538499238,0.9386013810123717,0.4009271427399437,0.824511325918138,1.0567901624100549,0.9101675461849603,1.1357110863176763,adequate
llava15_earthvqa,LLaVA-1.5-7B,EarthVQA,l2_distance,24,25,significant_sdc,183,28,29,154,0.8415300546448088,1.7562985526997996,1.7995103962567387,0.9605228394034806,1.4082123306062486,1.8914429946821563,1.4490931186725615,2.1218643023087997,underpowered
llava15_earthvqa,LLaVA-1.5-7B,EarthVQA,l2_distance,25,26,non_sdc,7249,375,7249,0,0.0,0.7296016033583054,0.6923637986183167,0.22043307475758409,0.5482791721820831,0.8834035055977958,0.7129144885209044,0.7468883456669835,adequate
llava15_earthvqa,LLaVA-1.5-7B,EarthVQA,l2_distance,25,26,non_significant_sdc,68,42,68,0,0.0,1.0241952663031741,0.895841372864587,0.4259769587503545,0.8316821325570345,1.1331996619701385,0.917472260336523,1.1678610842388937,adequate
llava15_earthvqa,LLaVA-1.5-7B,EarthVQA,l2_distance,25,26,significant_sdc,183,26,27,156,0.8524590163934427,1.8368922355870567,1.742912399525545,1.0093800454228934,1.3824966001992274,1.9501125569246254,1.5179665230581043,2.240192190822262,underpowered
llava15_earthvqa,LLaVA-1.5-7B,EarthVQA,l2_distance,26,27,non_sdc,7249,375,7249,0,0.0,0.684836850420297,0.6226467669010163,0.23529868175182564,0.5111523071924845,0.8419288396835327,0.6670762235519653,0.7026508426490267,adequate
llava15_earthvqa,LLaVA-1.5-7B,EarthVQA,l2_distance,26,27,non_significant_sdc,68,42,68,0,0.0,1.1589676272765792,0.9625955298542976,0.8976695443896302,0.7333102338016033,1.2222646325826645,0.9567315310690347,1.4542955405955176,adequate
llava15_earthvqa,LLaVA-1.5-7B,EarthVQA,l2_distance,26,27,significant_sdc,183,23,24,159,0.8688524590163934,1.7206862046014775,1.3984270351273673,1.1423562679081638,1.268349988451694,1.6224500725463944,1.3454663795936181,2.153910893155013,underpowered
llava15_earthvqa,LLaVA-1.5-7B,EarthVQA,l2_distance,27,28,non_sdc,7249,375,7249,0,0.0,0.6802182221037885,0.6343954801559448,0.20381086393682477,0.5394449084997177,0.7857377827167511,0.6643946209804273,0.6967394705907957,adequate
llava15_earthvqa,LLaVA-1.5-7B,EarthVQA,l2_distance,27,28,non_significant_sdc,68,42,68,0,0.0,1.1095204626182795,0.8622266105243137,0.8981696382516878,0.7181631794997624,1.2110032393382146,0.9110116019738594,1.4125682680271112,adequate
llava15_earthvqa,LLaVA-1.5-7B,EarthVQA,l2_distance,27,28,significant_sdc,183,21,22,161,0.8797814207650273,2.465929519754843,1.8846484897088032,2.0606064118483376,1.5500295676138935,2.246106846600163,1.7312437791827433,3.3756002403502263,underpowered
llava15_earthvqa,LLaVA-1.5-7B,EarthVQA,l2_distance,28,29,non_sdc,7249,375,7249,0,0.0,0.7802434883776403,0.7474217340350151,0.23781863520566957,0.5939202010631561,0.9149085283279419,0.7619840113629041,0.7979662697796297,adequate
llava15_earthvqa,LLaVA-1.5-7B,EarthVQA,l2_distance,28,29,non_significant_sdc,68,42,68,0,0.0,1.1875047527637965,0.9212374575436115,0.7818323333118085,0.8000625868638356,1.3516819729254796,1.0070705534326283,1.4517318560601242,adequate
llava15_earthvqa,LLaVA-1.5-7B,EarthVQA,l2_distance,28,29,significant_sdc,183,19,19,164,0.8961748633879781,2.8435300357202546,2.334501186195685,2.2158820800098833,1.5682216352886624,2.77544655361954,1.981766606673504,3.9125216385915467,underpowered
llava15_earthvqa,LLaVA-1.5-7B,EarthVQA,l2_distance,29,30,non_sdc,7249,375,7249,0,0.0,0.7759379844756237,0.7286786325275898,0.22882539105571778,0.6124461889266968,0.8829220533370972,0.7595107185305819,0.7925215377880404,adequate
llava15_earthvqa,LLaVA-1.5-7B,EarthVQA,l2_distance,29,30,non_significant_sdc,68,42,68,0,0.0,1.2369593663749767,0.9100278787888013,0.8252829652682023,0.8126938188714641,1.3381973217026546,1.0404041712526453,1.5237943176506181,adequate
llava15_earthvqa,LLaVA-1.5-7B,EarthVQA,l2_distance,29,30,significant_sdc,183,17,17,166,0.907103825136612,2.874630759433726,2.0633628344049257,1.8029982871260801,1.7740998996628656,3.974861500214557,2.109691485971515,3.773648406905841,underpowered
llava15_earthvqa,LLaVA-1.5-7B,EarthVQA,l2_distance,30,31,non_sdc,7249,375,7249,0,0.0,0.8589299306942569,0.7709651291370392,0.29085473701278003,0.6570846438407898,0.9945791363716125,0.8383349424372477,0.8796404743876792,adequate
llava15_earthvqa,LLaVA-1.5-7B,EarthVQA,l2_distance,30,31,non_significant_sdc,68,42,68,0,0.0,1.686107496554469,1.0508745802300317,3.4678208620226156,0.9039358730827058,1.5407212869479106,1.1460679762989596,2.7914445545830433,adequate
llava15_earthvqa,LLaVA-1.5-7B,EarthVQA,l2_distance,30,31,significant_sdc,183,11,11,172,0.9398907103825137,3.481662018085062,2.001946806907654,4.110189513293324,1.4983199834823608,3.4412401998394473,1.7893027159393793,6.168461385017983,underpowered
llava15_lingoqa,LLaVA-1.5-7B,LingoQA,cos_sim,0,1,non_sdc,7232,75,7232,0,0.0,0.8946822671480033,0.8975741863250732,0.06741590725523672,0.8437543043068477,0.9674378037452698,0.87997586550486,0.9091830319646621,adequate
llava15_lingoqa,LLaVA-1.5-7B,LingoQA,cos_sim,0,1,non_significant_sdc,102,33,102,0,0.0,0.832673636282942,0.8318542674347595,0.04975031905138378,0.8082076935813978,0.8550279662013054,0.8106064193398069,0.856907730020517,adequate
llava15_lingoqa,LLaVA-1.5-7B,LingoQA,cos_sim,0,1,significant_sdc,166,41,59,107,0.6445783132530121,0.22087366562471872,0.08390397441630461,0.3007276595978316,0.07371731482598246,0.10794678041521383,0.15157410760929935,0.29883467811009,adequate
llava15_lingoqa,LLaVA-1.5-7B,LingoQA,cos_sim,1,2,non_sdc,7232,75,7232,0,0.0,0.8604076827038283,0.8740044981241226,0.10353311075796699,0.7777065902948379,0.9637957811355591,0.8376358733951998,0.8826295292428499,adequate
llava15_lingoqa,LLaVA-1.5-7B,LingoQA,cos_sim,1,2,non_significant_sdc,102,33,102,0,0.0,0.7834320491400149,0.7686036806423348,0.07981615178730107,0.73049140919228,0.8601376034996726,0.7544365926916338,0.8168546066222135,adequate
llava15_lingoqa,LLaVA-1.5-7B,LingoQA,cos_sim,1,2,significant_sdc,166,41,57,109,0.6566265060240963,0.29780527474519025,0.2040074972473845,0.23730827648626956,0.1949543706616577,0.21374739676105733,0.24415497553761373,0.3585793401120849,adequate
llava15_lingoqa,LLaVA-1.5-7B,LingoQA,cos_sim,2,3,non_sdc,7232,75,7232,0,0.0,0.8791918533214914,0.8799629062414169,0.07788706018979263,0.8126442432403564,0.9615638256072998,0.8618220469685486,0.8956081425192269,adequate
llava15_lingoqa,LLaVA-1.5-7B,LingoQA,cos_sim,2,3,non_significant_sdc,102,33,102,0,0.0,0.7923774007287395,0.7994597229090603,0.06482938764839331,0.762341745653931,0.8189554051919417,0.7683269954322314,0.8190860099698668,adequate
llava15_lingoqa,LLaVA-1.5-7B,LingoQA,cos_sim,2,3,significant_sdc,166,41,57,109,0.6566265060240963,0.39653522401142477,0.2957629190415752,0.22022454031062091,0.2886643023515234,0.3160053439894501,0.3443006807110602,0.45383659495534345,adequate
llava15_lingoqa,LLaVA-1.5-7B,LingoQA,cos_sim,3,4,non_sdc,7232,75,7232,0,0.0,0.876741636083805,0.8859202861785889,0.07998614583794433,0.8169183455980741,0.9578002095222473,0.8590769874669462,0.8936792945256192,adequate
llava15_lingoqa,LLaVA-1.5-7B,LingoQA,cos_sim,3,4,non_significant_sdc,102,33,102,0,0.0,0.7918544721300281,0.7795137429938597,0.05697293042107405,0.7626796209690522,0.8201027593829415,0.7752719169387774,0.8140695364998108,adequate
llava15_lingoqa,LLaVA-1.5-7B,LingoQA,cos_sim,3,4,significant_sdc,166,41,57,109,0.6566265060240963,0.5735704692331414,0.529878111446605,0.13354629482147806,0.5157712989923905,0.5390754932043503,0.5454388056768128,0.6056502500681383,adequate
llava15_lingoqa,LLaVA-1.5-7B,LingoQA,cos_sim,4,5,non_sdc,7232,75,7232,0,0.0,0.8352952278837016,0.8437777161598206,0.08928345747991126,0.7566132360586413,0.9259558320045471,0.8159567161363197,0.8541653523890758,adequate
llava15_lingoqa,LLaVA-1.5-7B,LingoQA,cos_sim,4,5,non_significant_sdc,102,33,102,0,0.0,0.7533282576587373,0.7407121663647038,0.06813503534804571,0.7073853669726119,0.7972021833062173,0.7301413268930695,0.7801750650783136,adequate
llava15_lingoqa,LLaVA-1.5-7B,LingoQA,cos_sim,4,5,significant_sdc,166,41,57,109,0.6566265060240963,0.54742856855683,0.5148454655189904,0.13108364167307518,0.5065236900533948,0.5238406122947226,0.5171226170058513,0.5809936218417094,adequate
llava15_lingoqa,LLaVA-1.5-7B,LingoQA,cos_sim,5,6,non_sdc,7232,75,7232,0,0.0,0.7903133808279111,0.804636538028717,0.10344828516326428,0.715927745614733,0.8790472894906998,0.7676463693186404,0.8130040633298962,adequate
llava15_lingoqa,LLaVA-1.5-7B,LingoQA,cos_sim,5,6,non_significant_sdc,102,33,102,0,0.0,0.735138663245114,0.7253413842274592,0.08191492935651866,0.6603524330361136,0.8161913630153451,0.6955603883311327,0.7761224840818369,adequate
llava15_lingoqa,LLaVA-1.5-7B,LingoQA,cos_sim,5,6,significant_sdc,166,38,54,112,0.6746987951807228,0.44213868574035725,0.39372554436630136,0.16111211057428204,0.37885502879792937,0.4084860995715978,0.4030027736384133,0.4865509450860719,adequate
llava15_lingoqa,LLaVA-1.5-7B,LingoQA,cos_sim,6,7,non_sdc,7232,75,7232,0,0.0,0.8097641694931585,0.8226819038391113,0.09960830572362278,0.7673941610114915,0.8837887048721313,0.7871283774994716,0.8300424700987795,adequate
llava15_lingoqa,LLaVA-1.5-7B,LingoQA,cos_sim,6,7,non_significant_sdc,102,33,102,0,0.0,0.7495393434753989,0.7481944687704352,0.08106765295826997,0.6662175564893654,0.8242829367518425,0.7111255680575157,0.7934138980571965,adequate
llava15_lingoqa,LLaVA-1.5-7B,LingoQA,cos_sim,6,7,significant_sdc,166,38,54,112,0.6746987951807228,0.43995298218009066,0.3924437204794008,0.18450901414969959,0.379435050472313,0.41005612613291154,0.38890530918314764,0.49060792072216836,adequate
llava15_lingoqa,LLaVA-1.5-7B,LingoQA,cos_sim,7,8,non_sdc,7232,75,7232,0,0.0,0.7646968483908109,0.7741356492042542,0.10582257642367639,0.7076640129089355,0.8462662547826767,0.7411615424997168,0.7869963698364174,adequate
llava15_lingoqa,LLaVA-1.5-7B,LingoQA,cos_sim,7,8,non_significant_sdc,102,33,102,0,0.0,0.7138839354817998,0.7073640302471492,0.08289905262717817,0.6509603734674125,0.7811024237710695,0.6747156009499018,0.7537433979430586,adequate
llava15_lingoqa,LLaVA-1.5-7B,LingoQA,cos_sim,7,8,significant_sdc,166,38,52,114,0.6867469879518072,0.3552416213636705,0.27882376989843893,0.1831843331305967,0.2703394757355658,0.30550949419943657,0.31156399971184673,0.4051347867569077,adequate
llava15_lingoqa,LLaVA-1.5-7B,LingoQA,cos_sim,8,9,non_sdc,7232,75,7232,0,0.0,0.7678243855124669,0.7832703870885512,0.1052537877390045,0.6946982770196853,0.8488694303310834,0.7446959383477029,0.7901665711735801,adequate
llava15_lingoqa,LLaVA-1.5-7B,LingoQA,cos_sim,8,9,non_significant_sdc,102,33,102,0,0.0,0.7124310719107995,0.7086189687252045,0.08011733669578484,0.6481161852750708,0.7777316157113422,0.6725305620097005,0.7519312502601827,adequate
llava15_lingoqa,LLaVA-1.5-7B,LingoQA,cos_sim,8,9,significant_sdc,166,38,50,116,0.6987951807228916,0.2877183378906349,0.20497602452428973,0.20355766629092953,0.18582898655868307,0.24322735685475017,0.23605057619804803,0.3459141024407612,adequate
llava15_lingoqa,LLaVA-1.5-7B,LingoQA,cos_sim,9,10,non_sdc,7232,75,7232,0,0.0,0.8255978592240634,0.8388858875807594,0.0965884422658928,0.7770409137010574,0.9100013375282288,0.8048023389565784,0.8458568929845505,adequate
llava15_lingoqa,LLaVA-1.5-7B,LingoQA,cos_sim,9,10,non_significant_sdc,102,33,102,0,0.0,0.7316731587593753,0.7414143045698356,0.11505310559297072,0.6665346721719418,0.8398288078606129,0.6686886705814219,0.791315203833439,adequate
llava15_lingoqa,LLaVA-1.5-7B,LingoQA,cos_sim,9,10,significant_sdc,166,37,48,118,0.7108433734939759,0.2690985838478169,0.15007923465526227,0.2543211171295549,0.13234227616339922,0.20356744379565422,0.204134888402151,0.3422721231615059,adequate
llava15_lingoqa,LLaVA-1.5-7B,LingoQA,cos_sim,10,11,non_sdc,7232,75,7232,0,0.0,0.7146413053552342,0.7255339473485947,0.11855682022145933,0.6625334471464157,0.8101555148760478,0.6881338141865121,0.7393965523525582,adequate
llava15_lingoqa,LLaVA-1.5-7B,LingoQA,cos_sim,10,11,non_significant_sdc,102,33,102,0,0.0,0.71958051662297,0.7116606682538986,0.09890176839191119,0.6443424488284758,0.8099650835188535,0.6711827857476481,0.768905815714956,adequate
llava15_lingoqa,LLaVA-1.5-7B,LingoQA,cos_sim,10,11,significant_sdc,166,36,47,119,0.7168674698795181,0.2071594524734711,0.09849956472005163,0.23705519429614513,0.07923577049252939,0.1252984790112443,0.14856213069146368,0.27654429234313954,adequate
llava15_lingoqa,LLaVA-1.5-7B,LingoQA,cos_sim,11,12,non_sdc,7232,75,7232,0,0.0,0.7180129885931936,0.7299807667732239,0.10094254809460537,0.6552110612392426,0.788878504719053,0.695774898829431,0.738674257798674,adequate
llava15_lingoqa,LLaVA-1.5-7B,LingoQA,cos_sim,11,12,non_significant_sdc,102,33,102,0,0.0,0.700824629619954,0.7082267243128556,0.101241039294818,0.6228857618205401,0.7898181251117161,0.6412936068786972,0.754893727145527,adequate
llava15_lingoqa,LLaVA-1.5-7B,LingoQA,cos_sim,11,12,significant_sdc,166,34,44,122,0.7349397590361446,0.2268156711120974,0.15186978658965353,0.230466928367855,0.07768003015341807,0.2052699352462529,0.1689180910305358,0.292543643783681,adequate
llava15_lingoqa,LLaVA-1.5-7B,LingoQA,cos_sim,12,13,non_sdc,7232,75,7232,0,0.0,0.7272536635265615,0.7436559319496154,0.09512201334669242,0.6675703883171081,0.7985712024900649,0.7064826558664207,0.7470775288907747,adequate
llava15_lingoqa,LLaVA-1.5-7B,LingoQA,cos_sim,12,13,non_significant_sdc,102,33,102,0,0.0,0.6977224039020884,0.6909456879777067,0.10305705640852401,0.6316604232415557,0.7822863747189929,0.6417880133283544,0.7534859743222351,adequate
llava15_lingoqa,LLaVA-1.5-7B,LingoQA,cos_sim,12,13,significant_sdc,166,34,44,122,0.7349397590361446,0.2544350826611963,0.18783105339626877,0.20397921010839282,0.1252186988119264,0.24164819960691492,0.20329841106199636,0.31363473654783136,adequate
llava15_lingoqa,LLaVA-1.5-7B,LingoQA,cos_sim,13,14,non_sdc,7232,75,7232,0,0.0,0.7481073388359616,0.767810171842575,0.08602636549684974,0.7038976907730102,0.8102611814226423,0.7291483586947615,0.7657148051274294,adequate
llava15_lingoqa,LLaVA-1.5-7B,LingoQA,cos_sim,13,14,non_significant_sdc,102,33,102,0,0.0,0.6961058046510336,0.7045483226195359,0.11093733817808138,0.6228522844612598,0.7825571725314313,0.6303241887371286,0.7562900622339066,adequate
llava15_lingoqa,LLaVA-1.5-7B,LingoQA,cos_sim,13,14,significant_sdc,166,34,44,122,0.7349397590361446,0.0817613939525209,-0.035956835389441374,0.30481244812675057,-0.1160183561566685,0.012807965131883486,0.0033029524691387114,0.16944430429482443,adequate
llava15_lingoqa,LLaVA-1.5-7B,LingoQA,cos_sim,14,15,non_sdc,7232,75,7232,0,0.0,0.7769410738597569,0.8042523089577169,0.0980466434402486,0.7179103121161461,0.8527487516403198,0.755590730745388,0.7971913390787809,adequate
llava15_lingoqa,LLaVA-1.5-7B,LingoQA,cos_sim,14,15,non_significant_sdc,102,33,102,0,0.0,0.7036704311630665,0.7059109947898171,0.12459131541457527,0.6249358294349091,0.8171847462654114,0.6309047554196163,0.7730369266455601,adequate
llava15_lingoqa,LLaVA-1.5-7B,LingoQA,cos_sim,14,15,significant_sdc,166,32,41,125,0.7530120481927711,0.4326865500922278,0.3929263633124682,0.17022646885292678,0.3465234217595081,0.46215854372297016,0.3827672343252352,0.4842584053558121,adequate
llava15_lingoqa,LLaVA-1.5-7B,LingoQA,cos_sim,15,16,non_sdc,7232,75,7232,0,0.0,0.7486237120840392,0.7829007506370544,0.11156261271640303,0.7037199646234512,0.8246497511863708,0.7231670816617152,0.7715837547187981,adequate
llava15_lingoqa,LLaVA-1.5-7B,LingoQA,cos_sim,15,16,non_significant_sdc,102,33,102,0,0.0,0.7066327587385716,0.7149704144551203,0.10372447280956407,0.6014103173952678,0.804022150257459,0.6506003251307554,0.7590338541158359,adequate
llava15_lingoqa,LLaVA-1.5-7B,LingoQA,cos_sim,15,16,significant_sdc,166,31,40,126,0.7590361445783133,0.14030082431343552,-0.006534253171055901,0.292383926934357,-0.03151865792935904,0.09829371603315368,0.06158966370825762,0.22753729440050868,adequate
llava15_lingoqa,LLaVA-1.5-7B,LingoQA,cos_sim,16,17,non_sdc,7232,75,7232,0,0.0,0.717722471160335,0.7476162910461426,0.12382388467126647,0.6670295411691803,0.8097940683364868,0.6904275160681925,0.7436650236360384,adequate
llava15_lingoqa,LLaVA-1.5-7B,LingoQA,cos_sim,16,17,non_significant_sdc,102,33,102,0,0.0,0.6607021831130678,0.6625940203666687,0.14770921371873896,0.5417467424774478,0.7726683712968923,0.5878749703688182,0.7307699777442127,adequate
llava15_lingoqa,LLaVA-1.5-7B,LingoQA,cos_sim,16,17,significant_sdc,166,29,37,129,0.7771084337349398,0.22978469399220833,0.14810704743983794,0.25830589788293196,0.1094563896862828,0.24604934453964233,0.15677612252574652,0.30644486036167423,underpowered
llava15_lingoqa,LLaVA-1.5-7B,LingoQA,cos_sim,17,18,non_sdc,7232,75,7232,0,0.0,0.8025086229453868,0.8147745430469513,0.08934607427087543,0.7335973848899205,0.8736826727787653,0.7834254865986905,0.8206182694600026,adequate
llava15_lingoqa,LLaVA-1.5-7B,LingoQA,cos_sim,17,18,non_significant_sdc,102,33,102,0,0.0,0.7221478291030639,0.7091397362095968,0.09897479299286371,0.6409848089120826,0.8007656186819077,0.6807748388016677,0.7643384173944253,adequate
llava15_lingoqa,LLaVA-1.5-7B,LingoQA,cos_sim,17,18,significant_sdc,166,29,37,129,0.7771084337349398,0.4917929480242063,0.48725359293879295,0.20938235908214195,0.4437335559300014,0.5330905169248581,0.42346773617502137,0.5534603425057882,underpowered
llava15_lingoqa,LLaVA-1.5-7B,LingoQA,cos_sim,18,19,non_sdc,7232,75,7232,0,0.0,0.7568036756186398,0.7808818171421688,0.0937985051358687,0.7029643960297107,0.8279853509022639,0.7357716633343231,0.7763700825271355,adequate
llava15_lingoqa,LLaVA-1.5-7B,LingoQA,cos_sim,18,19,non_significant_sdc,102,33,102,0,0.0,0.7062313867643936,0.6985293609591631,0.10609880384073188,0.6060640456116929,0.7961587485941973,0.6552645462139549,0.759183709257566,adequate
llava15_lingoqa,LLaVA-1.5-7B,LingoQA,cos_sim,18,19,significant_sdc,166,28,35,131,0.7891566265060241,0.5097156172026875,0.5110168353635438,0.15368768928818907,0.4679791956227653,0.5446334905466255,0.45476755520517287,0.5606874564867954,underpowered
llava15_lingoqa,LLaVA-1.5-7B,LingoQA,cos_sim,19,20,non_sdc,7232,75,7232,0,0.0,0.7831207910680544,0.8027016123135885,0.08635409574678699,0.7380310818552971,0.8423426151275635,0.7639923400099443,0.8009895531624123,adequate
llava15_lingoqa,LLaVA-1.5-7B,LingoQA,cos_sim,19,20,non_significant_sdc,102,33,102,0,0.0,0.7354315980320819,0.7524253737467985,0.07502655946524305,0.6712755655147591,0.792757297200816,0.7022301859232701,0.7658225099144769,adequate
llava15_lingoqa,LLaVA-1.5-7B,LingoQA,cos_sim,19,20,significant_sdc,166,28,34,132,0.7951807228915663,0.5879450778612848,0.6071778423323924,0.2144736822460137,0.5487275530907268,0.7266592592904333,0.5127147041643653,0.654111919170769,underpowered
llava15_lingoqa,LLaVA-1.5-7B,LingoQA,cos_sim,20,21,non_sdc,7232,75,7232,0,0.0,0.7795882382095795,0.7948164367056512,0.09772614670388055,0.7268488645553589,0.8496115411130282,0.7583880282261947,0.7998549132444261,adequate
llava15_lingoqa,LLaVA-1.5-7B,LingoQA,cos_sim,20,21,non_significant_sdc,102,33,102,0,0.0,0.7239593627439344,0.75848910483447,0.08973975509804175,0.6780339496172204,0.8040972550710043,0.6862020546610713,0.7567745648191495,adequate
llava15_lingoqa,LLaVA-1.5-7B,LingoQA,cos_sim,20,21,significant_sdc,166,28,34,132,0.7951807228915663,0.44256902704578255,0.3941971346431849,0.16239021014849467,0.33971912710338226,0.4609595185944012,0.39523033517810136,0.5021377310297325,underpowered
llava15_lingoqa,LLaVA-1.5-7B,LingoQA,cos_sim,21,22,non_sdc,7232,75,7232,0,0.0,0.8263560921385891,0.8361739168564479,0.08024857651979399,0.7668689837058384,0.8814552409781351,0.8089007653405816,0.8428111265747027,adequate
llava15_lingoqa,LLaVA-1.5-7B,LingoQA,cos_sim,21,22,non_significant_sdc,102,33,102,0,0.0,0.7643649551804539,0.7559103054158828,0.0788230075843159,0.7193695698830309,0.8358655950675408,0.7264353234015825,0.803986914318197,adequate
llava15_lingoqa,LLaVA-1.5-7B,LingoQA,cos_sim,21,22,significant_sdc,166,27,33,133,0.8012048192771084,0.5525986633587059,0.5163716172077217,0.16941892642940815,0.46010824308103443,0.6420628428459167,0.49745147734135636,0.6105755527102321,underpowered
llava15_lingoqa,LLaVA-1.5-7B,LingoQA,cos_sim,22,23,non_sdc,7232,75,7232,0,0.0,0.7381578627354828,0.7435191571712494,0.09682244748683165,0.6756083071231842,0.8169388771057129,0.7173549867992186,0.7578881281330583,adequate
llava15_lingoqa,LLaVA-1.5-7B,LingoQA,cos_sim,22,23,non_significant_sdc,102,33,102,0,0.0,0.6701763632725863,0.6930254548788071,0.10890929197850234,0.5819862919802569,0.7615902511910959,0.6211001006878853,0.7169146152938995,adequate
llava15_lingoqa,LLaVA-1.5-7B,LingoQA,cos_sim,22,23,significant_sdc,166,26,32,134,0.8072289156626506,0.5813357214869088,0.6267321074799616,0.17057405634480152,0.5658550385166616,0.6737544337401584,0.5150997078495482,0.6371698909640368,underpowered
llava15_lingoqa,LLaVA-1.5-7B,LingoQA,cos_sim,23,24,non_sdc,7232,75,7232,0,0.0,0.8101276942473286,0.8184419870376587,0.07642292325672213,0.7634324835879462,0.8666190356016159,0.7947754023994527,0.8252510084511542,adequate
llava15_lingoqa,LLaVA-1.5-7B,LingoQA,cos_sim,23,24,non_significant_sdc,102,33,102,0,0.0,0.768280786197142,0.773537250665518,0.06800244184470085,0.7140568920544216,0.8291495189070702,0.7422165929604426,0.7929348952068828,adequate
llava15_lingoqa,LLaVA-1.5-7B,LingoQA,cos_sim,23,24,significant_sdc,166,26,32,134,0.8072289156626506,0.6674871714245376,0.7083634734153748,0.16610497793984014,0.6637947127791559,0.7372054581989904,0.6014967794985578,0.7217330539937639,underpowered
llava15_lingoqa,LLaVA-1.5-7B,LingoQA,cos_sim,24,25,non_sdc,7232,75,7232,0,0.0,0.7286047575827161,0.747179365158081,0.12034453600586734,0.642831102013588,0.8168100210336539,0.7037008030528498,0.7528028937535257,adequate
llava15_lingoqa,LLaVA-1.5-7B,LingoQA,cos_sim,24,25,non_significant_sdc,102,33,102,0,0.0,0.6508931314437688,0.6962084013682146,0.12475979440259316,0.5307276972478965,0.752656985933964,0.5935965969922775,0.6999536978809148,adequate
llava15_lingoqa,LLaVA-1.5-7B,LingoQA,cos_sim,24,25,significant_sdc,166,25,31,135,0.8132530120481928,0.28992356599460395,0.20048748139215974,0.21020750901784158,0.16293175754194356,0.3429561621792938,0.22215927516813322,0.3611075671542352,underpowered
llava15_lingoqa,LLaVA-1.5-7B,LingoQA,cos_sim,25,26,non_sdc,7232,75,7232,0,0.0,0.8312111587526899,0.8476117923855782,0.06740901517275222,0.8023913933762482,0.879352755844593,0.8167393915804564,0.8447813490101477,adequate
llava15_lingoqa,LLaVA-1.5-7B,LingoQA,cos_sim,25,26,non_significant_sdc,102,33,102,0,0.0,0.785850363359981,0.7701410173571536,0.0645328554568898,0.7330597541009893,0.8473806492984295,0.7591362206205304,0.8147490589566707,adequate
llava15_lingoqa,LLaVA-1.5-7B,LingoQA,cos_sim,25,26,significant_sdc,166,25,31,135,0.8132530120481928,0.6567751058242476,0.6831824803838924,0.15197834496449644,0.6502595990896225,0.7104382064877725,0.5999303863528493,0.7015991633117802,underpowered
llava15_lingoqa,LLaVA-1.5-7B,LingoQA,cos_sim,26,27,non_sdc,7232,75,7232,0,0.0,0.8311535544364743,0.8472045723881041,0.10947871254495448,0.7627351834223821,0.9311544448137283,0.8070260723634166,0.8543514646519903,adequate
llava15_lingoqa,LLaVA-1.5-7B,LingoQA,cos_sim,26,27,non_significant_sdc,102,33,102,0,0.0,0.7094916310291037,0.7430636550371463,0.11251476753815166,0.6179950489681595,0.760390393435955,0.669861299970831,0.7487566418151297,adequate
llava15_lingoqa,LLaVA-1.5-7B,LingoQA,cos_sim,26,27,significant_sdc,166,23,29,137,0.8253012048192772,0.5685736194095151,0.5834232164280755,0.21871294969333768,0.4871699763652013,0.709219041071376,0.48647177028169525,0.6424338722419991,underpowered
llava15_lingoqa,LLaVA-1.5-7B,LingoQA,cos_sim,27,28,non_sdc,7232,75,7232,0,0.0,0.8157055831753409,0.8362535255796769,0.08950246738914283,0.7740048923913171,0.8831945285201073,0.7970638166729418,0.8329247992863787,adequate
llava15_lingoqa,LLaVA-1.5-7B,LingoQA,cos_sim,27,28,non_significant_sdc,102,33,102,0,0.0,0.7292001297668531,0.7170487476082948,0.10493915623060661,0.6920689154340296,0.8108836798713757,0.6979382977654806,0.7610884498577267,adequate
llava15_lingoqa,LLaVA-1.5-7B,LingoQA,cos_sim,27,28,significant_sdc,166,21,24,142,0.8554216867469879,0.5400688596046371,0.5929541054884998,0.21805473260725833,0.5474293659612232,0.6389138231206001,0.4498583791858587,0.6189054650688761,underpowered
llava15_lingoqa,LLaVA-1.5-7B,LingoQA,cos_sim,28,29,non_sdc,7232,75,7232,0,0.0,0.8284583529608761,0.8456402063369751,0.06415098764339486,0.7973433931668599,0.8741256296634674,0.8162322714084357,0.8397285541459173,adequate
llava15_lingoqa,LLaVA-1.5-7B,LingoQA,cos_sim,28,29,non_significant_sdc,102,33,102,0,0.0,0.775041869754496,0.7738907908906743,0.09307938373177753,0.7390747998769467,0.8405329497023062,0.7450631049198053,0.8035355556469258,adequate
llava15_lingoqa,LLaVA-1.5-7B,LingoQA,cos_sim,28,29,significant_sdc,166,20,22,144,0.8674698795180723,0.6397292539507445,0.6990516477701615,0.22173901514546002,0.6339541015272238,0.7686265797621491,0.5392915939586657,0.7226253914224443,underpowered
llava15_lingoqa,LLaVA-1.5-7B,LingoQA,cos_sim,29,30,non_sdc,7232,75,7232,0,0.0,0.8501924118382638,0.8594606466153089,0.06237558669223595,0.8182838926712672,0.8961387276649475,0.8381668245612064,0.861619786688051,adequate
llava15_lingoqa,LLaVA-1.5-7B,LingoQA,cos_sim,29,30,non_significant_sdc,102,33,102,0,0.0,0.7488987870191011,0.780965944942163,0.11990510970866387,0.7258973808586597,0.8352815390779422,0.719105988169648,0.7670308734077312,adequate
llava15_lingoqa,LLaVA-1.5-7B,LingoQA,cos_sim,29,30,significant_sdc,166,17,19,147,0.8855421686746988,0.613115063117135,0.682969639247114,0.2535058337399594,0.6164814506714442,0.7552483975887299,0.4865591559673043,0.7134808867605906,underpowered
llava15_lingoqa,LLaVA-1.5-7B,LingoQA,cos_sim,30,31,non_sdc,7232,75,7232,0,0.0,0.8893533101832966,0.8965758979320526,0.06096152293388864,0.8554570227861404,0.9381018355488777,0.8762497812616905,0.9015234544691163,adequate
llava15_lingoqa,LLaVA-1.5-7B,LingoQA,cos_sim,30,31,non_significant_sdc,102,33,102,0,0.0,0.8119354949032365,0.8222937249407476,0.09418756667508807,0.7831184663451635,0.8614710269423274,0.7833544647495453,0.8339731215867744,adequate
llava15_lingoqa,LLaVA-1.5-7B,LingoQA,cos_sim,30,31,significant_sdc,166,11,12,154,0.927710843373494,0.6986100650615893,0.8149204039970017,0.25187684937086396,0.6467632129788399,0.8574482667304221,0.5566429432921625,0.8305104049031555,underpowered
llava15_lingoqa,LLaVA-1.5-7B,LingoQA,abs_mean_diff,0,1,non_sdc,7232,75,7232,0,0.0,0.0011947468295996774,0.0011175002094686909,0.0008417190895088245,0.0006851751095382497,0.0016015589194770048,0.0010308655130503216,0.0013821153273851283,adequate
llava15_lingoqa,LLaVA-1.5-7B,LingoQA,abs_mean_diff,0,1,non_significant_sdc,102,33,102,0,0.0,0.0015323167368454156,0.001550430795759894,0.0004883602963738226,0.0012808701130879753,0.0017454155939197577,0.0012972339493823022,0.0017595673005949238,adequate
llava15_lingoqa,LLaVA-1.5-7B,LingoQA,abs_mean_diff,0,1,significant_sdc,166,41,59,107,0.6445783132530121,0.01160854427101477,0.0136274056014966,0.004905678439960084,0.012445064779485062,0.014599346470239818,0.010351047432314917,0.012723484901129012,adequate
llava15_lingoqa,LLaVA-1.5-7B,LingoQA,abs_mean_diff,1,2,non_sdc,7232,75,7232,0,0.0,0.004759633111163223,0.004441795601160266,0.001812519249742038,0.0032740696216933428,0.006507965736091137,0.0043762318277398215,0.0051474615291275255,adequate
llava15_lingoqa,LLaVA-1.5-7B,LingoQA,abs_mean_diff,1,2,non_significant_sdc,102,33,102,0,0.0,0.003941477857973402,0.0038461649466905957,0.0008962023592962533,0.0033926721796494093,0.0043355813188525215,0.0036511498184755476,0.0043066642734300165,adequate
llava15_lingoqa,LLaVA-1.5-7B,LingoQA,abs_mean_diff,1,2,significant_sdc,166,41,57,109,0.6566265060240963,0.015738977098974417,0.018506680187598174,0.005750620313276614,0.01790565521247229,0.01884802667500109,0.014155965947015643,0.017133548922921637,adequate
llava15_lingoqa,LLaVA-1.5-7B,LingoQA,abs_mean_diff,2,3,non_sdc,7232,75,7232,0,0.0,0.006933679432645232,0.007006556933952702,0.0018531850443470972,0.005570294335484505,0.008258792825342556,0.006542994118523838,0.007316966354346803,adequate
llava15_lingoqa,LLaVA-1.5-7B,LingoQA,abs_mean_diff,2,3,non_significant_sdc,102,33,102,0,0.0,0.007765322283863227,0.008105335373069726,0.001151548031750941,0.00705107522662729,0.008401277405657591,0.007396946975050474,0.008110927823267479,adequate
llava15_lingoqa,LLaVA-1.5-7B,LingoQA,abs_mean_diff,2,3,significant_sdc,166,41,57,109,0.6566265060240963,0.011527982081189589,0.01246953149307139,0.0024791854501007185,0.011899917871140095,0.012717333505861461,0.010892887454792584,0.012111808300201633,adequate
llava15_lingoqa,LLaVA-1.5-7B,LingoQA,abs_mean_diff,3,4,non_sdc,7232,75,7232,0,0.0,0.0070605837930692115,0.006896836683154106,0.0017579483843363987,0.005976121407002211,0.008168467174982652,0.006735384417631731,0.0073874186163409485,adequate
llava15_lingoqa,LLaVA-1.5-7B,LingoQA,abs_mean_diff,3,4,non_significant_sdc,102,33,102,0,0.0,0.008119668471305682,0.008034097429481335,0.00163917019389996,0.007144667931632804,0.008986102688920385,0.007475229264217199,0.008749080097925636,adequate
llava15_lingoqa,LLaVA-1.5-7B,LingoQA,abs_mean_diff,3,4,significant_sdc,166,41,57,109,0.6566265060240963,0.005665958431242217,0.0056536939679359905,0.001128132006162196,0.005089547133491356,0.005893304478377104,0.005361391050909541,0.0059642104378418905,adequate
llava15_lingoqa,LLaVA-1.5-7B,LingoQA,abs_mean_diff,4,5,non_sdc,7232,75,7232,0,0.0,0.007982623645374854,0.007769884723957683,0.0028145793324210557,0.005743444681866094,0.010412976262159646,0.007379725571488612,0.00858770914867356,adequate
llava15_lingoqa,LLaVA-1.5-7B,LingoQA,abs_mean_diff,4,5,non_significant_sdc,102,33,102,0,0.0,0.006037880248477944,0.005819562393858528,0.002349297179676522,0.0048391215673507845,0.007988373682665483,0.005027652939866254,0.007122046242092339,adequate
llava15_lingoqa,LLaVA-1.5-7B,LingoQA,abs_mean_diff,4,5,significant_sdc,166,41,57,109,0.6566265060240963,0.00792809645526583,0.007884969925317837,0.0015909214192525564,0.0074900541079173585,0.008335745893418789,0.007483416056606748,0.008378564956624238,adequate
llava15_lingoqa,LLaVA-1.5-7B,LingoQA,abs_mean_diff,5,6,non_sdc,7232,75,7232,0,0.0,0.00541112327824458,0.005557684460654855,0.002829329935167074,0.0031347654811624023,0.007486083059726904,0.0048091521611568705,0.006013745453541345,adequate
llava15_lingoqa,LLaVA-1.5-7B,LingoQA,abs_mean_diff,5,6,non_significant_sdc,102,33,102,0,0.0,0.007327460129227958,0.007372910101014209,0.002388551680638247,0.0059085578786575105,0.008799047737556975,0.0063528665820442145,0.008003105544400589,adequate
llava15_lingoqa,LLaVA-1.5-7B,LingoQA,abs_mean_diff,5,6,significant_sdc,166,38,54,112,0.6746987951807228,0.012891338396617987,0.01479391884700186,0.004434887298050752,0.013445560378497657,0.015657079281945884,0.01159218765390374,0.014031030241103915,adequate
llava15_lingoqa,LLaVA-1.5-7B,LingoQA,abs_mean_diff,6,7,non_sdc,7232,75,7232,0,0.0,0.013075901247091154,0.01128956528703625,0.006944738285559906,0.007590396583757617,0.018783369101583958,0.01158257665209187,0.014585184227439773,adequate
llava15_lingoqa,LLaVA-1.5-7B,LingoQA,abs_mean_diff,6,7,non_significant_sdc,102,33,102,0,0.0,0.009219002658144916,0.007722873564480859,0.004550692052158415,0.00621844090637751,0.011403446671094422,0.007875216932079005,0.010928327814403496,adequate
llava15_lingoqa,LLaVA-1.5-7B,LingoQA,abs_mean_diff,6,7,significant_sdc,166,38,54,112,0.6746987951807228,0.023369609197400745,0.02447735241908884,0.006630548879528442,0.022109608332227384,0.026158962553492936,0.02145281341736658,0.02531246064829448,adequate
llava15_lingoqa,LLaVA-1.5-7B,LingoQA,abs_mean_diff,7,8,non_sdc,7232,75,7232,0,0.0,0.010061512715276286,0.009827998298634257,0.004283680227253238,0.007597815536428243,0.012214152608066797,0.009222202473527652,0.010955394075833192,adequate
llava15_lingoqa,LLaVA-1.5-7B,LingoQA,abs_mean_diff,7,8,non_significant_sdc,102,33,102,0,0.0,0.010552137502719617,0.010190543902214043,0.0027077413927872745,0.009748316881693123,0.011398624041954018,0.009840898622191093,0.011346354072507189,adequate
llava15_lingoqa,LLaVA-1.5-7B,LingoQA,abs_mean_diff,7,8,significant_sdc,166,38,52,114,0.6867469879518072,0.009778198243354953,0.009444703870662013,0.0032788267837801635,0.008298878473638346,0.01085466919561886,0.008802139861696803,0.01078841717304635,adequate
llava15_lingoqa,LLaVA-1.5-7B,LingoQA,abs_mean_diff,8,9,non_sdc,7232,75,7232,0,0.0,0.009159686063592073,0.007746935356408358,0.006270869480152023,0.004171893712790573,0.013890417034013404,0.007878001662049754,0.010481342423805266,adequate
llava15_lingoqa,LLaVA-1.5-7B,LingoQA,abs_mean_diff,8,9,non_significant_sdc,102,33,102,0,0.0,0.015059666149245136,0.016146850490667,0.0039840660754782075,0.01293169954977416,0.016769358258483195,0.013366075319836178,0.016123208362681177,adequate
llava15_lingoqa,LLaVA-1.5-7B,LingoQA,abs_mean_diff,8,9,significant_sdc,166,38,50,116,0.6987951807228916,0.009291750310775514,0.008938620318373551,0.0038601220044756144,0.006759493207863095,0.010285204651822547,0.008147065055412676,0.010457028058597674,adequate
llava15_lingoqa,LLaVA-1.5-7B,LingoQA,abs_mean_diff,9,10,non_sdc,7232,75,7232,0,0.0,0.00860389126973774,0.0083745326846838,0.005029751520430313,0.005162938294233754,0.010882958653382957,0.007622499558148412,0.009688530046042218,adequate
llava15_lingoqa,LLaVA-1.5-7B,LingoQA,abs_mean_diff,9,10,non_significant_sdc,102,33,102,0,0.0,0.009839978922483585,0.010104167696805565,0.003626713124693123,0.007445842702430167,0.011549654509169933,0.008732814961873286,0.01104737273131298,adequate
llava15_lingoqa,LLaVA-1.5-7B,LingoQA,abs_mean_diff,9,10,significant_sdc,166,37,48,118,0.7108433734939759,0.013034650453574359,0.013637246486816404,0.003297328741366439,0.012125567514069225,0.015110144739713977,0.012141350864874497,0.01392605758359629,adequate
llava15_lingoqa,LLaVA-1.5-7B,LingoQA,abs_mean_diff,10,11,non_sdc,7232,75,7232,0,0.0,0.010707030338864837,0.00963518608893667,0.006279008912654119,0.007000228768447414,0.012834137564735306,0.009528597072219196,0.011971476816689322,adequate
llava15_lingoqa,LLaVA-1.5-7B,LingoQA,abs_mean_diff,10,11,non_significant_sdc,102,33,102,0,0.0,0.011178659466185863,0.01155715267787772,0.003684884946437887,0.008976874829386361,0.012884476669231523,0.009854232916144673,0.012419183192811906,adequate
llava15_lingoqa,LLaVA-1.5-7B,LingoQA,abs_mean_diff,10,11,significant_sdc,166,36,47,119,0.7168674698795181,0.0417892841233731,0.05003957877562819,0.017171350677626023,0.03678095608721582,0.05297988567178195,0.03647131759822237,0.04639588722778444,adequate
llava15_lingoqa,LLaVA-1.5-7B,LingoQA,abs_mean_diff,11,12,non_sdc,7232,75,7232,0,0.0,0.014191389400874697,0.013235150836408138,0.007202111367640368,0.009216547581176697,0.018567530438303947,0.012838465634735416,0.015586295636069716,adequate
llava15_lingoqa,LLaVA-1.5-7B,LingoQA,abs_mean_diff,11,12,non_significant_sdc,102,33,102,0,0.0,0.01602356918882918,0.015805340599929944,0.004901802113228908,0.013424350974114182,0.019740688581950962,0.014002896601292789,0.018122804021542913,adequate
llava15_lingoqa,LLaVA-1.5-7B,LingoQA,abs_mean_diff,11,12,significant_sdc,166,34,44,122,0.7349397590361446,0.022615330387714294,0.022010697446269344,0.00934819192961201,0.015328472417340859,0.02885625109774992,0.01970584311815178,0.025614010617236494,adequate
llava15_lingoqa,LLaVA-1.5-7B,LingoQA,abs_mean_diff,12,13,non_sdc,7232,75,7232,0,0.0,0.016721074156417173,0.015231834000183476,0.009119383585719596,0.009854895903429549,0.02175521995458338,0.014875639142672863,0.018630456596176716,adequate
llava15_lingoqa,LLaVA-1.5-7B,LingoQA,abs_mean_diff,12,13,non_significant_sdc,102,33,102,0,0.0,0.01927748977462994,0.01736610784309403,0.007092505117240379,0.013638192380536707,0.023597630645698784,0.016457914976104642,0.022289942285132733,adequate
llava15_lingoqa,LLaVA-1.5-7B,LingoQA,abs_mean_diff,12,13,significant_sdc,166,34,44,122,0.7349397590361446,0.019915152513341198,0.01994271528412949,0.006450540454729999,0.01699288762222063,0.022490169261986086,0.017827791419173185,0.022147188024833526,adequate
llava15_lingoqa,LLaVA-1.5-7B,LingoQA,abs_mean_diff,13,14,non_sdc,7232,75,7232,0,0.0,0.014911542398212654,0.013947619125247002,0.007590624684466099,0.010005540042281305,0.018644265063234012,0.013487793964043131,0.01639844167962687,adequate
llava15_lingoqa,LLaVA-1.5-7B,LingoQA,abs_mean_diff,13,14,non_significant_sdc,102,33,102,0,0.0,0.014851964999418604,0.013533895078226622,0.005063464829479887,0.01147894255502086,0.018291433242470807,0.012675182639371516,0.017443412744514587,adequate
llava15_lingoqa,LLaVA-1.5-7B,LingoQA,abs_mean_diff,13,14,significant_sdc,166,34,44,122,0.7349397590361446,0.025232092484680203,0.023662351900996755,0.011536841213166548,0.020556949760699897,0.025397294604846715,0.022162423395393833,0.029172345837589216,adequate
llava15_lingoqa,LLaVA-1.5-7B,LingoQA,abs_mean_diff,14,15,non_sdc,7232,75,7232,0,0.0,0.014054932924426184,0.012630800296190299,0.007236316894483236,0.009326189836775441,0.01838274519832339,0.012685306449346493,0.015490927239264922,adequate
llava15_lingoqa,LLaVA-1.5-7B,LingoQA,abs_mean_diff,14,15,non_significant_sdc,102,33,102,0,0.0,0.014407335970731858,0.012670160262408019,0.005433272629044298,0.01063611020351975,0.01833731361738482,0.012250945544138218,0.016704925683376736,adequate
llava15_lingoqa,LLaVA-1.5-7B,LingoQA,abs_mean_diff,14,15,significant_sdc,166,32,41,125,0.7530120481927711,0.012121532853616399,0.010283292681026292,0.012327248100048533,0.006637629334970067,0.014519404695958507,0.009119137176854282,0.016797520080511795,adequate
llava15_lingoqa,LLaVA-1.5-7B,LingoQA,abs_mean_diff,15,16,non_sdc,7232,75,7232,0,0.0,0.016001436722119716,0.01424515014514327,0.010355984410865582,0.009821676649153233,0.020409635255216725,0.013930787594652754,0.018237191355693926,adequate
llava15_lingoqa,LLaVA-1.5-7B,LingoQA,abs_mean_diff,15,16,non_significant_sdc,102,33,102,0,0.0,0.016198654966060728,0.017164128344179456,0.005356065264239108,0.011023115773172658,0.02003645079390963,0.013515525319277131,0.018535624423399955,adequate
llava15_lingoqa,LLaVA-1.5-7B,LingoQA,abs_mean_diff,15,16,significant_sdc,166,31,40,126,0.7590361445783133,0.01874585192908048,0.017248859200198963,0.007345765460876743,0.013914989413246892,0.023292457487681235,0.016324325245379655,0.021231871213200335,adequate
llava15_lingoqa,LLaVA-1.5-7B,LingoQA,abs_mean_diff,16,17,non_sdc,7232,75,7232,0,0.0,0.01770993927484751,0.015665596693425494,0.010875181857466354,0.01160874028573744,0.021861044144761577,0.015532693460072623,0.020100056054111238,adequate
llava15_lingoqa,LLaVA-1.5-7B,LingoQA,abs_mean_diff,16,17,non_significant_sdc,102,33,102,0,0.0,0.019492040629434916,0.019695199297435968,0.006571397856986178,0.014761419390561059,0.022222430966746975,0.01723987638035803,0.021654709506306793,adequate
llava15_lingoqa,LLaVA-1.5-7B,LingoQA,abs_mean_diff,16,17,significant_sdc,166,29,37,129,0.7771084337349398,0.01985387460057679,0.014997833534333932,0.018299325861045754,0.010882116949223742,0.023037869423836926,0.01486920320563884,0.02610785775923365,underpowered
llava15_lingoqa,LLaVA-1.5-7B,LingoQA,abs_mean_diff,17,18,non_sdc,7232,75,7232,0,0.0,0.015019452752522908,0.014121313113719225,0.008003069784175082,0.010150324553251266,0.01874897163361311,0.013511910665046199,0.016579438971977827,adequate
llava15_lingoqa,LLaVA-1.5-7B,LingoQA,abs_mean_diff,17,18,non_significant_sdc,102,33,102,0,0.0,0.017223295520790136,0.016317503759637475,0.007753716505557196,0.012417812529467762,0.020554496174944297,0.015106664611886277,0.01982070264543501,adequate
llava15_lingoqa,LLaVA-1.5-7B,LingoQA,abs_mean_diff,17,18,significant_sdc,166,29,37,129,0.7771084337349398,0.019501785050341534,0.018695843977514993,0.010756418858637451,0.012417576522851477,0.023961746979656876,0.015937437658438067,0.023417169914816745,underpowered
llava15_lingoqa,LLaVA-1.5-7B,LingoQA,abs_mean_diff,18,19,non_sdc,7232,75,7232,0,0.0,0.01506428760442627,0.013652532361447811,0.0073008074098288335,0.010704531101509929,0.01885010558180511,0.013681597157000623,0.0165780254496982,adequate
llava15_lingoqa,LLaVA-1.5-7B,LingoQA,abs_mean_diff,18,19,non_significant_sdc,102,33,102,0,0.0,0.01621565428782065,0.015204401888275662,0.006888927794476032,0.010808824820493411,0.020079085916599473,0.013564267177064458,0.019275505184204556,adequate
llava15_lingoqa,LLaVA-1.5-7B,LingoQA,abs_mean_diff,18,19,significant_sdc,166,28,35,131,0.7891566265060241,0.018146460760430232,0.01412111394373434,0.020510108785627746,0.011002697694419446,0.01805054202048602,0.013074314054254844,0.026644552495275305,underpowered
llava15_lingoqa,LLaVA-1.5-7B,LingoQA,abs_mean_diff,19,20,non_sdc,7232,75,7232,0,0.0,0.014865650966108227,0.014675164595246315,0.007485872829605598,0.010123652871698141,0.01871219197152338,0.013499640894278119,0.016348883974196007,adequate
llava15_lingoqa,LLaVA-1.5-7B,LingoQA,abs_mean_diff,19,20,non_significant_sdc,102,33,102,0,0.0,0.017013285297009254,0.01727066714686641,0.004869867637578559,0.014067914079462823,0.01934139248297303,0.014851991492817102,0.018559056305135095,adequate
llava15_lingoqa,LLaVA-1.5-7B,LingoQA,abs_mean_diff,19,20,significant_sdc,166,28,34,132,0.7951807228915663,0.01669546056753807,0.012719070023324872,0.01947180714919354,0.008770849907352607,0.017141350464681213,0.012170062881515857,0.023362548544721595,underpowered
llava15_lingoqa,LLaVA-1.5-7B,LingoQA,abs_mean_diff,20,21,non_sdc,7232,75,7232,0,0.0,0.023227956687945365,0.021607831469736993,0.010027183483139279,0.015900644550459798,0.02881810674443841,0.02130786479857042,0.025242909349489914,adequate
llava15_lingoqa,LLaVA-1.5-7B,LingoQA,abs_mean_diff,20,21,non_significant_sdc,102,33,102,0,0.0,0.021923784966850757,0.021081525926259632,0.006212297461000594,0.017644703385975354,0.025938465103453837,0.02025128781589094,0.023702319086230814,adequate
llava15_lingoqa,LLaVA-1.5-7B,LingoQA,abs_mean_diff,20,21,significant_sdc,166,28,34,132,0.7951807228915663,0.020525938475640076,0.011827906232231327,0.018785846204706382,0.008785012520241494,0.025322126557252238,0.014560339663496947,0.02778060787929962,underpowered
llava15_lingoqa,LLaVA-1.5-7B,LingoQA,abs_mean_diff,21,22,non_sdc,7232,75,7232,0,0.0,0.020863983053762285,0.020452873427015933,0.009974738063159884,0.014273674360343389,0.026160944571816606,0.0188512445168002,0.02286990054003155,adequate
llava15_lingoqa,LLaVA-1.5-7B,LingoQA,abs_mean_diff,21,22,non_significant_sdc,102,33,102,0,0.0,0.022925697201401557,0.02424209075029559,0.007368767862378736,0.017795423589025933,0.02587103687871534,0.020304369407715815,0.025664629471568425,adequate
llava15_lingoqa,LLaVA-1.5-7B,LingoQA,abs_mean_diff,21,22,significant_sdc,166,27,33,133,0.8012048192771084,0.04003099985737067,0.04883600501533674,0.018255707562307606,0.02213954608887434,0.05328934261461302,0.034239357959011237,0.045798304159688996,underpowered
llava15_lingoqa,LLaVA-1.5-7B,LingoQA,abs_mean_diff,22,23,non_sdc,7232,75,7232,0,0.0,0.022501444517699677,0.022062547504901886,0.0111794673803798,0.01546661276370287,0.028840744151518896,0.020361758764195027,0.024688471609471276,adequate
llava15_lingoqa,LLaVA-1.5-7B,LingoQA,abs_mean_diff,22,23,non_significant_sdc,102,33,102,0,0.0,0.026662541924362525,0.0266961380287509,0.008611976214186409,0.022535961486088732,0.029685263360413362,0.02349196710504383,0.02898239180075047,adequate
llava15_lingoqa,LLaVA-1.5-7B,LingoQA,abs_mean_diff,22,23,significant_sdc,166,26,32,134,0.8072289156626506,0.03619562215862452,0.031973928279642544,0.014049415703310504,0.028112566602245277,0.04436857001475838,0.031316497973841166,0.04171079317791862,underpowered
llava15_lingoqa,LLaVA-1.5-7B,LingoQA,abs_mean_diff,23,24,non_sdc,7232,75,7232,0,0.0,0.02165398394840458,0.01910219364799559,0.011185876880894705,0.014663670785151996,0.026632760651409626,0.019532903890291678,0.02391560264605416,adequate
llava15_lingoqa,LLaVA-1.5-7B,LingoQA,abs_mean_diff,23,24,non_significant_sdc,102,33,102,0,0.0,0.01969026206764503,0.0182321342245604,0.005896175413503084,0.015343415038660168,0.02235489780064292,0.01797212859232442,0.02163362393837614,adequate
llava15_lingoqa,LLaVA-1.5-7B,LingoQA,abs_mean_diff,23,24,significant_sdc,166,26,32,134,0.8072289156626506,0.019342815244097165,0.009942264068035448,0.02466561073685506,0.006240265824052752,0.018034480588375108,0.012313525144105015,0.028117488320880804,underpowered
llava15_lingoqa,LLaVA-1.5-7B,LingoQA,abs_mean_diff,24,25,non_sdc,7232,75,7232,0,0.0,0.016116234389509192,0.014373991219326854,0.008961500072644693,0.010263672011205927,0.021085586081343616,0.014499714468850962,0.01785015478252227,adequate
llava15_lingoqa,LLaVA-1.5-7B,LingoQA,abs_mean_diff,24,25,non_significant_sdc,102,33,102,0,0.0,0.016570006087826505,0.017058823141269386,0.006084837068286659,0.01125447242728634,0.02139517401282115,0.014142229625418813,0.01911354130861487,adequate
llava15_lingoqa,LLaVA-1.5-7B,LingoQA,abs_mean_diff,24,25,significant_sdc,166,25,31,135,0.8132530120481928,0.01857317275382076,0.015620298351028137,0.010321771395634206,0.012427116169271116,0.021541757092155438,0.015504184556785403,0.022035968311599305,underpowered
llava15_lingoqa,LLaVA-1.5-7B,LingoQA,abs_mean_diff,25,26,non_sdc,7232,75,7232,0,0.0,0.018928704040582063,0.017226650959087743,0.00870906413663304,0.013879272292422898,0.022591726592509076,0.017289149648067062,0.020713491793323,adequate
llava15_lingoqa,LLaVA-1.5-7B,LingoQA,abs_mean_diff,25,26,non_significant_sdc,102,33,102,0,0.0,0.019540951972729318,0.018803080615515895,0.00628941396137664,0.014766289630312134,0.024119992791452417,0.016981445450294903,0.022504611436998827,adequate
llava15_lingoqa,LLaVA-1.5-7B,LingoQA,abs_mean_diff,25,26,significant_sdc,166,25,31,135,0.8132530120481928,0.027376255357327565,0.018733367551954424,0.022599520360548464,0.014038798455876144,0.032624289013293326,0.020249828022882624,0.03632588521339351,underpowered
llava15_lingoqa,LLaVA-1.5-7B,LingoQA,abs_mean_diff,26,27,non_sdc,7232,75,7232,0,0.0,0.019920635662526876,0.01771599460731853,0.01000654219577106,0.013111923605902121,0.02466840110719204,0.018093859804783136,0.021829265931839103,adequate
llava15_lingoqa,LLaVA-1.5-7B,LingoQA,abs_mean_diff,26,27,non_significant_sdc,102,33,102,0,0.0,0.018369364883665605,0.01904618999329754,0.007209572499535338,0.013864528219878243,0.019463231221045728,0.016342364337661376,0.020710420977970954,adequate
llava15_lingoqa,LLaVA-1.5-7B,LingoQA,abs_mean_diff,26,27,significant_sdc,166,23,29,137,0.8253012048192772,0.024806074673732234,0.020682992565692688,0.018441237837225725,0.013741982340508578,0.02871581843617011,0.018356542844749107,0.03301125496931627,underpowered
llava15_lingoqa,LLaVA-1.5-7B,LingoQA,abs_mean_diff,27,28,non_sdc,7232,75,7232,0,0.0,0.018085310335597616,0.016856334793070953,0.009885532327939475,0.011559705083657588,0.02349085232708603,0.01619970191696795,0.020048069277782087,adequate
llava15_lingoqa,LLaVA-1.5-7B,LingoQA,abs_mean_diff,27,28,non_significant_sdc,102,33,102,0,0.0,0.02424814500861229,0.02245020884080217,0.008028038079913686,0.018859867355786264,0.029642634210176766,0.021744995467630604,0.026359818943623794,adequate
llava15_lingoqa,LLaVA-1.5-7B,LingoQA,abs_mean_diff,27,28,significant_sdc,166,21,24,142,0.8554216867469879,0.03143968899743433,0.025180125875132423,0.02060154199523012,0.018439839512966537,0.0382948186045408,0.024074521568494323,0.04003124402156096,underpowered
llava15_lingoqa,LLaVA-1.5-7B,LingoQA,abs_mean_diff,28,29,non_sdc,7232,75,7232,0,0.0,0.017506685390731875,0.015911516684513443,0.009404038037567727,0.011441457783803344,0.02253454621648416,0.01579901455620157,0.019232318926986125,adequate
llava15_lingoqa,LLaVA-1.5-7B,LingoQA,abs_mean_diff,28,29,non_significant_sdc,102,33,102,0,0.0,0.01823075694769164,0.017127988422494175,0.006687731236524333,0.014624872911510812,0.01970949875163462,0.01686369684417492,0.020507329354578396,adequate
llava15_lingoqa,LLaVA-1.5-7B,LingoQA,abs_mean_diff,28,29,significant_sdc,166,20,22,144,0.8674698795180723,0.029400203200861563,0.021739145425860494,0.025359046050418117,0.014412957747295802,0.03381715944245914,0.020074377394896106,0.04103207209285713,underpowered
llava15_lingoqa,LLaVA-1.5-7B,LingoQA,abs_mean_diff,29,30,non_sdc,7232,75,7232,0,0.0,0.018332803462325672,0.017320796847343445,0.010622765902667253,0.01141431766639774,0.024913094355724752,0.016483671456094095,0.020300041702028905,adequate
llava15_lingoqa,LLaVA-1.5-7B,LingoQA,abs_mean_diff,29,30,non_significant_sdc,102,33,102,0,0.0,0.022832974141211826,0.02150107318967847,0.010524163747735502,0.01432778500020504,0.027141833386849612,0.019040606747904924,0.025959654363671675,adequate
llava15_lingoqa,LLaVA-1.5-7B,LingoQA,abs_mean_diff,29,30,significant_sdc,166,17,19,147,0.8855421686746988,0.03033776558259829,0.019295411692424255,0.028963484355410074,0.014081661285338352,0.029766178224235773,0.01954638013138104,0.045185706679938355,underpowered
llava15_lingoqa,LLaVA-1.5-7B,LingoQA,abs_mean_diff,30,31,non_sdc,7232,75,7232,0,0.0,0.018144457341687625,0.01708842278458178,0.01002632305900488,0.011231461612624116,0.02340188351043157,0.016262495409265297,0.020126767015207377,adequate
llava15_lingoqa,LLaVA-1.5-7B,LingoQA,abs_mean_diff,30,31,non_significant_sdc,102,33,102,0,0.0,0.029365558580886925,0.022903211092433103,0.03482959323468547,0.0183557346750462,0.03417851803919338,0.023253155759256725,0.03974392214507482,adequate
llava15_lingoqa,LLaVA-1.5-7B,LingoQA,abs_mean_diff,30,31,significant_sdc,166,11,12,154,0.927710843373494,0.052539203092823256,0.0257600215871049,0.09779826839392984,0.017098718959129077,0.030148888130069655,0.020279924608869515,0.1160379454508767,underpowered
llava15_lingoqa,LLaVA-1.5-7B,LingoQA,abs_std_diff,0,1,non_sdc,7232,75,7232,0,0.0,0.0224610400568857,0.022336098986367386,0.003623157474012462,0.020037181209772825,0.02454368071630597,0.021654135544733548,0.023236890681577985,adequate
llava15_lingoqa,LLaVA-1.5-7B,LingoQA,abs_std_diff,0,1,non_significant_sdc,102,33,102,0,0.0,0.0204186125290315,0.02031053965911269,0.0023310493340059526,0.019510088624673433,0.02079835431460215,0.019894805522505887,0.02111382471775068,adequate
llava15_lingoqa,LLaVA-1.5-7B,LingoQA,abs_std_diff,0,1,significant_sdc,166,41,59,107,0.6445783132530121,0.02741531801051816,0.02787333498803937,0.004603743551909925,0.02639992027638518,0.029866210451083522,0.026184875176480618,0.02848248929768463,adequate
llava15_lingoqa,LLaVA-1.5-7B,LingoQA,abs_std_diff,1,2,non_sdc,7232,75,7232,0,0.0,0.026526303393865924,0.021446622043315853,0.009611747773733977,0.018996897057684904,0.03712763451039791,0.024449927397259926,0.02867298908557515,adequate
llava15_lingoqa,LLaVA-1.5-7B,LingoQA,abs_std_diff,1,2,non_significant_sdc,102,33,102,0,0.0,0.01980603567129405,0.019439291432111837,0.005321805106607998,0.01785700474283658,0.02011766387814922,0.018097002872462756,0.02198286038581554,adequate
llava15_lingoqa,LLaVA-1.5-7B,LingoQA,abs_std_diff,1,2,significant_sdc,166,41,57,109,0.6566265060240963,0.023712168983413648,0.02404239941008237,0.00462038911784153,0.021383388386088973,0.025125634153278505,0.022477601524732854,0.02502116330189742,adequate
llava15_lingoqa,LLaVA-1.5-7B,LingoQA,abs_std_diff,2,3,non_sdc,7232,75,7232,0,0.0,0.027718812919251934,0.02769626025110483,0.005573710873628234,0.024788236090292532,0.030189996901234348,0.026551448558787605,0.028857836953717655,adequate
llava15_lingoqa,LLaVA-1.5-7B,LingoQA,abs_std_diff,2,3,non_significant_sdc,102,33,102,0,0.0,0.0268769840726369,0.026820637190676466,0.0034048756985962155,0.02552488394730696,0.02821850535375151,0.026078027623092533,0.0277763960807622,adequate
llava15_lingoqa,LLaVA-1.5-7B,LingoQA,abs_std_diff,2,3,significant_sdc,166,41,57,109,0.6566265060240963,0.02341673824911397,0.022054442489633754,0.00482879499041722,0.02094810292580906,0.023997870045809114,0.022235828017304553,0.02479564803382393,adequate
llava15_lingoqa,LLaVA-1.5-7B,LingoQA,abs_std_diff,3,4,non_sdc,7232,75,7232,0,0.0,0.02542326565406986,0.027778451997494583,0.009597664393814936,0.021172955632209778,0.031381869502365586,0.023381920251849396,0.027379025960101815,adequate
llava15_lingoqa,LLaVA-1.5-7B,LingoQA,abs_std_diff,3,4,non_significant_sdc,102,33,102,0,0.0,0.030463636373777928,0.031112786009907724,0.0060304311910807816,0.027197922884414975,0.03244225797659185,0.02780819802256463,0.03272377651423705,adequate
llava15_lingoqa,LLaVA-1.5-7B,LingoQA,abs_std_diff,3,4,significant_sdc,166,41,57,109,0.6566265060240963,0.013213189913898601,0.0110607882771565,0.0064714763458566076,0.010563835767763001,0.011959704665505156,0.011728114192406758,0.014870902748585782,adequate
llava15_lingoqa,LLaVA-1.5-7B,LingoQA,abs_std_diff,4,5,non_sdc,7232,75,7232,0,0.0,0.030989041127370855,0.031220162080393896,0.008539094466345635,0.02391217853873968,0.03687543608248234,0.029208184239635386,0.03286636515790106,adequate
llava15_lingoqa,LLaVA-1.5-7B,LingoQA,abs_std_diff,4,5,non_significant_sdc,102,33,102,0,0.0,0.02301777079188548,0.022335369139909744,0.00476387087411158,0.01930121090263128,0.027458184274534385,0.02106983277634412,0.025204402884476708,adequate
llava15_lingoqa,LLaVA-1.5-7B,LingoQA,abs_std_diff,4,5,significant_sdc,166,41,57,109,0.6566265060240963,0.02032863299519502,0.018501857561724528,0.006682805351531107,0.017314369315091446,0.01931467207566816,0.018860413405790404,0.021902911767767035,adequate
llava15_lingoqa,LLaVA-1.5-7B,LingoQA,abs_std_diff,5,6,non_sdc,7232,75,7232,0,0.0,0.026618786107925195,0.026401681825518608,0.010017290400027032,0.020403218145171802,0.03263308107852936,0.0244759339038387,0.028753649266290402,adequate
llava15_lingoqa,LLaVA-1.5-7B,LingoQA,abs_std_diff,5,6,non_significant_sdc,102,33,102,0,0.0,0.032868686445703725,0.03184519708156586,0.007966263479737938,0.0272330785056158,0.04041846097573977,0.02989129565282894,0.03611004252399122,adequate
llava15_lingoqa,LLaVA-1.5-7B,LingoQA,abs_std_diff,5,6,significant_sdc,166,38,54,112,0.6746987951807228,0.01885306404478107,0.013093165863229304,0.029210748126381785,0.011803714159343923,0.015796271228820692,0.013449344740600647,0.02813547577770808,adequate
llava15_lingoqa,LLaVA-1.5-7B,LingoQA,abs_std_diff,6,7,non_sdc,7232,75,7232,0,0.0,0.04973746935088019,0.048492880165576936,0.016925645500376504,0.03604276245459914,0.062533650547266,0.04605038973428393,0.05340398308238218,adequate
llava15_lingoqa,LLaVA-1.5-7B,LingoQA,abs_std_diff,6,7,non_significant_sdc,102,33,102,0,0.0,0.036165251541008976,0.03392422453007277,0.010163723385909562,0.029815313425826863,0.03827194917193126,0.03319707029346833,0.04057205186967693,adequate
llava15_lingoqa,LLaVA-1.5-7B,LingoQA,abs_std_diff,6,7,significant_sdc,166,38,54,112,0.6746987951807228,0.024223538775000903,0.016935320723117615,0.0182008936867124,0.01521000674716672,0.019540986027188446,0.019672234548253852,0.02976414366102303,adequate
llava15_lingoqa,LLaVA-1.5-7B,LingoQA,abs_std_diff,7,8,non_sdc,7232,75,7232,0,0.0,0.03401424241918666,0.033111740110649004,0.012432889041603,0.025820333957672116,0.04065864922648126,0.031323688891532045,0.036781637301400036,adequate
llava15_lingoqa,LLaVA-1.5-7B,LingoQA,abs_std_diff,7,8,non_significant_sdc,102,33,102,0,0.0,0.03012230937085555,0.029304148629307747,0.006162166924562704,0.027316864199784338,0.033654069527983665,0.028282879000965107,0.03242589458379099,adequate
llava15_lingoqa,LLaVA-1.5-7B,LingoQA,abs_std_diff,7,8,significant_sdc,166,38,52,114,0.6867469879518072,0.02563962583724003,0.025626459634121586,0.007575234589599217,0.021559987198181297,0.027677695552001193,0.023944774294654993,0.027335635818139987,adequate
llava15_lingoqa,LLaVA-1.5-7B,LingoQA,abs_std_diff,8,9,non_sdc,7232,75,7232,0,0.0,0.022666029545920806,0.023112787306308745,0.012067990589319203,0.013522900640964508,0.030673329097529255,0.020061042963410082,0.025294666921799266,adequate
llava15_lingoqa,LLaVA-1.5-7B,LingoQA,abs_std_diff,8,9,non_significant_sdc,102,33,102,0,0.0,0.023860688933189152,0.023323271423578262,0.008430566895556399,0.019872925111225674,0.028152558215097337,0.019981401144137115,0.027791080039175638,adequate
llava15_lingoqa,LLaVA-1.5-7B,LingoQA,abs_std_diff,8,9,significant_sdc,166,38,50,116,0.6987951807228916,0.04265954412820278,0.04778950319302325,0.013826075979161643,0.045023822510729034,0.05032710436427472,0.03927691348080465,0.04572233823978872,adequate
llava15_lingoqa,LLaVA-1.5-7B,LingoQA,abs_std_diff,9,10,non_sdc,7232,75,7232,0,0.0,0.042755303003352965,0.03670073797305425,0.021358327003115997,0.025138229991380986,0.06052348017692566,0.03812191787146793,0.04751920418208922,adequate
llava15_lingoqa,LLaVA-1.5-7B,LingoQA,abs_std_diff,9,10,non_significant_sdc,102,33,102,0,0.0,0.02951398893647009,0.02595359246645655,0.011670484030918759,0.024490805715322497,0.032610820657755064,0.026831974160828973,0.034131781300681646,adequate
llava15_lingoqa,LLaVA-1.5-7B,LingoQA,abs_std_diff,9,10,significant_sdc,166,37,48,118,0.7108433734939759,0.022177358185785718,0.017404752042220563,0.014431033488573723,0.014389737870316116,0.020417040308975443,0.018768643739526827,0.025938023022731786,adequate
llava15_lingoqa,LLaVA-1.5-7B,LingoQA,abs_std_diff,10,11,non_sdc,7232,75,7232,0,0.0,0.031540848184439245,0.033364278450608256,0.013346560678640894,0.021133020520210266,0.04050015169195831,0.028833410440441458,0.0342903482902194,adequate
llava15_lingoqa,LLaVA-1.5-7B,LingoQA,abs_std_diff,10,11,non_significant_sdc,102,33,102,0,0.0,0.039056894653893934,0.039355061824123065,0.008385662850111273,0.034148392001433034,0.04278284963220358,0.03533884128571969,0.043073049287275324,adequate
llava15_lingoqa,LLaVA-1.5-7B,LingoQA,abs_std_diff,10,11,significant_sdc,166,36,47,119,0.7168674698795181,0.02863531360145207,0.02984715192293634,0.006908111281115838,0.02344759389454005,0.03335817093599816,0.02635812223720922,0.030953337105842315,adequate
llava15_lingoqa,LLaVA-1.5-7B,LingoQA,abs_std_diff,11,12,non_sdc,7232,75,7232,0,0.0,0.04657686683960036,0.04511316120624542,0.02146279847710805,0.0335687622728367,0.05757736583741811,0.041947580604912556,0.05122732886472417,adequate
llava15_lingoqa,LLaVA-1.5-7B,LingoQA,abs_std_diff,11,12,non_significant_sdc,102,33,102,0,0.0,0.043996963131210244,0.03949365271411899,0.014895230976662312,0.035114315884380506,0.05362133013194098,0.03846437686838177,0.05025922833117418,adequate
llava15_lingoqa,LLaVA-1.5-7B,LingoQA,abs_std_diff,11,12,significant_sdc,166,34,44,122,0.7349397590361446,0.05087072835028295,0.05248959887088561,0.009486587830068349,0.04640007554268351,0.05560177864924986,0.04833208416394618,0.05344348137224657,adequate
llava15_lingoqa,LLaVA-1.5-7B,LingoQA,abs_std_diff,12,13,non_sdc,7232,75,7232,0,0.0,0.04369191017528085,0.04362784884870052,0.018149300436019457,0.03074235701933503,0.056267181783914565,0.03985855671303284,0.047581790962057065,adequate
llava15_lingoqa,LLaVA-1.5-7B,LingoQA,abs_std_diff,12,13,non_significant_sdc,102,33,102,0,0.0,0.04446305662096268,0.045161153500278786,0.013550859649318748,0.03277894862673499,0.05060845077969134,0.0380350663959553,0.050149992871724315,adequate
llava15_lingoqa,LLaVA-1.5-7B,LingoQA,abs_std_diff,12,13,significant_sdc,166,34,44,122,0.7349397590361446,0.02099041096764602,0.015306121384610936,0.013005452336358636,0.014195177609062925,0.019852962344884872,0.01759548711978097,0.025052359819401616,adequate
llava15_lingoqa,LLaVA-1.5-7B,LingoQA,abs_std_diff,13,14,non_sdc,7232,75,7232,0,0.0,0.03748616089640819,0.03540179505944252,0.018132361849733047,0.02430545538663864,0.04645158722996712,0.033763827508852776,0.041417476366783335,adequate
llava15_lingoqa,LLaVA-1.5-7B,LingoQA,abs_std_diff,13,14,non_significant_sdc,102,33,102,0,0.0,0.03718129088958166,0.03327995653335865,0.01118372719090391,0.030292284313817412,0.04771236822541271,0.03285209744028344,0.041835545828558904,adequate
llava15_lingoqa,LLaVA-1.5-7B,LingoQA,abs_std_diff,13,14,significant_sdc,166,34,44,122,0.7349397590361446,0.08418483879588018,0.04443169567657977,0.27869815925520747,0.03891119703042264,0.04782341416849166,0.04049502095278613,0.18082186275094697,adequate
llava15_lingoqa,LLaVA-1.5-7B,LingoQA,abs_std_diff,14,15,non_sdc,7232,75,7232,0,0.0,0.031511756232979686,0.032474030501076154,0.01637024593703127,0.020361279447873432,0.040911984319488205,0.028177624475759958,0.034866813265709604,adequate
llava15_lingoqa,LLaVA-1.5-7B,LingoQA,abs_std_diff,14,15,non_significant_sdc,102,33,102,0,0.0,0.03243714033837649,0.03237186645974918,0.008709376648202052,0.0267285102357467,0.03606583457440138,0.029888314593599814,0.03525072508319919,adequate
llava15_lingoqa,LLaVA-1.5-7B,LingoQA,abs_std_diff,14,15,significant_sdc,166,32,41,125,0.7530120481927711,0.06725220799432938,0.026409819722175598,0.2638019944501573,0.02018553383496343,0.033235875319461435,0.02379433052894952,0.1613417774602951,adequate
llava15_lingoqa,LLaVA-1.5-7B,LingoQA,abs_std_diff,15,16,non_sdc,7232,75,7232,0,0.0,0.031902050769392,0.03226633928716183,0.014725083336368858,0.024499012873722956,0.040940946234124045,0.02905121706921993,0.034554827899775827,adequate
llava15_lingoqa,LLaVA-1.5-7B,LingoQA,abs_std_diff,15,16,non_significant_sdc,102,33,102,0,0.0,0.037189119452216,0.034563515107242426,0.009028062061557783,0.0317104336915209,0.04039499796926975,0.03414232531715192,0.04048977413530895,adequate
llava15_lingoqa,LLaVA-1.5-7B,LingoQA,abs_std_diff,15,16,significant_sdc,166,31,40,126,0.7590361445783133,0.025571493675753842,0.023766846757154077,0.020633296477567255,0.012437445320645156,0.030637466215661595,0.019263028687778273,0.03317644417716473,adequate
llava15_lingoqa,LLaVA-1.5-7B,LingoQA,abs_std_diff,16,17,non_sdc,7232,75,7232,0,0.0,0.0598872648048655,0.05514355003833771,0.022767551752731093,0.04455100440166213,0.07524202391505241,0.055017966141483424,0.06475789462389894,adequate
llava15_lingoqa,LLaVA-1.5-7B,LingoQA,abs_std_diff,16,17,non_significant_sdc,102,33,102,0,0.0,0.055439971975030346,0.05396613447616498,0.012918447019039509,0.04935702879209908,0.0628956829269345,0.05082560240778966,0.06077357770469817,adequate
llava15_lingoqa,LLaVA-1.5-7B,LingoQA,abs_std_diff,16,17,significant_sdc,166,29,37,129,0.7771084337349398,0.06264350315801911,0.05093871057033539,0.047887066882468604,0.044820934153941214,0.06745353721234264,0.05022762490012529,0.08096297619843107,underpowered
llava15_lingoqa,LLaVA-1.5-7B,LingoQA,abs_std_diff,17,18,non_sdc,7232,75,7232,0,0.0,0.03286599536972561,0.033886224031448364,0.01657432532872877,0.021328061819076538,0.044878113344311715,0.029417895719020534,0.036375185494693464,adequate
llava15_lingoqa,LLaVA-1.5-7B,LingoQA,abs_std_diff,17,18,non_significant_sdc,102,33,102,0,0.0,0.04339504770594181,0.0464558194638515,0.011123122603258966,0.040105773423815674,0.050440007541328664,0.038718893731396545,0.04629121680636388,adequate
llava15_lingoqa,LLaVA-1.5-7B,LingoQA,abs_std_diff,17,18,significant_sdc,166,29,37,129,0.7771084337349398,0.057541136413752574,0.0616200789809227,0.019788853200975204,0.05064818597569758,0.0706803891427663,0.05132272029645539,0.06408143792799875,underpowered
llava15_lingoqa,LLaVA-1.5-7B,LingoQA,abs_std_diff,18,19,non_sdc,7232,75,7232,0,0.0,0.05902763353970341,0.05464363843202591,0.021475517009504994,0.043514761774401584,0.07132483273744583,0.054706215479099575,0.0636365671394737,adequate
llava15_lingoqa,LLaVA-1.5-7B,LingoQA,abs_std_diff,18,19,non_significant_sdc,102,33,102,0,0.0,0.045572839934229906,0.042789316951082304,0.01176064529476385,0.03890838742256165,0.050704975343740036,0.041951749312575524,0.05068089713921592,adequate
llava15_lingoqa,LLaVA-1.5-7B,LingoQA,abs_std_diff,18,19,significant_sdc,166,28,35,131,0.7891566265060241,0.05551732644487537,0.05551476404070854,0.01986456969964681,0.04514909101965793,0.06200418149938389,0.0488641941381921,0.0620758239590928,underpowered
llava15_lingoqa,LLaVA-1.5-7B,LingoQA,abs_std_diff,19,20,non_sdc,7232,75,7232,0,0.0,0.03797397256960194,0.03721199592664128,0.018930817106437844,0.02595142275094986,0.047854208201169965,0.034246160433695945,0.04183539601824693,adequate
llava15_lingoqa,LLaVA-1.5-7B,LingoQA,abs_std_diff,19,20,non_significant_sdc,102,33,102,0,0.0,0.03868487366180886,0.038432617361346885,0.01064226607364487,0.03502160403877497,0.04181272443383932,0.03483557130457901,0.04182009591424074,adequate
llava15_lingoqa,LLaVA-1.5-7B,LingoQA,abs_std_diff,19,20,significant_sdc,166,28,34,132,0.7951807228915663,0.06847884724943276,0.07100807134138078,0.025369694883012932,0.04686903301626444,0.08469479805124658,0.06095334619741155,0.0763664895268562,underpowered
llava15_lingoqa,LLaVA-1.5-7B,LingoQA,abs_std_diff,20,21,non_sdc,7232,75,7232,0,0.0,0.06265141594930701,0.05915069207549095,0.023832394234516587,0.04544155322015286,0.07859611324965954,0.05766316907729427,0.06768198459434017,adequate
llava15_lingoqa,LLaVA-1.5-7B,LingoQA,abs_std_diff,20,21,non_significant_sdc,102,33,102,0,0.0,0.05769180953207706,0.05689365796896876,0.01668760577016367,0.046040430292487146,0.0608022657194824,0.05338884865862847,0.06330798103315732,adequate
llava15_lingoqa,LLaVA-1.5-7B,LingoQA,abs_std_diff,20,21,significant_sdc,166,28,34,132,0.7951807228915663,0.04066676688340272,0.03536690315421746,0.02135261320376718,0.026598561441107674,0.05661682276563211,0.0340476065957002,0.04696450405800832,underpowered
llava15_lingoqa,LLaVA-1.5-7B,LingoQA,abs_std_diff,21,22,non_sdc,7232,75,7232,0,0.0,0.03684533833976054,0.03553224924732657,0.01583391773415612,0.027604758739471436,0.045434201402323585,0.03363974213567486,0.040149460937436404,adequate
llava15_lingoqa,LLaVA-1.5-7B,LingoQA,abs_std_diff,21,22,non_significant_sdc,102,33,102,0,0.0,0.03813407391752912,0.038875317315057834,0.009431866593100025,0.03342014715935175,0.043659265339374545,0.035036869223538096,0.0408437756047513,adequate
llava15_lingoqa,LLaVA-1.5-7B,LingoQA,abs_std_diff,21,22,significant_sdc,166,27,33,133,0.8012048192771084,0.0670848345386159,0.08028875070871139,0.02811536455107718,0.03516940176486969,0.08927464059420995,0.05825492123957287,0.0749593592912624,underpowered
llava15_lingoqa,LLaVA-1.5-7B,LingoQA,abs_std_diff,22,23,non_sdc,7232,75,7232,0,0.0,0.052543940918840105,0.055092740803956985,0.01995892741543908,0.03936877892025419,0.0666566388681531,0.04832924011326305,0.0565569950346202,adequate
llava15_lingoqa,LLaVA-1.5-7B,LingoQA,abs_std_diff,22,23,non_significant_sdc,102,33,102,0,0.0,0.05521938254966859,0.051496826112270355,0.016025363007872256,0.04579335447914641,0.06713147616634767,0.04651746514844176,0.0641927358366944,adequate
llava15_lingoqa,LLaVA-1.5-7B,LingoQA,abs_std_diff,22,23,significant_sdc,166,26,32,134,0.8072289156626506,0.08353925045726396,0.09164630279553179,0.027193680669218356,0.05942680637295149,0.10316923948727091,0.07448127130497359,0.09262330282195154,underpowered
llava15_lingoqa,LLaVA-1.5-7B,LingoQA,abs_std_diff,23,24,non_sdc,7232,75,7232,0,0.0,0.0397589363485727,0.03857306391000748,0.016215770645243842,0.03027017042040825,0.048893315135501325,0.03644823225373429,0.043134688850630404,adequate
llava15_lingoqa,LLaVA-1.5-7B,LingoQA,abs_std_diff,23,24,non_significant_sdc,102,33,102,0,0.0,0.04700102246913125,0.051866283065036815,0.01810867460421466,0.03459423381303038,0.06165698984143685,0.03653038353132292,0.055655472180179764,adequate
llava15_lingoqa,LLaVA-1.5-7B,LingoQA,abs_std_diff,23,24,significant_sdc,166,26,32,134,0.8072289156626506,0.03411990242394304,0.023092191183373852,0.024878536077926585,0.016353775462021634,0.04870546603518905,0.024719912113215996,0.04487916054025651,underpowered
llava15_lingoqa,LLaVA-1.5-7B,LingoQA,abs_std_diff,24,25,non_sdc,7232,75,7232,0,0.0,0.07810893115792467,0.07739026813457409,0.0260283254235312,0.062099269777536395,0.09525239234790206,0.07271716807766586,0.08356176202518588,adequate
llava15_lingoqa,LLaVA-1.5-7B,LingoQA,abs_std_diff,24,25,non_significant_sdc,102,33,102,0,0.0,0.07720636415364324,0.07982573906580606,0.015774122943346715,0.06600293803673524,0.08704927582293749,0.07167677145506857,0.08176242954091148,adequate
llava15_lingoqa,LLaVA-1.5-7B,LingoQA,abs_std_diff,24,25,significant_sdc,166,25,31,135,0.8132530120481928,0.04664960947898129,0.03406445149864469,0.032458440795289215,0.02351296221723362,0.06901147216558456,0.036376322628077884,0.05744961551159856,underpowered
llava15_lingoqa,LLaVA-1.5-7B,LingoQA,abs_std_diff,25,26,non_sdc,7232,75,7232,0,0.0,0.03555390784564145,0.0342814713716507,0.015950940752706762,0.02677751477393839,0.044871180628736816,0.03242580569949391,0.038796634240802576,adequate
llava15_lingoqa,LLaVA-1.5-7B,LingoQA,abs_std_diff,25,26,non_significant_sdc,102,33,102,0,0.0,0.04118989991670212,0.036877473550183434,0.01208688414241738,0.03400208500142281,0.05065884098490292,0.0367008667112769,0.04649071078340312,adequate
llava15_lingoqa,LLaVA-1.5-7B,LingoQA,abs_std_diff,25,26,significant_sdc,166,25,31,135,0.8132530120481928,0.0335196813156994,0.034710332295116116,0.017937723403571006,0.021394790815455575,0.040475952655685196,0.027067133670715268,0.04007731315970367,underpowered
llava15_lingoqa,LLaVA-1.5-7B,LingoQA,abs_std_diff,26,27,non_sdc,7232,75,7232,0,0.0,0.04471480725218254,0.04713818640448153,0.023248694097868245,0.029936422904332478,0.057656771569911926,0.0400486859761409,0.049466040953443514,adequate
llava15_lingoqa,LLaVA-1.5-7B,LingoQA,abs_std_diff,26,27,non_significant_sdc,102,33,102,0,0.0,0.05398408650530968,0.059770426154136656,0.014522404973999026,0.046684395562966954,0.06275675923934582,0.047102998763787846,0.05860685149092071,adequate
llava15_lingoqa,LLaVA-1.5-7B,LingoQA,abs_std_diff,26,27,significant_sdc,166,23,29,137,0.8253012048192772,0.08350011676097668,0.06786194281733554,0.048690869194379385,0.037815655068475375,0.134405323437282,0.06357639379452654,0.1011092060451259,underpowered
llava15_lingoqa,LLaVA-1.5-7B,LingoQA,abs_std_diff,27,28,non_sdc,7232,75,7232,0,0.0,0.045539293327720665,0.04599330361400332,0.022469727749450726,0.033593887090682985,0.0575525127351284,0.04121223350337109,0.05015948616248075,adequate
llava15_lingoqa,LLaVA-1.5-7B,LingoQA,abs_std_diff,27,28,non_significant_sdc,102,33,102,0,0.0,0.050211685434103114,0.053079427434847906,0.013585105638004856,0.03904729430874189,0.05455350184014865,0.045476292709609775,0.054931949340104196,adequate
llava15_lingoqa,LLaVA-1.5-7B,LingoQA,abs_std_diff,27,28,significant_sdc,166,21,24,142,0.8554216867469879,0.0489410495541037,0.04011185915798557,0.02741292051505591,0.03208170534700763,0.06132474237558793,0.03928592861445716,0.060058110223149386,underpowered
llava15_lingoqa,LLaVA-1.5-7B,LingoQA,abs_std_diff,28,29,non_sdc,7232,75,7232,0,0.0,0.03715546495618546,0.03672174698844248,0.018437009650458427,0.02481518089771271,0.048382257809862494,0.03362836739020765,0.04074544448399235,adequate
llava15_lingoqa,LLaVA-1.5-7B,LingoQA,abs_std_diff,28,29,non_significant_sdc,102,33,102,0,0.0,0.040738174680522446,0.03989962599545467,0.011680841571156885,0.03375127472515617,0.048377323609132036,0.03748066390236403,0.04480113153715956,adequate
llava15_lingoqa,LLaVA-1.5-7B,LingoQA,abs_std_diff,28,29,significant_sdc,166,20,22,144,0.8674698795180723,0.044717967055078495,0.03853623083104258,0.03336118447915927,0.02448272499807027,0.05475423656963849,0.03238337572030584,0.05948087042711415,underpowered
llava15_lingoqa,LLaVA-1.5-7B,LingoQA,abs_std_diff,29,30,non_sdc,7232,75,7232,0,0.0,0.061320578577678586,0.05657553010516697,0.025135279456144577,0.04277207960303013,0.0747293084859848,0.056172317768245925,0.0667219681447157,adequate
llava15_lingoqa,LLaVA-1.5-7B,LingoQA,abs_std_diff,29,30,non_significant_sdc,102,33,102,0,0.0,0.05463213424002731,0.05371913445346496,0.014669523375053214,0.04350776087956727,0.06621796926673577,0.04832004209567213,0.05888756703412074,adequate
llava15_lingoqa,LLaVA-1.5-7B,LingoQA,abs_std_diff,29,30,significant_sdc,166,17,19,147,0.8855421686746988,0.07407677813694634,0.04811622574925423,0.0663704205491039,0.035259171372272816,0.08749837519562975,0.04801409228510065,0.10669178109164622,underpowered
llava15_lingoqa,LLaVA-1.5-7B,LingoQA,abs_std_diff,30,31,non_sdc,7232,75,7232,0,0.0,0.0357199098051959,0.036528392384449646,0.0181005735701573,0.023707546293735504,0.046296846121549606,0.03213055028218977,0.039359865922583094,adequate
llava15_lingoqa,LLaVA-1.5-7B,LingoQA,abs_std_diff,30,31,non_significant_sdc,102,33,102,0,0.0,0.05208954609055588,0.04839343486391768,0.08466489012290693,0.03584445704920934,0.05047142820862623,0.040168911242526556,0.07605609641561371,adequate
llava15_lingoqa,LLaVA-1.5-7B,LingoQA,abs_std_diff,30,31,significant_sdc,166,11,12,154,0.927710843373494,0.1382553837358982,0.051370370037415444,0.3177336663426531,0.04258139027903477,0.05784788436215857,0.03999053489954871,0.34664610263729917,underpowered
llava15_lingoqa,LLaVA-1.5-7B,LingoQA,l2_distance,0,1,non_sdc,7232,75,7232,0,0.0,0.20593053571818418,0.20483287834391303,0.01951835325473347,0.1934663951396942,0.21666456386446953,0.20206188901880726,0.20989287826719957,adequate
llava15_lingoqa,LLaVA-1.5-7B,LingoQA,l2_distance,0,1,non_significant_sdc,102,33,102,0,0.0,0.204738573422965,0.20414606949862313,0.014315046848595135,0.19649058431386948,0.21165111555862112,0.1995491736306499,0.20991802254360004,adequate
llava15_lingoqa,LLaVA-1.5-7B,LingoQA,l2_distance,0,1,significant_sdc,166,41,59,107,0.6445783132530121,0.5172939880828195,0.5859753635464883,0.14715457547866895,0.5739378126300112,0.5963842950913371,0.47774874862951533,0.5513304606640124,adequate
llava15_lingoqa,LLaVA-1.5-7B,LingoQA,l2_distance,1,2,non_sdc,7232,75,7232,0,0.0,0.2538694762858697,0.2341567289925391,0.05404591577095004,0.21217828947119416,0.308936208486557,0.24230288447020895,0.2656734711016975,adequate
llava15_lingoqa,LLaVA-1.5-7B,LingoQA,l2_distance,1,2,non_significant_sdc,102,33,102,0,0.0,0.22390720890609855,0.21967608115377546,0.03277601114151262,0.20337286529441673,0.23369559007031576,0.21356596162893507,0.2380899616229762,adequate
llava15_lingoqa,LLaVA-1.5-7B,LingoQA,l2_distance,1,2,significant_sdc,166,41,57,109,0.6566265060240963,0.533591117071003,0.5987378042571398,0.13540979420313465,0.5873441671838566,0.606410485749342,0.496570229859375,0.5671358972180988,adequate
llava15_lingoqa,LLaVA-1.5-7B,LingoQA,l2_distance,2,3,non_sdc,7232,75,7232,0,0.0,0.27798955028895195,0.2935705047688986,0.04695455808253694,0.23587210103869438,0.31653307378292084,0.26811533742890664,0.2875816428865916,adequate
llava15_lingoqa,LLaVA-1.5-7B,LingoQA,l2_distance,2,3,non_significant_sdc,102,33,102,0,0.0,0.3099988762988311,0.3174838028392013,0.03204594550622954,0.29946179166436193,0.3295970146677324,0.2977882388975129,0.32134454496010817,adequate
llava15_lingoqa,LLaVA-1.5-7B,LingoQA,l2_distance,2,3,significant_sdc,166,41,57,109,0.6566265060240963,0.3951627653701695,0.41710351985328054,0.057656987797343164,0.40890092326670274,0.4224863782220957,0.3809493850004495,0.4078311866635102,adequate
llava15_lingoqa,LLaVA-1.5-7B,LingoQA,l2_distance,3,4,non_sdc,7232,75,7232,0,0.0,0.2855579734506912,0.3030664771795273,0.09308695879046494,0.20974577963352203,0.35953782960869274,0.26468052767900163,0.3053954224650475,adequate
llava15_lingoqa,LLaVA-1.5-7B,LingoQA,l2_distance,3,4,non_significant_sdc,102,33,102,0,0.0,0.3677726745265257,0.38869696970169365,0.0558765201473219,0.340898833796382,0.4085719831744019,0.3425856978693118,0.38254458408906444,adequate
llava15_lingoqa,LLaVA-1.5-7B,LingoQA,l2_distance,3,4,significant_sdc,166,41,57,109,0.6566265060240963,0.41088620088486805,0.4369725578901719,0.07131842905660536,0.4188480000106656,0.4474854244261372,0.39144078133001436,0.4272447582452793,adequate
llava15_lingoqa,LLaVA-1.5-7B,LingoQA,l2_distance,4,5,non_sdc,7232,75,7232,0,0.0,0.3625519350689363,0.3701932980464055,0.03425383546817474,0.3350420258939266,0.38691236741013,0.35571252380668367,0.36942552846583476,adequate
llava15_lingoqa,LLaVA-1.5-7B,LingoQA,l2_distance,4,5,non_significant_sdc,102,33,102,0,0.0,0.361436014289534,0.3670841796554126,0.04488295085871029,0.31677340583077496,0.40588317811489105,0.33646459533102957,0.38289477465636773,adequate
llava15_lingoqa,LLaVA-1.5-7B,LingoQA,l2_distance,4,5,significant_sdc,166,41,57,109,0.6566265060240963,0.39821597965404554,0.40035061477398387,0.022221483373845597,0.39219252309020686,0.40652620974852116,0.39147533621099173,0.4036892443599757,adequate
llava15_lingoqa,LLaVA-1.5-7B,LingoQA,l2_distance,5,6,non_sdc,7232,75,7232,0,0.0,0.40810624427718034,0.4059370458126068,0.07256111853215487,0.36107632517814636,0.4694332000799477,0.3925006673868004,0.4237765513927666,adequate
llava15_lingoqa,LLaVA-1.5-7B,LingoQA,l2_distance,5,6,non_significant_sdc,102,33,102,0,0.0,0.46485893052648586,0.4835211075097322,0.05684643173670917,0.41378720331337904,0.5064541772007942,0.4367731785164698,0.48825543362118873,adequate
llava15_lingoqa,LLaVA-1.5-7B,LingoQA,l2_distance,5,6,significant_sdc,166,38,54,112,0.6746987951807228,0.605621295536428,0.6062919460997289,0.2498781314122777,0.5953036124000743,0.6116945932106096,0.557338519773719,0.6791421896563143,adequate
llava15_lingoqa,LLaVA-1.5-7B,LingoQA,l2_distance,6,7,non_sdc,7232,75,7232,0,0.0,0.5834526192180042,0.5811068415641785,0.08578199479074218,0.519977867603302,0.6622048914432526,0.5650557325922677,0.6021902002886693,adequate
llava15_lingoqa,LLaVA-1.5-7B,LingoQA,l2_distance,6,7,non_significant_sdc,102,33,102,0,0.0,0.5329906853094073,0.543083975234857,0.07037416488370965,0.47333190279370324,0.5633838965880628,0.5037457032779586,0.5626745214048019,adequate
llava15_lingoqa,LLaVA-1.5-7B,LingoQA,l2_distance,6,7,significant_sdc,166,38,54,112,0.6746987951807228,0.7182225766065096,0.672801178328845,0.3885704978837579,0.6633807683781702,0.6841958548341479,0.6550008217781704,0.8354401227435216,adequate
llava15_lingoqa,LLaVA-1.5-7B,LingoQA,l2_distance,7,8,non_sdc,7232,75,7232,0,0.0,0.5372180573914647,0.5271230638027191,0.09464650797416956,0.49349234910572276,0.5831319689750671,0.5170920602043829,0.5574518753948122,adequate
llava15_lingoqa,LLaVA-1.5-7B,LingoQA,l2_distance,7,8,non_significant_sdc,102,33,102,0,0.0,0.5572999528930451,0.5533780444461804,0.06160363664281811,0.515064550191164,0.605570992797005,0.531520882208601,0.5824037327700533,adequate
llava15_lingoqa,LLaVA-1.5-7B,LingoQA,l2_distance,7,8,significant_sdc,166,38,52,114,0.6867469879518072,0.9184490822803693,0.9731930181079982,0.22814551937380398,0.9360867066293204,0.9999665228687986,0.8646845732137449,0.9737192461451085,adequate
llava15_lingoqa,LLaVA-1.5-7B,LingoQA,l2_distance,8,9,non_sdc,7232,75,7232,0,0.0,0.588178392473643,0.5878033952580558,0.10489922859388826,0.5236162223986217,0.656115859746933,0.5655611689817611,0.6112593578243418,adequate
llava15_lingoqa,LLaVA-1.5-7B,LingoQA,l2_distance,8,9,non_significant_sdc,102,33,102,0,0.0,0.6134855673769151,0.6034695275284194,0.07159033197315957,0.5863139850834569,0.6859253531694411,0.5856817709750691,0.6440436905989879,adequate
llava15_lingoqa,LLaVA-1.5-7B,LingoQA,l2_distance,8,9,significant_sdc,166,38,50,116,0.6987951807228916,0.9831750465136747,1.0289533716075274,0.1788297292836073,0.9936394420813541,1.0712585145113418,0.9350653475463383,1.0266890351691627,adequate
llava15_lingoqa,LLaVA-1.5-7B,LingoQA,l2_distance,9,10,non_sdc,7232,75,7232,0,0.0,0.7171705464192827,0.7013595700263977,0.12789384248363023,0.6144021451473236,0.8099592179059982,0.6906842248011085,0.7448906681056574,adequate
llava15_lingoqa,LLaVA-1.5-7B,LingoQA,l2_distance,9,10,non_significant_sdc,102,33,102,0,0.0,0.7168401955286184,0.6928610967902036,0.12136966944624891,0.6163738336075436,0.7991295462968399,0.6570691430868462,0.7825947930965301,adequate
llava15_lingoqa,LLaVA-1.5-7B,LingoQA,l2_distance,9,10,significant_sdc,166,37,48,118,0.7108433734939759,1.080209128931165,1.1290498844214847,0.14753526097590944,1.1026453102389877,1.1677746760601901,1.0374803615022286,1.1160903356362026,adequate
llava15_lingoqa,LLaVA-1.5-7B,LingoQA,l2_distance,10,11,non_sdc,7232,75,7232,0,0.0,0.8139645009536078,0.8000752031803131,0.13140349188768288,0.7182017341256142,0.8865521622115169,0.7863292384443524,0.8437694226511152,adequate
llava15_lingoqa,LLaVA-1.5-7B,LingoQA,l2_distance,10,11,non_significant_sdc,102,33,102,0,0.0,0.8168340231084699,0.8426057932024099,0.11300157808737006,0.7259289398268387,0.9057182576196313,0.7623554691119242,0.868471022993392,adequate
llava15_lingoqa,LLaVA-1.5-7B,LingoQA,l2_distance,10,11,significant_sdc,166,36,47,119,0.7168674698795181,1.1344121462416283,1.1779303319600163,0.15172901882792253,1.141040382336597,1.2279708397631741,1.087421069025926,1.1731873932060095,adequate
llava15_lingoqa,LLaVA-1.5-7B,LingoQA,l2_distance,11,12,non_sdc,7232,75,7232,0,0.0,0.8846603150965308,0.8597780466079712,0.1435223940018296,0.7865970986230033,0.9822435528039932,0.8548209340754542,0.9152761571008686,adequate
llava15_lingoqa,LLaVA-1.5-7B,LingoQA,l2_distance,11,12,non_significant_sdc,102,33,102,0,0.0,0.8868150837403973,0.8505632944012943,0.11873901655691911,0.7892101501934549,1.0276031247815307,0.8336026870054952,0.9489264526540544,adequate
llava15_lingoqa,LLaVA-1.5-7B,LingoQA,l2_distance,11,12,significant_sdc,166,34,44,122,0.7349397590361446,1.3850910966872343,1.4725675893073178,0.23636913099056553,1.4436497247340727,1.5186497225445144,1.3185933476409737,1.4466237701551161,adequate
llava15_lingoqa,LLaVA-1.5-7B,LingoQA,l2_distance,12,13,non_sdc,7232,75,7232,0,0.0,0.8640795793195871,0.8540211478869121,0.11058795067912348,0.7991358488798141,0.9182703047990799,0.8430854221961616,0.8859748412211331,adequate
llava15_lingoqa,LLaVA-1.5-7B,LingoQA,l2_distance,12,13,non_significant_sdc,102,33,102,0,0.0,0.9028782884010844,0.9189132302999496,0.097276279660413,0.8504113510251046,0.9465347965387092,0.8573161736345062,0.9493873365209096,adequate
llava15_lingoqa,LLaVA-1.5-7B,LingoQA,l2_distance,12,13,significant_sdc,166,34,44,122,0.7349397590361446,1.1956927206293604,1.233542572478859,0.17460477121277676,1.1886709689342676,1.2536682702448902,1.149884481516406,1.244005049077638,adequate
llava15_lingoqa,LLaVA-1.5-7B,LingoQA,l2_distance,13,14,non_sdc,7232,75,7232,0,0.0,0.9110420770181953,0.8832769393920898,0.13123918478704957,0.8053553209585302,1.0040244162082672,0.8843903656001918,0.9380109202909085,adequate
llava15_lingoqa,LLaVA-1.5-7B,LingoQA,l2_distance,13,14,non_significant_sdc,102,33,102,0,0.0,0.9545752309755766,0.8893730835272715,0.14753620637762885,0.8467438474961138,1.072118978947401,0.8810119346143218,1.0439749391577886,adequate
llava15_lingoqa,LLaVA-1.5-7B,LingoQA,l2_distance,13,14,significant_sdc,166,34,44,122,0.7349397590361446,1.7471812676563265,1.4947341522391961,2.2786713703819914,1.4469191340767606,1.5305589604742673,1.3615020153803254,2.5537411751855266,adequate
llava15_lingoqa,LLaVA-1.5-7B,LingoQA,l2_distance,14,15,non_sdc,7232,75,7232,0,0.0,0.9637209030992638,0.9414576292037964,0.1789412293562167,0.8397247750650753,1.0810776352882385,0.9262255964884529,1.00099206981804,adequate
llava15_lingoqa,LLaVA-1.5-7B,LingoQA,l2_distance,14,15,non_significant_sdc,102,33,102,0,0.0,1.0358314534819408,1.0080364484053392,0.19188958772858872,0.8974236297820295,1.196573258297784,0.9345842130036076,1.1445777452064132,adequate
llava15_lingoqa,LLaVA-1.5-7B,LingoQA,l2_distance,14,15,significant_sdc,166,32,41,125,0.7530120481927711,1.5683741906491555,1.2140687947370568,2.3615492379703555,1.1551703360615944,1.2701557019482488,1.1615451055033879,2.4402093349639924,adequate
llava15_lingoqa,LLaVA-1.5-7B,LingoQA,l2_distance,15,16,non_sdc,7232,75,7232,0,0.0,1.0760211461680365,1.0377289235591889,0.1957616861106417,0.9441989660263062,1.2066787779331207,1.0360041323747942,1.116753183367402,adequate
llava15_lingoqa,LLaVA-1.5-7B,LingoQA,l2_distance,15,16,non_significant_sdc,102,33,102,0,0.0,1.1553733113391729,1.124583560686845,0.20254371205210012,0.9735188083006785,1.3440395800434812,1.0594993985600787,1.2614931621765344,adequate
llava15_lingoqa,LLaVA-1.5-7B,LingoQA,l2_distance,15,16,significant_sdc,166,31,40,126,0.7590361445783133,1.6633837677885297,1.7039909752047793,0.4463413550477571,1.6622240555529693,1.7459079112325395,1.5483711874616575,1.8164698483405277,adequate
llava15_lingoqa,LLaVA-1.5-7B,LingoQA,l2_distance,16,17,non_sdc,7232,75,7232,0,0.0,1.108307026943819,1.0819570352049435,0.17320031727455823,0.9810835868120193,1.1924762725830078,1.0740179908339373,1.14535856886344,adequate
llava15_lingoqa,LLaVA-1.5-7B,LingoQA,l2_distance,16,17,non_significant_sdc,102,33,102,0,0.0,1.1595182089708165,1.1669506510862937,0.2324894896330635,0.9967570353976705,1.3004839837551116,1.0621358449784495,1.260075780760457,adequate
llava15_lingoqa,LLaVA-1.5-7B,LingoQA,l2_distance,16,17,significant_sdc,166,29,37,129,0.7771084337349398,1.5994447027114667,1.4406664651267382,0.7497420513669243,1.3618015902382987,1.571296064221129,1.398555914037159,1.8723496134073114,underpowered
llava15_lingoqa,LLaVA-1.5-7B,LingoQA,l2_distance,17,18,non_sdc,7232,75,7232,0,0.0,0.9710851819774347,0.9700797895590465,0.18077650034386555,0.840097039937973,1.106064615004203,0.9319794567667617,1.0105824834833883,adequate
llava15_lingoqa,LLaVA-1.5-7B,LingoQA,l2_distance,17,18,non_significant_sdc,102,33,102,0,0.0,1.1146704119291644,1.1198011384560511,0.19333650213944245,0.9879816453903913,1.2572189992179674,1.0450509616106445,1.1885644751950037,adequate
llava15_lingoqa,LLaVA-1.5-7B,LingoQA,l2_distance,17,18,significant_sdc,166,29,37,129,0.7771084337349398,1.4497254156098627,1.3314884487463503,0.6996537516591145,1.2452340892383031,1.3715293164155922,1.2577866692242283,1.6998528032290503,underpowered
llava15_lingoqa,LLaVA-1.5-7B,LingoQA,l2_distance,18,19,non_sdc,7232,75,7232,0,0.0,1.0546523635519705,1.0570767567707942,0.16016421375154574,0.9364001154899597,1.152355745434761,1.0213372468994124,1.0892180245778997,adequate
llava15_lingoqa,LLaVA-1.5-7B,LingoQA,l2_distance,18,19,non_significant_sdc,102,33,102,0,0.0,1.1271192166933492,1.1518378762231358,0.20187141666746705,0.9467122408428362,1.327357068657875,1.030008770179828,1.2273052974959064,adequate
llava15_lingoqa,LLaVA-1.5-7B,LingoQA,l2_distance,18,19,significant_sdc,166,28,35,131,0.7891566265060241,1.3352993615375388,1.1851218841513809,0.6050776612829215,1.1176015217693485,1.2723448014989192,1.1709507973066307,1.5587519630638396,underpowered
llava15_lingoqa,LLaVA-1.5-7B,LingoQA,l2_distance,19,20,non_sdc,7232,75,7232,0,0.0,1.0649416276950474,1.044837862253189,0.22024274045044326,0.9160109534859657,1.2084097521645683,1.0188011229483946,1.1115697837098817,adequate
llava15_lingoqa,LLaVA-1.5-7B,LingoQA,l2_distance,19,20,non_significant_sdc,102,33,102,0,0.0,1.1879577002520452,1.158916780581841,0.18103511895739813,1.0415379847218464,1.357123944376196,1.1094318747733967,1.2705520871807183,adequate
llava15_lingoqa,LLaVA-1.5-7B,LingoQA,l2_distance,19,20,significant_sdc,166,28,34,132,0.7951807228915663,1.4252210653324575,1.2398139359999676,0.7033745370922582,1.157434205999788,1.3285196688102217,1.218491641209039,1.6802243932470582,underpowered
llava15_lingoqa,LLaVA-1.5-7B,LingoQA,l2_distance,20,21,non_sdc,7232,75,7232,0,0.0,1.097483125791978,1.0853400826454163,0.20530860315264826,0.9587886681159338,1.1920636892318726,1.0543367003980166,1.1431608193813352,adequate
llava15_lingoqa,LLaVA-1.5-7B,LingoQA,l2_distance,20,21,non_significant_sdc,102,33,102,0,0.0,1.1710293880257339,1.1363164190645818,0.15207947194174537,1.053396299481392,1.249074278133256,1.1117314092989792,1.2426097006469967,adequate
llava15_lingoqa,LLaVA-1.5-7B,LingoQA,l2_distance,20,21,significant_sdc,166,28,34,132,0.7951807228915663,1.5458756525236788,1.442950235945838,0.46279416597183887,1.3867104725570094,1.5266740881666845,1.4118733409529578,1.6969982238501984,underpowered
llava15_lingoqa,LLaVA-1.5-7B,LingoQA,l2_distance,21,22,non_sdc,7232,75,7232,0,0.0,1.028321013831409,1.0429811071265829,0.2714296786410952,0.8814204782247543,1.20458222925663,0.9687457124109025,1.0870346894239147,adequate
llava15_lingoqa,LLaVA-1.5-7B,LingoQA,l2_distance,21,22,non_significant_sdc,102,33,102,0,0.0,1.209733462592217,1.259113969774369,0.17960375897079142,1.0503337247805162,1.3503907261615327,1.1312225285069981,1.282236357660099,adequate
llava15_lingoqa,LLaVA-1.5-7B,LingoQA,l2_distance,21,22,significant_sdc,166,27,33,133,0.8012048192771084,1.8287255430971152,1.9729712009429932,0.5425983481857919,1.5885212182998658,2.0080080762201424,1.6497920164138689,2.023682409690416,underpowered
llava15_lingoqa,LLaVA-1.5-7B,LingoQA,l2_distance,22,23,non_sdc,7232,75,7232,0,0.0,1.098177514976112,1.1049338579177856,0.21928528824572066,0.9578298777341843,1.2531793853815865,1.0524612596546052,1.1433040938569143,adequate
llava15_lingoqa,LLaVA-1.5-7B,LingoQA,l2_distance,22,23,non_significant_sdc,102,33,102,0,0.0,1.2779994067379021,1.2457171506606617,0.19118121220908146,1.1344508735293692,1.4214658621622593,1.2049269582443154,1.3572454303757,adequate
llava15_lingoqa,LLaVA-1.5-7B,LingoQA,l2_distance,22,23,significant_sdc,166,26,32,134,0.8072289156626506,1.4192032150365828,1.2302878207089951,0.6005099673787757,1.1560720819599775,1.3613349813587812,1.2403368568177515,1.653606073762264,underpowered
llava15_lingoqa,LLaVA-1.5-7B,LingoQA,l2_distance,23,24,non_sdc,7232,75,7232,0,0.0,1.0906810076117706,1.0795554003932257,0.24637822979200924,0.9207736134529114,1.257433295249939,1.0394567751112305,1.1414358124963524,adequate
llava15_lingoqa,LLaVA-1.5-7B,LingoQA,l2_distance,23,24,non_significant_sdc,102,33,102,0,0.0,1.2185570112072972,1.2464773849799082,0.22887872479125984,1.0404534036150346,1.452552788719839,1.1122142519895095,1.3263088404495758,adequate
llava15_lingoqa,LLaVA-1.5-7B,LingoQA,l2_distance,23,24,significant_sdc,166,26,32,134,0.8072289156626506,1.4516897159728148,1.2538307674077092,0.6371665136960326,1.169053393359087,1.4875751660794627,1.2579912001435662,1.7117104594348804,underpowered
llava15_lingoqa,LLaVA-1.5-7B,LingoQA,l2_distance,24,25,non_sdc,7232,75,7232,0,0.0,1.1105294631669043,1.119870781325377,0.1952408396638182,0.9913402572274208,1.2252498269081116,1.0716559042887843,1.1501855959581937,adequate
llava15_lingoqa,LLaVA-1.5-7B,LingoQA,l2_distance,24,25,non_significant_sdc,102,33,102,0,0.0,1.2023835273539776,1.145090501755476,0.18868102534459172,1.0628577249519753,1.3332057784710611,1.120340765295024,1.3027884704410246,adequate
llava15_lingoqa,LLaVA-1.5-7B,LingoQA,l2_distance,24,25,significant_sdc,166,25,31,135,0.8132530120481928,1.7783150286733524,1.7812058195775868,0.5584957695278021,1.5356336473808874,1.9247551025176535,1.609346620853621,1.9996441606808721,underpowered
llava15_lingoqa,LLaVA-1.5-7B,LingoQA,l2_distance,25,26,non_sdc,7232,75,7232,0,0.0,1.17755637559388,1.1398737877607346,0.23954782095280142,1.0035282298922539,1.3243545055389405,1.128623110329185,1.2286957510631846,adequate
llava15_lingoqa,LLaVA-1.5-7B,LingoQA,l2_distance,25,26,non_significant_sdc,102,33,102,0,0.0,1.3208525611976758,1.3135554210647293,0.21697409555118072,1.1415205001831055,1.4508504078668707,1.2186504194452483,1.4277368626841158,adequate
llava15_lingoqa,LLaVA-1.5-7B,LingoQA,l2_distance,25,26,significant_sdc,166,25,31,135,0.8132530120481928,1.7374061123200657,1.628744835756263,0.6034949089190145,1.515659076826913,1.7021196034489847,1.5630403013438117,1.9767449357510587,underpowered
llava15_lingoqa,LLaVA-1.5-7B,LingoQA,l2_distance,26,27,non_sdc,7232,75,7232,0,0.0,1.2014698857192312,1.2132375836372375,0.27182355373111633,0.9799483865499496,1.3840738808115323,1.1442840881696377,1.258645098315736,adequate
llava15_lingoqa,LLaVA-1.5-7B,LingoQA,l2_distance,26,27,non_significant_sdc,102,33,102,0,0.0,1.428372956290226,1.4061045669592342,0.2356757555022144,1.317879500665835,1.54460516480767,1.3626252888121724,1.493692001948555,adequate
llava15_lingoqa,LLaVA-1.5-7B,LingoQA,l2_distance,26,27,significant_sdc,166,23,29,137,0.8253012048192772,2.0749006402061214,1.9403715936505064,0.7302514112464185,1.6250114711848171,2.359812549182347,1.842031221808607,2.350802895775985,underpowered
llava15_lingoqa,LLaVA-1.5-7B,LingoQA,l2_distance,27,28,non_sdc,7232,75,7232,0,0.0,1.19129335728955,1.1611638590693474,0.22294451029546775,1.0421801325347688,1.2973566455583947,1.148998605611217,1.2355567490823567,adequate
llava15_lingoqa,LLaVA-1.5-7B,LingoQA,l2_distance,27,28,non_significant_sdc,102,33,102,0,0.0,1.3625039155980612,1.3785357000876446,0.27064227054808415,1.20938164266673,1.4118731413796848,1.2861561529969845,1.4450867246747092,adequate
llava15_lingoqa,LLaVA-1.5-7B,LingoQA,l2_distance,27,28,significant_sdc,166,21,24,142,0.8554216867469879,2.16997013523812,2.023721338534842,0.8434851010538427,1.6838191490281713,2.223953351682546,1.8719517947480446,2.5279509389335924,underpowered
llava15_lingoqa,LLaVA-1.5-7B,LingoQA,l2_distance,28,29,non_sdc,7232,75,7232,0,0.0,1.2450853313539292,1.2223839951413018,0.22392809965457777,1.093029797077179,1.3356583565473557,1.204701262294596,1.2885215062806652,adequate
llava15_lingoqa,LLaVA-1.5-7B,LingoQA,l2_distance,28,29,non_significant_sdc,102,33,102,0,0.0,1.3746792888863664,1.4019374731852083,0.29909755272524013,1.1604710081694545,1.458547342735894,1.2852342959877467,1.4716309656169713,adequate
llava15_lingoqa,LLaVA-1.5-7B,LingoQA,l2_distance,28,29,significant_sdc,166,20,22,144,0.8674698795180723,2.0490755694975986,1.9060903410522305,0.9059517875745455,1.4796388284934452,2.1224982069463145,1.7265108759926515,2.4622204586782175,underpowered
llava15_lingoqa,LLaVA-1.5-7B,LingoQA,l2_distance,29,30,non_sdc,7232,75,7232,0,0.0,1.259379245653245,1.230849266052246,0.22867502693838382,1.1059440767223185,1.3791088263193767,1.2167805295088288,1.3023068811750256,adequate
llava15_lingoqa,LLaVA-1.5-7B,LingoQA,l2_distance,29,30,non_significant_sdc,102,33,102,0,0.0,1.5187412367324122,1.411914873123169,0.39843165229899474,1.2954162761569024,1.662943718992934,1.457143288875179,1.6220460766009266,adequate
llava15_lingoqa,LLaVA-1.5-7B,LingoQA,l2_distance,29,30,significant_sdc,166,17,19,147,0.8855421686746988,2.3738252238032245,1.9089005552992528,1.4805223202555213,1.6627234894642857,2.261902610866391,1.8028390692472767,3.1346032043997494,underpowered
llava15_lingoqa,LLaVA-1.5-7B,LingoQA,l2_distance,30,31,non_sdc,7232,75,7232,0,0.0,1.2918895684907683,1.3161233680115805,0.30117026883861514,1.064159482717514,1.517879063432867,1.2306017463265557,1.3536168597282634,adequate
llava15_lingoqa,LLaVA-1.5-7B,LingoQA,l2_distance,30,31,non_significant_sdc,102,33,102,0,0.0,1.7393980661830204,1.697728876556669,0.9324852096378683,1.37469117432578,1.857919848882235,1.5616126535287216,2.0242744879556387,adequate
llava15_lingoqa,LLaVA-1.5-7B,LingoQA,l2_distance,30,31,significant_sdc,166,11,12,154,0.927710843373494,3.0190627253683977,1.8059797261072241,3.6130634712941494,1.5866363644599915,2.378578418493271,1.7015891102273106,5.268872234566314,underpowered
llava15_vqav2,LLaVA-1.5-7B,VQAv2,cos_sim,0,1,non_sdc,7304,133,7304,0,0.0,0.8918718440038721,0.9344085454940796,0.10586300892505311,0.8143190741539001,0.9759539663791656,0.8832242878121054,0.8998408104240165,adequate
llava15_vqav2,LLaVA-1.5-7B,VQAv2,cos_sim,0,1,non_significant_sdc,14,6,14,0,0.0,0.9549360665537062,0.9670017957687378,0.030971755248102223,0.966987855732441,0.9670017957687378,0.9160118080951549,0.9718472934686221,underpowered
llava15_vqav2,LLaVA-1.5-7B,VQAv2,cos_sim,0,1,significant_sdc,182,45,71,111,0.6098901098901099,0.294670799357876,0.11008329157318388,0.36531074309268713,0.07304632903209754,0.43128108134379195,0.1779724757671078,0.4206839229974436,adequate
llava15_vqav2,LLaVA-1.5-7B,VQAv2,cos_sim,1,2,non_sdc,7304,133,7304,0,0.0,0.8734213658908085,0.9413136541843414,0.13571201634281457,0.8067000110944113,0.976291611790657,0.8630591704910433,0.882785466595893,adequate
llava15_vqav2,LLaVA-1.5-7B,VQAv2,cos_sim,1,2,non_significant_sdc,14,6,14,0,0.0,0.9393782107602983,0.971478134393692,0.07014506844068939,0.9714283645153046,0.971478134393692,0.8414875988607053,0.9751954353772677,underpowered
llava15_vqav2,LLaVA-1.5-7B,VQAv2,cos_sim,1,2,significant_sdc,182,44,69,113,0.6208791208791209,0.32687085239790437,0.14541715718045525,0.32846210352569466,0.12995591318728972,0.4551880160967509,0.21407118179090812,0.4456478968070715,adequate
llava15_vqav2,LLaVA-1.5-7B,VQAv2,cos_sim,2,3,non_sdc,7304,133,7304,0,0.0,0.910161713900594,0.9488347172737122,0.08746210622029069,0.8700860738754272,0.9779014587402344,0.9031089042889594,0.9169236575505991,adequate
llava15_vqav2,LLaVA-1.5-7B,VQAv2,cos_sim,2,3,non_significant_sdc,14,6,14,0,0.0,0.9227070582764488,0.9757440388202667,0.08711257463554412,0.9188141226768494,0.9757559299468994,0.8050427476565044,0.969319161441591,underpowered
llava15_vqav2,LLaVA-1.5-7B,VQAv2,cos_sim,2,3,significant_sdc,182,43,67,115,0.6318681318681318,0.5166765397105857,0.40239750669927016,0.22292837939866317,0.37453438219975455,0.5889147520065308,0.43598499217090103,0.6037369003326202,adequate
llava15_vqav2,LLaVA-1.5-7B,VQAv2,cos_sim,3,4,non_sdc,7304,133,7304,0,0.0,0.9088744156893217,0.920089840888977,0.0787468248737211,0.8663108870387077,0.9741720855236053,0.902597414138679,0.9145711567087369,adequate
llava15_vqav2,LLaVA-1.5-7B,VQAv2,cos_sim,3,4,non_significant_sdc,14,6,14,0,0.0,0.9254456870612644,0.9518811404705048,0.0476288478944213,0.899266354739666,0.9518811404705048,0.8635676838733531,0.950043251613776,underpowered
llava15_vqav2,LLaVA-1.5-7B,VQAv2,cos_sim,3,4,significant_sdc,182,42,65,117,0.6428571428571428,0.5806732767820878,0.4886793001573913,0.19793141894741698,0.4727515316739374,0.5519571767912971,0.507868413585481,0.6593106641512217,adequate
llava15_vqav2,LLaVA-1.5-7B,VQAv2,cos_sim,4,5,non_sdc,7304,133,7304,0,0.0,0.8473448565749784,0.8817700147628784,0.11819335116522123,0.7611930519342422,0.9510175883769989,0.837560396860795,0.8565869599986492,adequate
llava15_vqav2,LLaVA-1.5-7B,VQAv2,cos_sim,4,5,non_significant_sdc,14,6,14,0,0.0,0.8597726285457611,0.9300773441791534,0.12599309295744573,0.8540206849575043,0.9300773441791534,0.6831302291817134,0.9242675127806487,underpowered
llava15_vqav2,LLaVA-1.5-7B,VQAv2,cos_sim,4,5,significant_sdc,182,42,64,118,0.6483516483516483,0.554524397606627,0.4751309560877936,0.2079651596201074,0.46574116631277973,0.5607394994851075,0.48127740832420113,0.6266562421859889,adequate
llava15_vqav2,LLaVA-1.5-7B,VQAv2,cos_sim,5,6,non_sdc,7304,133,7304,0,0.0,0.8025097636832971,0.8423217833042145,0.1345502659773713,0.7009326219558716,0.9200398027896881,0.7907820577072345,0.8133323612012147,adequate
llava15_vqav2,LLaVA-1.5-7B,VQAv2,cos_sim,5,6,non_significant_sdc,14,6,14,0,0.0,0.8837723991700581,0.9388871043920517,0.0772902960516091,0.8338317275047302,0.939011424779892,0.7792579025030135,0.9271742469734616,underpowered
llava15_vqav2,LLaVA-1.5-7B,VQAv2,cos_sim,5,6,significant_sdc,182,40,62,120,0.6593406593406593,0.3972683857817664,0.25228527614048546,0.2753629862490289,0.23374650171216654,0.4630766287446022,0.2935257239211756,0.5033768924436919,adequate
llava15_vqav2,LLaVA-1.5-7B,VQAv2,cos_sim,6,7,non_sdc,7304,133,7304,0,0.0,0.8057697946134308,0.8363582193851471,0.11789344298189386,0.7288867458701134,0.9018705487251282,0.7939364278240122,0.8164829065199917,adequate
llava15_vqav2,LLaVA-1.5-7B,VQAv2,cos_sim,6,7,non_significant_sdc,14,6,14,0,0.0,0.7719420082512356,0.7648652493953705,0.047284247676972355,0.7647434994578362,0.7652572765946388,0.7454638648033142,0.822374868343273,underpowered
llava15_vqav2,LLaVA-1.5-7B,VQAv2,cos_sim,6,7,significant_sdc,182,40,62,120,0.6593406593406593,0.40448890688069067,0.26965396227885263,0.26527641309674416,0.23514127890978542,0.5675355692704519,0.3088769668928397,0.5069658913196158,adequate
llava15_vqav2,LLaVA-1.5-7B,VQAv2,cos_sim,7,8,non_sdc,7304,133,7304,0,0.0,0.7818423920268217,0.8012460470199585,0.1332826356513159,0.6905929346879324,0.9048520177602768,0.7679457018074632,0.7941385068970421,adequate
llava15_vqav2,LLaVA-1.5-7B,VQAv2,cos_sim,7,8,non_significant_sdc,14,6,14,0,0.0,0.7810574515944435,0.7564064264297485,0.06055429806428211,0.7562867999076843,0.7565963268280029,0.7556509384844039,0.8661684261427985,underpowered
llava15_vqav2,LLaVA-1.5-7B,VQAv2,cos_sim,7,8,significant_sdc,182,39,61,121,0.6648351648351649,0.30430130466284205,0.1443535674895559,0.29370983973363274,0.12348790455381481,0.5878162980079651,0.1978598928379192,0.4167395812375286,adequate
llava15_vqav2,LLaVA-1.5-7B,VQAv2,cos_sim,8,9,non_sdc,7304,133,7304,0,0.0,0.7412357649709012,0.7659343481063843,0.13457512013990375,0.647803395986557,0.8559823483228683,0.7293492441743613,0.7522841953143978,adequate
llava15_vqav2,LLaVA-1.5-7B,VQAv2,cos_sim,8,9,non_significant_sdc,14,6,14,0,0.0,0.7903857990389779,0.789644867181778,0.03627511785725196,0.7895919159054756,0.7899193465709686,0.7618028351238796,0.8212762957527524,underpowered
llava15_vqav2,LLaVA-1.5-7B,VQAv2,cos_sim,8,9,significant_sdc,182,38,60,122,0.6703296703296704,0.45005536034579363,0.3783558060091977,0.21584739610961703,0.33250449761292156,0.5263250544667244,0.3697785799832897,0.5317250297422473,adequate
llava15_vqav2,LLaVA-1.5-7B,VQAv2,cos_sim,9,10,non_sdc,7304,133,7304,0,0.0,0.8244727390799869,0.8432991206645966,0.10662599072511551,0.7543813288211823,0.9147762060165405,0.8153793414377879,0.8328800074774757,adequate
llava15_vqav2,LLaVA-1.5-7B,VQAv2,cos_sim,9,10,non_significant_sdc,14,6,14,0,0.0,0.8626464555660884,0.8574444949626923,0.024173214628750318,0.8573518842458725,0.8574444949626923,0.8513857777471895,0.8932026028633118,underpowered
llava15_vqav2,LLaVA-1.5-7B,VQAv2,cos_sim,9,10,significant_sdc,182,38,59,123,0.6758241758241759,0.4116953108726734,0.2826683293191754,0.25100673784122934,0.24956214534384863,0.7007792890071869,0.32232338787268866,0.501499381244035,adequate
llava15_vqav2,LLaVA-1.5-7B,VQAv2,cos_sim,10,11,non_sdc,7304,133,7304,0,0.0,0.7086180959135214,0.7272762954235077,0.11643015905086278,0.6417375206947327,0.7851923704147339,0.6995293780009108,0.7177240566664823,adequate
llava15_vqav2,LLaVA-1.5-7B,VQAv2,cos_sim,10,11,non_significant_sdc,14,6,14,0,0.0,0.7375975986321767,0.8086071461439133,0.14416195645102217,0.7147871017456056,0.808648943901062,0.534648640288247,0.7986696453321548,underpowered
llava15_vqav2,LLaVA-1.5-7B,VQAv2,cos_sim,10,11,significant_sdc,182,37,57,125,0.6868131868131868,0.3021903600717205,0.16238808559671958,0.270447988927348,0.13314422381547641,0.5911438167095184,0.20239737798000096,0.4024251357392978,adequate
llava15_vqav2,LLaVA-1.5-7B,VQAv2,cos_sim,11,12,non_sdc,7304,133,7304,0,0.0,0.7116515547768623,0.7319976687431335,0.11844064894583525,0.6384456753730774,0.8013497591018677,0.7024701046645987,0.7203704989773889,adequate
llava15_vqav2,LLaVA-1.5-7B,VQAv2,cos_sim,11,12,non_significant_sdc,14,6,14,0,0.0,0.7470608014435995,0.764153778553009,0.05116581332050205,0.7580420151352882,0.7642142474651337,0.6783779958883921,0.7689210764872723,underpowered
llava15_vqav2,LLaVA-1.5-7B,VQAv2,cos_sim,11,12,significant_sdc,182,35,54,128,0.7032967032967032,0.19865114319155358,0.005185327359608242,0.33464152137858155,-0.03434602855419626,0.5672714412212372,0.07050549584653794,0.3246313994022509,adequate
llava15_vqav2,LLaVA-1.5-7B,VQAv2,cos_sim,12,13,non_sdc,7304,133,7304,0,0.0,0.7075060848607987,0.7266274243593216,0.11205649448244638,0.6522071436047554,0.7870053350925446,0.6969946169191205,0.7169127533842234,adequate
llava15_vqav2,LLaVA-1.5-7B,VQAv2,cos_sim,12,13,non_significant_sdc,14,6,14,0,0.0,0.723120297775382,0.7380209863185883,0.0434678792661896,0.6903226636350155,0.7380992770195007,0.6739875390573784,0.7493947934773232,underpowered
llava15_vqav2,LLaVA-1.5-7B,VQAv2,cos_sim,12,13,significant_sdc,182,34,52,130,0.7142857142857143,0.25623381305286563,0.11013585009745189,0.2667431835816985,0.07985258308163254,0.5379016846418381,0.14833618839494997,0.35905520314394895,adequate
llava15_vqav2,LLaVA-1.5-7B,VQAv2,cos_sim,13,14,non_sdc,7304,133,7304,0,0.0,0.7217258392878411,0.7424097806215286,0.10548393348443934,0.660580575466156,0.7981003224849701,0.7136213507933457,0.7292933566663334,adequate
llava15_vqav2,LLaVA-1.5-7B,VQAv2,cos_sim,13,14,non_significant_sdc,14,6,14,0,0.0,0.731773087098485,0.7356224954128265,0.02238661965201594,0.7355682551860809,0.7357825711369514,0.7098662257194519,0.746936149067349,underpowered
llava15_vqav2,LLaVA-1.5-7B,VQAv2,cos_sim,13,14,significant_sdc,182,34,52,130,0.7142857142857143,0.22097452955192792,0.10903103444345144,0.2292903192461313,0.07934421046199847,0.45277163137992227,0.14321361107721392,0.29359215675930506,adequate
llava15_vqav2,LLaVA-1.5-7B,VQAv2,cos_sim,14,15,non_sdc,7304,133,7304,0,0.0,0.7945107754988066,0.8283153772354126,0.11542527110788504,0.7259174734354019,0.8861405849456787,0.7845240356578023,0.8035853529527335,adequate
llava15_vqav2,LLaVA-1.5-7B,VQAv2,cos_sim,14,15,non_significant_sdc,14,6,14,0,0.0,0.7390708057653336,0.7061382085084915,0.05828153674912509,0.7057727873325348,0.7253015518188477,0.7125682794017556,0.825687673356798,underpowered
llava15_vqav2,LLaVA-1.5-7B,VQAv2,cos_sim,14,15,significant_sdc,182,34,52,130,0.7142857142857143,0.3660032647850022,0.311492745517468,0.20409495013365841,0.2714043876574356,0.5073428576191267,0.3006704330863307,0.4228689213481063,adequate
llava15_vqav2,LLaVA-1.5-7B,VQAv2,cos_sim,15,16,non_sdc,7304,133,7304,0,0.0,0.7274251251930649,0.7511833608150482,0.12809929895817412,0.6395405232906342,0.8352306485176086,0.7157357604007576,0.7380086124840376,adequate
llava15_vqav2,LLaVA-1.5-7B,VQAv2,cos_sim,15,16,non_significant_sdc,14,6,14,0,0.0,0.6822938074668248,0.5993739813566208,0.1038352122638105,0.599125050008297,0.7651757746934891,0.6224076619118819,0.8225735591517553,underpowered
llava15_vqav2,LLaVA-1.5-7B,VQAv2,cos_sim,15,16,significant_sdc,182,33,49,133,0.7307692307692308,0.3340635173737498,0.2247494238675857,0.21674996312571096,0.18421556253214272,0.5433120230833689,0.25437331917836326,0.4078317663373694,adequate
llava15_vqav2,LLaVA-1.5-7B,VQAv2,cos_sim,16,17,non_sdc,7304,133,7304,0,0.0,0.6922412906192819,0.7418787777423859,0.17837260241908462,0.5650418698787689,0.8464282006025314,0.6758944055291528,0.7067794925565809,adequate
llava15_vqav2,LLaVA-1.5-7B,VQAv2,cos_sim,16,17,non_significant_sdc,14,6,14,0,0.0,0.7830248208273025,0.7850563675165176,0.030865522274421225,0.7807151153683662,0.7851933017373085,0.7562097770827158,0.8112148774994745,underpowered
llava15_vqav2,LLaVA-1.5-7B,VQAv2,cos_sim,16,17,significant_sdc,182,33,48,134,0.7362637362637363,0.1749979750776073,-0.006355297865764219,0.35317791347998045,-0.08416328736466869,0.5496572963893414,0.035935704389631395,0.308403174166344,adequate
llava15_vqav2,LLaVA-1.5-7B,VQAv2,cos_sim,17,18,non_sdc,7304,133,7304,0,0.0,0.7924318492897398,0.8350740969181061,0.14559189467888922,0.7014908492565155,0.9121509343385696,0.7806294791627614,0.8036998072433195,adequate
llava15_vqav2,LLaVA-1.5-7B,VQAv2,cos_sim,17,18,non_significant_sdc,14,6,14,0,0.0,0.8262577110812777,0.8057361543178558,0.058534861434455555,0.8056853637099266,0.8059453815221786,0.7999128977457681,0.9076977686749563,underpowered
llava15_vqav2,LLaVA-1.5-7B,VQAv2,cos_sim,17,18,significant_sdc,182,32,47,135,0.7417582417582418,0.5023212018692155,0.49222984271390097,0.18732054988941546,0.44315568981122,0.6156972150007884,0.434172066151073,0.5577076268527457,adequate
llava15_vqav2,LLaVA-1.5-7B,VQAv2,cos_sim,18,19,non_sdc,7304,133,7304,0,0.0,0.6752197875080008,0.693543553352356,0.16412632696677798,0.5576984013120334,0.8187914341688156,0.6602410039732317,0.6889890182179613,adequate
llava15_vqav2,LLaVA-1.5-7B,VQAv2,cos_sim,18,19,non_significant_sdc,14,6,14,0,0.0,0.7941453473908561,0.8182699680328369,0.05567958979448194,0.7848935648798943,0.8183429017663002,0.7233880147337913,0.8249340882668128,underpowered
llava15_vqav2,LLaVA-1.5-7B,VQAv2,cos_sim,18,19,significant_sdc,182,31,46,136,0.7472527472527473,0.48533272087240875,0.4945894961378404,0.18892695892696668,0.418706799192088,0.5874273261739588,0.407977550441525,0.5497914986030077,adequate
llava15_vqav2,LLaVA-1.5-7B,VQAv2,cos_sim,19,20,non_sdc,7304,133,7304,0,0.0,0.6769619397077508,0.7083613574504852,0.18930102042878214,0.5402218885719776,0.8439799547195435,0.6618434831532328,0.6905426228678746,adequate
llava15_vqav2,LLaVA-1.5-7B,VQAv2,cos_sim,19,20,non_significant_sdc,14,6,14,0,0.0,0.8136730084816615,0.8640326708555222,0.10566881686855245,0.7912113443017006,0.8640805184841156,0.6790528597931067,0.8702132988859106,underpowered
llava15_vqav2,LLaVA-1.5-7B,VQAv2,cos_sim,19,20,significant_sdc,182,30,45,137,0.7527472527472527,0.5179904796274154,0.4976013306984488,0.16883068091618747,0.45840489560244035,0.5244988630316696,0.45760465971800957,0.5856178590090966,adequate
llava15_vqav2,LLaVA-1.5-7B,VQAv2,cos_sim,20,21,non_sdc,7304,133,7304,0,0.0,0.6910569146533765,0.7005151510238647,0.1611995650473333,0.5813951939344406,0.8290140852332115,0.6782208938833068,0.7033995149556916,adequate
llava15_vqav2,LLaVA-1.5-7B,VQAv2,cos_sim,20,21,non_significant_sdc,14,6,14,0,0.0,0.747925184170405,0.7131237834692001,0.0728483697203595,0.7130526825785637,0.7571520656347275,0.7153775411938865,0.8455681130999609,underpowered
llava15_vqav2,LLaVA-1.5-7B,VQAv2,cos_sim,20,21,significant_sdc,182,28,42,140,0.7692307692307692,0.437293484273724,0.42611828628851445,0.19981382283373492,0.34998442065350865,0.4400937040241397,0.3622011277699363,0.5213187168489196,underpowered
llava15_vqav2,LLaVA-1.5-7B,VQAv2,cos_sim,21,22,non_sdc,7304,133,7304,0,0.0,0.7455941787248941,0.7796622067689896,0.15250698559620882,0.6620728373527527,0.8573403532306353,0.7336162015211276,0.7574414005629897,adequate
llava15_vqav2,LLaVA-1.5-7B,VQAv2,cos_sim,21,22,non_significant_sdc,14,6,14,0,0.0,0.8499816204820361,0.8911662697792053,0.06931535830855133,0.8150370791554451,0.8913075625896454,0.750301318988204,0.8825733617048301,underpowered
llava15_vqav2,LLaVA-1.5-7B,VQAv2,cos_sim,21,22,significant_sdc,182,27,41,141,0.7747252747252747,0.539123669311925,0.47249089394296917,0.19083637938425688,0.4444495360462033,0.6618776122728983,0.460853815173043,0.613819934377074,underpowered
llava15_vqav2,LLaVA-1.5-7B,VQAv2,cos_sim,22,23,non_sdc,7304,133,7304,0,0.0,0.7397682907075681,0.7660600543022156,0.15301960659295755,0.6589628259340922,0.8577055484056473,0.7262139860740907,0.7530503149303434,adequate
llava15_vqav2,LLaVA-1.5-7B,VQAv2,cos_sim,22,23,non_significant_sdc,14,6,14,0,0.0,0.8194741933118729,0.8682095110416412,0.08918962704758676,0.7742280885577202,0.8682773262262344,0.6953305951036789,0.8641034071644148,underpowered
llava15_vqav2,LLaVA-1.5-7B,VQAv2,cos_sim,22,23,significant_sdc,182,27,40,142,0.7802197802197802,0.5859718401717283,0.6313351465731251,0.19006386205521003,0.5434901739160221,0.6869825441010144,0.513246313323909,0.6491729878314227,underpowered
llava15_vqav2,LLaVA-1.5-7B,VQAv2,cos_sim,23,24,non_sdc,7304,133,7304,0,0.0,0.7692756680846894,0.7945482730865479,0.13470538047405875,0.6944752931594849,0.8743505477905273,0.7575831362468469,0.7793131319969792,adequate
llava15_vqav2,LLaVA-1.5-7B,VQAv2,cos_sim,23,24,non_significant_sdc,14,6,14,0,0.0,0.8180366981597175,0.8615359663963318,0.11785956443528776,0.8166663348674774,0.8618281334638596,0.671505195753915,0.8731823431120979,underpowered
llava15_vqav2,LLaVA-1.5-7B,VQAv2,cos_sim,23,24,significant_sdc,182,25,37,145,0.7967032967032968,0.6346758485507964,0.6699692467037512,0.21026833543039722,0.5701073110103607,0.7959621548652649,0.5389244734022681,0.7066478395572441,underpowered
llava15_vqav2,LLaVA-1.5-7B,VQAv2,cos_sim,24,25,non_sdc,7304,133,7304,0,0.0,0.7228105106042971,0.763164833188057,0.16848678167229394,0.6099336296319962,0.8595781922340393,0.7054264683673543,0.7389286659253729,adequate
llava15_vqav2,LLaVA-1.5-7B,VQAv2,cos_sim,24,25,non_significant_sdc,14,6,14,0,0.0,0.7942696928977967,0.8222302049398422,0.07264471381894694,0.7760612070560455,0.8223982751369476,0.7068095326423645,0.8328126485531147,underpowered
llava15_vqav2,LLaVA-1.5-7B,VQAv2,cos_sim,24,25,significant_sdc,182,25,37,145,0.7967032967032968,0.31365249337778134,0.214226633310318,0.2854632413512204,0.06697421429716811,0.48050480087598163,0.19346247241516312,0.42013273545717356,underpowered
llava15_vqav2,LLaVA-1.5-7B,VQAv2,cos_sim,25,26,non_sdc,7304,133,7304,0,0.0,0.7816600123166665,0.804855227470398,0.11316098473759469,0.7152812778949738,0.871174119412899,0.7699971334529124,0.7921806680508089,adequate
llava15_vqav2,LLaVA-1.5-7B,VQAv2,cos_sim,25,26,non_significant_sdc,14,6,14,0,0.0,0.8579386537983303,0.9000533819198608,0.06927891647895389,0.7920235127210618,0.9001302868127823,0.7690843247231983,0.8941060002939201,underpowered
llava15_vqav2,LLaVA-1.5-7B,VQAv2,cos_sim,25,26,significant_sdc,182,24,35,147,0.8076923076923077,0.6822258631484888,0.6938006792749677,0.16766676343749878,0.6129502550679811,0.8535289069016775,0.5989249135975812,0.7485230778015498,underpowered
llava15_vqav2,LLaVA-1.5-7B,VQAv2,cos_sim,26,27,non_sdc,7304,133,7304,0,0.0,0.8472175854992017,0.9003779888153076,0.12958221300516545,0.7910282202064991,0.9437752813100815,0.8380097889864481,0.8557822519306546,adequate
llava15_vqav2,LLaVA-1.5-7B,VQAv2,cos_sim,26,27,non_significant_sdc,14,6,14,0,0.0,0.8889178085894811,0.937784269452095,0.10954897229994968,0.9377169013023376,0.9378528445959091,0.7426446691707329,0.9471724239679483,underpowered
llava15_vqav2,LLaVA-1.5-7B,VQAv2,cos_sim,26,27,significant_sdc,182,23,32,150,0.8241758241758241,0.6605452181675177,0.6729424593932167,0.2785412790316774,0.5525570146844019,0.9069767544666926,0.5201177430746883,0.7679971676227155,underpowered
llava15_vqav2,LLaVA-1.5-7B,VQAv2,cos_sim,27,28,non_sdc,7304,133,7304,0,0.0,0.7900185034933959,0.8339130580425262,0.14263848330123682,0.7119915336370468,0.9016695767641068,0.7771039906460976,0.8019143840719072,adequate
llava15_vqav2,LLaVA-1.5-7B,VQAv2,cos_sim,27,28,non_significant_sdc,14,6,14,0,0.0,0.817909706774212,0.8214191198348999,0.05603778466646663,0.8204178288578987,0.8215821236371994,0.7706833209310259,0.8697469728333609,underpowered
llava15_vqav2,LLaVA-1.5-7B,VQAv2,cos_sim,27,28,significant_sdc,182,21,30,152,0.8351648351648352,0.5453191930685792,0.5299514665135315,0.2651677676184792,0.3516574530121015,0.7659842769304911,0.40451558085608286,0.6553205127894519,underpowered
llava15_vqav2,LLaVA-1.5-7B,VQAv2,cos_sim,28,29,non_sdc,7304,133,7304,0,0.0,0.7382714667350406,0.7678821384906769,0.12732785815935627,0.6723620444536209,0.8354533016681671,0.7261070279613794,0.749244210410491,adequate
llava15_vqav2,LLaVA-1.5-7B,VQAv2,cos_sim,28,29,non_significant_sdc,14,6,14,0,0.0,0.8441592188108535,0.880451425909996,0.07062916544036744,0.8000290617346764,0.8804971724748611,0.7521024602430838,0.8812006986540992,underpowered
llava15_vqav2,LLaVA-1.5-7B,VQAv2,cos_sim,28,29,significant_sdc,182,16,25,157,0.8626373626373627,0.6082745697421957,0.5958692066523493,0.22482628554403106,0.557662656112593,0.7585799694061279,0.47382735369217066,0.699342384363672,underpowered
llava15_vqav2,LLaVA-1.5-7B,VQAv2,cos_sim,29,30,non_sdc,7304,133,7304,0,0.0,0.8306093993723334,0.8624607622623444,0.1031520925012532,0.7792893201112747,0.9058154374361038,0.820563165633375,0.839264278385381,adequate
llava15_vqav2,LLaVA-1.5-7B,VQAv2,cos_sim,29,30,non_significant_sdc,14,6,14,0,0.0,0.8938794421298163,0.9304220378398895,0.06610191153487543,0.8643279522657394,0.930467277765274,0.8075718726430621,0.9281277336456157,underpowered
llava15_vqav2,LLaVA-1.5-7B,VQAv2,cos_sim,29,30,significant_sdc,182,15,24,158,0.8681318681318682,0.6358147942273119,0.7169463537177261,0.2951675125141798,0.43670569360256195,0.8760420034329096,0.44472971664567973,0.759959190188115,underpowered
llava15_vqav2,LLaVA-1.5-7B,VQAv2,cos_sim,30,31,non_sdc,7304,133,7304,0,0.0,0.8790984376961614,0.9253203570842743,0.09894686026474626,0.809244304895401,0.9538600444793701,0.8703451671665636,0.8868438275993592,adequate
llava15_vqav2,LLaVA-1.5-7B,VQAv2,cos_sim,30,31,non_significant_sdc,14,6,14,0,0.0,0.9312781572341918,0.9446766376495361,0.031714781314609586,0.930624820291996,0.9447068870067596,0.8893592014908791,0.9487228645728185,underpowered
llava15_vqav2,LLaVA-1.5-7B,VQAv2,cos_sim,30,31,significant_sdc,182,11,18,164,0.9010989010989011,0.7806327759207767,0.905260016520818,0.20817594908028508,0.677230216562748,0.9282506157954534,0.6181792208021789,0.8712524862027747,underpowered
llava15_vqav2,LLaVA-1.5-7B,VQAv2,abs_mean_diff,0,1,non_sdc,7304,133,7304,0,0.0,0.00195147789426034,0.001819985634938348,0.0015269884031476823,0.00063782196957618,0.0028794852551072836,0.001784198121987578,0.0021231219553452035,adequate
llava15_vqav2,LLaVA-1.5-7B,VQAv2,abs_mean_diff,0,1,non_significant_sdc,14,6,14,0,0.0,0.002884525674883099,0.003276723262388259,0.0013456343981546818,0.003275593146099709,0.003276835326687433,0.001113465485913265,0.0035192923766683613,underpowered
llava15_vqav2,LLaVA-1.5-7B,VQAv2,abs_mean_diff,0,1,significant_sdc,182,45,71,111,0.6098901098901099,0.012808381778492438,0.015550805911497802,0.005927198405245211,0.009812801232996838,0.017028037152177065,0.011016146368535998,0.014623686163564069,adequate
llava15_vqav2,LLaVA-1.5-7B,VQAv2,abs_mean_diff,1,2,non_sdc,7304,133,7304,0,0.0,0.004669303293297901,0.0046535420503156875,0.0015070917960418862,0.0037223516847006977,0.00560733099700883,0.004552850896069623,0.004789909607808496,adequate
llava15_vqav2,LLaVA-1.5-7B,VQAv2,abs_mean_diff,1,2,non_significant_sdc,14,6,14,0,0.0,0.005761303722725383,0.006405424908734858,0.0009741654940373101,0.005219917686190456,0.006405424908734858,0.004453556863477893,0.0062940081814304,underpowered
llava15_vqav2,LLaVA-1.5-7B,VQAv2,abs_mean_diff,1,2,significant_sdc,182,44,69,113,0.6208791208791209,0.016253587880503132,0.019760909402381857,0.006943359122913193,0.00638265407178551,0.020990882465634877,0.0139695582896559,0.018472986742792644,adequate
llava15_vqav2,LLaVA-1.5-7B,VQAv2,abs_mean_diff,2,3,non_sdc,7304,133,7304,0,0.0,0.008333860881716353,0.008282565046101809,0.002553768919015753,0.006690422771498561,0.010129268310265616,0.008051102469298405,0.008629241028013705,adequate
llava15_vqav2,LLaVA-1.5-7B,VQAv2,abs_mean_diff,2,3,non_significant_sdc,14,6,14,0,0.0,0.005772470600259978,0.004991920432075858,0.0022297966261597014,0.004991920432075858,0.00517799942754209,0.00478661675505074,0.00865021658440431,underpowered
llava15_vqav2,LLaVA-1.5-7B,VQAv2,abs_mean_diff,2,3,significant_sdc,182,43,67,115,0.6318681318681318,0.016713885304448825,0.019857092475404545,0.006473122691336969,0.009986370879535873,0.021052338667594046,0.014381751459861597,0.01898363798312598,adequate
llava15_vqav2,LLaVA-1.5-7B,VQAv2,abs_mean_diff,3,4,non_sdc,7304,133,7304,0,0.0,0.009798103600886053,0.009906771359965205,0.0049466808638329455,0.005465395748615265,0.013544240302871914,0.009373140702676665,0.01020270302834915,adequate
llava15_vqav2,LLaVA-1.5-7B,VQAv2,abs_mean_diff,3,4,non_significant_sdc,14,6,14,0,0.0,0.009719282785607946,0.011020012781955302,0.0026864492411492486,0.009990190947428345,0.011021770536899567,0.005778136300957865,0.010794978424729337,underpowered
llava15_vqav2,LLaVA-1.5-7B,VQAv2,abs_mean_diff,3,4,significant_sdc,182,42,65,117,0.6428571428571428,0.010588320092069524,0.008672679380076577,0.010929467346302674,0.008013098500669003,0.010080748722337338,0.008849015031482946,0.013630611437152823,adequate
llava15_vqav2,LLaVA-1.5-7B,VQAv2,abs_mean_diff,4,5,non_sdc,7304,133,7304,0,0.0,0.0066374267141356,0.006396926939487457,0.003040685156359661,0.004629322327673435,0.008582503854995593,0.006336734403680358,0.006929765432366405,adequate
llava15_vqav2,LLaVA-1.5-7B,VQAv2,abs_mean_diff,4,5,non_significant_sdc,14,6,14,0,0.0,0.004199523563979061,0.001225512707605958,0.004071573581504717,0.001224806997925043,0.008062008921115194,0.0019248582888394595,0.009669481091097824,underpowered
llava15_vqav2,LLaVA-1.5-7B,VQAv2,abs_mean_diff,4,5,significant_sdc,182,42,64,118,0.6483516483516483,0.00960678394991014,0.00805396344916591,0.01430440256819841,0.006593383870049551,0.008950682178766904,0.0072627066717198254,0.013839263633547557,adequate
llava15_vqav2,LLaVA-1.5-7B,VQAv2,abs_mean_diff,5,6,non_sdc,7304,133,7304,0,0.0,0.004352523568359017,0.003738470724783838,0.0032562260874951514,0.002076578210107982,0.005842057085828856,0.0040990721335601304,0.004615130897353886,adequate
llava15_vqav2,LLaVA-1.5-7B,VQAv2,abs_mean_diff,5,6,non_significant_sdc,14,6,14,0,0.0,0.0035135322250425816,0.003822167171165347,0.001245559129923191,0.0038171919295564294,0.003822167171165347,0.002193027234170586,0.004330102461748398,underpowered
llava15_vqav2,LLaVA-1.5-7B,VQAv2,abs_mean_diff,5,6,significant_sdc,182,40,62,120,0.6593406593406593,0.012613111510928364,0.014964128884828974,0.006061416270381902,0.008480932631254271,0.016624833618133918,0.010470320165691232,0.014671315118328905,adequate
llava15_vqav2,LLaVA-1.5-7B,VQAv2,abs_mean_diff,6,7,non_sdc,7304,133,7304,0,0.0,0.012057947757667163,0.012085060334356967,0.006022285676320281,0.007348126312717795,0.016096865147119388,0.011475517195410553,0.01261784920712395,adequate
llava15_vqav2,LLaVA-1.5-7B,VQAv2,abs_mean_diff,6,7,non_significant_sdc,14,6,14,0,0.0,0.013514840423816904,0.014568171463906765,0.004846183877892515,0.012261824682354927,0.014568171463906765,0.00855203487272202,0.017086278115000044,underpowered
llava15_vqav2,LLaVA-1.5-7B,VQAv2,abs_mean_diff,6,7,significant_sdc,182,40,62,120,0.6593406593406593,0.014775223076256951,0.014532902209701168,0.004087411464282488,0.012554093573494263,0.01573761401113541,0.01360850247511165,0.015947571565985204,adequate
llava15_vqav2,LLaVA-1.5-7B,VQAv2,abs_mean_diff,7,8,non_sdc,7304,133,7304,0,0.0,0.007071724127167817,0.006597001571208239,0.004349530984581874,0.003794461954385042,0.009550871094688773,0.0066561496912753,0.007487924980065374,adequate
llava15_vqav2,LLaVA-1.5-7B,VQAv2,abs_mean_diff,7,8,non_significant_sdc,14,6,14,0,0.0,0.010839862937739652,0.015107827202882618,0.005220306712503851,0.005584541242569685,0.015119239455088973,0.004313183203339577,0.014057074554902673,underpowered
llava15_vqav2,LLaVA-1.5-7B,VQAv2,abs_mean_diff,7,8,significant_sdc,182,39,61,121,0.6648351648351649,0.007790070201184182,0.006550673181571218,0.0048258102960401505,0.00577926201124986,0.009123209840142909,0.006760621902062929,0.009201889946679927,adequate
llava15_vqav2,LLaVA-1.5-7B,VQAv2,abs_mean_diff,8,9,non_sdc,7304,133,7304,0,0.0,0.00937364927279324,0.008000706322491169,0.006868770630732388,0.004097564844414592,0.013235921680461615,0.00891187585352804,0.009867795149395574,adequate
llava15_vqav2,LLaVA-1.5-7B,VQAv2,abs_mean_diff,8,9,non_significant_sdc,14,6,14,0,0.0,0.005666560454604526,0.004085799911990762,0.0032552106510921417,0.004080673505086452,0.007048508897423744,0.004125298818764396,0.010023306700445355,underpowered
llava15_vqav2,LLaVA-1.5-7B,VQAv2,abs_mean_diff,8,9,significant_sdc,182,38,60,122,0.6703296703296704,0.01737948877966413,0.01989697747892339,0.0073750859174924795,0.010978417820297182,0.022871968588240595,0.015079788568983845,0.01976738470785436,adequate
llava15_vqav2,LLaVA-1.5-7B,VQAv2,abs_mean_diff,9,10,non_sdc,7304,133,7304,0,0.0,0.009768222081520683,0.008643961977213621,0.006572795438138482,0.004786062054336071,0.013658695155754685,0.00925964368636854,0.010270911961753735,adequate
llava15_vqav2,LLaVA-1.5-7B,VQAv2,abs_mean_diff,9,10,non_significant_sdc,14,6,14,0,0.0,0.005611265954905235,0.0022535085445269942,0.00514891173405101,0.002233035396784544,0.00742784324393142,0.003115072647356831,0.013679681536612203,underpowered
llava15_vqav2,LLaVA-1.5-7B,VQAv2,abs_mean_diff,9,10,significant_sdc,182,38,59,123,0.6758241758241759,0.020050904786736126,0.024238865102679297,0.009126740405543019,0.01528279071660816,0.026350806425658187,0.016517673447972295,0.023359437879369796,adequate
llava15_vqav2,LLaVA-1.5-7B,VQAv2,abs_mean_diff,10,11,non_sdc,7304,133,7304,0,0.0,0.012170267374820692,0.010251346917357296,0.008789540154149537,0.005683319875970483,0.01647062599658966,0.011476024639694112,0.012907021729875116,adequate
llava15_vqav2,LLaVA-1.5-7B,VQAv2,abs_mean_diff,10,11,non_significant_sdc,14,6,14,0,0.0,0.011600857072265908,0.012492224108427763,0.0022968401395431107,0.011294618726242333,0.012512063723988831,0.00848633039277047,0.012486282321146857,underpowered
llava15_vqav2,LLaVA-1.5-7B,VQAv2,abs_mean_diff,10,11,significant_sdc,182,37,57,125,0.6868131868131868,0.019187606204813964,0.018024891291802028,0.01026880998219585,0.010655219452835771,0.027758633095428954,0.01609149307405217,0.02256191877231217,adequate
llava15_vqav2,LLaVA-1.5-7B,VQAv2,abs_mean_diff,11,12,non_sdc,7304,133,7304,0,0.0,0.01518413238229878,0.012940131942741573,0.010360901365010463,0.007622724864631891,0.021069368231110275,0.014298550752432275,0.01600759038064257,adequate
llava15_vqav2,LLaVA-1.5-7B,VQAv2,abs_mean_diff,11,12,non_significant_sdc,14,6,14,0,0.0,0.006252958732684852,0.0037484365748241544,0.005678538027040699,0.0037484155036509037,0.005038441020587925,0.004117566274293322,0.01442572862530748,underpowered
llava15_vqav2,LLaVA-1.5-7B,VQAv2,abs_mean_diff,11,12,significant_sdc,182,35,54,128,0.7032967032967032,0.012924393224167389,0.012131543455845011,0.007722526771491082,0.00910464736322562,0.015025048677058776,0.010998100763583886,0.015454648098422272,adequate
llava15_vqav2,LLaVA-1.5-7B,VQAv2,abs_mean_diff,12,13,non_sdc,7304,133,7304,0,0.0,0.013790581906810945,0.012102649197913706,0.009870563467399606,0.006248821504414082,0.018896989640779793,0.013054463313950307,0.014559045698159434,adequate
llava15_vqav2,LLaVA-1.5-7B,VQAv2,abs_mean_diff,12,13,non_significant_sdc,14,6,14,0,0.0,0.008802139230205544,0.006295995321124792,0.005103666974958636,0.006295467726886272,0.00882528107613325,0.006629068171605468,0.01584528685392191,underpowered
llava15_vqav2,LLaVA-1.5-7B,VQAv2,abs_mean_diff,12,13,significant_sdc,182,34,52,130,0.7142857142857143,0.0172547202777023,0.018037063918998272,0.008235621666431037,0.011055644668106521,0.020459186246533097,0.014474783646617974,0.020451630542254413,adequate
llava15_vqav2,LLaVA-1.5-7B,VQAv2,abs_mean_diff,13,14,non_sdc,7304,133,7304,0,0.0,0.015712320592676514,0.013114254921674728,0.011581118002403334,0.0073239558065931005,0.020819410080245387,0.014795251873536617,0.01667759014523265,adequate
llava15_vqav2,LLaVA-1.5-7B,VQAv2,abs_mean_diff,13,14,non_significant_sdc,14,6,14,0,0.0,0.011228994368797257,0.011377563700079918,0.004041815110579721,0.011349453357979655,0.012115695048123598,0.006758579259945287,0.014164037428175411,underpowered
llava15_vqav2,LLaVA-1.5-7B,VQAv2,abs_mean_diff,13,14,significant_sdc,182,34,52,130,0.7142857142857143,0.03213496190443039,0.031098238410810407,0.020298557606124677,0.02183158709279572,0.03762346091894053,0.026821128868103075,0.03900851060265734,adequate
llava15_vqav2,LLaVA-1.5-7B,VQAv2,abs_mean_diff,14,15,non_sdc,7304,133,7304,0,0.0,0.014317413926421989,0.01244898047298193,0.010023173640375603,0.006648305803537369,0.01930407155305147,0.01354802397622236,0.015113142144785926,adequate
llava15_vqav2,LLaVA-1.5-7B,VQAv2,abs_mean_diff,14,15,non_significant_sdc,14,6,14,0,0.0,0.015224202791051496,0.01836400479078293,0.007280599670173932,0.011597460923561205,0.018381585367023945,0.005952252185947838,0.018888205877460894,underpowered
llava15_vqav2,LLaVA-1.5-7B,VQAv2,abs_mean_diff,14,15,significant_sdc,182,34,52,130,0.7142857142857143,0.010999204514928373,0.007978708882416998,0.00853511781503373,0.005966067542226948,0.014208870468309567,0.008866019670131774,0.013735378810249672,adequate
llava15_vqav2,LLaVA-1.5-7B,VQAv2,abs_mean_diff,15,16,non_sdc,7304,133,7304,0,0.0,0.01438401286190607,0.012021107831969857,0.010725500754675096,0.006598838837817311,0.01940560891913871,0.013594393182221437,0.015239144424809005,adequate
llava15_vqav2,LLaVA-1.5-7B,VQAv2,abs_mean_diff,15,16,non_significant_sdc,14,6,14,0,0.0,0.01080935370465297,0.008311504265293479,0.004528316188978895,0.008299676235765219,0.01036040047183633,0.008807668859870837,0.01795048515001933,underpowered
llava15_vqav2,LLaVA-1.5-7B,VQAv2,abs_mean_diff,15,16,significant_sdc,182,33,49,133,0.7307692307692308,0.026245752998060524,0.026568698169359445,0.012900031401811457,0.01723277692993482,0.03294720663689077,0.022660746487086884,0.030433624363128853,adequate
llava15_vqav2,LLaVA-1.5-7B,VQAv2,abs_mean_diff,16,17,non_sdc,7304,133,7304,0,0.0,0.016113871182300062,0.01414083611841003,0.011920465817640188,0.007143055088818073,0.021680409845430404,0.015181740319448293,0.01707651903625212,adequate
llava15_vqav2,LLaVA-1.5-7B,VQAv2,abs_mean_diff,16,17,non_significant_sdc,14,6,14,0,0.0,0.026899531987007886,0.03248830116353929,0.01026483092141994,0.026139713590964675,0.0324992043315433,0.01208050326547689,0.03149600685402155,underpowered
llava15_vqav2,LLaVA-1.5-7B,VQAv2,abs_mean_diff,16,17,significant_sdc,182,33,48,134,0.7362637362637363,0.02034190112123861,0.017248049859367225,0.010565177934451058,0.011512066741302913,0.02961042748097343,0.016655273942117223,0.024336592337125075,adequate
llava15_vqav2,LLaVA-1.5-7B,VQAv2,abs_mean_diff,17,18,non_sdc,7304,133,7304,0,0.0,0.018428811712233033,0.016431723372079432,0.012153200742774015,0.009509735566098243,0.024381057359278202,0.017398471654185833,0.019536752404321452,adequate
llava15_vqav2,LLaVA-1.5-7B,VQAv2,abs_mean_diff,17,18,non_significant_sdc,14,6,14,0,0.0,0.014947230236360893,0.017974037677049637,0.005045111411283942,0.014796077366918325,0.01803065720014274,0.007430650326164647,0.017289259271224797,underpowered
llava15_vqav2,LLaVA-1.5-7B,VQAv2,abs_mean_diff,17,18,significant_sdc,182,32,47,135,0.7417582417582418,0.015270933192717235,0.014236300718039274,0.00841137003011647,0.010502163379581417,0.016847549039604406,0.012768754990511206,0.018154120411557114,adequate
llava15_vqav2,LLaVA-1.5-7B,VQAv2,abs_mean_diff,18,19,non_sdc,7304,133,7304,0,0.0,0.014834644689241712,0.013064327766187489,0.01052272877904173,0.007206839742138982,0.019679195493853722,0.013737187765929394,0.01615356755642095,adequate
llava15_vqav2,LLaVA-1.5-7B,VQAv2,abs_mean_diff,18,19,non_significant_sdc,14,6,14,0,0.0,0.010265121285781442,0.00916125177172944,0.0027726973017831264,0.009148580604232848,0.010343512869440019,0.008778055798477279,0.013710729222899924,underpowered
llava15_vqav2,LLaVA-1.5-7B,VQAv2,abs_mean_diff,18,19,significant_sdc,182,31,46,136,0.7472527472527473,0.014025398426866923,0.013480121626195555,0.007590964401373185,0.00976947948635955,0.01657175215445839,0.01124101033491808,0.01699409136530003,adequate
llava15_vqav2,LLaVA-1.5-7B,VQAv2,abs_mean_diff,19,20,non_sdc,7304,133,7304,0,0.0,0.017197821063410248,0.01581348106265068,0.011834053884251499,0.00824336614459753,0.023717864183709025,0.016247626747544538,0.018234468356426562,adequate
llava15_vqav2,LLaVA-1.5-7B,VQAv2,abs_mean_diff,19,20,non_significant_sdc,14,6,14,0,0.0,0.014966036474687002,0.01343029411509633,0.0061851601154333455,0.01341132482048124,0.01546661788597703,0.010581847065343307,0.02160675243459015,underpowered
llava15_vqav2,LLaVA-1.5-7B,VQAv2,abs_mean_diff,19,20,significant_sdc,182,30,45,137,0.7527472527472527,0.0166133988756621,0.014681495364983472,0.00881251703653823,0.010394659855555058,0.019580975718967313,0.014293202005835833,0.01957757983620378,adequate
llava15_vqav2,LLaVA-1.5-7B,VQAv2,abs_mean_diff,20,21,non_sdc,7304,133,7304,0,0.0,0.02553537616035024,0.023635278611133494,0.015815774922714212,0.012745165266096592,0.03534603025764227,0.0239887028302139,0.02715756979741,adequate
llava15_vqav2,LLaVA-1.5-7B,VQAv2,abs_mean_diff,20,21,non_significant_sdc,14,6,14,0,0.0,0.019990003630075425,0.011681510834023356,0.012335714921954899,0.011662162141874433,0.030877745787923534,0.013373211251908086,0.036480094717505074,underpowered
llava15_vqav2,LLaVA-1.5-7B,VQAv2,abs_mean_diff,20,21,significant_sdc,182,28,42,140,0.7692307692307692,0.026895858582735525,0.019070591105205217,0.019380521528218123,0.014808672513546688,0.03555603651329875,0.019131731207277753,0.03538325930781638,underpowered
llava15_vqav2,LLaVA-1.5-7B,VQAv2,abs_mean_diff,21,22,non_sdc,7304,133,7304,0,0.0,0.01815827056665622,0.015367496758699417,0.012748211572774054,0.00870117824524641,0.024783984350506216,0.016834398918596567,0.019587323158354923,adequate
llava15_vqav2,LLaVA-1.5-7B,VQAv2,abs_mean_diff,21,22,non_significant_sdc,14,6,14,0,0.0,0.011504847737073543,0.010950373485684395,0.004369455764239637,0.010896936524659395,0.0116721554659307,0.007845022094746431,0.015656666848808527,underpowered
llava15_vqav2,LLaVA-1.5-7B,VQAv2,abs_mean_diff,21,22,significant_sdc,182,27,41,141,0.7747252747252747,0.02185441207272391,0.02161263208836317,0.012054722614329083,0.007668450778844405,0.03287385922989675,0.016731818899942005,0.027323215519609687,underpowered
llava15_vqav2,LLaVA-1.5-7B,VQAv2,abs_mean_diff,22,23,non_sdc,7304,133,7304,0,0.0,0.03002362107583026,0.029232723638415337,0.015093473156629261,0.019360780715942383,0.03954087890451774,0.028341271091470794,0.031822807099104504,adequate
llava15_vqav2,LLaVA-1.5-7B,VQAv2,abs_mean_diff,22,23,non_significant_sdc,14,6,14,0,0.0,0.03515243372835574,0.03693576389923692,0.006191868174119555,0.036887091817334294,0.03697814396582544,0.028090096544474367,0.03922797066883909,underpowered
llava15_vqav2,LLaVA-1.5-7B,VQAv2,abs_mean_diff,22,23,significant_sdc,182,27,40,142,0.7802197802197802,0.05144386829462144,0.05524015117778766,0.02069978489932889,0.035391590713212885,0.06886126713979304,0.04481137246286326,0.05912225786273518,underpowered
llava15_vqav2,LLaVA-1.5-7B,VQAv2,abs_mean_diff,23,24,non_sdc,7304,133,7304,0,0.0,0.02053926970577641,0.018484470900148153,0.013709237546548965,0.010218334326054901,0.027652943797875196,0.019329657591946752,0.02178265862945421,adequate
llava15_vqav2,LLaVA-1.5-7B,VQAv2,abs_mean_diff,23,24,non_significant_sdc,14,6,14,0,0.0,0.023978392061378275,0.022770516108721495,0.005752147712376155,0.022735176025889814,0.022787421941757202,0.02079009157605469,0.030551116292675335,underpowered
llava15_vqav2,LLaVA-1.5-7B,VQAv2,abs_mean_diff,23,24,significant_sdc,182,25,37,145,0.7967032967032968,0.018976368607881045,0.017124913322428863,0.014381008137803587,0.010908152908086777,0.023027245449472447,0.014562666767732779,0.02420819377010119,underpowered
llava15_vqav2,LLaVA-1.5-7B,VQAv2,abs_mean_diff,24,25,non_sdc,7304,133,7304,0,0.0,0.015301856966060451,0.013117129565216601,0.01124389923159714,0.0066655781120061874,0.021367300301790237,0.014453854881504538,0.016199105302398955,adequate
llava15_vqav2,LLaVA-1.5-7B,VQAv2,abs_mean_diff,24,25,non_significant_sdc,14,6,14,0,0.0,0.015411503509884433,0.015455936663784087,0.0040801989107006175,0.015233454818371683,0.01548465946689248,0.011830640118569135,0.018584021659834044,underpowered
llava15_vqav2,LLaVA-1.5-7B,VQAv2,abs_mean_diff,24,25,significant_sdc,182,25,37,145,0.7967032967032968,0.021377313632087464,0.019008575800844297,0.01268729428969721,0.012990777613595128,0.026403544005006552,0.016492574543024344,0.027110261862361366,underpowered
llava15_vqav2,LLaVA-1.5-7B,VQAv2,abs_mean_diff,25,26,non_sdc,7304,133,7304,0,0.0,0.01816921146667945,0.015244131907820702,0.012844680478852379,0.00862676091492176,0.02499536261893809,0.016505771792106612,0.019975444336294647,adequate
llava15_vqav2,LLaVA-1.5-7B,VQAv2,abs_mean_diff,25,26,non_significant_sdc,14,6,14,0,0.0,0.014098095896077299,0.012864033924415708,0.009175008979920829,0.011518247472122312,0.01287655474152416,0.009273180915486245,0.02462244543823458,underpowered
llava15_vqav2,LLaVA-1.5-7B,VQAv2,abs_mean_diff,25,26,significant_sdc,182,24,35,147,0.8076923076923077,0.026579599983110457,0.021447342934505065,0.01827746337709931,0.013820316952963669,0.030953888743355567,0.019965207508431525,0.034718625119336606,underpowered
llava15_vqav2,LLaVA-1.5-7B,VQAv2,abs_mean_diff,26,27,non_sdc,7304,133,7304,0,0.0,0.01847226279467859,0.016204023733735085,0.013660725255624251,0.008002833230420947,0.026244702807161957,0.017423666689373084,0.019578507987558218,adequate
llava15_vqav2,LLaVA-1.5-7B,VQAv2,abs_mean_diff,26,27,non_significant_sdc,14,6,14,0,0.0,0.012673095038293728,0.00977345509454608,0.006742230431590071,0.009733187383972108,0.014811056782491505,0.009844466278362753,0.021955488172049325,underpowered
llava15_vqav2,LLaVA-1.5-7B,VQAv2,abs_mean_diff,26,27,significant_sdc,182,23,32,150,0.8241758241758241,0.026222046440576924,0.015859423309792668,0.01840437472421477,0.014944873084979398,0.03433463851712188,0.01984923920461047,0.03442136869296616,underpowered
llava15_vqav2,LLaVA-1.5-7B,VQAv2,abs_mean_diff,27,28,non_sdc,7304,133,7304,0,0.0,0.020164936320779012,0.017251072684302926,0.014630646031854369,0.009273745701648295,0.028042829149247456,0.018916558385267946,0.021503555194646064,adequate
llava15_vqav2,LLaVA-1.5-7B,VQAv2,abs_mean_diff,27,28,non_significant_sdc,14,6,14,0,0.0,0.013702884453925349,0.0018635718151926994,0.01700572215361531,0.0018279098439961672,0.031183272833004594,0.004243625454420661,0.03666000100118773,underpowered
llava15_vqav2,LLaVA-1.5-7B,VQAv2,abs_mean_diff,27,28,significant_sdc,182,21,30,152,0.8351648351648352,0.023016590036160387,0.02088060431803266,0.01402437637608575,0.014174767791255549,0.032705435529351234,0.0185312483437421,0.028253838154268313,underpowered
llava15_vqav2,LLaVA-1.5-7B,VQAv2,abs_mean_diff,28,29,non_sdc,7304,133,7304,0,0.0,0.0224529348509063,0.02050896268337965,0.015826090501271855,0.010082715190947056,0.031238401541486382,0.02100542787860152,0.02388048742775942,adequate
llava15_vqav2,LLaVA-1.5-7B,VQAv2,abs_mean_diff,28,29,non_significant_sdc,14,6,14,0,0.0,0.026552112219810842,0.029666771180927753,0.009725686710800976,0.029654983896762133,0.029708861839026213,0.013068171838919321,0.031010488529379168,underpowered
llava15_vqav2,LLaVA-1.5-7B,VQAv2,abs_mean_diff,28,29,significant_sdc,182,16,25,157,0.8626373626373627,0.02865584352000906,0.02600329990188281,0.015062748278324394,0.02237999252974987,0.03196889549797895,0.022818583230952542,0.03615388554569922,underpowered
llava15_vqav2,LLaVA-1.5-7B,VQAv2,abs_mean_diff,29,30,non_sdc,7304,133,7304,0,0.0,0.025395726092607512,0.02295679599046707,0.01671571680885471,0.012570350430905819,0.0355999479846408,0.02402500095492583,0.026925965611676417,adequate
llava15_vqav2,LLaVA-1.5-7B,VQAv2,abs_mean_diff,29,30,non_significant_sdc,14,6,14,0,0.0,0.020176478224207782,0.024407132295891643,0.009673572925300376,0.024365172313991934,0.024441078072413802,0.00627378389860193,0.023968122131191195,underpowered
llava15_vqav2,LLaVA-1.5-7B,VQAv2,abs_mean_diff,29,30,significant_sdc,182,15,24,158,0.8681318681318682,0.03399230650527482,0.02484560374998384,0.029611689424793513,0.009728713193908334,0.047061034079108915,0.021601068664286956,0.054253312070441935,underpowered
llava15_vqav2,LLaVA-1.5-7B,VQAv2,abs_mean_diff,30,31,non_sdc,7304,133,7304,0,0.0,0.019664521350175334,0.01628897339105606,0.015163517182731737,0.008460752665996552,0.026938642840832472,0.018604861033001897,0.020840351080992466,adequate
llava15_vqav2,LLaVA-1.5-7B,VQAv2,abs_mean_diff,30,31,non_significant_sdc,14,6,14,0,0.0,0.023088368436410316,0.020522375591099262,0.01199908302286475,0.020492501091212034,0.023224516306072474,0.0169233313928812,0.036867284774780275,underpowered
llava15_vqav2,LLaVA-1.5-7B,VQAv2,abs_mean_diff,30,31,significant_sdc,182,11,18,164,0.9010989010989011,0.04057151320056966,0.026747585584719975,0.04028266910039352,0.01957631018012762,0.031830460143585995,0.025440801860177383,0.0667129336420494,underpowered
llava15_vqav2,LLaVA-1.5-7B,VQAv2,abs_std_diff,0,1,non_sdc,7304,133,7304,0,0.0,0.037126009912431535,0.03695157915353775,0.00736647458983643,0.031664651818573475,0.044160365127027035,0.03658606381048887,0.03768156991227931,adequate
llava15_vqav2,LLaVA-1.5-7B,VQAv2,abs_std_diff,0,1,non_significant_sdc,14,6,14,0,0.0,0.046880014096608476,0.04800475714728236,0.0027936621676825425,0.048001806484535336,0.04800475714728236,0.04290297352487133,0.04792719208666888,underpowered
llava15_vqav2,LLaVA-1.5-7B,VQAv2,abs_std_diff,0,1,significant_sdc,182,45,71,111,0.6098901098901099,0.014390073119345951,0.0059264886896221005,0.01693072349755996,0.0035413312820755704,0.01683367878597762,0.009007548672753468,0.01988587661330853,adequate
llava15_vqav2,LLaVA-1.5-7B,VQAv2,abs_std_diff,1,2,non_sdc,7304,133,7304,0,0.0,0.026398689988975287,0.028266925364732742,0.007511051614603083,0.020868625259026885,0.03247246076352894,0.02576006984768647,0.027000520244895382,adequate
llava15_vqav2,LLaVA-1.5-7B,VQAv2,abs_std_diff,1,2,non_significant_sdc,14,6,14,0,0.0,0.02975938753003166,0.03094154456630349,0.003706069774586011,0.02996912889648229,0.030943432240746915,0.025391521165147424,0.03218023613509204,underpowered
llava15_vqav2,LLaVA-1.5-7B,VQAv2,abs_std_diff,1,2,significant_sdc,182,44,69,113,0.6208791208791209,0.028184505600224893,0.0286494428101851,0.003999211821772407,0.026611080393195152,0.030534325509655232,0.02706934156620774,0.029248226917029104,adequate
llava15_vqav2,LLaVA-1.5-7B,VQAv2,abs_std_diff,2,3,non_sdc,7304,133,7304,0,0.0,0.03812417273167376,0.03785576019436121,0.008017338685918174,0.0319956811144948,0.04315923620015383,0.037424797835738696,0.038816772157004985,adequate
llava15_vqav2,LLaVA-1.5-7B,VQAv2,abs_std_diff,2,3,non_significant_sdc,14,6,14,0,0.0,0.03292260608591494,0.027793342247605324,0.008289489949086574,0.027793342247605324,0.033887508884072305,0.029108760682980954,0.04542442726799184,underpowered
llava15_vqav2,LLaVA-1.5-7B,VQAv2,abs_std_diff,2,3,significant_sdc,182,43,67,115,0.6318681318681318,0.04540804627861426,0.04840601269839978,0.007928852972799072,0.04619140218829318,0.050057292440716106,0.04218555403995568,0.04837198235253766,adequate
llava15_vqav2,LLaVA-1.5-7B,VQAv2,abs_std_diff,3,4,non_sdc,7304,133,7304,0,0.0,0.02705138440971225,0.027943167835474014,0.010981898963153275,0.021610085852444172,0.034787178272381425,0.026132773341573354,0.02795379887023841,adequate
llava15_vqav2,LLaVA-1.5-7B,VQAv2,abs_std_diff,3,4,non_significant_sdc,14,6,14,0,0.0,0.02984341336857705,0.03563322685658932,0.010036110361413416,0.028358605783432723,0.03563810512423515,0.014072994142770768,0.034196661235321134,underpowered
llava15_vqav2,LLaVA-1.5-7B,VQAv2,abs_std_diff,3,4,significant_sdc,182,42,65,117,0.6428571428571428,0.02240501566462384,0.010730679051912561,0.05060954118975313,0.009787477647923693,0.020054083241491903,0.013206695517002048,0.036039125439391945,adequate
llava15_vqav2,LLaVA-1.5-7B,VQAv2,abs_std_diff,4,5,non_sdc,7304,133,7304,0,0.0,0.025448671959004524,0.026223652064800262,0.00990555813403677,0.017644719686359167,0.033699181862175465,0.024206590311525555,0.026608315130427124,adequate
llava15_vqav2,LLaVA-1.5-7B,VQAv2,abs_std_diff,4,5,non_significant_sdc,14,6,14,0,0.0,0.02125708374771334,0.021482152864336967,0.006277047537304013,0.021099823992699385,0.021482152864336967,0.01607762360945344,0.028094117633170556,underpowered
llava15_vqav2,LLaVA-1.5-7B,VQAv2,abs_std_diff,4,5,significant_sdc,182,42,64,118,0.6483516483516483,0.04703095299237969,0.047721791195170005,0.034857769390539486,0.04006161513187143,0.0505288055033556,0.04008659807610184,0.058012038867046034,adequate
llava15_vqav2,LLaVA-1.5-7B,VQAv2,abs_std_diff,5,6,non_sdc,7304,133,7304,0,0.0,0.02215712540687434,0.021815776824951172,0.01121067815107258,0.014106429880484939,0.029427379369735718,0.021249779648477945,0.023008137527114454,adequate
llava15_vqav2,LLaVA-1.5-7B,VQAv2,abs_std_diff,5,6,non_significant_sdc,14,6,14,0,0.0,0.019366618769154662,0.02387731708586216,0.0062733411043387815,0.01541205272078514,0.02387731708586216,0.009834807159172164,0.022629716445082496,underpowered
llava15_vqav2,LLaVA-1.5-7B,VQAv2,abs_std_diff,5,6,significant_sdc,182,40,62,120,0.6593406593406593,0.012839679507751629,0.010457454021183811,0.00738259346991949,0.007933192183168567,0.014044831316842109,0.01060614247108171,0.015312392345872764,adequate
llava15_vqav2,LLaVA-1.5-7B,VQAv2,abs_std_diff,6,7,non_sdc,7304,133,7304,0,0.0,0.04772149710455519,0.04862613882869482,0.013554773965089282,0.03890753444284201,0.056898005306720734,0.04620299334012594,0.04904680976340163,adequate
llava15_vqav2,LLaVA-1.5-7B,VQAv2,abs_std_diff,6,7,non_significant_sdc,14,6,14,0,0.0,0.04477414137550763,0.03976353257894516,0.008198313507631318,0.039737848564982414,0.04729437660425902,0.04096203070472587,0.057438466077049576,underpowered
llava15_vqav2,LLaVA-1.5-7B,VQAv2,abs_std_diff,6,7,significant_sdc,182,40,62,120,0.6593406593406593,0.043228137961744593,0.04102780422842016,0.00782665160866556,0.03948651966923962,0.04421243985772741,0.04049417807598809,0.04592860203877094,adequate
llava15_vqav2,LLaVA-1.5-7B,VQAv2,abs_std_diff,7,8,non_sdc,7304,133,7304,0,0.0,0.0325369659019525,0.027334927891691525,0.020985948927477883,0.015330616384744644,0.04847107920795679,0.03095493529447494,0.03399493828155882,adequate
llava15_vqav2,LLaVA-1.5-7B,VQAv2,abs_std_diff,7,8,non_significant_sdc,14,6,14,0,0.0,0.02772155065266859,0.023523274809122086,0.011549113821833806,0.02352023497223854,0.023540209978818893,0.02257578899609615,0.04350416589942244,underpowered
llava15_vqav2,LLaVA-1.5-7B,VQAv2,abs_std_diff,7,8,significant_sdc,182,39,61,121,0.6648351648351649,0.035987978622420896,0.033810327450434365,0.012496933201799227,0.032117158934778095,0.0386545580564713,0.03188169784545644,0.03994767551284916,adequate
llava15_vqav2,LLaVA-1.5-7B,VQAv2,abs_std_diff,8,9,non_sdc,7304,133,7304,0,0.0,0.020840650333199887,0.01729540526866913,0.01593697537828992,0.008481884375214577,0.028902383521199226,0.019699124796209364,0.022059481247487744,adequate
llava15_vqav2,LLaVA-1.5-7B,VQAv2,abs_std_diff,8,9,non_significant_sdc,14,6,14,0,0.0,0.011995413828463782,0.009166412055492401,0.008443074795725734,0.009166412055492401,0.011332488618791103,0.0071195926612768416,0.021675431154047426,underpowered
llava15_vqav2,LLaVA-1.5-7B,VQAv2,abs_std_diff,8,9,significant_sdc,182,38,60,122,0.6703296703296704,0.03506588321024283,0.04115166629151422,0.012863613030473568,0.019446464876333874,0.04406487014220685,0.030842548237906022,0.03929454035197686,adequate
llava15_vqav2,LLaVA-1.5-7B,VQAv2,abs_std_diff,9,10,non_sdc,7304,133,7304,0,0.0,0.050263562097867656,0.04986392706632614,0.023956678980018423,0.03218311592936516,0.06553041934967041,0.04801450268514478,0.05249045461086645,adequate
llava15_vqav2,LLaVA-1.5-7B,VQAv2,abs_std_diff,9,10,non_significant_sdc,14,6,14,0,0.0,0.04019988386758736,0.025777246803045273,0.022375153603636913,0.025777246803045273,0.040520303137600425,0.029296491571046687,0.07431572737793128,underpowered
llava15_vqav2,LLaVA-1.5-7B,VQAv2,abs_std_diff,9,10,significant_sdc,182,38,59,123,0.6758241758241759,0.04323676128314534,0.037158482004793325,0.014308418322599643,0.03405201632757576,0.05043609102009511,0.0388856416531714,0.04735685854133572,adequate
llava15_vqav2,LLaVA-1.5-7B,VQAv2,abs_std_diff,10,11,non_sdc,7304,133,7304,0,0.0,0.037333285214692945,0.037180110812187195,0.01685347998905932,0.025383509695529938,0.049102503806352615,0.0355824853362958,0.03908286475942146,adequate
llava15_vqav2,LLaVA-1.5-7B,VQAv2,abs_std_diff,10,11,non_significant_sdc,14,6,14,0,0.0,0.03764081156502168,0.04171482101082802,0.0072209762218585095,0.033578215166926384,0.04171482101082802,0.027698443315568425,0.041033855062865075,underpowered
llava15_vqav2,LLaVA-1.5-7B,VQAv2,abs_std_diff,10,11,significant_sdc,182,37,57,125,0.6868131868131868,0.07112952912757689,0.07520377301439947,0.028633467507818925,0.051140833646059036,0.083415046182214,0.06304895372711629,0.0811982092400127,adequate
llava15_vqav2,LLaVA-1.5-7B,VQAv2,abs_std_diff,11,12,non_sdc,7304,133,7304,0,0.0,0.05141563032612216,0.05178852006793022,0.02365521736656093,0.03381213638931513,0.06899726390838623,0.04976339010162901,0.05303362229751469,adequate
llava15_vqav2,LLaVA-1.5-7B,VQAv2,abs_std_diff,11,12,non_significant_sdc,14,6,14,0,0.0,0.05568998369077842,0.05445046350359917,0.014457565919404414,0.05445028468966484,0.058843862265348434,0.044726626899762034,0.0693353886405627,underpowered
llava15_vqav2,LLaVA-1.5-7B,VQAv2,abs_std_diff,11,12,significant_sdc,182,35,54,128,0.7032967032967032,0.048645919799414225,0.04818691533743119,0.014955727592150659,0.04035465667645136,0.055621310004166195,0.04482043412859938,0.052816734701797825,adequate
llava15_vqav2,LLaVA-1.5-7B,VQAv2,abs_std_diff,12,13,non_sdc,7304,133,7304,0,0.0,0.05015302843961692,0.04928812384605408,0.02255024132338496,0.033847834914922714,0.06355712190270424,0.04838378614612199,0.05185348859120478,adequate
llava15_vqav2,LLaVA-1.5-7B,VQAv2,abs_std_diff,12,13,non_significant_sdc,14,6,14,0,0.0,0.02171172827837013,0.011800495907664299,0.017577497898465685,0.011786885559558868,0.025777097791433334,0.01386646919098555,0.04961417946550581,underpowered
llava15_vqav2,LLaVA-1.5-7B,VQAv2,abs_std_diff,12,13,significant_sdc,182,34,52,130,0.7142857142857143,0.03549943008984329,0.03303332033814216,0.0133092243541076,0.02603902956660913,0.04059778174803573,0.03184690988450211,0.03965545969618865,adequate
llava15_vqav2,LLaVA-1.5-7B,VQAv2,abs_std_diff,13,14,non_sdc,7304,133,7304,0,0.0,0.035600221817790975,0.03182834262649218,0.02235056214285262,0.01842426508665085,0.049241919070482254,0.03330641474314014,0.03773511009368997,adequate
llava15_vqav2,LLaVA-1.5-7B,VQAv2,abs_std_diff,13,14,non_significant_sdc,14,6,14,0,0.0,0.024312884183157055,0.012643277645111084,0.018728291694499213,0.012638859450817108,0.03338335081934929,0.014150598645210266,0.04971859802802404,underpowered
llava15_vqav2,LLaVA-1.5-7B,VQAv2,abs_std_diff,13,14,significant_sdc,182,34,52,130,0.7142857142857143,0.04163160512476286,0.04516111124230891,0.015123528441303073,0.026861516758799553,0.05052718816667187,0.03650865163563807,0.047194824590696786,adequate
llava15_vqav2,LLaVA-1.5-7B,VQAv2,abs_std_diff,14,15,non_sdc,7304,133,7304,0,0.0,0.03812658279660047,0.03531367580095927,0.020778337896161625,0.022740139315525692,0.05190268158912659,0.03660415495606826,0.03962086474333087,adequate
llava15_vqav2,LLaVA-1.5-7B,VQAv2,abs_std_diff,14,15,non_significant_sdc,14,6,14,0,0.0,0.06371923170629001,0.0798279345035553,0.02004589731533332,0.04480987228453159,0.07984607852995396,0.035934947431087494,0.07510490905316103,underpowered
llava15_vqav2,LLaVA-1.5-7B,VQAv2,abs_std_diff,14,15,significant_sdc,182,34,52,130,0.7142857142857143,0.029831289380987645,0.020347995569511335,0.020673982472721588,0.015223097664361097,0.0466820535560449,0.022622627332692546,0.0364304718631853,adequate
llava15_vqav2,LLaVA-1.5-7B,VQAv2,abs_std_diff,15,16,non_sdc,7304,133,7304,0,0.0,0.034796875892846135,0.032800085842609406,0.01878018927690594,0.02027064561843872,0.04718938656151295,0.03347491565447488,0.03611996564283631,adequate
llava15_vqav2,LLaVA-1.5-7B,VQAv2,abs_std_diff,15,16,non_significant_sdc,14,6,14,0,0.0,0.028190927012335686,0.015355326235294342,0.015721238760517797,0.01534743420779705,0.04224630072712898,0.018962380510789377,0.048794565701650236,underpowered
llava15_vqav2,LLaVA-1.5-7B,VQAv2,abs_std_diff,15,16,significant_sdc,182,33,49,133,0.7307692307692308,0.02305363656228831,0.018677114528052662,0.01675531872645038,0.011930616078328113,0.027513618270556133,0.018272182785916056,0.028391444139860573,adequate
llava15_vqav2,LLaVA-1.5-7B,VQAv2,abs_std_diff,16,17,non_sdc,7304,133,7304,0,0.0,0.05974597724713772,0.06114766746759415,0.026741950712857995,0.03998553566634655,0.07913633435964584,0.057222797846747185,0.062126210168069324,adequate
llava15_vqav2,LLaVA-1.5-7B,VQAv2,abs_std_diff,16,17,non_significant_sdc,14,6,14,0,0.0,0.08102978232006232,0.07954778149724007,0.011259907124616796,0.07950971834361553,0.08820491321384907,0.071927881027971,0.0911389438090501,underpowered
llava15_vqav2,LLaVA-1.5-7B,VQAv2,abs_std_diff,16,17,significant_sdc,182,33,48,134,0.7362637362637363,0.05236763972120299,0.0476571594675382,0.021938409738016768,0.0368003571900178,0.0617496275476047,0.04537869789417926,0.060145104319356185,adequate
llava15_vqav2,LLaVA-1.5-7B,VQAv2,abs_std_diff,17,18,non_sdc,7304,133,7304,0,0.0,0.03846467279483991,0.037328995764255524,0.020168512051899744,0.023579448461532593,0.05146176181733608,0.03682213866383164,0.040160328242626095,adequate
llava15_vqav2,LLaVA-1.5-7B,VQAv2,abs_std_diff,17,18,non_significant_sdc,14,6,14,0,0.0,0.05763245703918594,0.07241127826273441,0.018831454630827252,0.04200242459774017,0.07249035406857729,0.033141853660345076,0.06852790464957555,underpowered
llava15_vqav2,LLaVA-1.5-7B,VQAv2,abs_std_diff,17,18,significant_sdc,182,32,47,135,0.7417582417582418,0.04907165854916235,0.05012780747243336,0.015353624880527012,0.03700103610754013,0.06231134924657491,0.04393379598293071,0.05445733066475074,adequate
llava15_vqav2,LLaVA-1.5-7B,VQAv2,abs_std_diff,18,19,non_sdc,7304,133,7304,0,0.0,0.055504099545798755,0.056824229657649994,0.023323174625685724,0.038214799016714096,0.07254515029489994,0.05328747394755944,0.05775046218591548,adequate
llava15_vqav2,LLaVA-1.5-7B,VQAv2,abs_std_diff,18,19,non_significant_sdc,14,6,14,0,0.0,0.08707125000655651,0.10491249151527882,0.02372135633202622,0.06271069385111332,0.10498371813446283,0.05563227720558643,0.10029094597255742,underpowered
llava15_vqav2,LLaVA-1.5-7B,VQAv2,abs_std_diff,18,19,significant_sdc,182,31,46,136,0.7472527472527473,0.04554153135666877,0.043038620480469296,0.020427400797371133,0.03368150864784815,0.06676770932972431,0.03800417632856506,0.05260113117313895,adequate
llava15_vqav2,LLaVA-1.5-7B,VQAv2,abs_std_diff,19,20,non_sdc,7304,133,7304,0,0.0,0.03601785257797077,0.03459107130765915,0.020444805471224452,0.020293742418289185,0.0505593866109848,0.03429061530888966,0.03774911994544361,adequate
llava15_vqav2,LLaVA-1.5-7B,VQAv2,abs_std_diff,19,20,non_significant_sdc,14,6,14,0,0.0,0.06536868131231695,0.06549463607370853,0.01801595933756248,0.06544734910130501,0.06557544693350792,0.04691230981714196,0.07913276782515001,underpowered
llava15_vqav2,LLaVA-1.5-7B,VQAv2,abs_std_diff,19,20,significant_sdc,182,30,45,137,0.7527472527472527,0.044742919058809054,0.04245466427231322,0.01778740264568003,0.03690921018520991,0.056995805352926254,0.03878433977512339,0.05099498648305229,adequate
llava15_vqav2,LLaVA-1.5-7B,VQAv2,abs_std_diff,20,21,non_sdc,7304,133,7304,0,0.0,0.06878453082128132,0.07073376327753067,0.026713472495059617,0.05023438793917497,0.08809908479452133,0.06615990847540341,0.07154558816142871,adequate
llava15_vqav2,LLaVA-1.5-7B,VQAv2,abs_std_diff,20,21,non_significant_sdc,14,6,14,0,0.0,0.035774297817122366,0.016587689518928528,0.027263788265685342,0.016516991890966892,0.062371979902187985,0.020407968603166536,0.0722577716741297,underpowered
llava15_vqav2,LLaVA-1.5-7B,VQAv2,abs_std_diff,20,21,significant_sdc,182,28,42,140,0.7692307692307692,0.03978916814482575,0.03321498830099495,0.023397347912612915,0.02015839055256576,0.04939800687134266,0.03154498716799639,0.04711403119756092,underpowered
llava15_vqav2,LLaVA-1.5-7B,VQAv2,abs_std_diff,21,22,non_sdc,7304,133,7304,0,0.0,0.038175158341218915,0.03486920893192291,0.02461033913386863,0.020109353587031364,0.05141341337002814,0.03640387854264217,0.0400737173352911,adequate
llava15_vqav2,LLaVA-1.5-7B,VQAv2,abs_std_diff,21,22,non_significant_sdc,14,6,14,0,0.0,0.05338034565959658,0.04696432873606682,0.019585147900750874,0.04684734530746937,0.0492422878742218,0.04366088372010451,0.07785387124334063,underpowered
llava15_vqav2,LLaVA-1.5-7B,VQAv2,abs_std_diff,21,22,significant_sdc,182,27,41,141,0.7747252747252747,0.024121233519611946,0.023661830595561435,0.010509687629867287,0.016260917089423354,0.03046558052301407,0.019740592361582095,0.02867645282097004,underpowered
llava15_vqav2,LLaVA-1.5-7B,VQAv2,abs_std_diff,22,23,non_sdc,7304,133,7304,0,0.0,0.05768703751511477,0.05784253403544426,0.028081962045204245,0.03683309257030487,0.07568842731416225,0.05539265998883304,0.05989319397889456,adequate
llava15_vqav2,LLaVA-1.5-7B,VQAv2,abs_std_diff,22,23,non_significant_sdc,14,6,14,0,0.0,0.06420321006860052,0.07068547792732716,0.01846400506762366,0.055562262982130045,0.07073547318577766,0.04119802018006643,0.07356631961579506,underpowered
llava15_vqav2,LLaVA-1.5-7B,VQAv2,abs_std_diff,22,23,significant_sdc,182,27,40,142,0.7802197802197802,0.09843917012746846,0.10645200068853339,0.04580942662718494,0.054277144372463226,0.13455025456389602,0.08133884935628488,0.11680757996452126,underpowered
llava15_vqav2,LLaVA-1.5-7B,VQAv2,abs_std_diff,23,24,non_sdc,7304,133,7304,0,0.0,0.04653488566617132,0.045101746916770935,0.02848077122525064,0.024479541927576065,0.06473728641867638,0.04377243998226686,0.049372568683700074,adequate
llava15_vqav2,LLaVA-1.5-7B,VQAv2,abs_std_diff,23,24,non_significant_sdc,14,6,14,0,0.0,0.043256131080644473,0.029246728867292404,0.02653835874132214,0.029186958447098732,0.04161154106259346,0.02915811762213707,0.0785874405875802,underpowered
llava15_vqav2,LLaVA-1.5-7B,VQAv2,abs_std_diff,23,24,significant_sdc,182,25,37,145,0.7967032967032968,0.058401546984903664,0.05222104489803314,0.02415015107844264,0.04019168171347404,0.07851498558813212,0.047128218872795696,0.06857970734909602,underpowered
llava15_vqav2,LLaVA-1.5-7B,VQAv2,abs_std_diff,24,25,non_sdc,7304,133,7304,0,0.0,0.06645468115863841,0.06673491435746351,0.027605086971463574,0.046890953090041876,0.08566199988126755,0.0640476185314368,0.06895726652352602,adequate
llava15_vqav2,LLaVA-1.5-7B,VQAv2,abs_std_diff,24,25,non_significant_sdc,14,6,14,0,0.0,0.09244243331430924,0.10958575550466776,0.021412562165029434,0.07560155279934407,0.10960644157603383,0.06286678504612711,0.10461027205082368,underpowered
llava15_vqav2,LLaVA-1.5-7B,VQAv2,abs_std_diff,24,25,significant_sdc,182,25,37,145,0.7967032967032968,0.052362138030333336,0.046920397908103706,0.028410399685137876,0.02759668428678902,0.06516052782535553,0.04122356116355061,0.06290811503118486,underpowered
llava15_vqav2,LLaVA-1.5-7B,VQAv2,abs_std_diff,25,26,non_sdc,7304,133,7304,0,0.0,0.037599925130944796,0.034731969237327576,0.025127831763909567,0.01783907040953636,0.0522331427782774,0.035644093315476875,0.039624793713372,adequate
llava15_vqav2,LLaVA-1.5-7B,VQAv2,abs_std_diff,25,26,non_significant_sdc,14,6,14,0,0.0,0.0355861892302831,0.03321519494056702,0.006645427557490073,0.03317153453826904,0.04006015285849571,0.031998712143727716,0.04342979817163376,underpowered
llava15_vqav2,LLaVA-1.5-7B,VQAv2,abs_std_diff,25,26,significant_sdc,182,24,35,147,0.8076923076923077,0.038576350059175625,0.03715568780899048,0.01378402819310618,0.03065473586320877,0.0469350164794192,0.03377431305644869,0.043213196938515316,underpowered
llava15_vqav2,LLaVA-1.5-7B,VQAv2,abs_std_diff,26,27,non_sdc,7304,133,7304,0,0.0,0.044439663299598434,0.037576496601104736,0.03162610734238189,0.018084349110722542,0.06770914979279041,0.04149925335645834,0.047349889883235616,adequate
llava15_vqav2,LLaVA-1.5-7B,VQAv2,abs_std_diff,26,27,non_significant_sdc,14,6,14,0,0.0,0.06736393013880367,0.07469571195542812,0.018754993150532976,0.07461847551167011,0.07484290283173323,0.03996179583999846,0.07511278098630596,underpowered
llava15_vqav2,LLaVA-1.5-7B,VQAv2,abs_std_diff,26,27,significant_sdc,182,23,32,150,0.8241758241758241,0.06421266062356228,0.062081127117077514,0.022358464036248,0.050768542844726115,0.07497983600716202,0.05523244385527145,0.07309226159285119,underpowered
llava15_vqav2,LLaVA-1.5-7B,VQAv2,abs_std_diff,27,28,non_sdc,7304,133,7304,0,0.0,0.048843495868006064,0.04624614119529724,0.02844747097798582,0.027635730803012848,0.0661009713076055,0.0461938085026273,0.05158065971642342,adequate
llava15_vqav2,LLaVA-1.5-7B,VQAv2,abs_std_diff,27,28,non_significant_sdc,14,6,14,0,0.0,0.0613474203717141,0.053822703659534454,0.02318823739678271,0.053792450577020645,0.07811761051416397,0.04831489956095105,0.08780981476108234,underpowered
llava15_vqav2,LLaVA-1.5-7B,VQAv2,abs_std_diff,27,28,significant_sdc,182,21,30,152,0.8351648351648352,0.05591831066795624,0.05319812924278026,0.01628574590533811,0.04848191390434901,0.06589244119822979,0.04942363759525231,0.06259671111844825,underpowered
llava15_vqav2,LLaVA-1.5-7B,VQAv2,abs_std_diff,28,29,non_sdc,7304,133,7304,0,0.0,0.04484789046299103,0.04320809990167618,0.026178734790491893,0.026733320206403732,0.059094589203596115,0.042205542453151196,0.047669791779633694,adequate
llava15_vqav2,LLaVA-1.5-7B,VQAv2,abs_std_diff,28,29,non_significant_sdc,14,6,14,0,0.0,0.05323197962272735,0.05709310248494148,0.020370606386446555,0.05703573301434517,0.05716991610825062,0.025489541391531628,0.06545596458017826,underpowered
llava15_vqav2,LLaVA-1.5-7B,VQAv2,abs_std_diff,28,29,significant_sdc,182,16,25,157,0.8626373626373627,0.07299682346094492,0.0569145642220974,0.04250336869984022,0.050978079438209534,0.09908024632200903,0.056890448094572416,0.09335676045077569,underpowered
llava15_vqav2,LLaVA-1.5-7B,VQAv2,abs_std_diff,29,30,non_sdc,7304,133,7304,0,0.0,0.05642434702723092,0.05458313226699829,0.02534692735845635,0.03898296132683754,0.07258084416389465,0.05400765665025367,0.058909775827224634,adequate
llava15_vqav2,LLaVA-1.5-7B,VQAv2,abs_std_diff,29,30,non_significant_sdc,14,6,14,0,0.0,0.05476647693486441,0.05418454855680466,0.010192518603095408,0.054099082946777344,0.05511244758963585,0.044427722692489624,0.06405118858372723,underpowered
llava15_vqav2,LLaVA-1.5-7B,VQAv2,abs_std_diff,29,30,significant_sdc,182,15,24,158,0.8681318681318682,0.07765531953802939,0.046243676269540984,0.07388789624287385,0.04249636083841324,0.07550525095085708,0.051798674527856865,0.12045825777981449,underpowered
llava15_vqav2,LLaVA-1.5-7B,VQAv2,abs_std_diff,30,31,non_sdc,7304,133,7304,0,0.0,0.03172179424073406,0.02872520685195923,0.02221198153080762,0.01371283084154129,0.04527931287884712,0.029973143426383395,0.03360363330590059,adequate
llava15_vqav2,LLaVA-1.5-7B,VQAv2,abs_std_diff,30,31,non_significant_sdc,14,6,14,0,0.0,0.04200045721871513,0.05808326601982117,0.020354904860468523,0.024191977083683012,0.05824869126081467,0.01488549013932546,0.05366669098536173,underpowered
llava15_vqav2,LLaVA-1.5-7B,VQAv2,abs_std_diff,30,31,significant_sdc,182,11,18,164,0.9010989010989011,0.04654292872658482,0.038930366436640426,0.03748232531072728,0.012500427663326263,0.06013649329543114,0.027878216480868946,0.07670488150065972,underpowered
llava15_vqav2,LLaVA-1.5-7B,VQAv2,l2_distance,0,1,non_sdc,7304,133,7304,0,0.0,0.321018605695458,0.31264543533325195,0.04288088898121401,0.2862057164311409,0.359330952167511,0.31746883894579336,0.32473204057483973,adequate
llava15_vqav2,LLaVA-1.5-7B,VQAv2,l2_distance,0,1,non_significant_sdc,14,6,14,0,0.0,0.3833781469435919,0.38997605443000793,0.02420383113921827,0.3873363770544529,0.38997605443000793,0.350492282046212,0.3950220211098592,underpowered
llava15_vqav2,LLaVA-1.5-7B,VQAv2,l2_distance,0,1,significant_sdc,182,45,71,111,0.6098901098901099,0.5839750451705312,0.6422681729404294,0.13994540771849082,0.5516262752871935,0.6742317275125154,0.5382689660240013,0.629036717350482,adequate
llava15_vqav2,LLaVA-1.5-7B,VQAv2,l2_distance,1,2,non_sdc,7304,133,7304,0,0.0,0.24528748986680146,0.25308921933174133,0.04462423104589953,0.22613696567714214,0.2759920656681061,0.24164132692557386,0.24871978504443992,adequate
llava15_vqav2,LLaVA-1.5-7B,VQAv2,l2_distance,1,2,non_significant_sdc,14,6,14,0,0.0,0.2577073551359631,0.2582473084330559,0.01261155657353321,0.25230309180915356,0.2582661062479019,0.2469995997846127,0.27012526988983154,underpowered
llava15_vqav2,LLaVA-1.5-7B,VQAv2,l2_distance,1,2,significant_sdc,182,44,69,113,0.6208791208791209,0.515467209111042,0.6006420133065205,0.16155806845898957,0.3110164701938629,0.6198506902675239,0.4567098651108135,0.5674873430662242,adequate
llava15_vqav2,LLaVA-1.5-7B,VQAv2,l2_distance,2,3,non_sdc,7304,133,7304,0,0.0,0.3457787819637024,0.3442780673503876,0.056524383108839435,0.3098961412906647,0.3917183578014374,0.3410951160027893,0.3505955000965451,adequate
llava15_vqav2,LLaVA-1.5-7B,VQAv2,l2_distance,2,3,non_significant_sdc,14,6,14,0,0.0,0.2933406947269326,0.23949211835861206,0.07245114741376565,0.23949211835861206,0.343578714132309,0.2527380516683614,0.39289430777231854,underpowered
llava15_vqav2,LLaVA-1.5-7B,VQAv2,l2_distance,2,3,significant_sdc,182,43,67,115,0.6318681318681318,0.5239014295567295,0.5933241947573058,0.13378791881585714,0.4745732545852661,0.6085234068486156,0.4725772848104535,0.572333577879029,adequate
llava15_vqav2,LLaVA-1.5-7B,VQAv2,l2_distance,3,4,non_sdc,7304,133,7304,0,0.0,0.28209958732743295,0.29446208477020264,0.10376508595954387,0.22165625169873238,0.35178349912166595,0.27461280455800025,0.2895620279136247,adequate
llava15_vqav2,LLaVA-1.5-7B,VQAv2,l2_distance,3,4,non_significant_sdc,14,6,14,0,0.0,0.2937629032347884,0.3164784163236618,0.056086848669923646,0.3164522424340248,0.31654708087444305,0.2099608394006888,0.31762619704008105,underpowered
llava15_vqav2,LLaVA-1.5-7B,VQAv2,l2_distance,3,4,significant_sdc,182,42,65,117,0.6428571428571428,0.45787829637537864,0.4266947897113099,0.4314543660266955,0.39456480437395525,0.44010247746292425,0.39028760398783613,0.5881285066350448,adequate
llava15_vqav2,LLaVA-1.5-7B,VQAv2,l2_distance,4,5,non_sdc,7304,133,7304,0,0.0,0.3134355131999696,0.3114825040102005,0.053522583276117565,0.27280422300100327,0.34418627098202703,0.3077506975053994,0.31872104059240236,adequate
llava15_vqav2,LLaVA-1.5-7B,VQAv2,l2_distance,4,5,non_significant_sdc,14,6,14,0,0.0,0.2832317844388031,0.2207687422633171,0.08588869269467678,0.2207687422633171,0.33498963713645935,0.23326029435352044,0.4038760069343779,underpowered
llava15_vqav2,LLaVA-1.5-7B,VQAv2,l2_distance,4,5,significant_sdc,182,42,64,118,0.6483516483516483,0.5921972548003602,0.6073948674055996,0.4529199103031053,0.497729092380222,0.6345599115807183,0.49582021927447906,0.7383130567522015,adequate
llava15_vqav2,LLaVA-1.5-7B,VQAv2,l2_distance,5,6,non_sdc,7304,133,7304,0,0.0,0.38518942678322105,0.38476693630218506,0.0907561887754925,0.32442018389701843,0.44379276533921563,0.37766911607204884,0.39261361345946827,adequate
llava15_vqav2,LLaVA-1.5-7B,VQAv2,l2_distance,5,6,non_significant_sdc,14,6,14,0,0.0,0.313985414873986,0.27003263682127,0.06215737445106196,0.26980117708444595,0.36575158685445786,0.278891971817723,0.39816117559870084,underpowered
llava15_vqav2,LLaVA-1.5-7B,VQAv2,l2_distance,5,6,significant_sdc,182,40,62,120,0.6593406593406593,0.6202614069514717,0.6885146915304418,0.20181592735068088,0.5318716630643727,0.7034156141536576,0.5471949221476472,0.6917987305573673,adequate
llava15_vqav2,LLaVA-1.5-7B,VQAv2,l2_distance,6,7,non_sdc,7304,133,7304,0,0.0,0.5527911059960868,0.5446064472198486,0.08929943586713969,0.4875142574310303,0.6116834878921509,0.5456212883532064,0.5599564994391321,adequate
llava15_vqav2,LLaVA-1.5-7B,VQAv2,l2_distance,6,7,non_significant_sdc,14,6,14,0,0.0,0.5641457329193751,0.5339760929346085,0.04857358205415008,0.533930778503418,0.5607300996780396,0.5408236402788279,0.6385625965065427,underpowered
llava15_vqav2,LLaVA-1.5-7B,VQAv2,l2_distance,6,7,significant_sdc,182,40,62,120,0.6593406593406593,0.7854423195414698,0.8477810408387865,0.1518338021729432,0.7074817666897968,0.862916067850833,0.7302755782178136,0.8383224384587501,adequate
llava15_vqav2,LLaVA-1.5-7B,VQAv2,l2_distance,7,8,non_sdc,7304,133,7304,0,0.0,0.5209557005949755,0.5165292024612427,0.10498624837249462,0.45832720398902893,0.5894776284694672,0.5111743424104634,0.5311598360410773,adequate
llava15_vqav2,LLaVA-1.5-7B,VQAv2,l2_distance,7,8,non_significant_sdc,14,6,14,0,0.0,0.4594703004473732,0.44386792182922363,0.059173905189108485,0.44386792182922363,0.4656088128685951,0.4262404931443079,0.5284228813317087,underpowered
llava15_vqav2,LLaVA-1.5-7B,VQAv2,l2_distance,7,8,significant_sdc,182,39,61,121,0.6648351648351649,0.865887355453919,0.9787246244294303,0.2410544979938583,0.7557591199874878,1.007294521039846,0.7707266619100481,0.958320429476658,adequate
llava15_vqav2,LLaVA-1.5-7B,VQAv2,l2_distance,8,9,non_sdc,7304,133,7304,0,0.0,0.6011486479808376,0.599654346704483,0.1386887746399561,0.5022570490837097,0.6898350119590759,0.5907148706284315,0.6112497335078856,adequate
llava15_vqav2,LLaVA-1.5-7B,VQAv2,l2_distance,8,9,non_significant_sdc,14,6,14,0,0.0,0.4959645602674711,0.4401933401823044,0.0988863034066526,0.4401661604642868,0.5039588168263436,0.4511096253991127,0.6369850337505341,underpowered
llava15_vqav2,LLaVA-1.5-7B,VQAv2,l2_distance,8,9,significant_sdc,182,38,60,122,0.6703296703296704,0.8214712321904691,0.8907127526341652,0.1879325265864013,0.6814229488372803,0.9301165130977728,0.7514541470560225,0.890565387787354,adequate
llava15_vqav2,LLaVA-1.5-7B,VQAv2,l2_distance,9,10,non_sdc,7304,133,7304,0,0.0,0.7802709466177221,0.7707094997167587,0.1480768029715378,0.6668135076761246,0.8813835382461548,0.7678746851743673,0.7920541048372738,adequate
llava15_vqav2,LLaVA-1.5-7B,VQAv2,l2_distance,9,10,non_significant_sdc,14,6,14,0,0.0,0.646352568978355,0.589912086725235,0.1205016714510727,0.5898735821247101,0.5948564618825912,0.5958322797760819,0.8285922076967028,underpowered
llava15_vqav2,LLaVA-1.5-7B,VQAv2,l2_distance,9,10,significant_sdc,182,38,59,123,0.6758241758241759,1.0586452428956645,1.1302088997801956,0.20451232365791153,0.8452048202355702,1.1543564984993058,0.9925711428001884,1.1295517653212241,adequate
llava15_vqav2,LLaVA-1.5-7B,VQAv2,l2_distance,10,11,non_sdc,7304,133,7304,0,0.0,0.8310758012872852,0.8147181272506714,0.15969754364311264,0.7182489633560181,0.9363746345043182,0.8164628063916997,0.8461857694949517,adequate
llava15_vqav2,LLaVA-1.5-7B,VQAv2,l2_distance,10,11,non_significant_sdc,14,6,14,0,0.0,0.720170871984391,0.6432161778211594,0.14702836943879627,0.6430645287036896,0.7535493284463883,0.655925030891712,0.9306370015235408,underpowered
llava15_vqav2,LLaVA-1.5-7B,VQAv2,l2_distance,10,11,significant_sdc,182,37,57,125,0.6868131868131868,1.2240387664663765,1.3323566110766665,0.3890690253160344,1.002364307641983,1.3756221605806935,1.1090610818285949,1.3632411868172287,adequate
llava15_vqav2,LLaVA-1.5-7B,VQAv2,l2_distance,11,12,non_sdc,7304,133,7304,0,0.0,0.9009213321044295,0.902031660079956,0.15406976666698308,0.7915835529565811,1.0008530616760254,0.8877691236531021,0.9131206098107407,adequate
llava15_vqav2,LLaVA-1.5-7B,VQAv2,l2_distance,11,12,non_significant_sdc,14,6,14,0,0.0,0.7857141822576522,0.7471792101860046,0.11544855372762315,0.7469659149646759,0.7485117137432099,0.7342043286020105,0.9326420273099627,underpowered
llava15_vqav2,LLaVA-1.5-7B,VQAv2,l2_distance,11,12,significant_sdc,182,35,54,128,0.7032967032967032,1.3860561861565486,1.5395934758137684,0.4215922461293519,0.9275831282138824,1.5963403293672873,1.2439865630227565,1.5415122896762035,adequate
llava15_vqav2,LLaVA-1.5-7B,VQAv2,l2_distance,12,13,non_sdc,7304,133,7304,0,0.0,0.9051660106872715,0.883267879486084,0.15626217238567822,0.7872442454099655,1.0188431106507778,0.8922325427741589,0.9177859350107257,adequate
llava15_vqav2,LLaVA-1.5-7B,VQAv2,l2_distance,12,13,non_significant_sdc,14,6,14,0,0.0,0.8234514267671676,0.8049326241016388,0.08696993912267631,0.804923951625824,0.8051699250936508,0.7821284234523773,0.930519140428967,underpowered
llava15_vqav2,LLaVA-1.5-7B,VQAv2,l2_distance,12,13,significant_sdc,182,34,52,130,0.7142857142857143,1.2605668945725665,1.3172546357524637,0.30478465276970457,1.057779610157013,1.351323517913721,1.17181211334473,1.3716954958945038,adequate
llava15_vqav2,LLaVA-1.5-7B,VQAv2,l2_distance,13,14,non_sdc,7304,133,7304,0,0.0,0.9587230280424155,0.9286314249038696,0.2033363395181864,0.8076997399330139,1.0871728211641312,0.9431499636945635,0.9745059385830447,adequate
llava15_vqav2,LLaVA-1.5-7B,VQAv2,l2_distance,13,14,non_significant_sdc,14,6,14,0,0.0,1.0511980173133668,1.1659962832927704,0.14692226401652744,0.961345425248146,1.1661644577980042,0.846046460999383,1.1331250569650104,underpowered
llava15_vqav2,LLaVA-1.5-7B,VQAv2,l2_distance,13,14,significant_sdc,182,34,52,130,0.7142857142857143,1.4222503286923973,1.3948334796088084,0.3202785312839868,1.328623262595157,1.4540550526307552,1.337299957047092,1.51914667653708,adequate
llava15_vqav2,LLaVA-1.5-7B,VQAv2,l2_distance,14,15,non_sdc,7304,133,7304,0,0.0,0.9758122908218294,0.9456968456506729,0.22905464439692116,0.7973700016736984,1.1392893493175507,0.9567585961392364,0.9971695810776647,adequate
llava15_vqav2,LLaVA-1.5-7B,VQAv2,l2_distance,14,15,non_significant_sdc,14,6,14,0,0.0,1.1443476529348462,1.2579260468482971,0.1586822473667251,1.0331923514604568,1.258244514465332,0.9231579932901594,1.2299120756841841,underpowered
llava15_vqav2,LLaVA-1.5-7B,VQAv2,l2_distance,14,15,significant_sdc,182,34,52,130,0.7142857142857143,1.292886598514269,1.1907353103160858,0.3266973009735793,1.1497244293592415,1.2467747385404548,1.202042374064863,1.3967400553766038,adequate
llava15_vqav2,LLaVA-1.5-7B,VQAv2,l2_distance,15,16,non_sdc,7304,133,7304,0,0.0,1.0551729164898944,1.0349973440170288,0.2218520902015982,0.8804838011662165,1.206364244222641,1.0365703668241606,1.07529581633461,adequate
llava15_vqav2,LLaVA-1.5-7B,VQAv2,l2_distance,15,16,non_significant_sdc,14,6,14,0,0.0,1.0126834436541512,1.0828263610601425,0.0983977037886329,0.9495806902647019,1.083126276731491,0.8731649849149917,1.0638876112154974,underpowered
llava15_vqav2,LLaVA-1.5-7B,VQAv2,l2_distance,15,16,significant_sdc,182,33,49,133,0.7307692307692308,1.477721734309032,1.5469943552601093,0.2903130367629535,1.2256141901016235,1.6115048345254392,1.3857389127418442,1.5844639872857251,adequate
llava15_vqav2,LLaVA-1.5-7B,VQAv2,l2_distance,16,17,non_sdc,7304,133,7304,0,0.0,1.1062021646591202,1.073622226715088,0.23033056513374484,0.938529759645462,1.2534183263778687,1.0882308245609773,1.1255580440724746,adequate
llava15_vqav2,LLaVA-1.5-7B,VQAv2,l2_distance,16,17,non_significant_sdc,14,6,14,0,0.0,1.1374873107387906,1.1877605319023132,0.08033993046049041,1.1414615750312804,1.187924325466156,1.0138922267489963,1.1758817931016285,underpowered
llava15_vqav2,LLaVA-1.5-7B,VQAv2,l2_distance,16,17,significant_sdc,182,33,48,134,0.7362637362637363,1.5093549518273666,1.5591282917528737,0.24105899837915729,1.3732365270455678,1.645867445030991,1.4324140337790607,1.5942082323258355,adequate
llava15_vqav2,LLaVA-1.5-7B,VQAv2,l2_distance,17,18,non_sdc,7304,133,7304,0,0.0,0.9630189058059682,0.9494032859802246,0.2875745245866609,0.7434795945882797,1.1476316452026367,0.9395738679062364,0.9873111804250505,adequate
llava15_vqav2,LLaVA-1.5-7B,VQAv2,l2_distance,17,18,non_significant_sdc,14,6,14,0,0.0,1.0277036790336882,1.1607806831598282,0.211341644156276,0.9932556122541427,1.1613072752952576,0.715604230761528,1.1275992155075074,underpowered
llava15_vqav2,LLaVA-1.5-7B,VQAv2,l2_distance,17,18,significant_sdc,182,32,47,135,0.7417582417582418,1.3034181129560287,1.2473811154462853,0.3719782231892047,1.1827427763111737,1.295320458558141,1.206162406447358,1.4241940598415792,adequate
llava15_vqav2,LLaVA-1.5-7B,VQAv2,l2_distance,18,19,non_sdc,7304,133,7304,0,0.0,1.0869049060973843,1.0640436857938766,0.254354474998545,0.8676565140485764,1.251796543598175,1.0639894166763526,1.1097114019374024,adequate
llava15_vqav2,LLaVA-1.5-7B,VQAv2,l2_distance,18,19,non_significant_sdc,14,6,14,0,0.0,1.129250553108397,1.1758395731449127,0.1527198555471616,1.1544440388679504,1.1760938167572021,0.9073476592699686,1.20768318126599,underpowered
llava15_vqav2,LLaVA-1.5-7B,VQAv2,l2_distance,18,19,significant_sdc,182,31,46,136,0.7472527472527473,1.2594338569822812,1.135800377446778,0.39704720032457014,1.0324835296796293,1.2996850609779358,1.1496122419113541,1.3957698711659559,adequate
llava15_vqav2,LLaVA-1.5-7B,VQAv2,l2_distance,19,20,non_sdc,7304,133,7304,0,0.0,1.1090182864088467,1.1059523820877075,0.3396836609611135,0.827306404709816,1.3581886366009712,1.0835944885085078,1.1368031270140997,adequate
llava15_vqav2,LLaVA-1.5-7B,VQAv2,l2_distance,19,20,non_significant_sdc,14,6,14,0,0.0,0.9745129246087301,0.8695819526910782,0.28610629924572895,0.8694030568003654,1.1526808217167854,0.8139913624677901,1.3062420513894821,underpowered
llava15_vqav2,LLaVA-1.5-7B,VQAv2,l2_distance,19,20,significant_sdc,182,30,45,137,0.7527472527472527,1.2780709384595395,1.2097560678209578,0.32738145117127376,1.1035668387704967,1.4436832269032795,1.1654576128906602,1.3926787727880219,adequate
llava15_vqav2,LLaVA-1.5-7B,VQAv2,l2_distance,20,21,non_sdc,7304,133,7304,0,0.0,1.1409250506386333,1.1121729612350464,0.2614570546065943,0.9420884251594543,1.3011935912072659,1.1213755046884708,1.1621391566335775,adequate
llava15_vqav2,LLaVA-1.5-7B,VQAv2,l2_distance,20,21,non_significant_sdc,14,6,14,0,0.0,0.9985576763039543,0.9816421717405319,0.1876647262181829,0.9815148636698723,0.9819533750414848,0.8795742425653669,1.2077060441176097,underpowered
llava15_vqav2,LLaVA-1.5-7B,VQAv2,l2_distance,20,21,significant_sdc,182,28,42,140,0.7692307692307692,1.4199216752752037,1.4119300696314596,0.3247834483790966,1.3330901234733816,1.5297040442625682,1.2886188962693013,1.5390862489587112,underpowered
llava15_vqav2,LLaVA-1.5-7B,VQAv2,l2_distance,21,22,non_sdc,7304,133,7304,0,0.0,1.066681181701614,1.0374597311019897,0.33699611922221856,0.8190066814422607,1.2683652540047963,1.0402540936008795,1.093711399029513,adequate
llava15_vqav2,LLaVA-1.5-7B,VQAv2,l2_distance,21,22,non_significant_sdc,14,6,14,0,0.0,1.0025437372071404,0.8865976184606552,0.26482849425358607,0.8856741338968277,1.040318876504898,0.8887134194374084,1.3688906729221344,underpowered
llava15_vqav2,LLaVA-1.5-7B,VQAv2,l2_distance,21,22,significant_sdc,182,27,41,141,0.7747252747252747,1.5022056386815086,1.6578844858675588,0.43779225026819385,1.2983434597651164,1.751888824968922,1.3258086850809612,1.6857081897347888,underpowered
llava15_vqav2,LLaVA-1.5-7B,VQAv2,l2_distance,22,23,non_sdc,7304,133,7304,0,0.0,1.130681373017428,1.1008845567703247,0.3019212857148142,0.9060484021902084,1.3196807950735092,1.1057059977917063,1.157594444088098,adequate
llava15_vqav2,LLaVA-1.5-7B,VQAv2,l2_distance,22,23,non_significant_sdc,14,6,14,0,0.0,1.052138406322116,0.9870938211679459,0.17229490707788186,0.9867152199149132,1.1819028198719024,0.9613371720680823,1.2442482873797416,underpowered
llava15_vqav2,LLaVA-1.5-7B,VQAv2,l2_distance,22,23,significant_sdc,182,27,40,142,0.7802197802197802,1.5811276186350522,1.5145793703137613,0.4145033034092499,1.4624503674555798,1.5987749081485125,1.457681500827669,1.7358648423605645,underpowered
llava15_vqav2,LLaVA-1.5-7B,VQAv2,l2_distance,23,24,non_sdc,7304,133,7304,0,0.0,1.0631071028357864,1.0463468730449677,0.3129722988335189,0.8329679071903229,1.2730993628501892,1.0410062526888968,1.0870153514272756,adequate
llava15_vqav2,LLaVA-1.5-7B,VQAv2,l2_distance,23,24,non_significant_sdc,14,6,14,0,0.0,0.9997042285544532,0.8696720600128174,0.3555097368176558,0.8690145686268806,1.0773877277970314,0.8320757627487183,1.435864895582199,underpowered
llava15_vqav2,LLaVA-1.5-7B,VQAv2,l2_distance,23,24,significant_sdc,182,25,37,145,0.7967032967032968,1.3990890675698044,1.266530109911549,0.5001616839748214,1.151092706894388,1.4723683425358363,1.2484224854958483,1.6052015741471988,underpowered
llava15_vqav2,LLaVA-1.5-7B,VQAv2,l2_distance,24,25,non_sdc,7304,133,7304,0,0.0,1.1219576843349524,1.092769831418991,0.29355966829010793,0.8980072885751724,1.3058391511440277,1.0944947253879365,1.1488659847443554,adequate
llava15_vqav2,LLaVA-1.5-7B,VQAv2,l2_distance,24,25,non_significant_sdc,14,6,14,0,0.0,1.152011258687292,1.1068611443042755,0.18156596092574243,1.106724739074707,1.2489098533988,1.025276399575747,1.3459410973957606,underpowered
llava15_vqav2,LLaVA-1.5-7B,VQAv2,l2_distance,24,25,significant_sdc,182,25,37,145,0.7967032967032968,1.7508731346150241,1.9558788294694862,0.49123700333828757,1.3000072638193767,2.1204050414416256,1.5706673000079372,1.9664235797085057,underpowered
llava15_vqav2,LLaVA-1.5-7B,VQAv2,l2_distance,25,26,non_sdc,7304,133,7304,0,0.0,1.2205496758110004,1.1835124790668488,0.33536401962935164,0.9539754390716553,1.4390326738357544,1.187917524537861,1.2582377080701226,adequate
llava15_vqav2,LLaVA-1.5-7B,VQAv2,l2_distance,25,26,non_significant_sdc,14,6,14,0,0.0,0.953988078946159,0.8239121437072754,0.22164273954547528,0.8237154558300972,1.1402452379465102,0.8411997318267822,1.2421173334121705,underpowered
llava15_vqav2,LLaVA-1.5-7B,VQAv2,l2_distance,25,26,significant_sdc,182,24,35,147,0.8076923076923077,1.5649283759641075,1.5780560775678985,0.4740580979361664,1.0617319643497467,1.8438803760372862,1.368665802142096,1.798384007025654,underpowered
llava15_vqav2,LLaVA-1.5-7B,VQAv2,l2_distance,26,27,non_sdc,7304,133,7304,0,0.0,1.264973762145383,1.243590235710144,0.36325343820409306,0.9751822054386139,1.4978434592485428,1.235969232297508,1.2949716436849457,adequate
llava15_vqav2,LLaVA-1.5-7B,VQAv2,l2_distance,26,27,non_significant_sdc,14,6,14,0,0.0,1.1142496514888036,0.9685281962156296,0.36437389169359324,0.9683315083384514,0.9688026383519173,0.9138930256550128,1.5688957223185787,underpowered
llava15_vqav2,LLaVA-1.5-7B,VQAv2,l2_distance,26,27,significant_sdc,182,23,32,150,0.8241758241758241,1.8083750676224324,1.7560251817411308,0.8558875592224072,1.0522263099749882,2.1069984764468916,1.4916410731074459,2.257907837018505,underpowered
llava15_vqav2,LLaVA-1.5-7B,VQAv2,l2_distance,27,28,non_sdc,7304,133,7304,0,0.0,1.307560950366761,1.2432740926742554,0.3667000985083275,1.023587353527546,1.5411387383937836,1.2790080450005512,1.3384653599606084,adequate
llava15_vqav2,LLaVA-1.5-7B,VQAv2,l2_distance,27,28,non_significant_sdc,14,6,14,0,0.0,1.320207577092307,1.255334123969078,0.22132302838092274,1.254856400191784,1.476809699088335,1.1779267539580662,1.5555121019482612,underpowered
llava15_vqav2,LLaVA-1.5-7B,VQAv2,l2_distance,27,28,significant_sdc,182,21,30,152,0.8351648351648352,2.0035459237168975,2.0569869717773126,0.8235299113414329,1.3854905267556508,2.500395022484721,1.6839897833397117,2.4413972109169584,underpowered
llava15_vqav2,LLaVA-1.5-7B,VQAv2,l2_distance,28,29,non_sdc,7304,133,7304,0,0.0,1.4044105929610997,1.3448119759559631,0.3567124285553293,1.1489503905177116,1.5834473629792531,1.3725703362463193,1.4376087910361883,adequate
llava15_vqav2,LLaVA-1.5-7B,VQAv2,l2_distance,28,29,non_significant_sdc,14,6,14,0,0.0,1.1422234914132527,1.0437934696674347,0.26703147608367844,1.0435453727841377,1.3460600450634956,0.9923469552823475,1.4396716587245466,underpowered
llava15_vqav2,LLaVA-1.5-7B,VQAv2,l2_distance,28,29,significant_sdc,182,16,25,157,0.8626373626373627,2.0444694741377756,1.7268707752227783,0.9671337912666133,1.3592191338539124,2.5013208218983243,1.658288148290377,2.647115557974729,underpowered
llava15_vqav2,LLaVA-1.5-7B,VQAv2,l2_distance,29,30,non_sdc,7304,133,7304,0,0.0,1.303972100064974,1.2277352809906006,0.3736518478902285,1.0240822955965996,1.5473861396312714,1.2701734066916608,1.3404642096268298,adequate
llava15_vqav2,LLaVA-1.5-7B,VQAv2,l2_distance,29,30,non_significant_sdc,14,6,14,0,0.0,1.2953442882923853,1.2508525550365448,0.32582529396670906,1.2503393739461899,1.32123763859272,1.0186471343040466,1.5966624076167744,underpowered
llava15_vqav2,LLaVA-1.5-7B,VQAv2,l2_distance,29,30,significant_sdc,182,15,24,158,0.8681318681318682,2.3018683174671497,1.7104089247937104,1.5146337804748276,1.3247717916965485,2.810455846543215,1.7246830556187986,3.245645679328718,underpowered
llava15_vqav2,LLaVA-1.5-7B,VQAv2,l2_distance,30,31,non_sdc,7304,133,7304,0,0.0,1.2846735627256645,1.181779831647873,0.4385172940655455,0.9313825219869614,1.6283119916915894,1.2492145758010103,1.324888685727042,adequate
llava15_vqav2,LLaVA-1.5-7B,VQAv2,l2_distance,30,31,non_significant_sdc,14,6,14,0,0.0,1.1925554465679897,1.1401762068271637,0.2558420395221824,1.1395736932754517,1.1714552342891693,0.9956758856773377,1.4582777614394824,underpowered
llava15_vqav2,LLaVA-1.5-7B,VQAv2,l2_distance,30,31,significant_sdc,182,11,18,164,0.9010989010989011,1.794514920240567,1.368293046951294,0.8947917477983169,1.230356127023697,2.1110380440950394,1.4274766677534985,2.458845687660103,underpowered
