job,model,dataset,metric,src_layer,tgt_layer,sdc_group,rows,semantic_groups,finite_rows,non_finite_rows,non_finite_rate,mean_value,median_value,std_value,q25_value,q75_value,mean_ci95_low,mean_ci95_high,evidence
qwen25_vl_lingoqa,Qwen2.5-VL-7B,LingoQA,cos_sim,0,1,non_sdc,5906,75,5906,0,0.0,0.801100978314858,0.7987159490585327,0.05001913305477622,0.7727109829584757,0.8352055366222675,0.7912603948381157,0.8110673318997583,adequate
qwen25_vl_lingoqa,Qwen2.5-VL-7B,LingoQA,cos_sim,0,1,non_significant_sdc,1327,73,1327,0,0.0,0.792326154177614,0.7929926199071547,0.044251906611642924,0.7660352802938886,0.8221754237772927,0.7819365092768605,0.8028553224473123,adequate
qwen25_vl_lingoqa,Qwen2.5-VL-7B,LingoQA,cos_sim,0,1,significant_sdc,264,67,216,48,0.18181818181818177,0.3870808811425167,0.23250260249692567,0.24937365202001271,0.21768263347294867,0.712636003891627,0.29241698679493827,0.461473758261048,adequate
qwen25_vl_lingoqa,Qwen2.5-VL-7B,LingoQA,cos_sim,1,2,non_sdc,5906,75,5906,0,0.0,0.77634948282799,0.7786993563368723,0.05659653752658541,0.741156317293644,0.8198250817755858,0.7643855342938083,0.7877161859848975,adequate
qwen25_vl_lingoqa,Qwen2.5-VL-7B,LingoQA,cos_sim,1,2,non_significant_sdc,1327,73,1327,0,0.0,0.7658037563911675,0.7702824017580818,0.05191263959590185,0.7366574650959057,0.7959754700388979,0.7543756366409489,0.7769570393179648,adequate
qwen25_vl_lingoqa,Qwen2.5-VL-7B,LingoQA,cos_sim,1,2,significant_sdc,264,66,214,50,0.18939393939393945,0.21637842151112915,0.014286515055870523,0.32739646879927625,-0.0027212250635636095,0.675434177617232,0.0948472058007071,0.3161891929366334,adequate
qwen25_vl_lingoqa,Qwen2.5-VL-7B,LingoQA,cos_sim,2,3,non_sdc,5906,75,5906,0,0.0,0.7066010981272322,0.7097654975950718,0.08033208692670438,0.6564435541045432,0.7581965501109759,0.6903972670541526,0.7225515184941917,adequate
qwen25_vl_lingoqa,Qwen2.5-VL-7B,LingoQA,cos_sim,2,3,non_significant_sdc,1327,73,1327,0,0.0,0.690077575786068,0.7080825989445051,0.06933897319889595,0.6484528883643772,0.7343006352583568,0.6728164338130033,0.7058608454817905,adequate
qwen25_vl_lingoqa,Qwen2.5-VL-7B,LingoQA,cos_sim,2,3,significant_sdc,264,67,212,52,0.19696969696969702,0.3785678994416327,0.2855018068637167,0.19847071722714127,0.27156364613649797,0.5647263730565707,0.3003738615239223,0.4414787626163505,adequate
qwen25_vl_lingoqa,Qwen2.5-VL-7B,LingoQA,cos_sim,3,4,non_sdc,5906,75,5906,0,0.0,0.7825500711343083,0.7881577253341675,0.05119917786509527,0.7453758948379092,0.8176141427829862,0.7721602343156683,0.7927250277482079,adequate
qwen25_vl_lingoqa,Qwen2.5-VL-7B,LingoQA,cos_sim,3,4,non_significant_sdc,1327,73,1327,0,0.0,0.7700801063832976,0.7723567022217644,0.04868452853212302,0.7356027135482202,0.8047277977069218,0.7587488240651529,0.7818245923575518,adequate
qwen25_vl_lingoqa,Qwen2.5-VL-7B,LingoQA,cos_sim,3,4,significant_sdc,264,67,209,55,0.20833333333333337,0.47066002235355525,0.3872377367652192,0.17708842364573554,0.3702860699624431,0.6519675413767497,0.4053473667290005,0.5239092562644951,adequate
qwen25_vl_lingoqa,Qwen2.5-VL-7B,LingoQA,cos_sim,4,5,non_sdc,5906,75,5906,0,0.0,0.7520951676713725,0.750937493223893,0.06682495048528413,0.7058729223229668,0.7996751643144168,0.7379093640735508,0.7659478553807165,adequate
qwen25_vl_lingoqa,Qwen2.5-VL-7B,LingoQA,cos_sim,4,5,non_significant_sdc,1327,73,1327,0,0.0,0.7306017806850065,0.7283549457788467,0.06840554360348657,0.6877992541875158,0.7780601690626807,0.7143144208047579,0.7476317888048107,adequate
qwen25_vl_lingoqa,Qwen2.5-VL-7B,LingoQA,cos_sim,4,5,significant_sdc,264,67,205,59,0.2234848484848485,0.3609710051726971,0.2325070865300237,0.231480014422963,0.1989461156178494,0.611106541894731,0.27732671016005916,0.4278505496103942,adequate
qwen25_vl_lingoqa,Qwen2.5-VL-7B,LingoQA,cos_sim,5,6,non_sdc,5906,75,5906,0,0.0,0.7998584674603622,0.8056248360209994,0.04098510481554533,0.7781300562269547,0.8243131408324609,0.7920439981646485,0.8075484630004186,adequate
qwen25_vl_lingoqa,Qwen2.5-VL-7B,LingoQA,cos_sim,5,6,non_significant_sdc,1327,73,1327,0,0.0,0.7931332540365417,0.8006333573298021,0.043587139129737724,0.7680399839083354,0.8210542684903852,0.7854260529166254,0.8007009076729508,adequate
qwen25_vl_lingoqa,Qwen2.5-VL-7B,LingoQA,cos_sim,5,6,significant_sdc,264,67,202,62,0.23484848484848486,0.32644266686996576,0.21017235137370166,0.3250364801042958,0.18258661256000705,0.7334852447876563,0.2084280069125416,0.41816747651935626,adequate
qwen25_vl_lingoqa,Qwen2.5-VL-7B,LingoQA,cos_sim,6,7,non_sdc,5906,75,5906,0,0.0,0.6627343541751746,0.6623216867446899,0.09271935568394891,0.6044164695418798,0.7107865564963397,0.6437316097263175,0.6815565841386652,adequate
qwen25_vl_lingoqa,Qwen2.5-VL-7B,LingoQA,cos_sim,6,7,non_significant_sdc,1327,73,1327,0,0.0,0.64218632253704,0.6428967818617821,0.07384407035373304,0.5978554176787536,0.6842047153484254,0.6266738352224259,0.6583602712357618,adequate
qwen25_vl_lingoqa,Qwen2.5-VL-7B,LingoQA,cos_sim,6,7,significant_sdc,264,66,204,60,0.2272727272727273,0.37181542244447796,0.34415296503171633,0.19507585095375796,0.31291341929867555,0.5458048640821989,0.30272848511974576,0.4289317603581806,adequate
qwen25_vl_lingoqa,Qwen2.5-VL-7B,LingoQA,cos_sim,7,8,non_sdc,5906,75,5906,0,0.0,0.6630959839532871,0.6570279975732167,0.09606277798735247,0.5947130673948456,0.7284426938455839,0.6425890307395581,0.6837865887424232,adequate
qwen25_vl_lingoqa,Qwen2.5-VL-7B,LingoQA,cos_sim,7,8,non_significant_sdc,1327,73,1327,0,0.0,0.6416581781678623,0.6314292470614116,0.08676186207017501,0.5899975316392051,0.7040855785210927,0.6204394995632421,0.6630750950621076,adequate
qwen25_vl_lingoqa,Qwen2.5-VL-7B,LingoQA,cos_sim,7,8,significant_sdc,264,63,197,67,0.2537878787878788,0.25751468850831927,0.1520577893421358,0.2282305051867324,0.12662014935393723,0.4838231149173918,0.1725757326665587,0.3257785201283934,adequate
qwen25_vl_lingoqa,Qwen2.5-VL-7B,LingoQA,cos_sim,8,9,non_sdc,5906,75,5906,0,0.0,0.7936568183190574,0.7975542147954305,0.050857051808727856,0.763561895205861,0.832069571201618,0.7833879907960224,0.8037859295945795,adequate
qwen25_vl_lingoqa,Qwen2.5-VL-7B,LingoQA,cos_sim,8,9,non_significant_sdc,1327,73,1327,0,0.0,0.7840466699864853,0.7823061347007751,0.049722008235857124,0.7608029217079835,0.8170506728357738,0.7735952731559753,0.7949251930090702,adequate
qwen25_vl_lingoqa,Qwen2.5-VL-7B,LingoQA,cos_sim,8,9,significant_sdc,264,61,190,74,0.2803030303030303,0.3679063352278843,0.2106196092066298,0.300177348337428,0.11464030359282482,0.7672625375645501,0.2560474945083206,0.4602348565971913,adequate
qwen25_vl_lingoqa,Qwen2.5-VL-7B,LingoQA,cos_sim,9,10,non_sdc,5906,75,5906,0,0.0,0.7638345933009993,0.7710208720282504,0.05904343382506429,0.7315172891996123,0.8009898136643803,0.7509868555932459,0.7757534118517209,adequate
qwen25_vl_lingoqa,Qwen2.5-VL-7B,LingoQA,cos_sim,9,10,non_significant_sdc,1327,73,1327,0,0.0,0.7511802784340382,0.7603073091734023,0.0536306955307524,0.7233986620392118,0.781322674618827,0.7394954114697508,0.7628430638302048,adequate
qwen25_vl_lingoqa,Qwen2.5-VL-7B,LingoQA,cos_sim,9,10,significant_sdc,264,60,186,78,0.2954545454545454,0.3455717397052279,0.22793891729444873,0.25174910893898256,0.18775870899992936,0.6339049703545041,0.24312196265099417,0.42338781441516476,adequate
qwen25_vl_lingoqa,Qwen2.5-VL-7B,LingoQA,cos_sim,10,11,non_sdc,5906,75,5906,0,0.0,0.7327965668095485,0.7381057590246201,0.07476602974713259,0.6809161911408107,0.7867738322207802,0.7170273899656769,0.7483915276974992,adequate
qwen25_vl_lingoqa,Qwen2.5-VL-7B,LingoQA,cos_sim,10,11,non_significant_sdc,1327,73,1327,0,0.0,0.719704140850897,0.7142051855723063,0.07315157061485773,0.6701399702578783,0.773211020231247,0.7018388097064194,0.7376998124847797,adequate
qwen25_vl_lingoqa,Qwen2.5-VL-7B,LingoQA,cos_sim,10,11,significant_sdc,264,59,184,80,0.303030303030303,0.2466781556888277,0.10007302395581287,0.32985013531795077,0.07161765849711943,0.6575195101045427,0.112175409205551,0.3546436758468448,adequate
qwen25_vl_lingoqa,Qwen2.5-VL-7B,LingoQA,cos_sim,11,12,non_sdc,5906,75,5906,0,0.0,0.7852450769646694,0.7912175783089228,0.05667713203922252,0.747167706489563,0.8291513413190842,0.7728967702144568,0.7970104605260111,adequate
qwen25_vl_lingoqa,Qwen2.5-VL-7B,LingoQA,cos_sim,11,12,non_significant_sdc,1327,73,1327,0,0.0,0.7727186938765581,0.7772421658039093,0.056429357202299774,0.7385373872518539,0.8151057594352298,0.7583512424475221,0.7866882234895052,adequate
qwen25_vl_lingoqa,Qwen2.5-VL-7B,LingoQA,cos_sim,11,12,significant_sdc,264,60,180,84,0.31818181818181823,0.3312545358742837,0.19331989954320752,0.3213812659803984,0.14982124678410436,0.7173886828952365,0.198266396048541,0.43295328189324883,adequate
qwen25_vl_lingoqa,Qwen2.5-VL-7B,LingoQA,cos_sim,12,13,non_sdc,5906,75,5906,0,0.0,0.8100552344252826,0.8167578535420554,0.054497259252637396,0.7799049574595232,0.8503189669414,0.7987165193270045,0.8206934713670487,adequate
qwen25_vl_lingoqa,Qwen2.5-VL-7B,LingoQA,cos_sim,12,13,non_significant_sdc,1327,73,1327,0,0.0,0.797207701939995,0.8066485737051282,0.05725066363991414,0.7575562030076981,0.8375055805708354,0.7826006365852448,0.8113792227123119,adequate
qwen25_vl_lingoqa,Qwen2.5-VL-7B,LingoQA,cos_sim,12,13,significant_sdc,264,59,173,91,0.3446969696969697,0.4304926575825065,0.3323727371741314,0.26553318370020496,0.19978346348721154,0.737089869521913,0.3196621509999272,0.5134756240957392,adequate
qwen25_vl_lingoqa,Qwen2.5-VL-7B,LingoQA,cos_sim,13,14,non_sdc,5906,75,5906,0,0.0,0.7930564302408989,0.802703645080328,0.0638397650667399,0.7596110573836735,0.8429386869072915,0.7790586856815052,0.8064049551103435,adequate
qwen25_vl_lingoqa,Qwen2.5-VL-7B,LingoQA,cos_sim,13,14,non_significant_sdc,1327,73,1327,0,0.0,0.7813655817237269,0.7875354707241058,0.05963580667893345,0.7466655444531214,0.8284715125763338,0.7677478897684438,0.7950021581611879,adequate
qwen25_vl_lingoqa,Qwen2.5-VL-7B,LingoQA,cos_sim,13,14,significant_sdc,264,58,168,96,0.36363636363636365,0.34675938001292556,0.33287138535584115,0.38349111767930705,0.2946091577866856,0.7060292832967308,0.200770278858019,0.45461022191114364,adequate
qwen25_vl_lingoqa,Qwen2.5-VL-7B,LingoQA,cos_sim,14,15,non_sdc,5906,75,5906,0,0.0,0.8050326570021796,0.8110744178295135,0.04721086346705954,0.7824762887543156,0.8380883232905314,0.7951821575346086,0.8140891536320688,adequate
qwen25_vl_lingoqa,Qwen2.5-VL-7B,LingoQA,cos_sim,14,15,non_significant_sdc,1327,73,1327,0,0.0,0.7983459213403423,0.8034698208173116,0.048238230843682006,0.7803261606395244,0.8285885017517715,0.7880163320519141,0.8077486554500065,adequate
qwen25_vl_lingoqa,Qwen2.5-VL-7B,LingoQA,cos_sim,14,15,significant_sdc,264,58,172,92,0.3484848484848485,0.42701177368259247,0.3901709670923194,0.2744977740527721,0.2455972026016715,0.746476971440845,0.3127099670395416,0.5163672115347034,adequate
qwen25_vl_lingoqa,Qwen2.5-VL-7B,LingoQA,cos_sim,15,16,non_sdc,5906,75,5906,0,0.0,0.7833319241280937,0.785273718206506,0.05481699411429128,0.7479998421143084,0.8256119675558022,0.7717320598404096,0.7944480626771717,adequate
qwen25_vl_lingoqa,Qwen2.5-VL-7B,LingoQA,cos_sim,15,16,non_significant_sdc,1327,73,1327,0,0.0,0.7765607130077414,0.782037405591262,0.05785498458945011,0.7473928942566825,0.8143238572106846,0.764461912009838,0.7884838318203127,adequate
qwen25_vl_lingoqa,Qwen2.5-VL-7B,LingoQA,cos_sim,15,16,significant_sdc,264,57,169,95,0.35984848484848486,0.39636873348699614,0.4366363597159483,0.36390177474381513,0.33704767915971423,0.7333235400063651,0.2530548888291394,0.5041936023277009,adequate
qwen25_vl_lingoqa,Qwen2.5-VL-7B,LingoQA,cos_sim,16,17,non_sdc,5906,75,5906,0,0.0,0.7581284488555539,0.7595594381292661,0.06339497828971938,0.7234286358579993,0.8081088165442148,0.7448207052127697,0.7710372835074975,adequate
qwen25_vl_lingoqa,Qwen2.5-VL-7B,LingoQA,cos_sim,16,17,non_significant_sdc,1327,73,1327,0,0.0,0.7527363603605899,0.7607753802748287,0.05834819732340076,0.7189933284757217,0.7949816573258729,0.7395395503859024,0.7656991443511029,adequate
qwen25_vl_lingoqa,Qwen2.5-VL-7B,LingoQA,cos_sim,16,17,significant_sdc,264,57,169,95,0.35984848484848486,0.27478806484258156,0.19706146061724547,0.38437890586717127,0.04516919206219668,0.6924672524134318,0.11417803076947655,0.3964707562352553,adequate
qwen25_vl_lingoqa,Qwen2.5-VL-7B,LingoQA,cos_sim,17,18,non_sdc,5906,75,5906,0,0.0,0.7485345076941741,0.7527607040745872,0.061758437957659125,0.7118702161312103,0.7914808708078721,0.7356751324459707,0.7607177567167527,adequate
qwen25_vl_lingoqa,Qwen2.5-VL-7B,LingoQA,cos_sim,17,18,non_significant_sdc,1327,73,1327,0,0.0,0.7321477564017153,0.7353156856868578,0.057121309415769934,0.6989914327859879,0.7655313685536385,0.7200100654525973,0.744818318838861,adequate
qwen25_vl_lingoqa,Qwen2.5-VL-7B,LingoQA,cos_sim,17,18,significant_sdc,264,57,166,98,0.3712121212121212,0.5494405660065858,0.5315813714144182,0.16517263119906436,0.47967200669250926,0.711664681278524,0.4898217778085772,0.5968156056322356,adequate
qwen25_vl_lingoqa,Qwen2.5-VL-7B,LingoQA,cos_sim,18,19,non_sdc,5906,75,5906,0,0.0,0.8308364517771147,0.8312385989272076,0.03523236980895135,0.8089197027055841,0.8580702009953951,0.8232672347133825,0.8381450070317719,adequate
qwen25_vl_lingoqa,Qwen2.5-VL-7B,LingoQA,cos_sim,18,19,non_significant_sdc,1327,73,1327,0,0.0,0.8224316314335772,0.8229360491037369,0.03349745114009733,0.8052616024017334,0.8439753241837025,0.8153258740604222,0.8297366327927175,adequate
qwen25_vl_lingoqa,Qwen2.5-VL-7B,LingoQA,cos_sim,18,19,significant_sdc,264,57,161,103,0.39015151515151514,0.6138171687704931,0.6614330532599468,0.19555885780469948,0.4522051683494023,0.76841578575281,0.5492505490313424,0.661427700300869,adequate
qwen25_vl_lingoqa,Qwen2.5-VL-7B,LingoQA,cos_sim,19,20,non_sdc,5906,75,5906,0,0.0,0.7594894779508694,0.7621322040898459,0.05505444629394587,0.7274186956882477,0.796697747233239,0.7474594305189983,0.770983619965821,adequate
qwen25_vl_lingoqa,Qwen2.5-VL-7B,LingoQA,cos_sim,19,20,non_significant_sdc,1327,73,1327,0,0.0,0.7527949029486233,0.7561910643297083,0.04683669534593271,0.7290284104290463,0.779187334492093,0.7429482864491294,0.7626484411670637,adequate
qwen25_vl_lingoqa,Qwen2.5-VL-7B,LingoQA,cos_sim,19,20,significant_sdc,264,56,157,107,0.4053030303030303,0.4669087181043599,0.6687591489480467,0.3595422929034983,0.0,0.7278367804021252,0.3564968101613861,0.5447975792395535,adequate
qwen25_vl_lingoqa,Qwen2.5-VL-7B,LingoQA,cos_sim,20,21,non_sdc,5906,75,5906,0,0.0,0.7915104494534908,0.791106281372217,0.05318056074311076,0.7656548793117206,0.827399636737325,0.7804159998632915,0.8018414747272647,adequate
qwen25_vl_lingoqa,Qwen2.5-VL-7B,LingoQA,cos_sim,20,21,non_significant_sdc,1327,73,1327,0,0.0,0.7824655743280351,0.7845202452606626,0.050208880266092985,0.7607227514187496,0.8131102005108481,0.7713782322160212,0.7934602559412145,adequate
qwen25_vl_lingoqa,Qwen2.5-VL-7B,LingoQA,cos_sim,20,21,significant_sdc,264,54,154,110,0.41666666666666663,0.5004014026941567,0.5669984689050791,0.2615728117133912,0.16606653048371783,0.720493308490231,0.39731041059059413,0.5761157779885908,adequate
qwen25_vl_lingoqa,Qwen2.5-VL-7B,LingoQA,cos_sim,21,22,non_sdc,5906,75,5906,0,0.0,0.7596337547118629,0.7572426497936249,0.06578640357650618,0.7204856180718967,0.8004839472910937,0.7455197306371012,0.7734322002224899,adequate
qwen25_vl_lingoqa,Qwen2.5-VL-7B,LingoQA,cos_sim,21,22,non_significant_sdc,1327,73,1327,0,0.0,0.7480150423445303,0.7465498256683349,0.057762105722877904,0.7195248618721961,0.7785218973954519,0.7341483208538366,0.7617963795187213,adequate
qwen25_vl_lingoqa,Qwen2.5-VL-7B,LingoQA,cos_sim,21,22,significant_sdc,264,53,152,112,0.4242424242424242,0.327791000535381,0.19368135100420641,0.317244843360416,0.025532033218412985,0.5960739575326444,0.1847675007722841,0.43187187486671275,adequate
qwen25_vl_lingoqa,Qwen2.5-VL-7B,LingoQA,cos_sim,22,23,non_sdc,5906,75,5906,0,0.0,0.8339247335495944,0.8359020090612925,0.04573665145604787,0.8040406595874618,0.861365710526428,0.8243687971800009,0.8433019285113603,adequate
qwen25_vl_lingoqa,Qwen2.5-VL-7B,LingoQA,cos_sim,22,23,non_significant_sdc,1327,73,1327,0,0.0,0.8268975832839669,0.8284291570836847,0.041410775778433155,0.8003115070717676,0.8560220540472956,0.8158950898664192,0.8374330797263395,adequate
qwen25_vl_lingoqa,Qwen2.5-VL-7B,LingoQA,cos_sim,22,23,significant_sdc,264,52,147,117,0.44318181818181823,0.6245091444854837,0.5777466637747628,0.17506557550905677,0.5152032144215642,0.7870905089836855,0.5539562272939819,0.6754157909021191,adequate
qwen25_vl_lingoqa,Qwen2.5-VL-7B,LingoQA,cos_sim,23,24,non_sdc,5906,75,5906,0,0.0,0.798682697587529,0.7936782594112789,0.05158349176774252,0.7587039315008692,0.8365699363012726,0.788187807211941,0.809765035610999,adequate
qwen25_vl_lingoqa,Qwen2.5-VL-7B,LingoQA,cos_sim,23,24,non_significant_sdc,1327,73,1327,0,0.0,0.7871901014102982,0.7847652756250821,0.047394466339030564,0.7579314956352824,0.8150298181507323,0.7762210160155308,0.7987506528529676,adequate
qwen25_vl_lingoqa,Qwen2.5-VL-7B,LingoQA,cos_sim,23,24,significant_sdc,264,52,144,120,0.4545454545454546,0.6209826278125377,0.6167734572473837,0.17222407228174103,0.5609483749282604,0.7301965890561833,0.5636855516840092,0.6638080120041292,adequate
qwen25_vl_lingoqa,Qwen2.5-VL-7B,LingoQA,cos_sim,24,25,non_sdc,5906,75,5906,0,0.0,0.8157804190154259,0.8138104031483332,0.05165620791952076,0.7801672940452894,0.8477979302406311,0.804821195871652,0.8263617321880544,adequate
qwen25_vl_lingoqa,Qwen2.5-VL-7B,LingoQA,cos_sim,24,25,non_significant_sdc,1327,73,1327,0,0.0,0.8036797620158778,0.809014835357666,0.045062678460644295,0.7751770054592806,0.8286793729976604,0.7931155358150723,0.8144750174631042,adequate
qwen25_vl_lingoqa,Qwen2.5-VL-7B,LingoQA,cos_sim,24,25,significant_sdc,264,50,139,125,0.4734848484848485,0.6816165524128114,0.7135891366978081,0.18729425565741434,0.7022443547540781,0.7588703105847041,0.6242839735412685,0.725571764763145,adequate
qwen25_vl_lingoqa,Qwen2.5-VL-7B,LingoQA,cos_sim,25,26,non_sdc,5906,75,5906,0,0.0,0.9062101423572815,0.9115223627998715,0.035346373753885864,0.8892317990816775,0.9303242416573752,0.8990307172543043,0.9131746863587521,adequate
qwen25_vl_lingoqa,Qwen2.5-VL-7B,LingoQA,cos_sim,25,26,non_significant_sdc,1327,73,1327,0,0.0,0.9031072010032817,0.909190890689691,0.03455452268799518,0.8901667899482852,0.9238117501687844,0.8957674406706065,0.909586996121241,adequate
qwen25_vl_lingoqa,Qwen2.5-VL-7B,LingoQA,cos_sim,25,26,significant_sdc,264,50,134,130,0.49242424242424243,0.6581049898043808,0.6511642245613799,0.2731961457686052,0.5344433957824901,0.8943016288372186,0.542474043911238,0.7335720563629015,adequate
qwen25_vl_lingoqa,Qwen2.5-VL-7B,LingoQA,cos_sim,26,27,non_sdc,5906,75,5906,0,0.0,0.9809698130979853,0.9828372311807866,0.010734849258656127,0.9779303556138819,0.9873119993342293,0.978951677552998,0.9828321546933078,adequate
qwen25_vl_lingoqa,Qwen2.5-VL-7B,LingoQA,cos_sim,26,27,non_significant_sdc,1327,73,1327,0,0.0,0.9791170431659596,0.9811116357644399,0.019841628408281364,0.9772833473041278,0.9845729753375053,0.977051023059462,0.9809146768184814,adequate
qwen25_vl_lingoqa,Qwen2.5-VL-7B,LingoQA,cos_sim,26,27,significant_sdc,264,49,126,138,0.5227272727272727,0.7796250663135234,0.6990995334119212,0.21923662444382205,0.6701894758307204,0.9796074138811002,0.6892778409883981,0.8367855806922933,adequate
qwen25_vl_lingoqa,Qwen2.5-VL-7B,LingoQA,abs_mean_diff,0,1,non_sdc,5906,75,5906,0,0.0,0.013854666143282865,0.013615331812096494,0.002986330564591273,0.011837946116238049,0.015788047249026764,0.013314275104013527,0.01440879287520891,adequate
qwen25_vl_lingoqa,Qwen2.5-VL-7B,LingoQA,abs_mean_diff,0,1,non_significant_sdc,1327,73,1327,0,0.0,0.013802427482036592,0.013783949605353615,0.002971601239296757,0.011587921622170445,0.015801787259988487,0.013231327524586764,0.014408916322764146,adequate
qwen25_vl_lingoqa,Qwen2.5-VL-7B,LingoQA,abs_mean_diff,0,1,significant_sdc,264,67,216,48,0.18181818181818177,3.211797137995541e+30,0.004386312447070164,4.592015731635502e+31,0.003693498666303194,0.015176458761007303,4.7797947294474844e+27,1.1128248409730382e+31,adequate
qwen25_vl_lingoqa,Qwen2.5-VL-7B,LingoQA,abs_mean_diff,1,2,non_sdc,5906,75,5906,0,0.0,0.010428897446974379,0.010069905599165294,0.0031497586145838893,0.007986939144872227,0.012403838694668733,0.009862541222477615,0.01101371221894714,adequate
qwen25_vl_lingoqa,Qwen2.5-VL-7B,LingoQA,abs_mean_diff,1,2,non_significant_sdc,1327,73,1327,0,0.0,0.010387611040311828,0.010031301370223187,0.0027289259863507386,0.008391565981083642,0.012103402214124799,0.00982353219287504,0.010935173151612384,adequate
qwen25_vl_lingoqa,Qwen2.5-VL-7B,LingoQA,abs_mean_diff,1,2,significant_sdc,264,66,214,50,0.18939393939393945,2.6055791536434672e+28,0.010641151177142524,3.811633696124148e+29,0.006738673325399964,0.014001118425488929,0.009542833048378241,9.345149813626289e+28,adequate
qwen25_vl_lingoqa,Qwen2.5-VL-7B,LingoQA,abs_mean_diff,2,3,non_sdc,5906,75,5906,0,0.0,0.011493730794082247,0.011122642637201353,0.0030058317248176122,0.009490100152941203,0.013234306871891022,0.01095677573252719,0.012036349004164953,adequate
qwen25_vl_lingoqa,Qwen2.5-VL-7B,LingoQA,abs_mean_diff,2,3,non_significant_sdc,1327,73,1327,0,0.0,0.011206057092101405,0.010725410018280587,0.0029473046948346546,0.009540137717263605,0.012371940393759696,0.010581686294325012,0.011909973939878997,adequate
qwen25_vl_lingoqa,Qwen2.5-VL-7B,LingoQA,abs_mean_diff,2,3,significant_sdc,264,67,212,52,0.19696969696969702,3.2048162030527076e+27,0.020423151628703486,4.319505196980873e+28,0.011692013419815338,0.023152998078386396,0.01870217347146972,1.0616040207471255e+28,adequate
qwen25_vl_lingoqa,Qwen2.5-VL-7B,LingoQA,abs_mean_diff,3,4,non_sdc,5906,75,5906,0,0.0,0.014114557250405913,0.013601187017879315,0.004589409027079901,0.010689817187085282,0.01703971535122643,0.013248707764155413,0.01499019064277109,adequate
qwen25_vl_lingoqa,Qwen2.5-VL-7B,LingoQA,abs_mean_diff,3,4,non_significant_sdc,1327,73,1327,0,0.0,0.014396935771667846,0.01337758246033142,0.0048216315654466034,0.011199105099881855,0.016830832149614307,0.013311689968197534,0.015577382666880059,adequate
qwen25_vl_lingoqa,Qwen2.5-VL-7B,LingoQA,abs_mean_diff,3,4,significant_sdc,264,67,209,55,0.20833333333333337,4.630275871898768e+28,0.048843149190806616,6.693337818166525e+29,0.017558760785808165,0.051170225198171576,0.03891879133401981,1.6591964924988628e+29,adequate
qwen25_vl_lingoqa,Qwen2.5-VL-7B,LingoQA,abs_mean_diff,4,5,non_sdc,5906,75,5906,0,0.0,0.013002684948034485,0.012441059379489161,0.0031994211491920754,0.010636260181975861,0.014709166597805008,0.012420257538658266,0.013602766890064918,adequate
qwen25_vl_lingoqa,Qwen2.5-VL-7B,LingoQA,abs_mean_diff,4,5,non_significant_sdc,1327,73,1327,0,0.0,0.01316851408954472,0.012581128906458617,0.004381074874231676,0.010921771547550129,0.015071190327351346,0.01244105938705931,0.013942707243823797,adequate
qwen25_vl_lingoqa,Qwen2.5-VL-7B,LingoQA,abs_mean_diff,4,5,significant_sdc,264,67,205,59,0.2234848484848485,3.69370102772594e+29,0.010272119360576783,3.7106728024761175e+30,0.007169529538307535,0.01350281418611606,3.1051226392638083e+28,1.0119357373121253e+30,adequate
qwen25_vl_lingoqa,Qwen2.5-VL-7B,LingoQA,abs_mean_diff,5,6,non_sdc,5906,75,5906,0,0.0,0.01550285005688302,0.015037333563668653,0.00405263427809952,0.012757359615837535,0.01788666240394204,0.014768722172324337,0.01627240186376313,adequate
qwen25_vl_lingoqa,Qwen2.5-VL-7B,LingoQA,abs_mean_diff,5,6,non_significant_sdc,1327,73,1327,0,0.0,0.016088761535205283,0.015511871470759312,0.0046057611360362976,0.012940535321831703,0.01863676759316341,0.015090288090694522,0.0170749447585523,adequate
qwen25_vl_lingoqa,Qwen2.5-VL-7B,LingoQA,abs_mean_diff,5,6,significant_sdc,264,67,202,62,0.23484848484848486,1.2598784325004717e+29,0.02811450770419395,1.790623690967281e+30,0.017982729120246534,0.03608925563988884,0.02778586971143247,4.3878524718119875e+29,adequate
qwen25_vl_lingoqa,Qwen2.5-VL-7B,LingoQA,abs_mean_diff,6,7,non_sdc,5906,75,5906,0,0.0,0.01827586591271735,0.01751236739705296,0.005339607365195123,0.014809102155542112,0.021884711381668847,0.017360011370687725,0.019247481319758765,adequate
qwen25_vl_lingoqa,Qwen2.5-VL-7B,LingoQA,abs_mean_diff,6,7,non_significant_sdc,1327,73,1327,0,0.0,0.017965946921886824,0.01735892189967939,0.005006871459105339,0.014655665038643698,0.020620828310615923,0.016953454669103658,0.01902747765938159,adequate
qwen25_vl_lingoqa,Qwen2.5-VL-7B,LingoQA,abs_mean_diff,6,7,significant_sdc,264,66,204,60,0.2272727272727273,1.4091573924495285e+29,0.02198421490754058,1.7064728913678686e+30,0.018224913904088594,0.025137757244864382,0.02133678163755156,4.4011640870639095e+29,adequate
qwen25_vl_lingoqa,Qwen2.5-VL-7B,LingoQA,abs_mean_diff,7,8,non_sdc,5906,75,5906,0,0.0,0.0179789973696762,0.01773761405742594,0.0051798587792861416,0.013805549372644985,0.021635913548304634,0.017034322439122618,0.018929655712491122,adequate
qwen25_vl_lingoqa,Qwen2.5-VL-7B,LingoQA,abs_mean_diff,7,8,non_significant_sdc,1327,73,1327,0,0.0,0.019166136653499744,0.018237923984997906,0.005607295644358242,0.015488252469194344,0.022234688002271984,0.018057956190945856,0.020409476386417654,adequate
qwen25_vl_lingoqa,Qwen2.5-VL-7B,LingoQA,abs_mean_diff,7,8,significant_sdc,264,63,197,67,0.2537878787878788,8.462245035933917e+28,0.021835871329087587,7.708051993265446e+29,0.015808107901592643,0.02788044596613594,1.355346473109668e+27,2.119730542992585e+29,adequate
qwen25_vl_lingoqa,Qwen2.5-VL-7B,LingoQA,abs_mean_diff,8,9,non_sdc,5906,75,5906,0,0.0,0.02362204934001593,0.023156064640109737,0.006024133242238436,0.01962977574860108,0.02696709653052191,0.022550043361265478,0.024710151032538354,adequate
qwen25_vl_lingoqa,Qwen2.5-VL-7B,LingoQA,abs_mean_diff,8,9,non_significant_sdc,1327,73,1327,0,0.0,0.024838210560068245,0.023699635801755863,0.00615094876126936,0.02008115825847837,0.0285247424443098,0.02346212616364149,0.026222370299561443,adequate
qwen25_vl_lingoqa,Qwen2.5-VL-7B,LingoQA,abs_mean_diff,8,9,significant_sdc,264,61,190,74,0.2803030303030303,1.9667555047980127e+30,0.03258736617863178,2.2994995597968623e+31,0.02388845333872287,0.03690344369162482,0.030911551557817267,6.337795283772471e+30,adequate
qwen25_vl_lingoqa,Qwen2.5-VL-7B,LingoQA,abs_mean_diff,9,10,non_sdc,5906,75,5906,0,0.0,0.02336164061046021,0.022839056933298706,0.006292563939287313,0.018897703141332246,0.02802878396366449,0.022168348336353838,0.024619754874436826,adequate
qwen25_vl_lingoqa,Qwen2.5-VL-7B,LingoQA,abs_mean_diff,9,10,non_significant_sdc,1327,73,1327,0,0.0,0.023713081049985697,0.023587809276900122,0.006199580824460156,0.01917990853285624,0.02740080567405504,0.0224393475380063,0.02498921953704862,adequate
qwen25_vl_lingoqa,Qwen2.5-VL-7B,LingoQA,abs_mean_diff,9,10,significant_sdc,264,60,186,78,0.2954545454545454,1.473646740643245e+29,0.020056917721747745,2.00973351896376e+30,0.01708272128438047,0.02323651630553956,0.019484450952588477,5.0446661884260604e+29,adequate
qwen25_vl_lingoqa,Qwen2.5-VL-7B,LingoQA,abs_mean_diff,10,11,non_sdc,5906,75,5906,0,0.0,0.021041199212083916,0.020455934770474492,0.005944681276558162,0.016756676975637673,0.024730504658655263,0.02000272684634855,0.02208426313549506,adequate
qwen25_vl_lingoqa,Qwen2.5-VL-7B,LingoQA,abs_mean_diff,10,11,non_significant_sdc,1327,73,1327,0,0.0,0.02128373212697449,0.020843776501715185,0.005641768248522532,0.0174371382353593,0.024997265136335045,0.02006127996114229,0.02250123798473517,adequate
qwen25_vl_lingoqa,Qwen2.5-VL-7B,LingoQA,abs_mean_diff,10,11,significant_sdc,264,59,184,80,0.303030303030303,1.789500973198505e+29,0.027777042924324154,2.4273972210712139e+30,0.017438200820351437,0.053115297554355415,0.03166332239944595,6.1834399825075104e+29,adequate
qwen25_vl_lingoqa,Qwen2.5-VL-7B,LingoQA,abs_mean_diff,11,12,non_sdc,5906,75,5906,0,0.0,0.022899613907521325,0.02211515309237358,0.007071088097587692,0.01787618598609697,0.026876778362355636,0.021689910992219518,0.0242370095485043,adequate
qwen25_vl_lingoqa,Qwen2.5-VL-7B,LingoQA,abs_mean_diff,11,12,non_significant_sdc,1327,73,1327,0,0.0,0.02317241850867814,0.02204315531018533,0.007231445362497926,0.018000385258346796,0.026885714621231373,0.021710063474945057,0.024800587208570563,adequate
qwen25_vl_lingoqa,Qwen2.5-VL-7B,LingoQA,abs_mean_diff,11,12,significant_sdc,264,60,180,84,0.31818181818181823,3.718642846427333e+29,0.032458587909959966,4.9890829131928983e+30,0.02102176952951898,0.04391843948646315,0.028416778290165413,1.3210968007044473e+30,adequate
qwen25_vl_lingoqa,Qwen2.5-VL-7B,LingoQA,abs_mean_diff,12,13,non_sdc,5906,75,5906,0,0.0,0.023978043891205766,0.022631865569992977,0.008436429526890906,0.018347370089031756,0.027521252632141113,0.022393008942933397,0.02568163208123443,adequate
qwen25_vl_lingoqa,Qwen2.5-VL-7B,LingoQA,abs_mean_diff,12,13,non_significant_sdc,1327,73,1327,0,0.0,0.02450819812938816,0.02362139962081398,0.00846636185418614,0.018140534246401264,0.028852122675890875,0.022720237490081247,0.026424078493608016,adequate
qwen25_vl_lingoqa,Qwen2.5-VL-7B,LingoQA,abs_mean_diff,12,13,significant_sdc,264,59,173,91,0.3446969696969697,7.710120284192983e+29,0.027701954046885174,9.920329956399006e+30,0.02308731506529607,0.0480052676831125,2.5134575855229998e+26,2.7053575933524955e+30,adequate
qwen25_vl_lingoqa,Qwen2.5-VL-7B,LingoQA,abs_mean_diff,13,14,non_sdc,5906,75,5906,0,0.0,0.024728438946683706,0.023021060016213193,0.008689820472750092,0.019176932463708978,0.028769489873031323,0.023121278232332423,0.02647067399737461,adequate
qwen25_vl_lingoqa,Qwen2.5-VL-7B,LingoQA,abs_mean_diff,13,14,non_significant_sdc,1327,73,1327,0,0.0,0.02466218867941209,0.023369117340605174,0.008456367863837699,0.01955020654713735,0.028117716610454556,0.022718398711870348,0.02673146663165932,adequate
qwen25_vl_lingoqa,Qwen2.5-VL-7B,LingoQA,abs_mean_diff,13,14,significant_sdc,264,58,168,96,0.36363636363636365,1.60358124498924e+29,0.02832248255512432,2.0784788475210624e+30,0.020562068986085553,0.03760744177627054,0.025458795788236007,5.731949982089198e+29,adequate
qwen25_vl_lingoqa,Qwen2.5-VL-7B,LingoQA,abs_mean_diff,14,15,non_sdc,5906,75,5906,0,0.0,0.02428253264468562,0.02271405099291411,0.007082918848088817,0.01958366019042352,0.02852163414936513,0.023008402797812733,0.025591360945760158,adequate
qwen25_vl_lingoqa,Qwen2.5-VL-7B,LingoQA,abs_mean_diff,14,15,non_significant_sdc,1327,73,1327,0,0.0,0.024197079603645987,0.02360926821295704,0.0070124594467963425,0.01916205388907757,0.029058188214548863,0.022825397086341945,0.02555848903886653,adequate
qwen25_vl_lingoqa,Qwen2.5-VL-7B,LingoQA,abs_mean_diff,14,15,significant_sdc,264,58,172,92,0.3484848484848485,2.985163662288983e+27,0.02959171571249307,3.074337094136621e+28,0.021981506900606202,0.04683138766059918,0.03048827706380876,8.911085318816924e+27,adequate
qwen25_vl_lingoqa,Qwen2.5-VL-7B,LingoQA,abs_mean_diff,15,16,non_sdc,5906,75,5906,0,0.0,0.026560327049216313,0.02551923336630518,0.008274770529028192,0.020667309043346904,0.031111881016951167,0.02510817062738495,0.028093969909907424,adequate
qwen25_vl_lingoqa,Qwen2.5-VL-7B,LingoQA,abs_mean_diff,15,16,non_significant_sdc,1327,73,1327,0,0.0,0.026402189283750568,0.025285008078854945,0.007850868654845843,0.021122987716807984,0.031189170140890753,0.024933542970776615,0.028039220736173744,adequate
qwen25_vl_lingoqa,Qwen2.5-VL-7B,LingoQA,abs_mean_diff,15,16,significant_sdc,264,57,169,95,0.35984848484848486,10658953879879.475,0.03285169064377745,136331339641464.23,0.0240343009631726,0.042769067668907194,0.032201499366905154,37442269149734.37,adequate
qwen25_vl_lingoqa,Qwen2.5-VL-7B,LingoQA,abs_mean_diff,16,17,non_sdc,5906,75,5906,0,0.0,0.026086295319137788,0.025358739291297516,0.007711753759116425,0.021204543486749244,0.029744073676948365,0.024836881439662287,0.027475126428723965,adequate
qwen25_vl_lingoqa,Qwen2.5-VL-7B,LingoQA,abs_mean_diff,16,17,non_significant_sdc,1327,73,1327,0,0.0,0.025445940181048305,0.02482354201757434,0.006963390119288354,0.020888960552646926,0.02918616395779989,0.02416910993089376,0.026737330680674697,adequate
qwen25_vl_lingoqa,Qwen2.5-VL-7B,LingoQA,abs_mean_diff,16,17,significant_sdc,264,57,169,95,0.35984848484848486,10658953879879.465,0.023983149746508926,136331339641464.23,0.018809492585762422,0.03228084556758404,0.022376624258620165,37529869819538.85,adequate
qwen25_vl_lingoqa,Qwen2.5-VL-7B,LingoQA,abs_mean_diff,17,18,non_sdc,5906,75,5906,0,0.0,0.03356768114875967,0.03223028118372895,0.009326981765858037,0.026465913261442136,0.038318293987928576,0.0319381067913512,0.03530429580171019,adequate
qwen25_vl_lingoqa,Qwen2.5-VL-7B,LingoQA,abs_mean_diff,17,18,non_significant_sdc,1327,73,1327,0,0.0,0.03334314509199678,0.03172722128643231,0.00857076576851753,0.027500675330129152,0.038171277373395346,0.031410774082921214,0.03530159390765551,adequate
qwen25_vl_lingoqa,Qwen2.5-VL-7B,LingoQA,abs_mean_diff,17,18,significant_sdc,264,57,166,98,0.3712121212121212,4.366719055850868e+29,0.025195814225803678,4.523357234032297e+30,0.02050765477327573,0.03640955227647761,0.029923123451488332,1.305019785340792e+30,adequate
qwen25_vl_lingoqa,Qwen2.5-VL-7B,LingoQA,abs_mean_diff,18,19,non_sdc,5906,75,5906,0,0.0,0.04137172174756659,0.039763416294963695,0.011495456905363579,0.032862894295249134,0.04895477963423002,0.03927737104722427,0.043479497871221136,adequate
qwen25_vl_lingoqa,Qwen2.5-VL-7B,LingoQA,abs_mean_diff,18,19,non_significant_sdc,1327,73,1327,0,0.0,0.041395175669895666,0.0389600118230048,0.011108957626718955,0.0330179425058784,0.04886756977282649,0.039010630115510155,0.04403277142504774,adequate
qwen25_vl_lingoqa,Qwen2.5-VL-7B,LingoQA,abs_mean_diff,18,19,significant_sdc,264,57,161,103,0.39015151515151514,1.511665292010527e+28,0.036922392124931015,1.9113881843120435e+29,0.029907372913190296,0.04277882052378522,0.03805954285403433,5.349965844036258e+28,adequate
qwen25_vl_lingoqa,Qwen2.5-VL-7B,LingoQA,abs_mean_diff,19,20,non_sdc,5906,75,5906,0,0.0,0.046732279637139065,0.04421813439370857,0.01671669385570724,0.0336380968336016,0.054680400190409276,0.04347971102096933,0.05018517825507233,adequate
qwen25_vl_lingoqa,Qwen2.5-VL-7B,LingoQA,abs_mean_diff,19,20,non_significant_sdc,1327,73,1327,0,0.0,0.04626614612016752,0.042493155469065125,0.018011261745050192,0.03496054227909316,0.05348133899673235,0.04311772362662477,0.04978125279421088,adequate
qwen25_vl_lingoqa,Qwen2.5-VL-7B,LingoQA,abs_mean_diff,19,20,significant_sdc,264,56,157,107,0.4053030303030303,5.789497998311029e+28,0.04385566583981639,7.254220199562629e+29,0.036880596692920944,0.052020054310560226,0.04546094152244851,1.7258566817749966e+29,adequate
qwen25_vl_lingoqa,Qwen2.5-VL-7B,LingoQA,abs_mean_diff,20,21,non_sdc,5906,75,5906,0,0.0,0.049284390934932004,0.04719365330501681,0.014869629744661285,0.038382268356092805,0.05807314665340211,0.04675617122433325,0.05192433513876987,adequate
qwen25_vl_lingoqa,Qwen2.5-VL-7B,LingoQA,abs_mean_diff,20,21,non_significant_sdc,1327,73,1327,0,0.0,0.05114643176127966,0.049845006613230165,0.016389330983686237,0.0402823734115444,0.05943195478891189,0.04808974488532924,0.05409262623047544,adequate
qwen25_vl_lingoqa,Qwen2.5-VL-7B,LingoQA,abs_mean_diff,20,21,significant_sdc,264,54,154,110,0.41666666666666663,657056674277980.2,0.040364405017738275,8153858894709834.0,0.03734575073728908,0.05919599591431265,0.04649854350432161,2215767762893626.8,adequate
qwen25_vl_lingoqa,Qwen2.5-VL-7B,LingoQA,abs_mean_diff,21,22,non_sdc,5906,75,5906,0,0.0,0.06188639472644298,0.059102014997892735,0.020027458741112628,0.04618592765192468,0.07513493513011843,0.058071149692283275,0.0658362363085735,adequate
qwen25_vl_lingoqa,Qwen2.5-VL-7B,LingoQA,abs_mean_diff,21,22,non_significant_sdc,1327,73,1327,0,0.0,0.06116011419474246,0.05755509657319635,0.018174900985874338,0.04710060171228612,0.07106851653074259,0.057262545397686646,0.0654101833699617,adequate
qwen25_vl_lingoqa,Qwen2.5-VL-7B,LingoQA,abs_mean_diff,21,22,significant_sdc,264,53,152,112,0.4242424242424242,3.2045322645260146e+28,0.0597951828872747,3.950812712881927e+29,0.03322314018412132,0.10453615496849775,0.07518645687193098,1.1599090993061341e+29,adequate
qwen25_vl_lingoqa,Qwen2.5-VL-7B,LingoQA,abs_mean_diff,22,23,non_sdc,5906,75,5906,0,0.0,0.058895171102960955,0.056365338231747344,0.015694225119541983,0.047228361107409,0.0677702935520626,0.05603467166001957,0.062086132750824724,adequate
qwen25_vl_lingoqa,Qwen2.5-VL-7B,LingoQA,abs_mean_diff,22,23,non_significant_sdc,1327,73,1327,0,0.0,0.060326277254991456,0.05785050667822361,0.017218486669536272,0.04725051825104455,0.07140032044365938,0.0566559825266457,0.06447060202070794,adequate
qwen25_vl_lingoqa,Qwen2.5-VL-7B,LingoQA,abs_mean_diff,22,23,significant_sdc,264,52,147,117,0.44318181818181823,5.657993718611148e+29,0.05414174137903111,6.859952812678052e+30,0.040603061453724394,0.0902596156900892,2.82718254665845,1.996140183926013e+30,adequate
qwen25_vl_lingoqa,Qwen2.5-VL-7B,LingoQA,abs_mean_diff,23,24,non_sdc,5906,75,5906,0,0.0,0.05968853384327459,0.05891620679874378,0.016633920322925183,0.048925814083001264,0.06891946293748548,0.056736789192548855,0.0627712640018455,adequate
qwen25_vl_lingoqa,Qwen2.5-VL-7B,LingoQA,abs_mean_diff,23,24,non_significant_sdc,1327,73,1327,0,0.0,0.062036051549891884,0.05984715837985277,0.015451420617489131,0.05170850280951211,0.06950419930379009,0.058878237605633696,0.06543082184501474,adequate
qwen25_vl_lingoqa,Qwen2.5-VL-7B,LingoQA,abs_mean_diff,23,24,significant_sdc,264,52,144,120,0.4545454545454546,118138432479.66946,0.048255025819679234,1278878733629.236,0.00887939385233485,0.0757439018711828,15.991109522959409,390784800402.8224,adequate
qwen25_vl_lingoqa,Qwen2.5-VL-7B,LingoQA,abs_mean_diff,24,25,non_sdc,5906,75,5906,0,0.0,0.0720809021360352,0.0709577678270372,0.0205713847651936,0.0580642167744892,0.08630341126655157,0.0685048795092717,0.075862063014485,adequate
qwen25_vl_lingoqa,Qwen2.5-VL-7B,LingoQA,abs_mean_diff,24,25,non_significant_sdc,1327,73,1327,0,0.0,0.07553246842968776,0.07613465891164892,0.02046535537504117,0.05951858636302253,0.09097998355553412,0.07092545638712033,0.08004431724828265,adequate
qwen25_vl_lingoqa,Qwen2.5-VL-7B,LingoQA,abs_mean_diff,24,25,significant_sdc,264,50,139,125,0.4734848484848485,117265565265.97772,0.08110085965710737,1296156461471.8755,0.06583962304403587,0.10309176144397093,965609704.1411945,408017247519.48895,adequate
qwen25_vl_lingoqa,Qwen2.5-VL-7B,LingoQA,abs_mean_diff,25,26,non_sdc,5906,75,5906,0,0.0,0.08572828037771527,0.08177095187715906,0.028499646353536467,0.065299621886862,0.10024371461745782,0.08086535155296534,0.09082172903677523,adequate
qwen25_vl_lingoqa,Qwen2.5-VL-7B,LingoQA,abs_mean_diff,25,26,non_significant_sdc,1327,73,1327,0,0.0,0.09011592972288812,0.08400836421383752,0.03599785689713035,0.07406091465931999,0.10081551984573403,0.08465412473382747,0.09667981692286742,adequate
qwen25_vl_lingoqa,Qwen2.5-VL-7B,LingoQA,abs_mean_diff,25,26,significant_sdc,264,50,134,130,0.49242424242424243,5.134933114551323e+25,0.07233169959444138,5.863087411281043e+26,0.01664534016341275,0.10414980808716445,1892913250.0945256,1.846927201378069e+26,adequate
qwen25_vl_lingoqa,Qwen2.5-VL-7B,LingoQA,abs_mean_diff,26,27,non_sdc,5906,75,5906,0,0.0,0.12157695643810565,0.11368577879734505,0.04013222352325038,0.09605511925183237,0.1362552830730291,0.11430571699444061,0.12949990980249043,adequate
qwen25_vl_lingoqa,Qwen2.5-VL-7B,LingoQA,abs_mean_diff,26,27,non_significant_sdc,1327,73,1327,0,0.0,0.1260202573764525,0.11953021060017978,0.06807598749366606,0.1000281868932339,0.137548806947359,0.1188480819876119,0.13415985797560567,adequate
qwen25_vl_lingoqa,Qwen2.5-VL-7B,LingoQA,abs_mean_diff,26,27,significant_sdc,264,49,126,138,0.5227272727272727,295680832068.52966,0.21387225556738523,3194449306072.901,0.11090248278700388,0.2607628409655727,0.26826761417651257,1037502775726.7012,adequate
qwen25_vl_lingoqa,Qwen2.5-VL-7B,LingoQA,abs_std_diff,0,1,non_sdc,5906,75,5906,0,0.0,0.07504243210349558,0.07495317804185968,0.0062642821397718125,0.07107689728339513,0.07904515685957102,0.0738040178369838,0.07626304704668689,adequate
qwen25_vl_lingoqa,Qwen2.5-VL-7B,LingoQA,abs_std_diff,0,1,non_significant_sdc,1327,73,1327,0,0.0,0.07403763211393177,0.07413509032792515,0.006108358902646613,0.06901470766119334,0.07799686905410555,0.07259778789657416,0.07542169760637739,adequate
qwen25_vl_lingoqa,Qwen2.5-VL-7B,LingoQA,abs_std_diff,0,1,significant_sdc,264,67,216,48,0.18181818181818177,9.28318640304605e+31,0.012419477941430345,1.341847432728154e+33,0.010152683840418349,0.06332955899692717,8.688050954188343e+28,3.280861242422982e+32,adequate
qwen25_vl_lingoqa,Qwen2.5-VL-7B,LingoQA,abs_std_diff,1,2,non_sdc,5906,75,5906,0,0.0,0.026378364324859647,0.026304910935106732,0.004967486149654682,0.022584022333224613,0.029876940780215792,0.02540530271887134,0.027394679823308277,adequate
qwen25_vl_lingoqa,Qwen2.5-VL-7B,LingoQA,abs_std_diff,1,2,non_significant_sdc,1327,73,1327,0,0.0,0.027228992479610036,0.027785080174605053,0.004548641472792233,0.023484438853828532,0.030428843278633922,0.02615831128854989,0.028275079241206837,adequate
qwen25_vl_lingoqa,Qwen2.5-VL-7B,LingoQA,abs_std_diff,1,2,significant_sdc,264,66,214,50,0.18939393939393945,8.897646339398473e+29,0.02246609322574674,1.3016134457486353e+31,0.01955532674126479,0.02612199102129255,0.02362033606072319,3.1559607457976906e+30,adequate
qwen25_vl_lingoqa,Qwen2.5-VL-7B,LingoQA,abs_std_diff,2,3,non_sdc,5906,75,5906,0,0.0,0.02426165055808589,0.023719075322151183,0.004659680165336836,0.021120178310767464,0.026832895619528636,0.023440489087777995,0.025149401724774006,adequate
qwen25_vl_lingoqa,Qwen2.5-VL-7B,LingoQA,abs_std_diff,2,3,non_significant_sdc,1327,73,1327,0,0.0,0.02408217821172768,0.024256818706081026,0.004303328178439783,0.020970849271275495,0.02683457935398275,0.023279797025543725,0.02489196481186393,adequate
qwen25_vl_lingoqa,Qwen2.5-VL-7B,LingoQA,abs_std_diff,2,3,significant_sdc,264,67,212,52,0.19696969696969702,4.6112256817738815e+28,0.07625011826048092,5.903188980285668e+29,0.027115691763659317,0.08143548735854576,0.06171802730470035,1.4801096715709557e+29,adequate
qwen25_vl_lingoqa,Qwen2.5-VL-7B,LingoQA,abs_std_diff,3,4,non_sdc,5906,75,5906,0,0.0,0.03720459914569173,0.03721555057454874,0.008094530142200481,0.03176698644454472,0.042290423065423965,0.03563906464035308,0.03876740332358764,adequate
qwen25_vl_lingoqa,Qwen2.5-VL-7B,LingoQA,abs_std_diff,3,4,non_significant_sdc,1327,73,1327,0,0.0,0.03760239119318209,0.03628799720452382,0.01064361370832256,0.031092472109529708,0.04260216501755116,0.03576038743050046,0.03951806043638341,adequate
qwen25_vl_lingoqa,Qwen2.5-VL-7B,LingoQA,abs_std_diff,3,4,significant_sdc,264,67,209,55,0.20833333333333337,2.174929293211655e+29,0.0353031082420933,3.143670433724642e+30,0.032046456776914145,0.03922926969065958,0.03790706528944377,7.618900922238079e+29,adequate
qwen25_vl_lingoqa,Qwen2.5-VL-7B,LingoQA,abs_std_diff,4,5,non_sdc,5906,75,5906,0,0.0,0.038840739969801745,0.03848821533953442,0.007254428951374111,0.033871503174304964,0.04315468898186317,0.03752947023031193,0.04022617995423101,adequate
qwen25_vl_lingoqa,Qwen2.5-VL-7B,LingoQA,abs_std_diff,4,5,non_significant_sdc,1327,73,1327,0,0.0,0.03918662098568972,0.03879112154245377,0.007947364791369614,0.03352884369699852,0.04336642044492894,0.03764499102057686,0.040688657880037976,adequate
qwen25_vl_lingoqa,Qwen2.5-VL-7B,LingoQA,abs_std_diff,4,5,significant_sdc,264,67,205,59,0.2234848484848485,4.602764305890931e+30,0.03388625565840273,4.0109420232611577e+31,0.02931422086394563,0.04376006821791331,1.8087700878756856e+29,1.1508213725121035e+31,adequate
qwen25_vl_lingoqa,Qwen2.5-VL-7B,LingoQA,abs_std_diff,5,6,non_sdc,5906,75,5906,0,0.0,0.026542860907803122,0.02546907180831546,0.006416082771600565,0.02212118258078893,0.030128838585598484,0.025413346799706475,0.027735846042118352,adequate
qwen25_vl_lingoqa,Qwen2.5-VL-7B,LingoQA,abs_std_diff,5,6,non_significant_sdc,1327,73,1327,0,0.0,0.02699744538465272,0.026174832549360063,0.014167375673636922,0.023190752736159732,0.02983366558328271,0.025940609270039654,0.02809658682053811,adequate
qwen25_vl_lingoqa,Qwen2.5-VL-7B,LingoQA,abs_std_diff,5,6,significant_sdc,264,67,202,62,0.23484848484848486,2.569925791541013e+30,0.04334837684825975,3.6525508236759626e+31,0.026474936656197726,0.049817100091248144,0.03927425907203202,9.002820132583076e+30,adequate
qwen25_vl_lingoqa,Qwen2.5-VL-7B,LingoQA,abs_std_diff,6,7,non_sdc,5906,75,5906,0,0.0,0.02950926336421931,0.028966016446550686,0.006684042635246358,0.02536664375414451,0.03284698641962475,0.028443098581156883,0.030551477070355795,adequate
qwen25_vl_lingoqa,Qwen2.5-VL-7B,LingoQA,abs_std_diff,6,7,non_significant_sdc,1327,73,1327,0,0.0,0.030572315953495098,0.030065944926305252,0.011306451914492477,0.02594725728034973,0.03367248505323077,0.029244382400355668,0.03202464512010642,adequate
qwen25_vl_lingoqa,Qwen2.5-VL-7B,LingoQA,abs_std_diff,6,7,significant_sdc,264,66,204,60,0.2272727272727273,1.3760706151714594e+30,0.029040407997613052,1.3892267288830974e+31,0.02642302975362661,0.03344922810792923,0.032633641141319863,3.645232965195213e+30,adequate
qwen25_vl_lingoqa,Qwen2.5-VL-7B,LingoQA,abs_std_diff,7,8,non_sdc,5906,75,5906,0,0.0,0.03831645751838371,0.036405800117386714,0.011031072349610946,0.029995061457157135,0.04556632828381327,0.03617586608578176,0.040600251065443516,adequate
qwen25_vl_lingoqa,Qwen2.5-VL-7B,LingoQA,abs_std_diff,7,8,non_significant_sdc,1327,73,1327,0,0.0,0.03715763247128505,0.034787628267492564,0.011206689089025439,0.029387491196393965,0.043997299075126645,0.03515588520635312,0.03933194718067691,adequate
qwen25_vl_lingoqa,Qwen2.5-VL-7B,LingoQA,abs_std_diff,7,8,significant_sdc,264,63,197,67,0.2537878787878788,6.990955773548028e+29,0.11822514038304893,6.148016139088934e+30,0.04996815186982252,0.12930696335982303,4.0749178573259915e+28,1.7420848931202529e+30,adequate
qwen25_vl_lingoqa,Qwen2.5-VL-7B,LingoQA,abs_std_diff,8,9,non_sdc,5906,75,5906,0,0.0,0.03910552839673864,0.0390468195957296,0.008370155754801906,0.03293644497641409,0.04462775670819812,0.037596677642386306,0.04058621554996047,adequate
qwen25_vl_lingoqa,Qwen2.5-VL-7B,LingoQA,abs_std_diff,8,9,non_significant_sdc,1327,73,1327,0,0.0,0.03846370869060146,0.03808885900413289,0.009336439751118152,0.03079657879872964,0.045385904508558186,0.03639622974688498,0.04056752389209326,adequate
qwen25_vl_lingoqa,Qwen2.5-VL-7B,LingoQA,abs_std_diff,8,9,significant_sdc,264,61,190,74,0.2803030303030303,1.3722423324741388e+31,0.0985984083036987,1.3363052167191303e+32,0.04762877301258199,0.11010859564554934,0.09163975381858885,3.7646944356382296e+31,adequate
qwen25_vl_lingoqa,Qwen2.5-VL-7B,LingoQA,abs_std_diff,9,10,non_sdc,5906,75,5906,0,0.0,0.03888948656641199,0.03699929620090284,0.01171826744996958,0.029664990149046246,0.04512962292541157,0.03669883925310083,0.04125578287340241,adequate
qwen25_vl_lingoqa,Qwen2.5-VL-7B,LingoQA,abs_std_diff,9,10,non_significant_sdc,1327,73,1327,0,0.0,0.03925098969311923,0.036170899868011475,0.012054680576896104,0.030198175004786915,0.04492573440074921,0.03647369269401408,0.04248575109687726,adequate
qwen25_vl_lingoqa,Qwen2.5-VL-7B,LingoQA,abs_std_diff,9,10,significant_sdc,264,60,186,78,0.2954545454545454,1.0597459709960036e+31,0.0377937116681185,1.4452959700716201e+32,0.034330541610109566,0.04378732258365268,0.05064733639921523,3.6958558663537954e+31,adequate
qwen25_vl_lingoqa,Qwen2.5-VL-7B,LingoQA,abs_std_diff,10,11,non_sdc,5906,75,5906,0,0.0,0.034270947702943755,0.03269666502873103,0.010885864288564886,0.026841149999476645,0.041134670169817075,0.03219866665315987,0.036405891234387026,adequate
qwen25_vl_lingoqa,Qwen2.5-VL-7B,LingoQA,abs_std_diff,10,11,non_significant_sdc,1327,73,1327,0,0.0,0.03429719318963316,0.032654197088309696,0.011013163664768242,0.026247639674693346,0.04022486028926713,0.03216546449370882,0.036647910957795744,adequate
qwen25_vl_lingoqa,Qwen2.5-VL-7B,LingoQA,abs_std_diff,10,11,significant_sdc,264,59,184,80,0.303030303030303,1.444088906248256e+30,0.15175928327502036,1.9588574974292241e+31,0.036993138884243215,0.16314388553098758,0.09753529936705614,5.159463276692798e+30,adequate
qwen25_vl_lingoqa,Qwen2.5-VL-7B,LingoQA,abs_std_diff,11,12,non_sdc,5906,75,5906,0,0.0,0.03091745264636135,0.029661704268720415,0.008749816545409125,0.024911985190018367,0.0353061243891716,0.02922278102639012,0.032703703376905834,adequate
qwen25_vl_lingoqa,Qwen2.5-VL-7B,LingoQA,abs_std_diff,11,12,non_significant_sdc,1327,73,1327,0,0.0,0.030748001570941555,0.030310994812420437,0.00719769031721757,0.026233762178732002,0.03454508332717687,0.029446207570203844,0.03206530374190374,adequate
qwen25_vl_lingoqa,Qwen2.5-VL-7B,LingoQA,abs_std_diff,11,12,significant_sdc,264,60,180,84,0.31818181818181823,2.85320480563719e+30,0.0451617139030476,3.827975939480299e+31,0.030296281807952456,0.05060443639451143,0.05282348721544096,1.0136385493711069e+31,adequate
qwen25_vl_lingoqa,Qwen2.5-VL-7B,LingoQA,abs_std_diff,12,13,non_sdc,5906,75,5906,0,0.0,0.042841357730088556,0.04005524464974217,0.01669196127210686,0.030453042342112616,0.052137559093534944,0.039490979786771956,0.046503387838683845,adequate
qwen25_vl_lingoqa,Qwen2.5-VL-7B,LingoQA,abs_std_diff,12,13,non_significant_sdc,1327,73,1327,0,0.0,0.04171415807485154,0.03782877588973326,0.016860485035309958,0.029426713287830353,0.05010675061080191,0.03789535638857632,0.0459066187352408,adequate
qwen25_vl_lingoqa,Qwen2.5-VL-7B,LingoQA,abs_std_diff,12,13,significant_sdc,264,59,173,91,0.3446969696969697,6.428731869587191e+30,0.11165976189837164,8.2423370775361e+31,0.04191264823863381,0.1339170619541285,1.7125374237258285e+27,2.2469031891808787e+31,adequate
qwen25_vl_lingoqa,Qwen2.5-VL-7B,LingoQA,abs_std_diff,13,14,non_sdc,5906,75,5906,0,0.0,0.03882395462420082,0.03705676170120462,0.012404572705677817,0.031011594628745857,0.04408077336847782,0.036502634222691295,0.041326037480416765,adequate
qwen25_vl_lingoqa,Qwen2.5-VL-7B,LingoQA,abs_std_diff,13,14,non_significant_sdc,1327,73,1327,0,0.0,0.038751850647867535,0.03764509612863714,0.0139233156388461,0.029869001772668626,0.04401604257720081,0.03630501261214156,0.04153715132143833,adequate
qwen25_vl_lingoqa,Qwen2.5-VL-7B,LingoQA,abs_std_diff,13,14,significant_sdc,264,58,168,96,0.36363636363636365,8.98283129828101e+29,0.05631319387834899,1.164308007634033e+31,0.03829879033701872,0.06436003881449602,0.06039138864502139,3.1439909543983534e+30,adequate
qwen25_vl_lingoqa,Qwen2.5-VL-7B,LingoQA,abs_std_diff,14,15,non_sdc,5906,75,5906,0,0.0,0.0362377458761799,0.035020301739374794,0.011422032448569184,0.028301055676170757,0.04183666923871407,0.034120582664122635,0.0384872625230674,adequate
qwen25_vl_lingoqa,Qwen2.5-VL-7B,LingoQA,abs_std_diff,14,15,non_significant_sdc,1327,73,1327,0,0.0,0.038085141460714185,0.03589056763384077,0.013688752783959392,0.029771409618357815,0.043947111051529646,0.03495588806914919,0.04142757703277829,adequate
qwen25_vl_lingoqa,Qwen2.5-VL-7B,LingoQA,abs_std_diff,14,15,significant_sdc,264,58,172,92,0.3484848484848485,3.873932739472988e+28,0.040280715999554614,4.2638585439514814e+29,0.030776562739391715,0.08954274084190933,0.08630923679485837,1.160283238975976e+29,adequate
qwen25_vl_lingoqa,Qwen2.5-VL-7B,LingoQA,abs_std_diff,15,16,non_sdc,5906,75,5906,0,0.0,0.041829504626571264,0.03974996227771044,0.012736221022637696,0.03262940507668715,0.0490834392607212,0.039579160355145644,0.04405613550099045,adequate
qwen25_vl_lingoqa,Qwen2.5-VL-7B,LingoQA,abs_std_diff,15,16,non_significant_sdc,1327,73,1327,0,0.0,0.04183409391486592,0.0389410224225786,0.012609598265320631,0.03295136544676054,0.04858585010709055,0.03941889968899375,0.04438940038879019,adequate
qwen25_vl_lingoqa,Qwen2.5-VL-7B,LingoQA,abs_std_diff,15,16,significant_sdc,264,57,169,95,0.35984848484848486,125967184108949.83,0.08919066129898538,1615468173332917.8,0.04881737852583126,0.11572166851588658,0.0951842880629755,452072224604207.8,adequate
qwen25_vl_lingoqa,Qwen2.5-VL-7B,LingoQA,abs_std_diff,16,17,non_sdc,5906,75,5906,0,0.0,0.040903447899461085,0.040835075577100116,0.010879620819202131,0.03282488959043153,0.04807178702737604,0.03896267027832052,0.04282692081709881,adequate
qwen25_vl_lingoqa,Qwen2.5-VL-7B,LingoQA,abs_std_diff,16,17,non_significant_sdc,1327,73,1327,0,0.0,0.04144798573239185,0.04020883267124494,0.011288590493072166,0.0332999983254601,0.04840777398875126,0.038981604010308916,0.0439180798110232,adequate
qwen25_vl_lingoqa,Qwen2.5-VL-7B,LingoQA,abs_std_diff,16,17,significant_sdc,264,57,169,95,0.35984848484848486,125967184108949.8,0.054587971495122324,1615468173332917.8,0.046155374301107305,0.1078292727470398,0.08576096603237994,441538965017209.3,adequate
qwen25_vl_lingoqa,Qwen2.5-VL-7B,LingoQA,abs_std_diff,17,18,non_sdc,5906,75,5906,0,0.0,0.06883584891091096,0.06867740437802342,0.022271618538147703,0.05349475683437453,0.08137472379174862,0.06422548791897635,0.07375704622940815,adequate
qwen25_vl_lingoqa,Qwen2.5-VL-7B,LingoQA,abs_std_diff,17,18,non_significant_sdc,1327,73,1327,0,0.0,0.07073104601214603,0.07076103799045086,0.017708981814467617,0.059946287837293416,0.08087034726684744,0.06690957361723376,0.07471267709418773,adequate
qwen25_vl_lingoqa,Qwen2.5-VL-7B,LingoQA,abs_std_diff,17,18,significant_sdc,264,57,166,98,0.3712121212121212,3.978093001119051e+30,0.08059448175705397,3.6201757106133375e+31,0.06270847509582111,0.19315122900416656,0.13052922611898218,1.07274268066453e+31,adequate
qwen25_vl_lingoqa,Qwen2.5-VL-7B,LingoQA,abs_std_diff,18,19,non_sdc,5906,75,5906,0,0.0,0.07939892117071239,0.0779942704571618,0.026030397976959704,0.05848862727483113,0.09674678444862367,0.07455426346867097,0.08427355640546384,adequate
qwen25_vl_lingoqa,Qwen2.5-VL-7B,LingoQA,abs_std_diff,18,19,non_significant_sdc,1327,73,1327,0,0.0,0.08036813057905032,0.07802171661303593,0.027843610382025465,0.06053402381283896,0.0968297764658928,0.07395208103532798,0.08742305603975707,adequate
qwen25_vl_lingoqa,Qwen2.5-VL-7B,LingoQA,abs_std_diff,18,19,significant_sdc,264,57,161,103,0.39015151515151514,1.619948537274368e+29,0.15823026335969262,2.0510105181821166e+30,0.08246211444630343,0.22198935917445592,0.15557847179065004,5.6606377780943516e+29,adequate
qwen25_vl_lingoqa,Qwen2.5-VL-7B,LingoQA,abs_std_diff,19,20,non_sdc,5906,75,5906,0,0.0,0.0814611553658694,0.07982553541660309,0.02947868684670947,0.05850607741337556,0.096764518154992,0.07574030415310787,0.08756506916322215,adequate
qwen25_vl_lingoqa,Qwen2.5-VL-7B,LingoQA,abs_std_diff,19,20,non_significant_sdc,1327,73,1327,0,0.0,0.08907043857463616,0.08746107339859009,0.03454209521759063,0.06829290425185092,0.10681356847286225,0.08169736304176234,0.09621799008122386,adequate
qwen25_vl_lingoqa,Qwen2.5-VL-7B,LingoQA,abs_std_diff,19,20,significant_sdc,264,56,157,107,0.4053030303030303,9.261696720402635e+29,0.1142425975021051,1.1604872728338109e+31,0.08849849445479256,0.14527562260627747,0.12462171244735268,2.76092351601876e+30,adequate
qwen25_vl_lingoqa,Qwen2.5-VL-7B,LingoQA,abs_std_diff,20,21,non_sdc,5906,75,5906,0,0.0,0.12352000694219543,0.119026463975509,0.03240497613605794,0.09957878800729911,0.1417991070468959,0.11786868703391362,0.12985055712325336,adequate
qwen25_vl_lingoqa,Qwen2.5-VL-7B,LingoQA,abs_std_diff,20,21,non_significant_sdc,1327,73,1327,0,0.0,0.12676222609805998,0.12127182218763563,0.033934570747344926,0.10099955902180888,0.14913395792245865,0.11929643647986717,0.13434537551290707,adequate
qwen25_vl_lingoqa,Qwen2.5-VL-7B,LingoQA,abs_std_diff,20,21,significant_sdc,264,54,154,110,0.41666666666666663,2379537379935222.0,0.24810656433810993,2.952928231343179e+16,0.13257407357818202,0.3240389368515842,0.20336053245701446,8204076638284124.0,adequate
qwen25_vl_lingoqa,Qwen2.5-VL-7B,LingoQA,abs_std_diff,21,22,non_sdc,5906,75,5906,0,0.0,0.1255492664859002,0.1147313117980957,0.04938065520165076,0.08750003677877513,0.15578097877043642,0.11600704459353653,0.13525164431959547,adequate
qwen25_vl_lingoqa,Qwen2.5-VL-7B,LingoQA,abs_std_diff,21,22,non_significant_sdc,1327,73,1327,0,0.0,0.12281807524798043,0.11204784115155537,0.051028898385699725,0.08700490685609671,0.14529956310987474,0.11199623055603246,0.13551849841949828,adequate
qwen25_vl_lingoqa,Qwen2.5-VL-7B,LingoQA,abs_std_diff,21,22,significant_sdc,264,53,152,112,0.4242424242424242,3.885486499973925e+29,0.2451692215946256,4.790349477757206e+30,0.1666953332722187,0.4722045091341953,0.29121644249016987,1.384204565615702e+30,adequate
qwen25_vl_lingoqa,Qwen2.5-VL-7B,LingoQA,abs_std_diff,22,23,non_sdc,5906,75,5906,0,0.0,0.1388010845924206,0.13301226407544225,0.03946923115143384,0.1112026244853482,0.16749947658483533,0.13163159466644234,0.14635766028078603,adequate
qwen25_vl_lingoqa,Qwen2.5-VL-7B,LingoQA,abs_std_diff,22,23,non_significant_sdc,1327,73,1327,0,0.0,0.1460477816325048,0.14394037259949577,0.039046544270339885,0.11654419025294802,0.17040497582891712,0.13722541753622824,0.1558514821353852,adequate
qwen25_vl_lingoqa,Qwen2.5-VL-7B,LingoQA,abs_std_diff,22,23,significant_sdc,264,52,147,117,0.44318181818181823,1.1532267050422087e+31,0.1446266770362854,1.3982130720448474e+32,0.11333514800688035,0.23845068289309132,14.902482083398635,4.101394975190435e+31,adequate
qwen25_vl_lingoqa,Qwen2.5-VL-7B,LingoQA,abs_std_diff,23,24,non_sdc,5906,75,5906,0,0.0,0.12774051427507233,0.1233656590103138,0.03929052324927539,0.09944408847128644,0.15368071714272866,0.12022186573264818,0.1355646190780859,adequate
qwen25_vl_lingoqa,Qwen2.5-VL-7B,LingoQA,abs_std_diff,23,24,non_significant_sdc,1327,73,1327,0,0.0,0.13084037869791829,0.12452989419301351,0.038442877919080375,0.10240568965673447,0.15236428690453369,0.12290177058922586,0.1389907539274854,adequate
qwen25_vl_lingoqa,Qwen2.5-VL-7B,LingoQA,abs_std_diff,23,24,significant_sdc,264,52,144,120,0.4545454545454546,1113024790801.7896,0.11002826690673828,9598719519137.004,0.07439721923093406,0.3136129844553617,227.28679937696944,3121721274779.844,adequate
qwen25_vl_lingoqa,Qwen2.5-VL-7B,LingoQA,abs_std_diff,24,25,non_sdc,5906,75,5906,0,0.0,0.17138575332277747,0.17605573796864712,0.05424579308034785,0.12984400428831577,0.20401754763488678,0.16014978996782575,0.18251686387479535,adequate
qwen25_vl_lingoqa,Qwen2.5-VL-7B,LingoQA,abs_std_diff,24,25,non_significant_sdc,1327,73,1327,0,0.0,0.17644195662814655,0.17708033720652264,0.052207511870898934,0.14293001426590812,0.20852298015662332,0.16463454114675344,0.1887908844175386,adequate
qwen25_vl_lingoqa,Qwen2.5-VL-7B,LingoQA,abs_std_diff,24,25,significant_sdc,264,50,139,125,0.4734848484848485,801384264640.5267,0.19713270001941258,8433150732780.612,0.03675100572255193,0.28225698580547254,10650234580.354246,2579744238970.581,adequate
qwen25_vl_lingoqa,Qwen2.5-VL-7B,LingoQA,abs_std_diff,25,26,non_sdc,5906,75,5906,0,0.0,0.17234121101205335,0.1636282242834568,0.06331803303867799,0.12332055121660233,0.20925708802491888,0.16008095793520427,0.18533463863756044,adequate
qwen25_vl_lingoqa,Qwen2.5-VL-7B,LingoQA,abs_std_diff,25,26,non_significant_sdc,1327,73,1327,0,0.0,0.17700718180387964,0.16105108708143234,0.08803852698629788,0.12916641185681024,0.21557592528597747,0.1636236300691392,0.19144371174549507,adequate
qwen25_vl_lingoqa,Qwen2.5-VL-7B,LingoQA,abs_std_diff,25,26,significant_sdc,264,50,134,130,0.49242424242424243,7.907516084480796e+26,0.3389721052784498,9.043718830280528e+27,0.1389075294137001,0.4119065011642417,11540644494.186417,2.8296908964276736e+27,adequate
qwen25_vl_lingoqa,Qwen2.5-VL-7B,LingoQA,abs_std_diff,26,27,non_sdc,5906,75,5906,0,0.0,0.3127405714288579,0.29541260786730833,0.1269617768316089,0.22397365123033525,0.39191396421745045,0.28893823237452,0.3381823174127808,adequate
qwen25_vl_lingoqa,Qwen2.5-VL-7B,LingoQA,abs_std_diff,26,27,non_significant_sdc,1327,73,1327,0,0.0,0.3424212893114905,0.33496055338117814,0.14743290048066887,0.2545894384384155,0.4021232823219419,0.3208585452016607,0.3641834099536782,adequate
qwen25_vl_lingoqa,Qwen2.5-VL-7B,LingoQA,abs_std_diff,26,27,significant_sdc,264,49,126,138,0.5227272727272727,1613751788460.2727,0.5732786363484907,15880166171000.092,0.3508316760971433,2.033113944287203,1.3012514828585382,5429149110991.858,adequate
qwen25_vl_lingoqa,Qwen2.5-VL-7B,LingoQA,l2_distance,0,1,non_sdc,5906,75,5906,0,0.0,0.9235625070672921,0.9211961030960083,0.060282256127416646,0.8823362092177073,0.9559782712573284,0.9119929075138616,0.9349632582201914,adequate
qwen25_vl_lingoqa,Qwen2.5-VL-7B,LingoQA,l2_distance,0,1,non_significant_sdc,1327,73,1327,0,0.0,0.9304982848242245,0.923532950250726,0.05714418511446906,0.883164750205146,0.9654086861345503,0.9175369691085877,0.9440476118673947,adequate
qwen25_vl_lingoqa,Qwen2.5-VL-7B,LingoQA,l2_distance,0,1,significant_sdc,264,66,212,52,0.19696969696969702,1.3428373008876155,1.4811533519199918,0.2606796754821541,1.0505015929539998,1.4989295629214268,1.2637225786209811,1.4423088166938154,adequate
qwen25_vl_lingoqa,Qwen2.5-VL-7B,LingoQA,l2_distance,1,2,non_sdc,5906,75,5906,0,0.0,0.690502812760547,0.6817221215793065,0.07248005556975196,0.6351435694307787,0.7364565039935865,0.6764366955005124,0.7050607752722071,adequate
qwen25_vl_lingoqa,Qwen2.5-VL-7B,LingoQA,l2_distance,1,2,non_significant_sdc,1327,73,1327,0,0.0,0.7026265074142839,0.6964804515952155,0.07039805942900884,0.651675277522632,0.742566897582851,0.6860278167486633,0.719713382900888,adequate
qwen25_vl_lingoqa,Qwen2.5-VL-7B,LingoQA,l2_distance,1,2,significant_sdc,264,66,213,51,0.19318181818181823,1.471050576522891,1.739288670676095,0.4591663640017748,0.8249966541926066,1.7703843116760254,1.3372388534241078,1.636952330979817,adequate
qwen25_vl_lingoqa,Qwen2.5-VL-7B,LingoQA,l2_distance,2,3,non_sdc,5906,75,5906,0,0.0,0.8654497667208009,0.8598927727767399,0.11271838867010338,0.8048102185130119,0.9321136858902479,0.8429807117053235,0.8875917656828554,adequate
qwen25_vl_lingoqa,Qwen2.5-VL-7B,LingoQA,l2_distance,2,3,non_significant_sdc,1327,73,1327,0,0.0,0.8848886913251313,0.8832060382479713,0.0963633269557809,0.8189937880505687,0.9384791973759146,0.8636860861859158,0.9074267470118295,adequate
qwen25_vl_lingoqa,Qwen2.5-VL-7B,LingoQA,l2_distance,2,3,significant_sdc,264,67,209,55,0.20833333333333337,1.6360430202216543,1.8784797276769365,0.4501239161055476,1.0789409399032592,1.9071657134562123,1.4958522017220992,1.8169338527600132,adequate
qwen25_vl_lingoqa,Qwen2.5-VL-7B,LingoQA,l2_distance,3,4,non_sdc,5906,75,5906,0,0.0,0.9522115744132879,0.9469251197481913,0.09173997081162914,0.8880980400634664,1.0122330486774445,0.9348042027070452,0.9700501888463363,adequate
qwen25_vl_lingoqa,Qwen2.5-VL-7B,LingoQA,l2_distance,3,4,non_significant_sdc,1327,73,1327,0,0.0,0.9717632475357366,0.9686038970947266,0.11390004733706882,0.8974643259982527,1.0354922000205877,0.9505872507849054,0.9928037512610867,adequate
qwen25_vl_lingoqa,Qwen2.5-VL-7B,LingoQA,l2_distance,3,4,significant_sdc,264,67,206,58,0.21969696969696972,1.7243256927543187,1.9908448281336804,0.4517344790694483,1.1161209658497855,2.025622231619699,1.5847299606256147,1.9020250712534559,adequate
qwen25_vl_lingoqa,Qwen2.5-VL-7B,LingoQA,l2_distance,4,5,non_sdc,5906,75,5906,0,0.0,0.9539017867239747,0.9409405238488141,0.10705556239422329,0.8826566581215177,1.0176578681696864,0.9336683671591498,0.9750340786982067,adequate
qwen25_vl_lingoqa,Qwen2.5-VL-7B,LingoQA,l2_distance,4,5,non_significant_sdc,1327,73,1327,0,0.0,0.9814049074178035,0.9643200920975726,0.15917963493667153,0.9087576574749416,1.0295003280680404,0.9562146123742243,1.007481058082967,adequate
qwen25_vl_lingoqa,Qwen2.5-VL-7B,LingoQA,l2_distance,4,5,significant_sdc,264,67,200,64,0.24242424242424243,845177244851.7701,2.029064838983575,11952611222760.555,1.2236761841036023,2.082012207532416,1.6684056587451883,2498060822218.5107,adequate
qwen25_vl_lingoqa,Qwen2.5-VL-7B,LingoQA,l2_distance,5,6,non_sdc,5906,75,5906,0,0.0,1.1298273048817413,1.113635507069136,0.11615129153835686,1.0573773658476195,1.1890203766756176,1.108227735469686,1.1523119274844373,adequate
qwen25_vl_lingoqa,Qwen2.5-VL-7B,LingoQA,l2_distance,5,6,non_significant_sdc,1327,73,1327,0,0.0,1.1467773908531733,1.1215854400680179,0.23125489867939983,1.0611347746104003,1.2059455141425133,1.1220139148144566,1.172740420046843,adequate
qwen25_vl_lingoqa,Qwen2.5-VL-7B,LingoQA,l2_distance,5,6,significant_sdc,264,67,201,63,0.23863636363636365,840972382937.6915,2.7884621364729747,11922841285568.482,1.3877161771059037,2.8651791981288364,2.2305354036725022,2522917148808.2354,adequate
qwen25_vl_lingoqa,Qwen2.5-VL-7B,LingoQA,l2_distance,6,7,non_sdc,5906,75,5906,0,0.0,1.160487600659114,1.1724237914789808,0.1516257318864458,1.059786966443062,1.2536118916339345,1.130374842906463,1.190759360646665,adequate
qwen25_vl_lingoqa,Qwen2.5-VL-7B,LingoQA,l2_distance,6,7,non_significant_sdc,1327,73,1327,0,0.0,1.2044152393228977,1.1960817575454712,0.2143220229563449,1.1187754878922114,1.283112163648049,1.1749179427029304,1.2346884819879231,adequate
qwen25_vl_lingoqa,Qwen2.5-VL-7B,LingoQA,l2_distance,6,7,significant_sdc,264,66,202,62,0.23484848484848486,1.7324625938073364,1.9078621402078744,0.6910995529048445,1.3357392980174703,1.9471712112426758,1.6308506057830876,1.8406688857106168,adequate
qwen25_vl_lingoqa,Qwen2.5-VL-7B,LingoQA,l2_distance,7,8,non_sdc,5906,75,5906,0,0.0,1.318892549059144,1.3198935216978978,0.18414807440021783,1.2076713666319847,1.4127916518328847,1.281514170248235,1.35615934910817,adequate
qwen25_vl_lingoqa,Qwen2.5-VL-7B,LingoQA,l2_distance,7,8,non_significant_sdc,1327,73,1327,0,0.0,1.343927691808968,1.3314213388495975,0.17685809326708982,1.249978280067444,1.4031570691615343,1.3096988133841514,1.3779647620789577,adequate
qwen25_vl_lingoqa,Qwen2.5-VL-7B,LingoQA,l2_distance,7,8,significant_sdc,264,62,193,71,0.2689393939393939,2.1268373531703317,2.446785131279303,0.8250087501340548,1.4608005239413335,2.569225471846911,1.982553057872005,2.2827547145300247,adequate
qwen25_vl_lingoqa,Qwen2.5-VL-7B,LingoQA,l2_distance,8,9,non_sdc,5906,75,5906,0,0.0,1.5345530068134092,1.529722721953141,0.17798666950741082,1.412545671588496,1.674581591784954,1.497372835587741,1.5722342176450252,adequate
qwen25_vl_lingoqa,Qwen2.5-VL-7B,LingoQA,l2_distance,8,9,non_significant_sdc,1327,73,1327,0,0.0,1.5637989938336538,1.5608749853240118,0.17072579884933695,1.4418914712363888,1.6769754780190331,1.5257213621837928,1.5998932242444004,adequate
qwen25_vl_lingoqa,Qwen2.5-VL-7B,LingoQA,l2_distance,8,9,significant_sdc,264,60,188,76,0.28787878787878785,2.446385672278672,2.7190002932840462,0.8582292371340393,1.6848040606294359,2.851847151104285,2.2655121672826697,2.653971719210088,adequate
qwen25_vl_lingoqa,Qwen2.5-VL-7B,LingoQA,l2_distance,9,10,non_sdc,5906,75,5906,0,0.0,1.440575343344247,1.4318828294674555,0.18104869939652038,1.3199737707773844,1.5521841406822205,1.404296387873788,1.4773495761357294,adequate
qwen25_vl_lingoqa,Qwen2.5-VL-7B,LingoQA,l2_distance,9,10,non_significant_sdc,1327,73,1327,0,0.0,1.4767041782302344,1.4654430563633258,0.15275183178253612,1.3726488143205642,1.5628081389835904,1.444336958233778,1.5097558763537842,adequate
qwen25_vl_lingoqa,Qwen2.5-VL-7B,LingoQA,l2_distance,9,10,significant_sdc,264,59,184,80,0.303030303030303,1.9856535576033034,2.017346064655148,0.5349531881105457,1.7515795562002394,2.1074687096537374,1.9036194852163704,2.07790303698729,adequate
qwen25_vl_lingoqa,Qwen2.5-VL-7B,LingoQA,l2_distance,10,11,non_sdc,5906,75,5906,0,0.0,1.398016301426624,1.3796520233154297,0.18141739493821507,1.2679056034368628,1.5261184136782373,1.3606132094370404,1.4371498699365817,adequate
qwen25_vl_lingoqa,Qwen2.5-VL-7B,LingoQA,l2_distance,10,11,non_significant_sdc,1327,73,1327,0,0.0,1.428945931703603,1.4169288958821977,0.1679119822444102,1.3098837459262036,1.5488896832146026,1.390012183006958,1.4657822307639463,adequate
qwen25_vl_lingoqa,Qwen2.5-VL-7B,LingoQA,l2_distance,10,11,significant_sdc,264,59,183,81,0.30681818181818177,2.485283359637567,2.4081501133587895,0.9307224289859434,1.485348876979616,3.3630771928904006,2.261728508609548,2.765428945757826,adequate
qwen25_vl_lingoqa,Qwen2.5-VL-7B,LingoQA,l2_distance,11,12,non_sdc,5906,75,5906,0,0.0,1.3968297510984107,1.409542212486267,0.19359967982491685,1.2563807597527137,1.5361847737256218,1.3558155674845782,1.4390560965086463,adequate
qwen25_vl_lingoqa,Qwen2.5-VL-7B,LingoQA,l2_distance,11,12,non_significant_sdc,1327,73,1327,0,0.0,1.4317481531711571,1.4312967136502266,0.18026629590263774,1.3074995905160904,1.5469900141744053,1.3880767293666818,1.4762451593895543,adequate
qwen25_vl_lingoqa,Qwen2.5-VL-7B,LingoQA,l2_distance,11,12,significant_sdc,264,60,179,85,0.321969696969697,2.416040891919989,1.9461188437987347,1.008943186615425,1.621977256404029,3.304041635017006,2.2141366306544485,2.6696056815586116,adequate
qwen25_vl_lingoqa,Qwen2.5-VL-7B,LingoQA,l2_distance,12,13,non_sdc,5906,75,5906,0,0.0,1.6005532616858347,1.6112445856134097,0.24368089957502692,1.4120281206236944,1.7469135962034528,1.549011346425026,1.653844241968672,adequate
qwen25_vl_lingoqa,Qwen2.5-VL-7B,LingoQA,l2_distance,12,13,non_significant_sdc,1327,73,1327,0,0.0,1.6497360275433506,1.6523459911346436,0.22341998330799015,1.4963699018254,1.7848773534233504,1.5967185798124974,1.6998892055961112,adequate
qwen25_vl_lingoqa,Qwen2.5-VL-7B,LingoQA,l2_distance,12,13,significant_sdc,264,59,168,96,0.36363636363636365,2.6540389328699563,2.1052054458734943,1.118150983504759,1.7717980300566092,3.779020327694562,2.4338085228687123,2.939907848558952,adequate
qwen25_vl_lingoqa,Qwen2.5-VL-7B,LingoQA,l2_distance,13,14,non_sdc,5906,75,5906,0,0.0,1.5778510842961957,1.5722387409210206,0.2521626438782605,1.3952319602171581,1.7380950901657344,1.5233701810972946,1.6325501056934533,adequate
qwen25_vl_lingoqa,Qwen2.5-VL-7B,LingoQA,l2_distance,13,14,non_significant_sdc,1327,73,1327,0,0.0,1.609576217022288,1.5998084459986006,0.23017188403552125,1.487015827282055,1.735926557470251,1.5587556950794914,1.6596597050383808,adequate
qwen25_vl_lingoqa,Qwen2.5-VL-7B,LingoQA,l2_distance,13,14,significant_sdc,264,58,167,97,0.36742424242424243,2.493436178707968,2.6422571649356765,0.7623372012568554,1.820182758191275,3.020965576171875,2.315072223248358,2.7162041198110636,adequate
qwen25_vl_lingoqa,Qwen2.5-VL-7B,LingoQA,l2_distance,14,15,non_sdc,5906,75,5906,0,0.0,1.6773405347367818,1.678991736471653,0.22411705497875925,1.5497481093520211,1.8079906769774177,1.6313593802824415,1.7234004750722531,adequate
qwen25_vl_lingoqa,Qwen2.5-VL-7B,LingoQA,l2_distance,14,15,non_significant_sdc,1327,73,1327,0,0.0,1.7081426790332481,1.7094307740529378,0.2356033322024103,1.5762186722149925,1.8154822259200247,1.6619478495856568,1.755529639145673,adequate
qwen25_vl_lingoqa,Qwen2.5-VL-7B,LingoQA,l2_distance,14,15,significant_sdc,264,58,170,94,0.3560606060606061,2.580754107476891,2.8247110344925703,0.811109638472805,1.8434181875652738,3.031418206740399,2.3944395166611336,2.7966977308225114,adequate
qwen25_vl_lingoqa,Qwen2.5-VL-7B,LingoQA,l2_distance,15,16,non_sdc,5906,75,5906,0,0.0,1.6769025460029003,1.6752146255402338,0.23950512099302418,1.5294559422661276,1.8106223121285439,1.629383811914752,1.7266611788825834,adequate
qwen25_vl_lingoqa,Qwen2.5-VL-7B,LingoQA,l2_distance,15,16,non_significant_sdc,1327,73,1327,0,0.0,1.709868265222703,1.7152841422292922,0.2313116180002138,1.566958681813308,1.838655816472095,1.6654542642911934,1.7518929901291451,adequate
qwen25_vl_lingoqa,Qwen2.5-VL-7B,LingoQA,l2_distance,15,16,significant_sdc,264,57,169,95,0.35984848484848486,1012188009467102.5,2.471202704371238,1.2980642497795172e+16,1.7380861043930054,2.7664277115646674,2.3069096305327736,3642005703887880.5,adequate
qwen25_vl_lingoqa,Qwen2.5-VL-7B,LingoQA,l2_distance,16,17,non_sdc,5906,75,5906,0,0.0,1.7415619566070095,1.7389144822955132,0.2179489129205857,1.6107449997748646,1.837537709209654,1.6984193036781456,1.7858978390750473,adequate
qwen25_vl_lingoqa,Qwen2.5-VL-7B,LingoQA,l2_distance,16,17,non_significant_sdc,1327,73,1327,0,0.0,1.767351601272915,1.7618792454401653,0.21003873772008014,1.6216345179947398,1.8815003380630957,1.7229447126214386,1.8118455587453937,adequate
qwen25_vl_lingoqa,Qwen2.5-VL-7B,LingoQA,l2_distance,16,17,significant_sdc,264,57,169,95,0.35984848484848486,1012188009467102.9,2.518209929368934,1.2980642497795172e+16,1.8866740465164185,3.5846540927886963,2.623116678081752,3475476562045447.5,adequate
qwen25_vl_lingoqa,Qwen2.5-VL-7B,LingoQA,l2_distance,17,18,non_sdc,5906,75,5906,0,0.0,2.2413755393592383,2.2553335513387407,0.2880922531501298,2.0709038603764314,2.415460463506835,2.180838453025915,2.30082257811763,adequate
qwen25_vl_lingoqa,Qwen2.5-VL-7B,LingoQA,l2_distance,17,18,non_significant_sdc,1327,73,1327,0,0.0,2.3054784264852604,2.3478365697358785,0.23830586979029642,2.1825842951473438,2.440208901078212,2.2501928190066547,2.354293674940074,adequate
qwen25_vl_lingoqa,Qwen2.5-VL-7B,LingoQA,l2_distance,17,18,significant_sdc,264,57,164,100,0.3787878787878788,3.151351090667997,3.122618614410867,2.0033190083189925,2.4485823526268913,3.2757954293367817,2.871818126099014,3.559194064485165,adequate
qwen25_vl_lingoqa,Qwen2.5-VL-7B,LingoQA,l2_distance,18,19,non_sdc,5906,75,5906,0,0.0,2.689636513173738,2.7361455158713985,0.35208998506113576,2.5516425322918663,2.8851147505144277,2.6149252755338668,2.764143255934693,adequate
qwen25_vl_lingoqa,Qwen2.5-VL-7B,LingoQA,l2_distance,18,19,non_significant_sdc,1327,73,1327,0,0.0,2.759409995811508,2.783837668597698,0.29599224186409284,2.639630099137624,2.91910108214333,2.6879694887911816,2.8259819719878956,adequate
qwen25_vl_lingoqa,Qwen2.5-VL-7B,LingoQA,l2_distance,18,19,significant_sdc,264,57,158,106,0.4015151515151515,3.852071676687845,3.544153348827849,1.7401869749261645,3.0446320174693486,4.527654549297021,3.5868544851261306,4.248186839688432,adequate
qwen25_vl_lingoqa,Qwen2.5-VL-7B,LingoQA,l2_distance,19,20,non_sdc,5906,75,5906,0,0.0,2.5646581193395215,2.59553072684341,0.3950213991825151,2.3528118911114606,2.77443249921004,2.4792050336985354,2.648241902383541,adequate
qwen25_vl_lingoqa,Qwen2.5-VL-7B,LingoQA,l2_distance,19,20,non_significant_sdc,1327,73,1327,0,0.0,2.6381778258582247,2.655134566128254,0.39000165709171125,2.447233132262161,2.825747186607785,2.5497477668328057,2.7204681293500905,adequate
qwen25_vl_lingoqa,Qwen2.5-VL-7B,LingoQA,l2_distance,19,20,significant_sdc,264,56,156,108,0.40909090909090906,295.3496389143895,3.2224021472087525,3646.6774788813486,2.9084315527053106,3.3671957765306746,3.2153561489478615,993.7102192993367,adequate
qwen25_vl_lingoqa,Qwen2.5-VL-7B,LingoQA,l2_distance,20,21,non_sdc,5906,75,5906,0,0.0,3.444726585376931,3.5014504457965043,0.4723217645886511,3.198409552083296,3.779126402578856,3.3453112873384967,3.543958068623017,adequate
qwen25_vl_lingoqa,Qwen2.5-VL-7B,LingoQA,l2_distance,20,21,non_significant_sdc,1327,73,1327,0,0.0,3.5488304294517516,3.543589102594476,0.4383858337156649,3.329181181059943,3.78679132938385,3.4444923960087572,3.6478707253326,adequate
qwen25_vl_lingoqa,Qwen2.5-VL-7B,LingoQA,l2_distance,20,21,significant_sdc,264,54,154,110,0.41666666666666663,1.7511336417978146e+16,3.997076873876611,2.1730997005225955e+17,3.8810772506558164,5.50889270159663,4.355745971876638,6.060102940154234e+16,adequate
qwen25_vl_lingoqa,Qwen2.5-VL-7B,LingoQA,l2_distance,21,22,non_sdc,5906,75,5906,0,0.0,3.4381197177509413,3.4546610335508983,0.6598475323915229,3.0075871852728038,3.881207505025362,3.298244343444555,3.5771758503613422,adequate
qwen25_vl_lingoqa,Qwen2.5-VL-7B,LingoQA,l2_distance,21,22,non_significant_sdc,1327,73,1327,0,0.0,3.447948626126445,3.406420048545389,0.5948680688338089,3.0309096395969393,3.817969501018524,3.309043726574565,3.5933299543987296,adequate
qwen25_vl_lingoqa,Qwen2.5-VL-7B,LingoQA,l2_distance,21,22,significant_sdc,264,52,151,113,0.428030303030303,1.7860460694297882e+16,4.168349207664023,2.194579623258464e+17,3.85224120227658,8.152333909151505,5.212799487506065,6.176037810655197e+16,adequate
qwen25_vl_lingoqa,Qwen2.5-VL-7B,LingoQA,l2_distance,22,23,non_sdc,5906,75,5906,0,0.0,4.025327070099881,4.051646934856068,0.5775421724064146,3.7302888664934373,4.375030501021279,3.9053721123726195,4.146744166105455,adequate
qwen25_vl_lingoqa,Qwen2.5-VL-7B,LingoQA,l2_distance,22,23,non_significant_sdc,1327,73,1327,0,0.0,4.1016507164697655,4.083107789357503,0.4925061510229112,3.8298965252013435,4.360332461318585,3.981749354779801,4.2203221772823225,adequate
qwen25_vl_lingoqa,Qwen2.5-VL-7B,LingoQA,l2_distance,22,23,significant_sdc,264,52,146,118,0.446969696969697,4517367009192.45,5.158666299313915,42112561843427.57,4.212530364795606,8.24576218274175,5.81580861000713,13912486147585.412,adequate
qwen25_vl_lingoqa,Qwen2.5-VL-7B,LingoQA,l2_distance,23,24,non_sdc,5906,75,5906,0,0.0,3.8725217523815467,3.9535736220223563,0.5269842299411401,3.52493736313449,4.216739679473678,3.762471880043406,3.9787458889922167,adequate
qwen25_vl_lingoqa,Qwen2.5-VL-7B,LingoQA,l2_distance,23,24,non_significant_sdc,1327,73,1327,0,0.0,3.977938007168622,3.946484989590115,0.47771546374642526,3.7099718317389487,4.247170806705178,3.8766150055009074,4.078855969642392,adequate
qwen25_vl_lingoqa,Qwen2.5-VL-7B,LingoQA,l2_distance,23,24,significant_sdc,264,52,144,120,0.4545454545454546,8972782357681.71,3.793001890182495,77485896409184.81,3.64182002082163,7.908319779804774,1772.9505927118907,25250710890630.934,adequate
qwen25_vl_lingoqa,Qwen2.5-VL-7B,LingoQA,l2_distance,24,25,non_sdc,5906,75,5906,0,0.0,4.542800608497831,4.635805877468043,0.6839071186713507,4.22699109175139,5.027533475770599,4.3931959916215755,4.680906073882455,adequate
qwen25_vl_lingoqa,Qwen2.5-VL-7B,LingoQA,l2_distance,24,25,non_significant_sdc,1327,73,1327,0,0.0,4.684893218081586,4.721261395348443,0.5683072164367807,4.4282369276179985,5.025741761145385,4.540610403261775,4.811688640531895,adequate
qwen25_vl_lingoqa,Qwen2.5-VL-7B,LingoQA,l2_distance,24,25,significant_sdc,264,50,139,125,0.4734848484848485,6483985156664.993,5.221646046638488,68277698883608.74,4.156328697593844,5.759636767705281,86637602811.64093,21431711565183.414,adequate
qwen25_vl_lingoqa,Qwen2.5-VL-7B,LingoQA,l2_distance,25,26,non_sdc,5906,75,5906,0,0.0,5.361674134500854,5.263780380277394,0.9815271619381805,4.703429256112952,5.890572224344526,5.163388125913503,5.57050872285963,adequate
qwen25_vl_lingoqa,Qwen2.5-VL-7B,LingoQA,l2_distance,25,26,non_significant_sdc,1327,73,1327,0,0.0,5.472725500441095,5.363936126232147,1.0943970794971727,4.901085708452308,5.862717733663671,5.29579435950182,5.6657049797760335,adequate
qwen25_vl_lingoqa,Qwen2.5-VL-7B,LingoQA,l2_distance,25,26,significant_sdc,264,49,132,132,0.5,643730228949.121,7.7596680826070354,6369461780577.476,5.448940138022104,8.201710662063288,8070297.629412443,2176207045927.5789,adequate
qwen25_vl_lingoqa,Qwen2.5-VL-7B,LingoQA,l2_distance,26,27,non_sdc,5906,75,5906,0,0.0,8.349057837491753,8.481630902541312,1.7772799658377905,7.05053847517286,9.505034745335578,7.986929800263394,8.71077312848156,adequate
qwen25_vl_lingoqa,Qwen2.5-VL-7B,LingoQA,l2_distance,26,27,non_significant_sdc,1327,73,1327,0,0.0,8.853854735420184,8.846572603498187,2.1497184955465043,8.127398868136936,9.517356328964233,8.556884897979247,9.14762504183894,adequate
qwen25_vl_lingoqa,Qwen2.5-VL-7B,LingoQA,l2_distance,26,27,significant_sdc,264,49,126,138,0.5227272727272727,13167116570495.078,29.225722429703694,129859314094382.47,9.758157800634702,30.623045094159185,24.226139411286702,45007382827812.04,adequate
internvl3_lingoqa,InternVL3-8B,LingoQA,cos_sim,0,1,non_sdc,5762,75,5762,0,0.0,0.807998786365719,0.8094549819827079,0.03987605959864875,0.782636290623082,0.8337973952293396,0.799483535893051,0.8165256787894184,adequate
internvl3_lingoqa,InternVL3-8B,LingoQA,cos_sim,0,1,non_significant_sdc,1293,70,1293,0,0.0,0.7969490700642472,0.7985148184439715,0.03542428337431437,0.7784791173356952,0.8219969415664673,0.7897327642451327,0.8039722668627166,adequate
internvl3_lingoqa,InternVL3-8B,LingoQA,cos_sim,0,1,significant_sdc,433,75,424,9,0.020785219399538146,0.2711480568298844,0.2610127629370106,0.08764179335242302,0.24916306837480895,0.274420611180213,0.2609728100673699,0.282049070554834,adequate
internvl3_lingoqa,InternVL3-8B,LingoQA,cos_sim,1,2,non_sdc,5762,75,5762,0,0.0,0.7405707058417067,0.7404568570631521,0.053304251956702936,0.702507774417217,0.7723854459249057,0.7298586612689252,0.7517805362717555,adequate
internvl3_lingoqa,InternVL3-8B,LingoQA,cos_sim,1,2,non_significant_sdc,1293,70,1293,0,0.0,0.7220844767563753,0.7234617156140944,0.04763863824871986,0.691569559276104,0.7465549260377884,0.7126042568667768,0.7321699791236446,adequate
internvl3_lingoqa,InternVL3-8B,LingoQA,cos_sim,1,2,significant_sdc,433,75,414,19,0.04387990762124716,0.10757576050610132,0.09232406063499499,0.0874227575440611,0.08625541574188642,0.10188386585487395,0.0981858529257243,0.11885929232483314,adequate
internvl3_lingoqa,InternVL3-8B,LingoQA,cos_sim,2,3,non_sdc,5762,75,5762,0,0.0,0.6874706652563584,0.6868815503337167,0.06986821570458772,0.6307614463217118,0.7397875102857748,0.6728461595760082,0.7018684194573117,adequate
internvl3_lingoqa,InternVL3-8B,LingoQA,cos_sim,2,3,non_significant_sdc,1293,70,1293,0,0.0,0.6628101253320374,0.6647812090814114,0.0624241295324367,0.6148563131042148,0.7047082092612982,0.6489574035852248,0.6773735281980798,adequate
internvl3_lingoqa,InternVL3-8B,LingoQA,cos_sim,2,3,significant_sdc,433,74,405,28,0.0646651270207852,0.07816238195315678,0.05991715660356745,0.08369455304682723,0.051274486000136454,0.07247034042161338,0.06911940280488198,0.08928389971088818,adequate
internvl3_lingoqa,InternVL3-8B,LingoQA,cos_sim,3,4,non_sdc,5762,75,5762,0,0.0,0.7823649836100104,0.7873348407447338,0.046225259808974906,0.7564643811095845,0.8134746828249523,0.7730359850831885,0.791640766012057,adequate
internvl3_lingoqa,InternVL3-8B,LingoQA,cos_sim,3,4,non_significant_sdc,1293,70,1293,0,0.0,0.768229537563494,0.770649631023407,0.04094268582046887,0.741315466662248,0.7958219158649444,0.7598216422937131,0.7766051453731865,adequate
internvl3_lingoqa,InternVL3-8B,LingoQA,cos_sim,3,4,significant_sdc,433,75,399,34,0.07852193995381063,0.4201791350615281,0.43971265153009065,0.10445400975291935,0.43129362561264817,0.4461549575231513,0.4089537585160051,0.4311336240796179,adequate
internvl3_lingoqa,InternVL3-8B,LingoQA,cos_sim,4,5,non_sdc,5762,75,5762,0,0.0,0.7356812361417076,0.7324558451123859,0.05940289556362004,0.6991317702664269,0.7744562001455397,0.7230382557204832,0.7481921694467453,adequate
internvl3_lingoqa,InternVL3-8B,LingoQA,cos_sim,4,5,non_significant_sdc,1293,70,1293,0,0.0,0.7175929419922561,0.7178809009492397,0.05323052444469171,0.6872775759547949,0.7515565485789858,0.7059402461928733,0.7292786391591665,adequate
internvl3_lingoqa,InternVL3-8B,LingoQA,cos_sim,4,5,significant_sdc,433,75,387,46,0.10623556581986138,0.2878232889958134,0.3015592590886719,0.08798758646668019,0.2928053043326553,0.3104727037098943,0.27876103958239257,0.2973778392914407,adequate
internvl3_lingoqa,InternVL3-8B,LingoQA,cos_sim,5,6,non_sdc,5762,75,5762,0,0.0,0.777736981704397,0.779789112508297,0.04446813913293252,0.746502358127724,0.8072693109512329,0.7681150515965386,0.7871848254519775,adequate
internvl3_lingoqa,InternVL3-8B,LingoQA,cos_sim,5,6,non_significant_sdc,1293,70,1293,0,0.0,0.7625067563673652,0.7631480002403259,0.037926732273385354,0.7367819507916769,0.7895049723711881,0.7540982032301751,0.7709725340526891,adequate
internvl3_lingoqa,InternVL3-8B,LingoQA,cos_sim,5,6,significant_sdc,433,75,378,55,0.12702078521939952,0.21632136078811967,0.23178000124741574,0.15569219465881884,0.2195374906367185,0.24650551758858621,0.19974731242782115,0.23275270022639244,adequate
internvl3_lingoqa,InternVL3-8B,LingoQA,cos_sim,6,7,non_sdc,5762,75,5762,0,0.0,0.6311089382208582,0.6335193663835526,0.0717706955917623,0.5813388874133428,0.6778206110000611,0.6161474272311309,0.646399433896858,adequate
internvl3_lingoqa,InternVL3-8B,LingoQA,cos_sim,6,7,non_significant_sdc,1293,70,1293,0,0.0,0.6092704464594891,0.6167299437981385,0.062304538542984844,0.563075764612718,0.6553903967142105,0.5951768480869843,0.6235153886791996,adequate
internvl3_lingoqa,InternVL3-8B,LingoQA,cos_sim,6,7,significant_sdc,433,75,366,67,0.15473441108545039,0.22268538906623583,0.2307450658812815,0.08490103382838264,0.2158718010296627,0.24674376666697923,0.21267266380385172,0.23305514813322106,adequate
internvl3_lingoqa,InternVL3-8B,LingoQA,cos_sim,7,8,non_sdc,5762,75,5762,0,0.0,0.6632781836462865,0.6617407890466543,0.06762912202027108,0.613471001959764,0.7114893678914417,0.6491124280458496,0.677409596177165,adequate
internvl3_lingoqa,InternVL3-8B,LingoQA,cos_sim,7,8,non_significant_sdc,1293,70,1293,0,0.0,0.6468378826608813,0.6468196702003479,0.05714815489997267,0.610591221600771,0.6893842575095949,0.6347612835370319,0.6590727107715854,adequate
internvl3_lingoqa,InternVL3-8B,LingoQA,cos_sim,7,8,significant_sdc,433,75,362,71,0.16397228637413397,0.12369641112316566,0.1350151000126284,0.10648608472655918,0.12140808817075223,0.1474901589812065,0.11075131376334413,0.13700513089222244,adequate
internvl3_lingoqa,InternVL3-8B,LingoQA,cos_sim,8,9,non_sdc,5762,75,5762,0,0.0,0.7386872763702392,0.74600497986141,0.0554781094428134,0.7013152150267905,0.7740891476472219,0.7268269076299307,0.7500547298486988,adequate
internvl3_lingoqa,InternVL3-8B,LingoQA,cos_sim,8,9,non_significant_sdc,1293,70,1293,0,0.0,0.7311153720988018,0.7392364263534545,0.05151968309093478,0.7004974028095603,0.7665600671487696,0.719273879491897,0.7423885800155526,adequate
internvl3_lingoqa,InternVL3-8B,LingoQA,cos_sim,8,9,significant_sdc,433,75,344,89,0.20554272517321015,0.37654085443280627,0.36651137167093706,0.10954280926372476,0.327461697693382,0.41896066845071556,0.3626995163395046,0.39066980654029226,adequate
internvl3_lingoqa,InternVL3-8B,LingoQA,cos_sim,9,10,non_sdc,5762,75,5762,0,0.0,0.7368459372536674,0.7413300693035125,0.06414246354985313,0.7012116118437715,0.7802984403651296,0.7227201813683755,0.7510199922182991,adequate
internvl3_lingoqa,InternVL3-8B,LingoQA,cos_sim,9,10,non_significant_sdc,1293,70,1293,0,0.0,0.7273439510268777,0.7263770898183187,0.05214336467459959,0.7041707265944708,0.7578379895005908,0.7157820398520005,0.7381952666462377,adequate
internvl3_lingoqa,InternVL3-8B,LingoQA,cos_sim,9,10,significant_sdc,433,75,335,98,0.2263279445727483,0.27599001001120776,0.2916263080373102,0.10561428573943146,0.26445426655058957,0.3093897014552233,0.26269585724439587,0.2903731857236393,adequate
internvl3_lingoqa,InternVL3-8B,LingoQA,cos_sim,10,11,non_sdc,5762,75,5762,0,0.0,0.6958117855084397,0.698376893760666,0.06872551529820504,0.6508424371595566,0.740350271264712,0.6811623335850914,0.7106839369728338,adequate
internvl3_lingoqa,InternVL3-8B,LingoQA,cos_sim,10,11,non_significant_sdc,1293,70,1293,0,0.0,0.6922589077445943,0.6946811059425617,0.06016202116564529,0.6520135709733674,0.7340571209788322,0.6795307189006788,0.7053452376541723,adequate
internvl3_lingoqa,InternVL3-8B,LingoQA,cos_sim,10,11,significant_sdc,433,75,322,111,0.25635103926097,0.06312952102386413,0.10176079408550749,0.16971124477056115,0.07822261853333638,0.11630883887030032,0.04152544897952573,0.08498331795911136,adequate
internvl3_lingoqa,InternVL3-8B,LingoQA,cos_sim,11,12,non_sdc,5762,75,5762,0,0.0,0.6891185938968414,0.6929736852645874,0.06115202236167779,0.6482527766908918,0.7261754708630699,0.6757701812804808,0.701980661389368,adequate
internvl3_lingoqa,InternVL3-8B,LingoQA,cos_sim,11,12,non_significant_sdc,1293,70,1293,0,0.0,0.6892056064531396,0.6874455809593201,0.05232549651265327,0.6531420621004972,0.7207418458802359,0.6780555205966861,0.7007125124611684,adequate
internvl3_lingoqa,InternVL3-8B,LingoQA,cos_sim,11,12,significant_sdc,433,75,314,119,0.2748267898383372,0.07801047730040812,0.04216050511530163,0.11996200166131062,0.021325534627753863,0.08075343969525123,0.06246171181145458,0.09608419643317494,adequate
internvl3_lingoqa,InternVL3-8B,LingoQA,cos_sim,12,13,non_sdc,5762,75,5762,0,0.0,0.7301726510762965,0.7366324663162231,0.054004319179408886,0.6933164298534393,0.7749727048807674,0.7183573157394413,0.741635471270458,adequate
internvl3_lingoqa,InternVL3-8B,LingoQA,cos_sim,12,13,non_significant_sdc,1293,70,1293,0,0.0,0.722083161576903,0.730389251428492,0.050968807832454534,0.6962066132288712,0.7588073886357821,0.7104047381972141,0.7331744996313884,adequate
internvl3_lingoqa,InternVL3-8B,LingoQA,cos_sim,12,13,significant_sdc,433,75,300,133,0.3071593533487298,0.19042740136046674,0.17760815336464011,0.10208496951270359,0.13517228985319332,0.21002206947578458,0.17514197446351684,0.20715547998915107,adequate
internvl3_lingoqa,InternVL3-8B,LingoQA,cos_sim,13,14,non_sdc,5762,75,5762,0,0.0,0.7394774274988626,0.7515741053380465,0.06509325250595084,0.7095911627014478,0.7857370755889199,0.7245923393469316,0.7534037687470386,adequate
internvl3_lingoqa,InternVL3-8B,LingoQA,cos_sim,13,14,non_significant_sdc,1293,70,1293,0,0.0,0.7340493771641787,0.7449022883718665,0.05975040975413713,0.7108404015501341,0.7770155163911673,0.7199561070965825,0.7470877037445383,adequate
internvl3_lingoqa,InternVL3-8B,LingoQA,cos_sim,13,14,significant_sdc,433,75,294,139,0.3210161662817552,0.1642892866747725,0.26749334195438695,0.2384955289910582,0.011091610663855563,0.2855192365847072,0.13473575117066294,0.19345980040329233,adequate
internvl3_lingoqa,InternVL3-8B,LingoQA,cos_sim,14,15,non_sdc,5762,75,5762,0,0.0,0.7404641651386289,0.7479608788572509,0.04762315416876831,0.7050842829141999,0.774868819448683,0.7304904029051486,0.7503237230900249,adequate
internvl3_lingoqa,InternVL3-8B,LingoQA,cos_sim,14,15,non_significant_sdc,1293,70,1293,0,0.0,0.73787376773134,0.7441974528904619,0.045070925953414644,0.7068099956959486,0.7729071544276344,0.7269279388261746,0.7486819418470543,adequate
internvl3_lingoqa,InternVL3-8B,LingoQA,cos_sim,14,15,significant_sdc,433,75,280,153,0.3533487297921478,0.3265720266814134,0.3612408166637226,0.12896687974191826,0.216273697055116,0.4065247549086201,0.3085006036698297,0.3446467830800578,adequate
internvl3_lingoqa,InternVL3-8B,LingoQA,cos_sim,15,16,non_sdc,5762,75,5762,0,0.0,0.6616658736455382,0.6692741298427185,0.07351087233544663,0.6214654681583246,0.7083203720431479,0.6462288941246087,0.6768510467075608,adequate
internvl3_lingoqa,InternVL3-8B,LingoQA,cos_sim,15,16,non_significant_sdc,1293,70,1293,0,0.0,0.6652600064152625,0.6674766563452207,0.06764680109870568,0.6185711642791485,0.7161435037851334,0.6488779009653295,0.6813384738430261,adequate
internvl3_lingoqa,InternVL3-8B,LingoQA,cos_sim,15,16,significant_sdc,433,75,275,158,0.36489607390300227,0.031917934282854755,0.08893772564372238,0.18604503400183475,-0.20573201684319242,0.11988837782255546,0.006586721591620722,0.05800941167563133,adequate
internvl3_lingoqa,InternVL3-8B,LingoQA,cos_sim,16,17,non_sdc,5762,75,5762,0,0.0,0.6329945295688509,0.6363503532484174,0.06643074719594892,0.591629012886967,0.669027749981199,0.6195884260795402,0.646612024944088,adequate
internvl3_lingoqa,InternVL3-8B,LingoQA,cos_sim,16,17,non_significant_sdc,1293,70,1293,0,0.0,0.630746508135019,0.6327154704115607,0.058424880447407575,0.597858343612064,0.6707758083939552,0.618039064004703,0.6425940684863636,adequate
internvl3_lingoqa,InternVL3-8B,LingoQA,cos_sim,16,17,significant_sdc,433,73,252,181,0.418013856812933,0.10536652772344766,0.19517841562628746,0.21891116938013808,-0.14318937245680363,0.2464670148126933,0.07730542367030446,0.13373474930997345,adequate
internvl3_lingoqa,InternVL3-8B,LingoQA,cos_sim,17,18,non_sdc,5762,75,5762,0,0.0,0.6479809717970662,0.6493967113395532,0.06128699245038979,0.6094678229381961,0.6857384589190285,0.6355385195043283,0.6608639533107403,adequate
internvl3_lingoqa,InternVL3-8B,LingoQA,cos_sim,17,18,non_significant_sdc,1293,70,1293,0,0.0,0.6426727835281685,0.6441511579535224,0.056691831256630264,0.6096625097773292,0.6815955564379692,0.6307350568096407,0.6542648157546695,adequate
internvl3_lingoqa,InternVL3-8B,LingoQA,cos_sim,17,18,significant_sdc,433,73,241,192,0.4434180138568129,0.26417973960912644,0.31764667131462876,0.15601520544218656,0.16671806056888736,0.37103188524440844,0.24479814295129923,0.2846713190118089,adequate
internvl3_lingoqa,InternVL3-8B,LingoQA,cos_sim,18,19,non_sdc,5762,75,5762,0,0.0,0.7538303852988327,0.7624131129760492,0.045226459197348065,0.7245712086913132,0.7865900390527465,0.744602809021399,0.7629756207953505,adequate
internvl3_lingoqa,InternVL3-8B,LingoQA,cos_sim,18,19,non_significant_sdc,1293,70,1293,0,0.0,0.7628011602837456,0.7708471417427063,0.040726070627761755,0.7402444829543432,0.7896073961257934,0.7529898583661639,0.7715301161407361,adequate
internvl3_lingoqa,InternVL3-8B,LingoQA,cos_sim,18,19,significant_sdc,433,73,233,200,0.4618937644341802,0.19604875239063482,0.2673941449243195,0.17766693793051402,0.02030607122851878,0.30359767863945086,0.17224195068216577,0.2215707899572679,adequate
internvl3_lingoqa,InternVL3-8B,LingoQA,cos_sim,19,20,non_sdc,5762,75,5762,0,0.0,0.6320181419122699,0.6317525481184323,0.08142398901019492,0.5886607917689759,0.6815136102338631,0.6149079441124676,0.6496564845407414,adequate
internvl3_lingoqa,InternVL3-8B,LingoQA,cos_sim,19,20,non_significant_sdc,1293,70,1293,0,0.0,0.637692180249512,0.6352531455812,0.060583347946820514,0.6055179703235626,0.6787448426087698,0.6238414829313372,0.6507095826504575,adequate
internvl3_lingoqa,InternVL3-8B,LingoQA,cos_sim,19,20,significant_sdc,433,73,217,216,0.4988452655889145,0.13029770408227453,0.20890209829548792,0.2482302233387844,-0.10374881129483787,0.3478439921247108,0.09474150239670741,0.16773405246610654,adequate
internvl3_lingoqa,InternVL3-8B,LingoQA,cos_sim,20,21,non_sdc,5762,75,5762,0,0.0,0.6933540694741448,0.7027591590000235,0.07057001066352339,0.6490395850936572,0.7393316897478971,0.6786382462548575,0.7080075348953268,adequate
internvl3_lingoqa,InternVL3-8B,LingoQA,cos_sim,20,21,non_significant_sdc,1293,70,1293,0,0.0,0.7045154296031253,0.7152245885559491,0.06258598423738823,0.6667410123348236,0.7542845732287357,0.6891172403967072,0.71954903108865,adequate
internvl3_lingoqa,InternVL3-8B,LingoQA,cos_sim,20,21,significant_sdc,433,72,215,218,0.5034642032332564,0.24165578705156826,0.20276070614250338,0.1456358566941293,0.1259375274637524,0.34767525855984005,0.21793731500277036,0.2665777893813537,adequate
internvl3_lingoqa,InternVL3-8B,LingoQA,cos_sim,21,22,non_sdc,5762,75,5762,0,0.0,0.6602447369556561,0.6636542777972991,0.07106760929543063,0.6084132690004826,0.7072400870291811,0.6452811167412831,0.6752003286424645,adequate
internvl3_lingoqa,InternVL3-8B,LingoQA,cos_sim,21,22,non_significant_sdc,1293,70,1293,0,0.0,0.6694603782222808,0.6868436875251623,0.06307829908566889,0.6321581083795299,0.7083214407875424,0.655082351070446,0.6823259254376272,adequate
internvl3_lingoqa,InternVL3-8B,LingoQA,cos_sim,21,22,significant_sdc,433,70,201,232,0.535796766743649,0.09780330787988357,0.08268968046319727,0.12088719407729837,0.0581870543181288,0.09707505309156009,0.07816268449661244,0.12007793439908498,adequate
internvl3_lingoqa,InternVL3-8B,LingoQA,cos_sim,22,23,non_sdc,5762,75,5762,0,0.0,0.7251164976442953,0.7258843719959259,0.05879658540151844,0.6897650139236992,0.761214326257291,0.7125506705644066,0.7380288278384038,adequate
internvl3_lingoqa,InternVL3-8B,LingoQA,cos_sim,22,23,non_significant_sdc,1293,70,1293,0,0.0,0.735104736117888,0.7423632407188415,0.055757601751602937,0.7034100691477457,0.7752543091773987,0.7201653664441855,0.7483276643999374,adequate
internvl3_lingoqa,InternVL3-8B,LingoQA,cos_sim,22,23,significant_sdc,433,69,199,234,0.5404157043879907,0.30071024816778175,0.26101296592731865,0.1236377933340796,0.2544032745823568,0.33030043603206166,0.2821159217678417,0.321314099701851,adequate
internvl3_lingoqa,InternVL3-8B,LingoQA,cos_sim,23,24,non_sdc,5762,75,5762,0,0.0,0.7056112789153329,0.710231442291003,0.05149381928411664,0.6681341813542905,0.7409738078713417,0.6949516003676135,0.7165048169994638,adequate
internvl3_lingoqa,InternVL3-8B,LingoQA,cos_sim,23,24,non_significant_sdc,1293,70,1293,0,0.0,0.7141392189669895,0.7218069647039685,0.046427862935734976,0.6809708898266157,0.7474401387675055,0.7030044138047461,0.7249519871528276,adequate
internvl3_lingoqa,InternVL3-8B,LingoQA,cos_sim,23,24,significant_sdc,433,68,180,253,0.5842956120092379,0.5435593932609404,0.5839517268599297,0.15416439371068322,0.5497320571116038,0.6138599268635925,0.5223051554907285,0.5640901692184932,adequate
internvl3_lingoqa,InternVL3-8B,LingoQA,cos_sim,24,25,non_sdc,5762,75,5762,0,0.0,0.6963621637695723,0.6994265913963318,0.06570573130118526,0.6576834029501135,0.7375024198912656,0.6820893654332283,0.7103692187038648,adequate
internvl3_lingoqa,InternVL3-8B,LingoQA,cos_sim,24,25,non_significant_sdc,1293,70,1293,0,0.0,0.7041196006178421,0.7044461195667585,0.053271184521652505,0.6676548248843143,0.7411931768441812,0.6916470687921837,0.7160883669626866,adequate
internvl3_lingoqa,InternVL3-8B,LingoQA,cos_sim,24,25,significant_sdc,433,67,163,270,0.6235565819861432,0.4793977369158512,0.5338942432890132,0.13938629448496617,0.4546200672582704,0.5453550310767427,0.46008167837040154,0.499026707596741,adequate
internvl3_lingoqa,InternVL3-8B,LingoQA,cos_sim,25,26,non_sdc,5762,75,5762,0,0.0,0.8104738202562377,0.8171144038438798,0.050951448677289214,0.781130010431463,0.8437211710214615,0.7994441957961275,0.8211635344761975,adequate
internvl3_lingoqa,InternVL3-8B,LingoQA,cos_sim,25,26,non_significant_sdc,1293,70,1293,0,0.0,0.8127206447051384,0.8179363443933684,0.04537180574365567,0.7962577087538583,0.842927468234095,0.8032216458570429,0.8212465607749072,adequate
internvl3_lingoqa,InternVL3-8B,LingoQA,cos_sim,25,26,significant_sdc,433,66,160,273,0.6304849884526559,0.3661852260608434,0.3260761706196532,0.16512848525789156,0.2634368360954888,0.44565403187761504,0.33975459469897706,0.3956171689596533,adequate
internvl3_lingoqa,InternVL3-8B,LingoQA,cos_sim,26,27,non_sdc,5762,75,5762,0,0.0,0.966061275084402,0.9688311931159761,0.015167302681042093,0.9616617220640182,0.9741924650246098,0.9627165538941775,0.968993612890316,adequate
internvl3_lingoqa,InternVL3-8B,LingoQA,cos_sim,26,27,non_significant_sdc,1293,70,1293,0,0.0,0.9648872407315142,0.9666948165212359,0.02502910440513447,0.9615857526659966,0.9720148473978043,0.9624390603002022,0.9671768351037525,adequate
internvl3_lingoqa,InternVL3-8B,LingoQA,cos_sim,26,27,significant_sdc,433,61,146,287,0.6628175519630485,0.454551650020006,0.4357234455493032,0.21683022976033292,0.33229387156209167,0.5213569843647431,0.4141610102023269,0.4989569792821739,adequate
internvl3_lingoqa,InternVL3-8B,LingoQA,abs_mean_diff,0,1,non_sdc,5762,75,5762,0,0.0,0.014842195976095094,0.014910471895497969,0.0022051094227467636,0.013169111817010812,0.01634546741288865,0.014468890646229395,0.015225894400303084,adequate
internvl3_lingoqa,InternVL3-8B,LingoQA,abs_mean_diff,0,1,non_significant_sdc,1293,70,1293,0,0.0,0.01471510487997835,0.014697065334767103,0.0021929551022674735,0.013196788445514227,0.01598426139053817,0.014265819731936595,0.01516888318127442,adequate
internvl3_lingoqa,InternVL3-8B,LingoQA,abs_mean_diff,0,1,significant_sdc,433,75,424,9,0.020785219399538146,6.965587523290609e+29,0.02141700143574224,1.1537699641719078e+31,0.020685227640087202,0.02214857400394976,3.3374651739156428e+28,1.9540860608993704e+30,adequate
internvl3_lingoqa,InternVL3-8B,LingoQA,abs_mean_diff,1,2,non_sdc,5762,75,5762,0,0.0,0.008677256133989066,0.008528795537792823,0.0021412330212596965,0.0071963086957111955,0.009674552046427769,0.008265978896646648,0.009109581130397185,adequate
internvl3_lingoqa,InternVL3-8B,LingoQA,abs_mean_diff,1,2,non_significant_sdc,1293,70,1293,0,0.0,0.008841535026165748,0.008576555116830961,0.002390623626009128,0.0072473691856990066,0.009749754877041349,0.008309374759444188,0.009459994078741771,adequate
internvl3_lingoqa,InternVL3-8B,LingoQA,abs_mean_diff,1,2,significant_sdc,433,75,414,19,0.04387990762124716,4.598302601868848e+28,0.002071711044682532,6.71536124032021e+29,0.0017440832714189073,0.0027889780206035593,1.977255858412803e+23,1.2025313491541337e+29,adequate
internvl3_lingoqa,InternVL3-8B,LingoQA,abs_mean_diff,2,3,non_sdc,5762,75,5762,0,0.0,0.008440720330475257,0.008369633806869387,0.002559104701950265,0.006848638893903366,0.00961113751400262,0.008003537757685919,0.008924209148330496,adequate
internvl3_lingoqa,InternVL3-8B,LingoQA,abs_mean_diff,2,3,non_significant_sdc,1293,70,1293,0,0.0,0.008923754336684344,0.008760729136185781,0.0022999891635122004,0.007546782924328,0.010107750638521143,0.008481851068170945,0.009401832568580641,adequate
internvl3_lingoqa,InternVL3-8B,LingoQA,abs_mean_diff,2,3,significant_sdc,433,74,405,28,0.0646651270207852,1.4834686407662809e+29,0.016752279040460685,2.1401474952054315e+30,0.01562860590044637,0.018077697490855138,7.722270685246469e+25,3.921281811098312e+29,adequate
internvl3_lingoqa,InternVL3-8B,LingoQA,abs_mean_diff,3,4,non_sdc,5762,75,5762,0,0.0,0.012766711418189478,0.012560145663363593,0.003152415462945885,0.01058667900864608,0.014568463608251384,0.012223465204139248,0.013325717822006587,adequate
internvl3_lingoqa,InternVL3-8B,LingoQA,abs_mean_diff,3,4,non_significant_sdc,1293,70,1293,0,0.0,0.012326465660689694,0.012179603477796683,0.003131735581648555,0.010521807995003959,0.013740619080827424,0.011724344125563993,0.013023223086459772,adequate
internvl3_lingoqa,InternVL3-8B,LingoQA,abs_mean_diff,3,4,significant_sdc,433,75,399,34,0.07852193995381063,1.750514022226615e+29,0.03573377367717271,3.3606048122541804e+30,0.03457220733208506,0.03647548121837329,9.172620668847708e+25,5.214704188885526e+29,adequate
internvl3_lingoqa,InternVL3-8B,LingoQA,abs_mean_diff,4,5,non_sdc,5762,75,5762,0,0.0,0.012007412294901546,0.011795392612615311,0.0022696618123159698,0.010504752319927016,0.013259115434872607,0.011614055819616984,0.012406052325409313,adequate
internvl3_lingoqa,InternVL3-8B,LingoQA,abs_mean_diff,4,5,non_significant_sdc,1293,70,1293,0,0.0,0.012248123450685218,0.011818122894813618,0.002609382359555709,0.010575123030044462,0.013765504638500074,0.011741842075667528,0.01278215843441901,adequate
internvl3_lingoqa,InternVL3-8B,LingoQA,abs_mean_diff,4,5,significant_sdc,433,75,387,46,0.10623556581986138,2.2701260593037503e+28,0.01745725791350159,3.8766964218899484e+29,0.014199538104122087,0.019757679948697284,532454592.09071994,6.478679778334636e+28,adequate
internvl3_lingoqa,InternVL3-8B,LingoQA,abs_mean_diff,5,6,non_sdc,5762,75,5762,0,0.0,0.012790385614040136,0.01220433285459876,0.003201550883378833,0.010313343981073963,0.014771024862836515,0.012228201257505287,0.013396264564145473,adequate
internvl3_lingoqa,InternVL3-8B,LingoQA,abs_mean_diff,5,6,non_significant_sdc,1293,70,1293,0,0.0,0.013886904462586301,0.013262514863163233,0.0034721656910369878,0.01131255186295935,0.01631247578964879,0.013156255895565851,0.01459432364992437,adequate
internvl3_lingoqa,InternVL3-8B,LingoQA,abs_mean_diff,5,6,significant_sdc,433,75,378,55,0.12702078521939952,2.297964121850996e+30,0.04813991855278763,4.463252815947286e+31,0.043189332110104055,0.05146337098118906,2.148261956575097e+26,7.152077963285373e+30,adequate
internvl3_lingoqa,InternVL3-8B,LingoQA,abs_mean_diff,6,7,non_sdc,5762,75,5762,0,0.0,0.015739725184809844,0.015417948798535185,0.003507725751254329,0.013182719150790945,0.01796396727577838,0.015143392823177941,0.01638862015538481,adequate
internvl3_lingoqa,InternVL3-8B,LingoQA,abs_mean_diff,6,7,non_significant_sdc,1293,70,1293,0,0.0,0.015934759503727372,0.015150760692593298,0.004152661150163576,0.013307687790074851,0.017921931052114815,0.015091053579951608,0.016863113825864914,adequate
internvl3_lingoqa,InternVL3-8B,LingoQA,abs_mean_diff,6,7,significant_sdc,433,75,366,67,0.15473441108545039,1.9610188806500732e+30,0.015099645440219616,3.639872083662588e+31,0.014013907606048244,0.016357836897998135,1.033863697305116e+28,6.051378858282865e+30,adequate
internvl3_lingoqa,InternVL3-8B,LingoQA,abs_mean_diff,7,8,non_sdc,5762,75,5762,0,0.0,0.016500965152772197,0.015972678526304664,0.004196949759590625,0.013580572279170155,0.019295776102115355,0.015695256603646957,0.01733147322407259,adequate
internvl3_lingoqa,InternVL3-8B,LingoQA,abs_mean_diff,7,8,non_significant_sdc,1293,70,1293,0,0.0,0.017078026848232418,0.016610354713823956,0.0040781281923778,0.01419703068677336,0.01978745560960046,0.01623980845882923,0.01789043943756907,adequate
internvl3_lingoqa,InternVL3-8B,LingoQA,abs_mean_diff,7,8,significant_sdc,433,75,362,71,0.16397228637413397,2.077182191903653e+29,0.03353465069144755,1.9234908982861604e+30,0.03061184010525443,0.03565955211465456,4.517563455177192e+28,4.262189744392018e+29,adequate
internvl3_lingoqa,InternVL3-8B,LingoQA,abs_mean_diff,8,9,non_sdc,5762,75,5762,0,0.0,0.020186409338905927,0.019512434266507627,0.004894181124226987,0.01658246960907586,0.023382477648556232,0.01926514291509733,0.021139275570604712,adequate
internvl3_lingoqa,InternVL3-8B,LingoQA,abs_mean_diff,8,9,non_significant_sdc,1293,70,1293,0,0.0,0.01974463553742016,0.019060425100509416,0.005035680548855398,0.01623229871297048,0.022390966769307852,0.018666639258141427,0.02089512730006506,adequate
internvl3_lingoqa,InternVL3-8B,LingoQA,abs_mean_diff,8,9,significant_sdc,433,75,344,89,0.20554272517321015,1.0302912653942798e+29,0.018988245347400706,1.3927785766771488e+30,0.015531516781822796,0.022209567738915508,6.249957412528673e+26,2.6164916513846482e+29,adequate
internvl3_lingoqa,InternVL3-8B,LingoQA,abs_mean_diff,9,10,non_sdc,5762,75,5762,0,0.0,0.01976144057348499,0.019239786990747826,0.00507681303064827,0.016045074477525696,0.022773550070026734,0.01881305336959975,0.020748470076335738,adequate
internvl3_lingoqa,InternVL3-8B,LingoQA,abs_mean_diff,9,10,non_significant_sdc,1293,70,1293,0,0.0,0.020635424466082464,0.01952759195410181,0.005663230313672548,0.016987153117290953,0.02323045685294677,0.019456968326519088,0.021930974471136178,adequate
internvl3_lingoqa,InternVL3-8B,LingoQA,abs_mean_diff,9,10,significant_sdc,433,75,335,98,0.2263279445727483,5.868473172370422e+29,0.04153371965797732,1.035939622735278e+31,0.03220876765779543,0.04660548799794775,2.348352952222228e+27,1.7784533750603545e+30,adequate
internvl3_lingoqa,InternVL3-8B,LingoQA,abs_mean_diff,10,11,non_sdc,5762,75,5762,0,0.0,0.01753016137513071,0.017287975296838787,0.003575595365277892,0.015319650527089834,0.019571819493735564,0.01693045676493193,0.018129792967717526,adequate
internvl3_lingoqa,InternVL3-8B,LingoQA,abs_mean_diff,10,11,non_significant_sdc,1293,70,1293,0,0.0,0.018369558637257772,0.01777515315140287,0.004333864913888391,0.015566738878583742,0.020602040321983654,0.017482012127721755,0.01926456760553902,adequate
internvl3_lingoqa,InternVL3-8B,LingoQA,abs_mean_diff,10,11,significant_sdc,433,75,322,111,0.25635103926097,3.4165209239329803e+28,0.02550831303352072,6.0236776071087456e+29,0.021401427016826347,0.028408194478715256,4.400362790476955e+25,1.0922563994102004e+29,adequate
internvl3_lingoqa,InternVL3-8B,LingoQA,abs_mean_diff,11,12,non_sdc,5762,75,5762,0,0.0,0.019084351607357396,0.01852276807650924,0.0045122961562898195,0.016057980681867583,0.021976973221171647,0.01825485660222405,0.01992245645601858,adequate
internvl3_lingoqa,InternVL3-8B,LingoQA,abs_mean_diff,11,12,non_significant_sdc,1293,70,1293,0,0.0,0.018790092201257505,0.01820134803710971,0.0045415588890847965,0.015672973311587197,0.02101780975326186,0.017929519110220456,0.01970674926334366,adequate
internvl3_lingoqa,InternVL3-8B,LingoQA,abs_mean_diff,11,12,significant_sdc,433,75,314,119,0.2748267898383372,1.5129072195413746e+28,0.058141613996834776,1.6487877363265348e+29,0.021145359773963347,0.06224811075454844,1.4020661724248333e+27,3.6954785542500574e+28,adequate
internvl3_lingoqa,InternVL3-8B,LingoQA,abs_mean_diff,12,13,non_sdc,5762,75,5762,0,0.0,0.02172834547614358,0.020895462724621647,0.005688482198598421,0.01730261681797473,0.025220582645167324,0.02067851986817669,0.022844198374888918,adequate
internvl3_lingoqa,InternVL3-8B,LingoQA,abs_mean_diff,12,13,non_significant_sdc,1293,70,1293,0,0.0,0.021428750745780337,0.020546294058914536,0.005572675654394085,0.017757891677320004,0.024854602217674257,0.02037468152515031,0.022560900450328093,adequate
internvl3_lingoqa,InternVL3-8B,LingoQA,abs_mean_diff,12,13,significant_sdc,433,75,300,133,0.3071593533487298,7.693491360125003e+28,0.025958368846937557,1.2714030089731323e+30,0.018894634393699542,0.030942884803635582,0.02266631090834959,2.395627951543381e+29,adequate
internvl3_lingoqa,InternVL3-8B,LingoQA,abs_mean_diff,13,14,non_sdc,5762,75,5762,0,0.0,0.022967559792628957,0.02190898946788539,0.006424426262244241,0.018413828333209762,0.026563452467373745,0.021839015808420067,0.024140837010625946,adequate
internvl3_lingoqa,InternVL3-8B,LingoQA,abs_mean_diff,13,14,non_significant_sdc,1293,70,1293,0,0.0,0.021641545496685257,0.020368973233936622,0.0062507351296557465,0.017321021747634266,0.024163633944805373,0.02037037671292571,0.023073247033479138,adequate
internvl3_lingoqa,InternVL3-8B,LingoQA,abs_mean_diff,13,14,significant_sdc,433,75,294,139,0.3210161662817552,5.505165512861096e+28,0.023940911090086996,8.230068301738273e+29,0.02298479065969016,0.025339841299775838,9.62766367823473e+25,1.6123371944009057e+29,adequate
internvl3_lingoqa,InternVL3-8B,LingoQA,abs_mean_diff,14,15,non_sdc,5762,75,5762,0,0.0,0.020514757611397788,0.01990616386782546,0.005476763958119046,0.01662097214623528,0.022751580477536965,0.01955083990369724,0.021580267716988413,adequate
internvl3_lingoqa,InternVL3-8B,LingoQA,abs_mean_diff,14,15,non_significant_sdc,1293,70,1293,0,0.0,0.020797198874083433,0.02007832214109261,0.00514057507983832,0.017483220527148142,0.02284631901420653,0.019855954628042207,0.021843549383044152,adequate
internvl3_lingoqa,InternVL3-8B,LingoQA,abs_mean_diff,14,15,significant_sdc,433,75,280,153,0.3533487297921478,8.235298482803792e+25,0.01791034078662645,1.3780290094277305e+27,0.012017019178566277,0.024846788567053725,0.01658461876244609,2.6916928893210838e+26,adequate
internvl3_lingoqa,InternVL3-8B,LingoQA,abs_mean_diff,15,16,non_sdc,5762,75,5762,0,0.0,0.024402209634836254,0.023493208504956346,0.006779386785026826,0.02016862601158209,0.026776129916084537,0.023145035219035225,0.025831148317896117,adequate
internvl3_lingoqa,InternVL3-8B,LingoQA,abs_mean_diff,15,16,non_significant_sdc,1293,70,1293,0,0.0,0.02321044495017221,0.02244727819925174,0.005059324549181623,0.019454698566169965,0.026642586153824456,0.022333948410288792,0.024126670087127225,adequate
internvl3_lingoqa,InternVL3-8B,LingoQA,abs_mean_diff,15,16,significant_sdc,433,75,275,158,0.36489607390300227,1.618310773667477e+28,0.02302346706428394,2.1465644058385376e+29,0.007487627190575764,0.027032405717716534,0.020398610139075686,4.5900377741691465e+28,adequate
internvl3_lingoqa,InternVL3-8B,LingoQA,abs_mean_diff,16,17,non_sdc,5762,75,5762,0,0.0,0.026612127597436787,0.025505916315625474,0.007482331213330881,0.021005637719054168,0.031017701850611378,0.025229400247842086,0.028108159617133643,adequate
internvl3_lingoqa,InternVL3-8B,LingoQA,abs_mean_diff,16,17,non_significant_sdc,1293,70,1293,0,0.0,0.025017201824868798,0.02366360105574131,0.006084552386911142,0.02053113923674183,0.028709893596048155,0.023874846474906668,0.02629605309171215,adequate
internvl3_lingoqa,InternVL3-8B,LingoQA,abs_mean_diff,16,17,significant_sdc,433,73,252,181,0.418013856812933,4.9526035290722285e+28,0.01521116937273087,6.190623032249114e+29,0.006482395124906788,0.020267298231915046,1.4988012624582193e+19,1.3601013870563764e+29,adequate
internvl3_lingoqa,InternVL3-8B,LingoQA,abs_mean_diff,17,18,non_sdc,5762,75,5762,0,0.0,0.03222155370435466,0.03211694350466132,0.0077726890027317655,0.025958522302348033,0.03709948487495157,0.030846409515871906,0.033601341720220855,adequate
internvl3_lingoqa,InternVL3-8B,LingoQA,abs_mean_diff,17,18,non_significant_sdc,1293,70,1293,0,0.0,0.03214872403884719,0.0319831221076172,0.007537729694561766,0.026144362268193316,0.03624389385643961,0.030602628140169574,0.03376145055606692,adequate
internvl3_lingoqa,InternVL3-8B,LingoQA,abs_mean_diff,17,18,significant_sdc,433,73,241,192,0.4434180138568129,3.740567154243971e+29,0.01944669497636508,4.7999711022713e+30,0.005567874455330323,0.024820441503685956,0.019429354731868312,1.0989342049023947e+30,adequate
internvl3_lingoqa,InternVL3-8B,LingoQA,abs_mean_diff,18,19,non_sdc,5762,75,5762,0,0.0,0.04022943479428416,0.03820076886719714,0.012713035721291704,0.0315314227147169,0.0457503482300256,0.03791350648024447,0.042750370541020676,adequate
internvl3_lingoqa,InternVL3-8B,LingoQA,abs_mean_diff,18,19,non_significant_sdc,1293,70,1293,0,0.0,0.040508778673057695,0.03879356347024441,0.012045574382822156,0.03148993290960789,0.045364991304706094,0.03804199649476802,0.04322321613585769,adequate
internvl3_lingoqa,InternVL3-8B,LingoQA,abs_mean_diff,18,19,significant_sdc,433,73,233,200,0.4618937644341802,3.4680338731704275e+28,0.0524234938321217,4.560775547564298e+29,0.04582139170177433,0.062149938005878,7.93920343553004e+26,9.742958316684586e+28,adequate
internvl3_lingoqa,InternVL3-8B,LingoQA,abs_mean_diff,19,20,non_sdc,5762,75,5762,0,0.0,0.04098761579155341,0.040015701110990315,0.01254627367341094,0.031662064843112604,0.04802598471287638,0.03878020057492609,0.043310929136376936,adequate
internvl3_lingoqa,InternVL3-8B,LingoQA,abs_mean_diff,19,20,non_significant_sdc,1293,70,1293,0,0.0,0.04121189107144064,0.039845852247838466,0.011738473762419896,0.03223048574451742,0.04769166046753526,0.03878454976771663,0.04380875691552399,adequate
internvl3_lingoqa,InternVL3-8B,LingoQA,abs_mean_diff,19,20,significant_sdc,433,73,217,216,0.4988452655889145,9.06297762075986e+28,0.017264584991700794,1.3338133181835604e+30,0.011350777608399488,0.024872327285191537,0.02382881076742082,2.86141358133112e+29,adequate
internvl3_lingoqa,InternVL3-8B,LingoQA,abs_mean_diff,20,21,non_sdc,5762,75,5762,0,0.0,0.04251124400992444,0.0414640748873353,0.012748076032128077,0.03312119854672346,0.04908784723025746,0.04010108433872348,0.04493203382773995,adequate
internvl3_lingoqa,InternVL3-8B,LingoQA,abs_mean_diff,20,21,non_significant_sdc,1293,70,1293,0,0.0,0.04245686210834256,0.04001056435315505,0.013308437770058077,0.03299221449664661,0.04766518747367497,0.03988385248623797,0.04531634451480833,adequate
internvl3_lingoqa,InternVL3-8B,LingoQA,abs_mean_diff,20,21,significant_sdc,433,72,215,218,0.5034642032332564,7.158387613145544e+28,0.018688394345951324,6.46983311717909e+29,0.01195624697839423,0.032529771677650345,2.663804269922297e+27,1.6070874568630204e+29,adequate
internvl3_lingoqa,InternVL3-8B,LingoQA,abs_mean_diff,21,22,non_sdc,5762,75,5762,0,0.0,0.05021528149851384,0.048708188033197077,0.013966001076276402,0.03977411018152322,0.05801882647018839,0.04775876475120589,0.052890043290474226,adequate
internvl3_lingoqa,InternVL3-8B,LingoQA,abs_mean_diff,21,22,non_significant_sdc,1293,70,1293,0,0.0,0.05059552815319217,0.04871990501414984,0.014856148503755344,0.04058129220668759,0.05822701793460345,0.04713055283785941,0.05428393412785688,adequate
internvl3_lingoqa,InternVL3-8B,LingoQA,abs_mean_diff,21,22,significant_sdc,433,70,201,232,0.535796766743649,1.806804521511667e+29,0.03850987072729943,2.3541736372106798e+30,0.034402989041136235,0.07532815104920645,31.692243704764728,5.299869157097679e+29,adequate
internvl3_lingoqa,InternVL3-8B,LingoQA,abs_mean_diff,22,23,non_sdc,5762,75,5762,0,0.0,0.05145251570816614,0.049552636892601316,0.011971478155450967,0.0422649968426082,0.05836728956550359,0.04919808950507106,0.05380656824008425,adequate
internvl3_lingoqa,InternVL3-8B,LingoQA,abs_mean_diff,22,23,non_significant_sdc,1293,70,1293,0,0.0,0.05066704515739432,0.04940519407736482,0.01187464801109157,0.04203315218910575,0.056191456504166126,0.048243942858234516,0.053319169079925566,adequate
internvl3_lingoqa,InternVL3-8B,LingoQA,abs_mean_diff,22,23,significant_sdc,433,69,199,234,0.5404157043879907,8.776765093120104e+27,0.024763146391594593,1.2381150792419298e+29,0.00857145932255959,0.04914421574186693,0.035857589809283955,2.646327656865001e+28,adequate
internvl3_lingoqa,InternVL3-8B,LingoQA,abs_mean_diff,23,24,non_sdc,5762,75,5762,0,0.0,0.056001311535055165,0.05458734018935098,0.012692265571695834,0.04715568551586734,0.06254266806045602,0.053755091679382784,0.05845986890743138,adequate
internvl3_lingoqa,InternVL3-8B,LingoQA,abs_mean_diff,23,24,non_significant_sdc,1293,70,1293,0,0.0,0.055548962856682385,0.054023185412266424,0.012267818951614095,0.04643512978509534,0.06227493318526641,0.05331180438581144,0.057878277523926366,adequate
internvl3_lingoqa,InternVL3-8B,LingoQA,abs_mean_diff,23,24,significant_sdc,433,68,180,253,0.5842956120092379,9.460378279578968e+28,0.0363023277866293,6.588573072733709e+29,0.03147532388910043,0.11102948740732912,1.2132419415306993e+28,2.0244721791771343e+29,adequate
internvl3_lingoqa,InternVL3-8B,LingoQA,abs_mean_diff,24,25,non_sdc,5762,75,5762,0,0.0,0.06992957397912808,0.066284118918702,0.021065392689537592,0.0565611195717273,0.07826419533971189,0.06636960986631356,0.07379469918079475,adequate
internvl3_lingoqa,InternVL3-8B,LingoQA,abs_mean_diff,24,25,non_significant_sdc,1293,70,1293,0,0.0,0.06614740236611708,0.06286254907026886,0.01723401877661325,0.05478073538352664,0.07413088288158179,0.06322226358260206,0.06953772086251382,adequate
internvl3_lingoqa,InternVL3-8B,LingoQA,abs_mean_diff,24,25,significant_sdc,433,67,163,270,0.6235565819861432,9.339695472064285e+26,0.054474541632344525,1.1924117961709297e+28,0.049537441617220034,0.18071231527291998,29532660839.420307,3.004678345946801e+27,adequate
internvl3_lingoqa,InternVL3-8B,LingoQA,abs_mean_diff,25,26,non_sdc,5762,75,5762,0,0.0,0.08522162690965761,0.08171740895393642,0.0251346430095458,0.0683572744924782,0.09798412623153031,0.08074642631364647,0.08967988301424276,adequate
internvl3_lingoqa,InternVL3-8B,LingoQA,abs_mean_diff,25,26,non_significant_sdc,1293,70,1293,0,0.0,0.07996535689004132,0.07677941783057417,0.024337541238070977,0.06339941556299371,0.09248466650024056,0.07596174023023525,0.08440278574958839,adequate
internvl3_lingoqa,InternVL3-8B,LingoQA,abs_mean_diff,25,26,significant_sdc,433,66,160,273,0.6304849884526559,1.2063581798113644e+27,0.035730134543715694,1.5259358088713103e+28,0.024493637409213245,0.06171401985255735,0.06082307419002259,4.049314169995986e+27,adequate
internvl3_lingoqa,InternVL3-8B,LingoQA,abs_mean_diff,26,27,non_sdc,5762,75,5762,0,0.0,0.11813459377231054,0.11568373405311164,0.0293084068611838,0.09619031946307846,0.13508380058779412,0.11263439588810333,0.12386030861207485,adequate
internvl3_lingoqa,InternVL3-8B,LingoQA,abs_mean_diff,26,27,non_significant_sdc,1293,70,1293,0,0.0,0.11750587646004639,0.11591123104095459,0.030117405165329434,0.09650262162089347,0.1343223646815334,0.11265575323994433,0.12266187441140053,adequate
internvl3_lingoqa,InternVL3-8B,LingoQA,abs_mean_diff,26,27,significant_sdc,433,61,146,287,0.6628175519630485,1.6344973232480266e+28,0.2405737105528919,1.4074486022427587e+29,0.21028061389771044,0.29688688812359254,2636473005800.438,4.3479463288659e+28,adequate
internvl3_lingoqa,InternVL3-8B,LingoQA,abs_std_diff,0,1,non_sdc,5762,75,5762,0,0.0,0.06170568938592701,0.06098301625914044,0.00504612020772507,0.05806676658891862,0.06453354395925999,0.06066356770164711,0.06279604251329222,adequate
internvl3_lingoqa,InternVL3-8B,LingoQA,abs_std_diff,0,1,non_significant_sdc,1293,70,1293,0,0.0,0.06040179507045912,0.06003526761196554,0.004360705728240422,0.057957407946770005,0.06301350203844217,0.05953319720780527,0.061260636850138064,adequate
internvl3_lingoqa,InternVL3-8B,LingoQA,abs_std_diff,0,1,significant_sdc,433,75,424,9,0.020785219399538146,6.370628118498352e+30,0.016057244521014546,1.02530592409275e+32,0.015324291982212844,0.017001769524447773,2.88698222727879e+29,1.753095882383269e+31,adequate
internvl3_lingoqa,InternVL3-8B,LingoQA,abs_std_diff,1,2,non_sdc,5762,75,5762,0,0.0,0.024822643464551496,0.024383585722673507,0.0035793565955703345,0.02228673643642856,0.027199056232348084,0.0241887549486734,0.025453984276921013,adequate
internvl3_lingoqa,InternVL3-8B,LingoQA,abs_std_diff,1,2,non_significant_sdc,1293,70,1293,0,0.0,0.025247932424233555,0.025131764606787607,0.003691103319886492,0.022548139941963283,0.028037253944646744,0.024426751243809504,0.026030956020215892,adequate
internvl3_lingoqa,InternVL3-8B,LingoQA,abs_std_diff,1,2,significant_sdc,433,75,414,19,0.04387990762124716,2.705243501748299e+29,0.009890328218438188,3.8737703059399326e+30,0.008690766324954375,0.011003138611511308,2.9530393571009686e+24,6.858094773566833e+29,adequate
internvl3_lingoqa,InternVL3-8B,LingoQA,abs_std_diff,2,3,non_sdc,5762,75,5762,0,0.0,0.02101632033055291,0.021193293971009552,0.0033850753154357482,0.018357067989806335,0.02352113159079301,0.020400431055352716,0.021616209539806103,adequate
internvl3_lingoqa,InternVL3-8B,LingoQA,abs_std_diff,2,3,non_significant_sdc,1293,70,1293,0,0.0,0.020884818499392298,0.020866891524444025,0.003252382573677554,0.01879675453528762,0.02276507079601288,0.02028137457001735,0.021458046192819193,adequate
internvl3_lingoqa,InternVL3-8B,LingoQA,abs_std_diff,2,3,significant_sdc,433,74,405,28,0.0646651270207852,1.6058581767727836e+30,0.02299769906973352,2.304993663508753e+31,0.021785277949303995,0.024493042607696688,5.621423694004031e+26,4.263879875100284e+30,adequate
internvl3_lingoqa,InternVL3-8B,LingoQA,abs_std_diff,3,4,non_sdc,5762,75,5762,0,0.0,0.043405156921005765,0.04362440266107258,0.0066429793834760515,0.03917819054590331,0.047923396682794786,0.04219796649140301,0.04459194416686878,adequate
internvl3_lingoqa,InternVL3-8B,LingoQA,abs_std_diff,3,4,non_significant_sdc,1293,70,1293,0,0.0,0.04540708523283687,0.0461572694281737,0.007030035821300617,0.04127080096253034,0.04931499374409517,0.04397146862498573,0.04673657180780023,adequate
internvl3_lingoqa,InternVL3-8B,LingoQA,abs_std_diff,3,4,significant_sdc,433,75,399,34,0.07852193995381063,1.1066315638005118e+30,0.026827640375312493,2.087470060098702e+31,0.02530333186898913,0.02885187006726557,1.1538973553814418e+27,3.272810820507e+30,adequate
internvl3_lingoqa,InternVL3-8B,LingoQA,abs_std_diff,4,5,non_sdc,5762,75,5762,0,0.0,0.04027642522586741,0.03985373079776764,0.007881301236691585,0.03436664362316546,0.045556713671214805,0.03884695708076036,0.041760138399570025,adequate
internvl3_lingoqa,InternVL3-8B,LingoQA,abs_std_diff,4,5,non_significant_sdc,1293,70,1293,0,0.0,0.041600149972484624,0.04140102071687579,0.006590793927613392,0.037252161119665415,0.04574668139983446,0.04032976942563222,0.04284392964232502,adequate
internvl3_lingoqa,InternVL3-8B,LingoQA,abs_std_diff,4,5,significant_sdc,433,75,387,46,0.10623556581986138,2.8369107572192433e+29,0.03758876709913721,3.417002628120824e+30,0.03575512249859012,0.04011521161514886,2082698868.308303,6.499194970169148e+29,adequate
internvl3_lingoqa,InternVL3-8B,LingoQA,abs_std_diff,5,6,non_sdc,5762,75,5762,0,0.0,0.022975751880795023,0.022028955693979908,0.006246709912470339,0.01927781105041504,0.024960076212882997,0.021774056165268767,0.02437600840720107,adequate
internvl3_lingoqa,InternVL3-8B,LingoQA,abs_std_diff,5,6,non_significant_sdc,1293,70,1293,0,0.0,0.022071099176663143,0.02115729096389952,0.005513844089624038,0.018673846125602724,0.0242366224527359,0.021046131609971166,0.023179379576201763,adequate
internvl3_lingoqa,InternVL3-8B,LingoQA,abs_std_diff,5,6,significant_sdc,433,75,378,55,0.12702078521939952,1.378187566652431e+31,0.033670434006014646,2.6682322462770813e+32,0.027302042942266076,0.039208171585080574,1.2367667890811479e+27,4.264384533777678e+31,adequate
internvl3_lingoqa,InternVL3-8B,LingoQA,abs_std_diff,6,7,non_sdc,5762,75,5762,0,0.0,0.024345836752524004,0.024141489062458277,0.004321901962166018,0.021396729808587294,0.027142904000356793,0.02360737289055397,0.02507427313230397,adequate
internvl3_lingoqa,InternVL3-8B,LingoQA,abs_std_diff,6,7,non_significant_sdc,1293,70,1293,0,0.0,0.02436887728898066,0.02395330635564668,0.00525495842020278,0.02116759717464447,0.026600974527272312,0.023315638230821317,0.025540592844955114,adequate
internvl3_lingoqa,InternVL3-8B,LingoQA,abs_std_diff,6,7,significant_sdc,433,75,366,67,0.15473441108545039,8.502353195613535e+30,0.0433324784496609,1.52666889011428e+32,0.04075091913798634,0.04584234378927825,1.1183829146137304e+29,2.5336450212146553e+31,adequate
internvl3_lingoqa,InternVL3-8B,LingoQA,abs_std_diff,7,8,non_sdc,5762,75,5762,0,0.0,0.03310138158128781,0.03201521196890445,0.0071267368204481225,0.027990639209747314,0.036658376814764845,0.03176337253736704,0.03457224742343238,adequate
internvl3_lingoqa,InternVL3-8B,LingoQA,abs_std_diff,7,8,non_significant_sdc,1293,70,1293,0,0.0,0.031828865692302886,0.030453139916062355,0.0060044944858101594,0.02728601369787665,0.03533565142640361,0.030660171062158622,0.03303373842066495,adequate
internvl3_lingoqa,InternVL3-8B,LingoQA,abs_std_diff,7,8,significant_sdc,433,75,362,71,0.16397228637413397,4.663041563952179e+30,0.05663027819626186,6.332138673300663e+31,0.05358793145539809,0.06107549095640377,2.1710154059007813e+29,1.2143520759162153e+31,adequate
internvl3_lingoqa,InternVL3-8B,LingoQA,abs_std_diff,8,9,non_sdc,5762,75,5762,0,0.0,0.0346430549896065,0.03423236161470413,0.006322865774984408,0.03041787329932739,0.0387345705802242,0.03345376562474266,0.035859444648421356,adequate
internvl3_lingoqa,InternVL3-8B,LingoQA,abs_std_diff,8,9,non_significant_sdc,1293,70,1293,0,0.0,0.03347232252399348,0.03311118483543396,0.007127281636869308,0.02905808630827311,0.03701339662075043,0.0321869046076457,0.03488152204270246,adequate
internvl3_lingoqa,InternVL3-8B,LingoQA,abs_std_diff,8,9,significant_sdc,433,75,344,89,0.20554272517321015,9.676810585941014e+29,0.04610902694415073,1.162709718501813e+31,0.04153436209474291,0.05407131524110327,5.936772137874591e+27,2.2725529523425896e+30,adequate
internvl3_lingoqa,InternVL3-8B,LingoQA,abs_std_diff,9,10,non_sdc,5762,75,5762,0,0.0,0.036545745930350496,0.03556735455989837,0.00855769688328215,0.03041086449391312,0.04183570668101311,0.03490362010102622,0.038249137558681555,adequate
internvl3_lingoqa,InternVL3-8B,LingoQA,abs_std_diff,9,10,non_significant_sdc,1293,70,1293,0,0.0,0.035861554372936824,0.03502836963161826,0.00896962085185237,0.02878846451640129,0.042919160081790045,0.0337423944091171,0.037974890017057825,adequate
internvl3_lingoqa,InternVL3-8B,LingoQA,abs_std_diff,9,10,significant_sdc,433,75,335,98,0.2263279445727483,3.9664285632434577e+30,0.0449526349500734,6.97331521093174e+31,0.03968408042374923,0.050740690635783334,3.062778984209452e+28,1.1813824101748407e+31,adequate
internvl3_lingoqa,InternVL3-8B,LingoQA,abs_std_diff,10,11,non_sdc,5762,75,5762,0,0.0,0.026928527971916062,0.02689754504423875,0.005593474504319801,0.023301961045298313,0.029892902076244354,0.025937375314200463,0.02794609841912668,adequate
internvl3_lingoqa,InternVL3-8B,LingoQA,abs_std_diff,10,11,non_significant_sdc,1293,70,1293,0,0.0,0.026300792960405755,0.02620016783475876,0.0059643519780639715,0.021871523867393362,0.030039000511169433,0.025191349907819884,0.027473283764699832,adequate
internvl3_lingoqa,InternVL3-8B,LingoQA,abs_std_diff,10,11,significant_sdc,433,75,322,111,0.25635103926097,1.326380966425018e+30,0.07173327934377047,2.341436012639701e+31,0.06560656428337097,0.07585623248347215,4.7332776043208344e+26,4.1519255442172944e+30,adequate
internvl3_lingoqa,InternVL3-8B,LingoQA,abs_std_diff,11,12,non_sdc,5762,75,5762,0,0.0,0.026235643126422546,0.025350417264483192,0.0059156355802003745,0.022316120765530145,0.0297525477680293,0.025221404804013997,0.02727497086493851,adequate
internvl3_lingoqa,InternVL3-8B,LingoQA,abs_std_diff,11,12,non_significant_sdc,1293,70,1293,0,0.0,0.025983161203729892,0.0250482466958818,0.00614995974471379,0.02168149959582549,0.030027441680431366,0.024673806426195016,0.027306802014725733,adequate
internvl3_lingoqa,InternVL3-8B,LingoQA,abs_std_diff,11,12,significant_sdc,433,75,314,119,0.2748267898383372,1.6583070686991177e+29,0.022872608839249124,1.7405823637064434e+30,0.02157842922879725,0.03025460041755316,1.522783301412813e+28,3.8093757892704515e+29,adequate
internvl3_lingoqa,InternVL3-8B,LingoQA,abs_std_diff,12,13,non_sdc,5762,75,5762,0,0.0,0.03371059880141338,0.031746903291115396,0.011022070417679632,0.025674730016474138,0.040660493034455514,0.03155853839798533,0.03597517382543326,adequate
internvl3_lingoqa,InternVL3-8B,LingoQA,abs_std_diff,12,13,non_significant_sdc,1293,70,1293,0,0.0,0.030700725198286188,0.028519086837768555,0.008527094194665887,0.024314487086875097,0.03652910025496232,0.028919943150493024,0.03259779973890592,adequate
internvl3_lingoqa,InternVL3-8B,LingoQA,abs_std_diff,12,13,significant_sdc,433,75,300,133,0.3071593533487298,7.95680274439193e+29,0.07239097037485667,1.3128379910062883e+31,0.06632959485358123,0.08179907865670262,0.0891689651782864,2.4573505195200573e+30,adequate
internvl3_lingoqa,InternVL3-8B,LingoQA,abs_std_diff,13,14,non_sdc,5762,75,5762,0,0.0,0.030592728365920103,0.029710705835549606,0.007433604438028133,0.025104643205801646,0.03498804364353418,0.02918627632821807,0.03204578370131166,adequate
internvl3_lingoqa,InternVL3-8B,LingoQA,abs_std_diff,13,14,non_significant_sdc,1293,70,1293,0,0.0,0.02961598583359082,0.028366323094815016,0.007297965807277821,0.02431982457637787,0.0333317294716835,0.02797162341342181,0.03145847779808888,adequate
internvl3_lingoqa,InternVL3-8B,LingoQA,abs_std_diff,13,14,significant_sdc,433,75,294,139,0.3210161662817552,6.213699466682987e+29,0.03235062439830936,9.025459238606695e+30,0.029826460596250028,0.04981137698098105,6.093660244953998e+27,1.766663557019693e+30,adequate
internvl3_lingoqa,InternVL3-8B,LingoQA,abs_std_diff,14,15,non_sdc,5762,75,5762,0,0.0,0.02949666327490331,0.028504616484559816,0.007852468682204808,0.023747897148132323,0.0343996842645786,0.0280475523206123,0.030957411295727703,adequate
internvl3_lingoqa,InternVL3-8B,LingoQA,abs_std_diff,14,15,non_significant_sdc,1293,70,1293,0,0.0,0.027952793252224332,0.02686349692798796,0.007601392265033266,0.022827165282290916,0.03276290354274568,0.026230759165997937,0.02967002721376106,adequate
internvl3_lingoqa,InternVL3-8B,LingoQA,abs_std_diff,14,15,significant_sdc,433,75,280,153,0.3533487297921478,1.1126040639526316e+27,0.041711588295138616,1.8617426913370585e+28,0.03557685694220115,0.11587566498438923,0.0678892615453174,3.5671275332832466e+27,adequate
internvl3_lingoqa,InternVL3-8B,LingoQA,abs_std_diff,15,16,non_sdc,5762,75,5762,0,0.0,0.03488370128499671,0.03281380572626667,0.01134490622431379,0.027226351015269757,0.03981580804162598,0.03257744266518708,0.03738983808989179,adequate
internvl3_lingoqa,InternVL3-8B,LingoQA,abs_std_diff,15,16,non_significant_sdc,1293,70,1293,0,0.0,0.03456042745799848,0.032567266246368146,0.010795178231369164,0.02745199700196584,0.040361060414995466,0.03229963453242987,0.03692034213564552,adequate
internvl3_lingoqa,InternVL3-8B,LingoQA,abs_std_diff,15,16,significant_sdc,433,75,275,158,0.36489607390300227,1.5858883582217947e+29,0.028375520694012543,1.8046390750725881e+30,0.022627656557122056,0.127425879468115,0.0680807210192916,4.2504286301900784e+29,adequate
internvl3_lingoqa,InternVL3-8B,LingoQA,abs_std_diff,16,17,non_sdc,5762,75,5762,0,0.0,0.03578367622152049,0.032680443591541715,0.012444391702979991,0.02781517690136319,0.042647404166368336,0.033402116635573485,0.03841072935210749,adequate
internvl3_lingoqa,InternVL3-8B,LingoQA,abs_std_diff,16,17,non_significant_sdc,1293,70,1293,0,0.0,0.03382585922402963,0.032062227527300514,0.011884260750300602,0.02594272109369437,0.03822225001123217,0.03124951288536841,0.036647476523881985,adequate
internvl3_lingoqa,InternVL3-8B,LingoQA,abs_std_diff,16,17,significant_sdc,433,73,252,181,0.418013856812933,6.702528218338908e+29,0.10331159807285484,7.988895942317839e+30,0.09199323573586891,0.12611308129390283,3.1064351004854977e+20,1.7839375831154647e+30,adequate
internvl3_lingoqa,InternVL3-8B,LingoQA,abs_std_diff,17,18,non_sdc,5762,75,5762,0,0.0,0.06287769739886978,0.061102275550365445,0.014736089685687738,0.05153076996883521,0.07306909009015986,0.06010554350776648,0.06577273754996178,adequate
internvl3_lingoqa,InternVL3-8B,LingoQA,abs_std_diff,17,18,non_significant_sdc,1293,70,1293,0,0.0,0.059857442040273504,0.05778037942945957,0.014254052432477182,0.04880970535856305,0.06883115383485953,0.05672251301059796,0.06311758457572396,adequate
internvl3_lingoqa,InternVL3-8B,LingoQA,abs_std_diff,17,18,significant_sdc,433,73,241,192,0.4434180138568129,8.06733203299625e+30,0.0772281949009214,1.040911474629037e+32,0.06529435424172149,0.24591469369372543,0.13060756804873638,2.2858118616239653e+31,adequate
internvl3_lingoqa,InternVL3-8B,LingoQA,abs_std_diff,18,19,non_sdc,5762,75,5762,0,0.0,0.07057877743096606,0.06981157801217502,0.019454172178728812,0.055585207151515145,0.08346548431685993,0.06673131416770986,0.07450515580923439,adequate
internvl3_lingoqa,InternVL3-8B,LingoQA,abs_std_diff,18,19,non_significant_sdc,1293,70,1293,0,0.0,0.06420493911240965,0.060988928432817814,0.018892221085102964,0.049168374803331166,0.07787813175292242,0.06042939166147513,0.0683910045568073,adequate
internvl3_lingoqa,InternVL3-8B,LingoQA,abs_std_diff,18,19,significant_sdc,433,73,233,200,0.4618937644341802,4.136924024490371e+29,0.07304566916154355,5.307953513325429e+30,0.04904749259656789,0.1430321968331629,1.2567201409140878e+28,1.171996628231407e+30,adequate
internvl3_lingoqa,InternVL3-8B,LingoQA,abs_std_diff,19,20,non_sdc,5762,75,5762,0,0.0,0.059823159487645695,0.05755506888741539,0.01690387246196304,0.046282289425532024,0.07150484621524811,0.05655427373247113,0.06315476888573876,adequate
internvl3_lingoqa,InternVL3-8B,LingoQA,abs_std_diff,19,20,non_significant_sdc,1293,70,1293,0,0.0,0.057080818325754235,0.055447585525966826,0.016141393820862108,0.04606249928474426,0.06395419197423118,0.05362274416262651,0.06078055971560733,adequate
internvl3_lingoqa,InternVL3-8B,LingoQA,abs_std_diff,19,20,significant_sdc,433,73,217,216,0.4988452655889145,7.307862853235506e+29,0.08124445074675035,1.0747823346071305e+31,0.04414163073714899,0.19305264280766857,0.12908563765753098,2.2738431534797307e+30,adequate
internvl3_lingoqa,InternVL3-8B,LingoQA,abs_std_diff,20,21,non_sdc,5762,75,5762,0,0.0,0.11332550343548826,0.1129596568812612,0.02634128854901936,0.09654224677277463,0.12924717348955927,0.10812625639518954,0.11859379807240278,adequate
internvl3_lingoqa,InternVL3-8B,LingoQA,abs_std_diff,20,21,non_significant_sdc,1293,70,1293,0,0.0,0.11192516150075772,0.11084205098450184,0.02345422486459629,0.09553733926552993,0.12515573389828205,0.10761930144810744,0.11634388099883325,adequate
internvl3_lingoqa,InternVL3-8B,LingoQA,abs_std_diff,20,21,significant_sdc,433,72,215,218,0.5034642032332564,1.2002712029384692e+30,0.20220187914614773,1.3169647456776316e+31,0.18774396515622432,0.22197642983222493,4.468462217334997e+28,3.1413955905039725e+30,adequate
internvl3_lingoqa,InternVL3-8B,LingoQA,abs_std_diff,21,22,non_sdc,5762,75,5762,0,0.0,0.10206338414328894,0.09693813625545729,0.041802260009997955,0.06895782829572758,0.12621005926103818,0.0934910465863782,0.11106565314836321,adequate
internvl3_lingoqa,InternVL3-8B,LingoQA,abs_std_diff,21,22,non_significant_sdc,1293,70,1293,0,0.0,0.08781293046403635,0.08100299672646956,0.038012068436427585,0.059008072529520304,0.10779912054538726,0.07876067719541512,0.09805569425078851,adequate
internvl3_lingoqa,InternVL3-8B,LingoQA,abs_std_diff,21,22,significant_sdc,433,70,201,232,0.535796766743649,2.2461720239312055e+30,0.2351822475997769,3.0163456940767185e+31,0.1917757607844411,0.4848989248275757,327.9984797817735,6.738516071793617e+30,adequate
internvl3_lingoqa,InternVL3-8B,LingoQA,abs_std_diff,22,23,non_sdc,5762,75,5762,0,0.0,0.1198206217322586,0.11897350461394698,0.03248968427144316,0.09281522304647498,0.14548139026538925,0.11325793308496271,0.1264731410157339,adequate
internvl3_lingoqa,InternVL3-8B,LingoQA,abs_std_diff,22,23,non_significant_sdc,1293,70,1293,0,0.0,0.1265419974055337,0.12371356212175809,0.030345204525211823,0.10158098841968335,0.14670641874444895,0.11918767023616998,0.13365077863268884,adequate
internvl3_lingoqa,InternVL3-8B,LingoQA,abs_std_diff,22,23,significant_sdc,433,69,199,234,0.5404157043879907,6.62367610535908e+28,0.03330332831460602,9.343845003312214e+29,0.021433479019573758,0.09203415257590157,0.0686472026502512,2.0281252380025086e+29,adequate
internvl3_lingoqa,InternVL3-8B,LingoQA,abs_std_diff,23,24,non_sdc,5762,75,5762,0,0.0,0.12058635943132072,0.11607695900731616,0.031179350360790326,0.09959648407640911,0.1385823026429052,0.1147042743175163,0.12678349118437537,adequate
internvl3_lingoqa,InternVL3-8B,LingoQA,abs_std_diff,23,24,non_significant_sdc,1293,70,1293,0,0.0,0.12222782717465472,0.11863115170727605,0.03036341770240295,0.1035245272020499,0.13889999501407146,0.11577231743693676,0.1293055332825019,adequate
internvl3_lingoqa,InternVL3-8B,LingoQA,abs_std_diff,23,24,significant_sdc,433,68,180,253,0.5842956120092379,1.4777045984897103e+30,0.15966878223175907,1.2660515289658638e+31,0.15434323783431733,0.23439217221980194,1.4577818695158381e+29,3.592671237578188e+30,adequate
internvl3_lingoqa,InternVL3-8B,LingoQA,abs_std_diff,24,25,non_sdc,5762,75,5762,0,0.0,0.1793477940837752,0.1784232449673471,0.04831111007218047,0.14952561259269714,0.21075515225529673,0.17138436926085027,0.18736247422728639,adequate
internvl3_lingoqa,InternVL3-8B,LingoQA,abs_std_diff,24,25,non_significant_sdc,1293,70,1293,0,0.0,0.17103040005739856,0.1705043004317717,0.03866641951837179,0.147496031721433,0.19316979854003244,0.16275495737125528,0.17976757430266285,adequate
internvl3_lingoqa,InternVL3-8B,LingoQA,abs_std_diff,24,25,significant_sdc,433,67,163,270,0.6235565819861432,1.329824815109864e+28,0.18583617830763058,1.6978061509740223e+29,0.1704857100029381,0.32475796554769787,323035159351.0456,4.1953828249778785e+28,adequate
internvl3_lingoqa,InternVL3-8B,LingoQA,abs_std_diff,25,26,non_sdc,5762,75,5762,0,0.0,0.18721042743488017,0.1763150149749385,0.07336533174247595,0.1323660123679373,0.2369017892249129,0.17260950537572645,0.20281339517737684,adequate
internvl3_lingoqa,InternVL3-8B,LingoQA,abs_std_diff,25,26,non_significant_sdc,1293,70,1293,0,0.0,0.16572565294039632,0.14966658923936926,0.1573281500502488,0.1246105283498764,0.19287702441215515,0.15180613955678837,0.18253603842882551,adequate
internvl3_lingoqa,InternVL3-8B,LingoQA,abs_std_diff,25,26,significant_sdc,433,66,160,273,0.6304849884526559,5.459583053869003e+28,0.31662203432345876,6.905887010033017e+29,0.28188236301042596,0.33201462060821296,0.3705941948416836,1.807310252315169e+29,adequate
internvl3_lingoqa,InternVL3-8B,LingoQA,abs_std_diff,26,27,non_sdc,5762,75,5762,0,0.0,0.30707937550407205,0.29915834652198536,0.09080580052087948,0.24760492146015167,0.36641586763518197,0.28938215507278725,0.3252890596583004,adequate
internvl3_lingoqa,InternVL3-8B,LingoQA,abs_std_diff,26,27,non_significant_sdc,1293,70,1293,0,0.0,0.31230814216384656,0.3087959289550781,0.1421004800171486,0.2453000091371082,0.36040963729222614,0.29543843345464754,0.32992769361483804,adequate
internvl3_lingoqa,InternVL3-8B,LingoQA,abs_std_diff,26,27,significant_sdc,433,61,146,287,0.6628175519630485,1.877503172255954e+29,2.0799022754844354,1.5979460012395834e+30,1.809315791543649,2.213398114759095,11208792954818.867,4.890078692868634e+29,adequate
internvl3_lingoqa,InternVL3-8B,LingoQA,l2_distance,0,1,non_sdc,5762,75,5762,0,0.0,0.7446419434084665,0.7456249632449643,0.03463166668328296,0.7194921898841858,0.7653788522533749,0.7379970252562089,0.7514596812587334,adequate
internvl3_lingoqa,InternVL3-8B,LingoQA,l2_distance,0,1,non_significant_sdc,1293,70,1293,0,0.0,0.748384059841812,0.7435541227459908,0.03564788683497586,0.7218350823968649,0.7747985782722632,0.7412819272434801,0.7554982046690806,adequate
internvl3_lingoqa,InternVL3-8B,LingoQA,l2_distance,0,1,significant_sdc,433,75,418,15,0.034642032332563466,59895052433.32132,1.149423100510422,894003475953.1483,1.1338429207704506,1.1591623425483704,1.1376933108834442,157183425414.38278,adequate
internvl3_lingoqa,InternVL3-8B,LingoQA,l2_distance,1,2,non_sdc,5762,75,5762,0,0.0,0.5292960671086298,0.5309635891633875,0.05246008260197936,0.49923030606337954,0.5663626962773679,0.5179646416667448,0.5402646868384279,adequate
internvl3_lingoqa,InternVL3-8B,LingoQA,l2_distance,1,2,non_significant_sdc,1293,70,1293,0,0.0,0.5468548397104716,0.5477194558171665,0.04807867544494713,0.5145999261966119,0.5801778693993886,0.5360595272209288,0.5567774544175821,adequate
internvl3_lingoqa,InternVL3-8B,LingoQA,l2_distance,1,2,significant_sdc,433,74,408,25,0.05773672055427248,38695076998.37791,1.2230754707540785,781602242446.445,1.2137233453745744,1.2341396060525154,1.1975439930537324,119602965265.18576,adequate
internvl3_lingoqa,InternVL3-8B,LingoQA,l2_distance,2,3,non_sdc,5762,75,5762,0,0.0,0.6972048991634299,0.693669924736023,0.07396191294212881,0.6485013642481395,0.7557657857735952,0.6825240758434399,0.7120807410634344,adequate
internvl3_lingoqa,InternVL3-8B,LingoQA,l2_distance,2,3,non_significant_sdc,1293,70,1293,0,0.0,0.7202633743542294,0.7172085586935282,0.06754961653962487,0.6743028178811074,0.7767155354931241,0.7052655375035863,0.7347731561786371,adequate
internvl3_lingoqa,InternVL3-8B,LingoQA,l2_distance,2,3,significant_sdc,433,74,401,32,0.07390300230946878,1.387405480516822,1.3890993996542327,0.1116808830216379,1.3731706920935183,1.4065551186094478,1.3733533465701517,1.4006636831911972,adequate
internvl3_lingoqa,InternVL3-8B,LingoQA,l2_distance,3,4,non_sdc,5762,75,5762,0,0.0,0.8360247630154725,0.8405381781714303,0.07495728089802772,0.7872553425175803,0.8845191941811488,0.820968861688133,0.8509837035149741,adequate
internvl3_lingoqa,InternVL3-8B,LingoQA,l2_distance,3,4,non_significant_sdc,1293,70,1293,0,0.0,0.8617945002859664,0.8553861094557721,0.06634999841723452,0.817666141986847,0.9041060152507964,0.8490280887868507,0.8749012293942637,adequate
internvl3_lingoqa,InternVL3-8B,LingoQA,l2_distance,3,4,significant_sdc,433,75,393,40,0.09237875288683606,16462687531.824137,1.3195522950620067,326360064538.05237,1.3089813371093906,1.3282300817723176,1.3411989570678093,52600294306.017845,adequate
internvl3_lingoqa,InternVL3-8B,LingoQA,l2_distance,4,5,non_sdc,5762,75,5762,0,0.0,0.8067709390350912,0.8088086070049376,0.07064578036459307,0.7637386560440064,0.8451962496923364,0.791968330127596,0.821550879248978,adequate
internvl3_lingoqa,InternVL3-8B,LingoQA,l2_distance,4,5,non_significant_sdc,1293,70,1293,0,0.0,0.8204766770316063,0.8149796509080462,0.06430784739918176,0.7767626320322355,0.8579209923744202,0.8070778328776631,0.8338940570080351,adequate
internvl3_lingoqa,InternVL3-8B,LingoQA,l2_distance,4,5,significant_sdc,433,75,384,49,0.11316397228637409,16848531770.965418,1.503593770825133,330162446002.0977,1.48946263869198,1.5182513147592545,1.4891686397757917,53176735887.58515,adequate
internvl3_lingoqa,InternVL3-8B,LingoQA,l2_distance,5,6,non_sdc,5762,75,5762,0,0.0,0.8931020232561628,0.8876226462166885,0.08051213788348648,0.8363441971765049,0.9459445710693087,0.8765432913936724,0.910060155000815,adequate
internvl3_lingoqa,InternVL3-8B,LingoQA,l2_distance,5,6,non_significant_sdc,1293,70,1293,0,0.0,0.9106055439999696,0.9046351526464734,0.07243041897088119,0.86248160733117,0.9516653901054746,0.8961865860799327,0.9241356791565073,adequate
internvl3_lingoqa,InternVL3-8B,LingoQA,l2_distance,5,6,significant_sdc,433,75,372,61,0.14087759815242495,1.7690151078593526,1.7609590547425407,0.2598821879000329,1.7359950040676155,1.783214455964614,1.7439038864990397,1.794837254156627,adequate
internvl3_lingoqa,InternVL3-8B,LingoQA,l2_distance,6,7,non_sdc,5762,75,5762,0,0.0,1.0123393935614358,1.0124918533408123,0.0940837406746054,0.9586044850222992,1.0731745532580785,0.9928822248156519,1.0314197060777386,adequate
internvl3_lingoqa,InternVL3-8B,LingoQA,l2_distance,6,7,non_significant_sdc,1293,70,1293,0,0.0,1.0429977572458307,1.0337414264678955,0.0838869191806458,0.9889822478952079,1.0843163297094147,1.025850157285362,1.0610114102157624,adequate
internvl3_lingoqa,InternVL3-8B,LingoQA,l2_distance,6,7,significant_sdc,433,75,361,72,0.16628175519630484,388093792373.127,1.6014104850438176,7373782055059.301,1.5709639167299077,1.6190658564470253,1.5692724164729197,1251002807222.5054,adequate
internvl3_lingoqa,InternVL3-8B,LingoQA,l2_distance,7,8,non_sdc,5762,75,5762,0,0.0,1.215787028109791,1.2156547542129243,0.10236801809628356,1.154910856982072,1.2822080942300649,1.1947719097488592,1.2358445968790115,adequate
internvl3_lingoqa,InternVL3-8B,LingoQA,l2_distance,7,8,non_significant_sdc,1293,70,1293,0,0.0,1.2114117007539182,1.209709794748397,0.09248942343352196,1.153407006263733,1.2593774271011353,1.1928324153648686,1.2302945412544042,adequate
internvl3_lingoqa,InternVL3-8B,LingoQA,l2_distance,7,8,significant_sdc,433,75,352,81,0.18706697459584298,398016645019.4548,2.095546250440637,7467454177846.722,2.0580382611678574,2.117778461806628,2.0330125941408097,1254737424290.6257,adequate
internvl3_lingoqa,InternVL3-8B,LingoQA,l2_distance,8,9,non_sdc,5762,75,5762,0,0.0,1.3744464442457158,1.37580057233572,0.12200380139285569,1.2986655018546365,1.4514388989976474,1.3494832306789468,1.3993984290733166,adequate
internvl3_lingoqa,InternVL3-8B,LingoQA,l2_distance,8,9,non_significant_sdc,1293,70,1293,0,0.0,1.3602223322104567,1.365983927791769,0.12141599008584901,1.2781877420669379,1.4345069918139228,1.332507158899918,1.3879493157297464,adequate
internvl3_lingoqa,InternVL3-8B,LingoQA,l2_distance,8,9,significant_sdc,433,75,339,94,0.2170900692840647,1.9290559138240033,1.8757372705303892,0.3715507724520528,1.7975259605719118,1.9425872321031532,1.8910961197866816,1.9706853731192095,adequate
internvl3_lingoqa,InternVL3-8B,LingoQA,l2_distance,9,10,non_sdc,5762,75,5762,0,0.0,1.265380579223056,1.2622055333593618,0.13132313260908826,1.17917874345073,1.3445686268806458,1.2377299331099751,1.2936467631107333,adequate
internvl3_lingoqa,InternVL3-8B,LingoQA,l2_distance,9,10,non_significant_sdc,1293,70,1293,0,0.0,1.2747495703759117,1.2647786771549898,0.11755366978509196,1.2020896131342107,1.3322651949193742,1.250158731298468,1.300566374553144,adequate
internvl3_lingoqa,InternVL3-8B,LingoQA,l2_distance,9,10,significant_sdc,433,75,328,105,0.2424942263279446,1.642210993698332,1.5804388523101807,0.3366474248152519,1.532232640349135,1.6165734486920493,1.6098501497096842,1.6807170453267772,adequate
internvl3_lingoqa,InternVL3-8B,LingoQA,l2_distance,10,11,non_sdc,5762,75,5762,0,0.0,1.2113951971966728,1.2046240544319153,0.10877134210872284,1.1385863494032469,1.283940542827953,1.188625291648587,1.2341749784548401,adequate
internvl3_lingoqa,InternVL3-8B,LingoQA,l2_distance,10,11,non_significant_sdc,1293,70,1293,0,0.0,1.217974900080752,1.2021716870367527,0.10349596149505823,1.1546640827738006,1.2664388796178305,1.1971664728062312,1.2403888292050442,adequate
internvl3_lingoqa,InternVL3-8B,LingoQA,l2_distance,10,11,significant_sdc,433,75,318,115,0.2655889145496536,2.2131725471066526,2.2846261141251545,0.27311732219763446,2.244347302889337,2.3247051719500096,2.1823209796399223,2.2433892210254087,adequate
internvl3_lingoqa,InternVL3-8B,LingoQA,l2_distance,11,12,non_sdc,5762,75,5762,0,0.0,1.2161139815739457,1.2101192513534,0.11132695874408575,1.146475144795009,1.2913094368474236,1.192571320301594,1.2392914234148757,adequate
internvl3_lingoqa,InternVL3-8B,LingoQA,l2_distance,11,12,non_significant_sdc,1293,70,1293,0,0.0,1.2160807060077745,1.2089670896530151,0.10023288545636184,1.154962318284171,1.2733881622552872,1.1964092887053221,1.2364418895907867,adequate
internvl3_lingoqa,InternVL3-8B,LingoQA,l2_distance,11,12,significant_sdc,433,75,309,124,0.28637413394919164,2.142598198697023,2.3457393159671707,0.46811748567623873,1.9044215202331543,2.369191836337654,2.0905242072833508,2.1937398519653417,adequate
internvl3_lingoqa,InternVL3-8B,LingoQA,l2_distance,12,13,non_sdc,5762,75,5762,0,0.0,1.4475467750721334,1.4511205878500877,0.1461387794210138,1.3432710062373767,1.5403636768460274,1.4168608033967265,1.4793475329213548,adequate
internvl3_lingoqa,InternVL3-8B,LingoQA,l2_distance,12,13,non_significant_sdc,1293,70,1293,0,0.0,1.443338693521703,1.4327405524253845,0.11819629851296486,1.3635366834126985,1.513430979516771,1.4168182846046096,1.4702122309852068,adequate
internvl3_lingoqa,InternVL3-8B,LingoQA,l2_distance,12,13,significant_sdc,433,75,298,135,0.31177829099307164,2.3612037465871833,2.5388670332577763,0.4534510069589742,2.1071916279744127,2.58705443508771,2.3094485957613125,2.410534122575735,adequate
internvl3_lingoqa,InternVL3-8B,LingoQA,l2_distance,13,14,non_sdc,5762,75,5762,0,0.0,1.3488003443451935,1.3327055644989014,0.14270558236426154,1.2496975436806679,1.437465756650894,1.3198141116605548,1.3788187256957205,adequate
internvl3_lingoqa,InternVL3-8B,LingoQA,l2_distance,13,14,non_significant_sdc,1293,70,1293,0,0.0,1.3164896104182608,1.2919593168341594,0.13387160621684455,1.2365481361098911,1.3813830216725667,1.2867153620781593,1.3499664527773343,adequate
internvl3_lingoqa,InternVL3-8B,LingoQA,l2_distance,13,14,significant_sdc,433,75,290,143,0.3302540415704388,2.0854369438490425,2.0724717475930037,0.2884923521880773,2.0448678446059323,2.1055561985288347,2.0536513928135887,2.118410827777889,adequate
internvl3_lingoqa,InternVL3-8B,LingoQA,l2_distance,14,15,non_sdc,5762,75,5762,0,0.0,1.436820520593447,1.4213760507468023,0.13400395182962188,1.3348947142603442,1.533326299754025,1.4096056869092748,1.4639316836821172,adequate
internvl3_lingoqa,InternVL3-8B,LingoQA,l2_distance,14,15,non_significant_sdc,1293,70,1293,0,0.0,1.4033654195039669,1.386292391809924,0.11466678093555752,1.3291953139834933,1.485871496407882,1.3803791245361656,1.4279001839113017,adequate
internvl3_lingoqa,InternVL3-8B,LingoQA,l2_distance,14,15,significant_sdc,433,75,279,154,0.3556581986143187,2.081278491367507,2.097710990175909,0.35498779878366093,1.9194075404381266,2.1795897617632027,2.0443012140960364,2.120599013649197,adequate
internvl3_lingoqa,InternVL3-8B,LingoQA,l2_distance,15,16,non_sdc,5762,75,5762,0,0.0,1.5141491018760542,1.4850927283987403,0.1634413992697662,1.4054559971156872,1.5913602411746979,1.4803023308741015,1.549876671464871,adequate
internvl3_lingoqa,InternVL3-8B,LingoQA,l2_distance,15,16,non_significant_sdc,1293,70,1293,0,0.0,1.48574112632289,1.465421591202418,0.1390545105400149,1.392785632610321,1.5561069390353035,1.456800140660335,1.5155866575123407,adequate
internvl3_lingoqa,InternVL3-8B,LingoQA,l2_distance,15,16,significant_sdc,433,75,272,161,0.371824480369515,2.2365155502337983,2.256474432896595,0.3885982739035306,2.045538132288018,2.3049645484710224,2.194451959727179,2.281900676437118,adequate
internvl3_lingoqa,InternVL3-8B,LingoQA,l2_distance,16,17,non_sdc,5762,75,5762,0,0.0,1.6256176861550058,1.599482201223303,0.18460135324682872,1.4971513986587524,1.7409888631419133,1.586506309999125,1.6661348111877043,adequate
internvl3_lingoqa,InternVL3-8B,LingoQA,l2_distance,16,17,non_significant_sdc,1293,70,1293,0,0.0,1.5769610336019477,1.5584736168384552,0.16025166423196885,1.478401229299348,1.6605683635262882,1.5399251301887307,1.6159915943325982,adequate
internvl3_lingoqa,InternVL3-8B,LingoQA,l2_distance,16,17,significant_sdc,433,73,248,185,0.4272517321016166,2.2574990594907534,2.3004662868927936,0.5687530180933942,1.7941444339800854,2.4107086999075755,2.189869817864755,2.3280509734183332,adequate
internvl3_lingoqa,InternVL3-8B,LingoQA,l2_distance,17,18,non_sdc,5762,75,5762,0,0.0,2.0946670465145516,2.088807465283425,0.18227237062362475,1.9656788960590468,2.2206838972079828,2.058359421313362,2.1323861558033057,adequate
internvl3_lingoqa,InternVL3-8B,LingoQA,l2_distance,17,18,non_significant_sdc,1293,70,1293,0,0.0,2.06646803571757,2.050354763865471,0.18303127395791738,1.9418458044528961,2.1786469004370947,2.025913642143344,2.1090748412102607,adequate
internvl3_lingoqa,InternVL3-8B,LingoQA,l2_distance,17,18,significant_sdc,433,73,239,194,0.44803695150115475,67447148288.18529,2.6020564205792485,1042707608599.7695,2.5127231977423845,2.7125421300226327,2.6248639625742265,211177315813.65198,adequate
internvl3_lingoqa,InternVL3-8B,LingoQA,l2_distance,18,19,non_sdc,5762,75,5762,0,0.0,2.3677511992972584,2.3526184530485246,0.1995444060477126,2.2129687070846558,2.487832418332497,2.3269314018457044,2.4090818691765095,adequate
internvl3_lingoqa,InternVL3-8B,LingoQA,l2_distance,18,19,non_significant_sdc,1293,70,1293,0,0.0,2.3053547714463423,2.2878746619591346,0.18105831461726313,2.1877301707863808,2.3998756790161133,2.2697128344732054,2.3459727851747125,adequate
internvl3_lingoqa,InternVL3-8B,LingoQA,l2_distance,18,19,significant_sdc,433,73,226,207,0.4780600461893765,71326851509.1318,3.4648444214645697,1072277698418.0415,3.376597678174778,3.5774745965490538,3.483025224851425,223887061673.47015,adequate
internvl3_lingoqa,InternVL3-8B,LingoQA,l2_distance,19,20,non_sdc,5762,75,5762,0,0.0,2.235174173989356,2.221477625633888,0.24066813724278974,2.082066110390074,2.3910155976429963,2.1846809089031427,2.2860833739522204,adequate
internvl3_lingoqa,InternVL3-8B,LingoQA,l2_distance,19,20,non_significant_sdc,1293,70,1293,0,0.0,2.168868244651776,2.163558797703849,0.20225829586854976,2.020660408337911,2.301925849914551,2.1228049252563412,2.218996971774836,adequate
internvl3_lingoqa,InternVL3-8B,LingoQA,l2_distance,19,20,significant_sdc,433,73,215,218,0.5034642032332564,778.047855813605,2.8700564004936995,11362.631151231833,2.584649240889517,3.229208004717924,2.925139308744211,2489.5578315229995,adequate
internvl3_lingoqa,InternVL3-8B,LingoQA,l2_distance,20,21,non_sdc,5762,75,5762,0,0.0,2.885817924511612,2.8747217506170273,0.3059774151107332,2.6543491199828573,3.084154346159526,2.8222708269673746,2.9508648245144657,adequate
internvl3_lingoqa,InternVL3-8B,LingoQA,l2_distance,20,21,non_significant_sdc,1293,70,1293,0,0.0,2.8041192382063715,2.7823131723063335,0.2656579590026562,2.6134769121805825,2.964548423886299,2.74502503735325,2.8662122099228466,adequate
internvl3_lingoqa,InternVL3-8B,LingoQA,l2_distance,20,21,significant_sdc,433,72,209,224,0.5173210161662818,482719779877.6823,3.9779243809836253,6978598891437.726,3.267145954832739,4.518482183923527,3.919524624016761,1528612633746.4192,adequate
internvl3_lingoqa,InternVL3-8B,LingoQA,l2_distance,21,22,non_sdc,5762,75,5762,0,0.0,2.8513137300027265,2.8147994208156613,0.5099393999950707,2.432489762703578,3.15819488465786,2.7419194508965914,2.9620731946321044,adequate
internvl3_lingoqa,InternVL3-8B,LingoQA,l2_distance,21,22,non_significant_sdc,1293,70,1293,0,0.0,2.685883691096867,2.608766782283783,0.4316842761811403,2.3688098650712233,2.9626399825016656,2.591757045765842,2.788976710868759,adequate
internvl3_lingoqa,InternVL3-8B,LingoQA,l2_distance,21,22,significant_sdc,433,70,199,234,0.5404157043879907,506977057021.0932,3.049732762940076,7151791454082.803,3.0051851686166255,7.4589687318218,5.009235033562058,1609921816393.4358,adequate
internvl3_lingoqa,InternVL3-8B,LingoQA,l2_distance,22,23,non_sdc,5762,75,5762,0,0.0,3.263087530468442,3.230897996143291,0.3888097308412952,2.9840369357003107,3.4614658833963596,3.182159133567102,3.350904562172692,adequate
internvl3_lingoqa,InternVL3-8B,LingoQA,l2_distance,22,23,non_significant_sdc,1293,70,1293,0,0.0,3.1817156251093506,3.1470240629636326,0.31211560080049544,2.966404115452486,3.3342407643795013,3.1176723652745992,3.254147787121679,adequate
internvl3_lingoqa,InternVL3-8B,LingoQA,l2_distance,22,23,significant_sdc,433,69,198,235,0.5427251732101617,5419360596034.66,4.7184589882286225,76257163006259.77,4.540752204097047,6.8836490028643205,5.508064163745476,17400541583805.186,adequate
internvl3_lingoqa,InternVL3-8B,LingoQA,l2_distance,23,24,non_sdc,5762,75,5762,0,0.0,3.408064910189272,3.3876628709466834,0.31686432409566756,3.195884382724762,3.6213409087000707,3.343240626459798,3.4727891516539255,adequate
internvl3_lingoqa,InternVL3-8B,LingoQA,l2_distance,23,24,non_significant_sdc,1293,70,1293,0,0.0,3.394603795373807,3.40667508657162,0.2746664859332416,3.214643621444702,3.5401456615199214,3.3389821083356956,3.450203513870589,adequate
internvl3_lingoqa,InternVL3-8B,LingoQA,l2_distance,23,24,significant_sdc,433,68,173,260,0.6004618937644342,8514785882132.205,3.3067984726964212,86900020998473.53,3.245165012320694,5.257514603283941,4.268796650687928,24066762351478.066,adequate
internvl3_lingoqa,InternVL3-8B,LingoQA,l2_distance,24,25,non_sdc,5762,75,5762,0,0.0,4.059420581538004,4.054344869041879,0.49863732526239496,3.7358432810972717,4.386464442525591,3.965570262064435,4.149937309081853,adequate
internvl3_lingoqa,InternVL3-8B,LingoQA,l2_distance,24,25,non_significant_sdc,1293,70,1293,0,0.0,3.97851973274292,4.002216788700649,0.39205833687594316,3.710032973970686,4.1869923160189675,3.896360837312419,4.064124093200054,adequate
internvl3_lingoqa,InternVL3-8B,LingoQA,l2_distance,24,25,significant_sdc,433,67,161,272,0.628175519630485,2.64156718012837e+16,3.924469539097377,3.351428931668211e+17,3.8301687094630026,7.057246037891933,95.29533787655448,8.859383122124907e+16,adequate
internvl3_lingoqa,InternVL3-8B,LingoQA,l2_distance,25,26,non_sdc,5762,75,5762,0,0.0,4.888506492619816,4.842761717654847,0.7765310185730449,4.39658607902198,5.3663437715892135,4.735932823440948,5.048212786039768,adequate
internvl3_lingoqa,InternVL3-8B,LingoQA,l2_distance,25,26,non_significant_sdc,1293,70,1293,0,0.0,4.732157025612926,4.631806196310581,1.4269400584340446,4.28799797807421,5.011494856614333,4.585122904803343,4.8964581230814845,adequate
internvl3_lingoqa,InternVL3-8B,LingoQA,l2_distance,25,26,significant_sdc,433,65,159,274,0.6327944572748267,2.674542852482115e+16,6.561863928425069,3.372443196849074e+17,6.355395925288297,8.193127705126393,7.775496019447033,8.73801485975742e+16,adequate
internvl3_lingoqa,InternVL3-8B,LingoQA,l2_distance,26,27,non_sdc,5762,75,5762,0,0.0,7.716501280814051,7.729033490393077,1.1032369635275503,7.108503067067691,8.375581072724383,7.49038258512329,7.940614600365168,adequate
internvl3_lingoqa,InternVL3-8B,LingoQA,l2_distance,26,27,non_significant_sdc,1293,70,1293,0,0.0,7.869994488959047,7.750208520889283,2.1433942911655097,7.262929925918579,8.301327424890856,7.654057763879472,8.094968582997613,adequate
internvl3_lingoqa,InternVL3-8B,LingoQA,l2_distance,26,27,significant_sdc,433,60,143,290,0.6697459584295612,94333653461286.6,25.296751645146585,1119064843891057.1,24.07422781963738,26.351622970736756,27.20248791413306,289395129552012.8,adequate
llava15_lingoqa,LLaVA-1.5-7B,LingoQA,cos_sim,0,1,non_sdc,7232,75,7232,0,0.0,0.8946822671480033,0.8975741863250732,0.06741590725523672,0.8437543043068477,0.9674378037452698,0.87997586550486,0.9091830319646621,adequate
llava15_lingoqa,LLaVA-1.5-7B,LingoQA,cos_sim,0,1,non_significant_sdc,102,33,102,0,0.0,0.832673636282942,0.8318542674347595,0.04975031905138378,0.8082076935813978,0.8550279662013054,0.8106064193398069,0.856907730020517,adequate
llava15_lingoqa,LLaVA-1.5-7B,LingoQA,cos_sim,0,1,significant_sdc,166,41,59,107,0.6445783132530121,0.22087366562471872,0.08390397441630461,0.3007276595978316,0.07371731482598246,0.10794678041521383,0.15157410760929935,0.29883467811009,adequate
llava15_lingoqa,LLaVA-1.5-7B,LingoQA,cos_sim,1,2,non_sdc,7232,75,7232,0,0.0,0.8604076827038283,0.8740044981241226,0.10353311075796699,0.7777065902948379,0.9637957811355591,0.8376358733951998,0.8826295292428499,adequate
llava15_lingoqa,LLaVA-1.5-7B,LingoQA,cos_sim,1,2,non_significant_sdc,102,33,102,0,0.0,0.7834320491400149,0.7686036806423348,0.07981615178730107,0.73049140919228,0.8601376034996726,0.7544365926916338,0.8168546066222135,adequate
llava15_lingoqa,LLaVA-1.5-7B,LingoQA,cos_sim,1,2,significant_sdc,166,41,57,109,0.6566265060240963,0.29780527474519025,0.2040074972473845,0.23730827648626956,0.1949543706616577,0.21374739676105733,0.24415497553761373,0.3585793401120849,adequate
llava15_lingoqa,LLaVA-1.5-7B,LingoQA,cos_sim,2,3,non_sdc,7232,75,7232,0,0.0,0.8791918533214914,0.8799629062414169,0.07788706018979263,0.8126442432403564,0.9615638256072998,0.8618220469685486,0.8956081425192269,adequate
llava15_lingoqa,LLaVA-1.5-7B,LingoQA,cos_sim,2,3,non_significant_sdc,102,33,102,0,0.0,0.7923774007287395,0.7994597229090603,0.06482938764839331,0.762341745653931,0.8189554051919417,0.7683269954322314,0.8190860099698668,adequate
llava15_lingoqa,LLaVA-1.5-7B,LingoQA,cos_sim,2,3,significant_sdc,166,41,57,109,0.6566265060240963,0.39653522401142477,0.2957629190415752,0.22022454031062091,0.2886643023515234,0.3160053439894501,0.3443006807110602,0.45383659495534345,adequate
llava15_lingoqa,LLaVA-1.5-7B,LingoQA,cos_sim,3,4,non_sdc,7232,75,7232,0,0.0,0.876741636083805,0.8859202861785889,0.07998614583794433,0.8169183455980741,0.9578002095222473,0.8590769874669462,0.8936792945256192,adequate
llava15_lingoqa,LLaVA-1.5-7B,LingoQA,cos_sim,3,4,non_significant_sdc,102,33,102,0,0.0,0.7918544721300281,0.7795137429938597,0.05697293042107405,0.7626796209690522,0.8201027593829415,0.7752719169387774,0.8140695364998108,adequate
llava15_lingoqa,LLaVA-1.5-7B,LingoQA,cos_sim,3,4,significant_sdc,166,41,57,109,0.6566265060240963,0.5735704692331414,0.529878111446605,0.13354629482147806,0.5157712989923905,0.5390754932043503,0.5454388056768128,0.6056502500681383,adequate
llava15_lingoqa,LLaVA-1.5-7B,LingoQA,cos_sim,4,5,non_sdc,7232,75,7232,0,0.0,0.8352952278837016,0.8437777161598206,0.08928345747991126,0.7566132360586413,0.9259558320045471,0.8159567161363197,0.8541653523890758,adequate
llava15_lingoqa,LLaVA-1.5-7B,LingoQA,cos_sim,4,5,non_significant_sdc,102,33,102,0,0.0,0.7533282576587373,0.7407121663647038,0.06813503534804571,0.7073853669726119,0.7972021833062173,0.7301413268930695,0.7801750650783136,adequate
llava15_lingoqa,LLaVA-1.5-7B,LingoQA,cos_sim,4,5,significant_sdc,166,41,57,109,0.6566265060240963,0.54742856855683,0.5148454655189904,0.13108364167307518,0.5065236900533948,0.5238406122947226,0.5171226170058513,0.5809936218417094,adequate
llava15_lingoqa,LLaVA-1.5-7B,LingoQA,cos_sim,5,6,non_sdc,7232,75,7232,0,0.0,0.7903133808279111,0.804636538028717,0.10344828516326428,0.715927745614733,0.8790472894906998,0.7676463693186404,0.8130040633298962,adequate
llava15_lingoqa,LLaVA-1.5-7B,LingoQA,cos_sim,5,6,non_significant_sdc,102,33,102,0,0.0,0.735138663245114,0.7253413842274592,0.08191492935651866,0.6603524330361136,0.8161913630153451,0.6955603883311327,0.7761224840818369,adequate
llava15_lingoqa,LLaVA-1.5-7B,LingoQA,cos_sim,5,6,significant_sdc,166,38,54,112,0.6746987951807228,0.44213868574035725,0.39372554436630136,0.16111211057428204,0.37885502879792937,0.4084860995715978,0.4030027736384133,0.4865509450860719,adequate
llava15_lingoqa,LLaVA-1.5-7B,LingoQA,cos_sim,6,7,non_sdc,7232,75,7232,0,0.0,0.8097641694931585,0.8226819038391113,0.09960830572362278,0.7673941610114915,0.8837887048721313,0.7871283774994716,0.8300424700987795,adequate
llava15_lingoqa,LLaVA-1.5-7B,LingoQA,cos_sim,6,7,non_significant_sdc,102,33,102,0,0.0,0.7495393434753989,0.7481944687704352,0.08106765295826997,0.6662175564893654,0.8242829367518425,0.7111255680575157,0.7934138980571965,adequate
llava15_lingoqa,LLaVA-1.5-7B,LingoQA,cos_sim,6,7,significant_sdc,166,38,54,112,0.6746987951807228,0.43995298218009066,0.3924437204794008,0.18450901414969959,0.379435050472313,0.41005612613291154,0.38890530918314764,0.49060792072216836,adequate
llava15_lingoqa,LLaVA-1.5-7B,LingoQA,cos_sim,7,8,non_sdc,7232,75,7232,0,0.0,0.7646968483908109,0.7741356492042542,0.10582257642367639,0.7076640129089355,0.8462662547826767,0.7411615424997168,0.7869963698364174,adequate
llava15_lingoqa,LLaVA-1.5-7B,LingoQA,cos_sim,7,8,non_significant_sdc,102,33,102,0,0.0,0.7138839354817998,0.7073640302471492,0.08289905262717817,0.6509603734674125,0.7811024237710695,0.6747156009499018,0.7537433979430586,adequate
llava15_lingoqa,LLaVA-1.5-7B,LingoQA,cos_sim,7,8,significant_sdc,166,38,52,114,0.6867469879518072,0.3552416213636705,0.27882376989843893,0.1831843331305967,0.2703394757355658,0.30550949419943657,0.31156399971184673,0.4051347867569077,adequate
llava15_lingoqa,LLaVA-1.5-7B,LingoQA,cos_sim,8,9,non_sdc,7232,75,7232,0,0.0,0.7678243855124669,0.7832703870885512,0.1052537877390045,0.6946982770196853,0.8488694303310834,0.7446959383477029,0.7901665711735801,adequate
llava15_lingoqa,LLaVA-1.5-7B,LingoQA,cos_sim,8,9,non_significant_sdc,102,33,102,0,0.0,0.7124310719107995,0.7086189687252045,0.08011733669578484,0.6481161852750708,0.7777316157113422,0.6725305620097005,0.7519312502601827,adequate
llava15_lingoqa,LLaVA-1.5-7B,LingoQA,cos_sim,8,9,significant_sdc,166,38,50,116,0.6987951807228916,0.2877183378906349,0.20497602452428973,0.20355766629092953,0.18582898655868307,0.24322735685475017,0.23605057619804803,0.3459141024407612,adequate
llava15_lingoqa,LLaVA-1.5-7B,LingoQA,cos_sim,9,10,non_sdc,7232,75,7232,0,0.0,0.8255978592240634,0.8388858875807594,0.0965884422658928,0.7770409137010574,0.9100013375282288,0.8048023389565784,0.8458568929845505,adequate
llava15_lingoqa,LLaVA-1.5-7B,LingoQA,cos_sim,9,10,non_significant_sdc,102,33,102,0,0.0,0.7316731587593753,0.7414143045698356,0.11505310559297072,0.6665346721719418,0.8398288078606129,0.6686886705814219,0.791315203833439,adequate
llava15_lingoqa,LLaVA-1.5-7B,LingoQA,cos_sim,9,10,significant_sdc,166,37,48,118,0.7108433734939759,0.2690985838478169,0.15007923465526227,0.2543211171295549,0.13234227616339922,0.20356744379565422,0.204134888402151,0.3422721231615059,adequate
llava15_lingoqa,LLaVA-1.5-7B,LingoQA,cos_sim,10,11,non_sdc,7232,75,7232,0,0.0,0.7146413053552342,0.7255339473485947,0.11855682022145933,0.6625334471464157,0.8101555148760478,0.6881338141865121,0.7393965523525582,adequate
llava15_lingoqa,LLaVA-1.5-7B,LingoQA,cos_sim,10,11,non_significant_sdc,102,33,102,0,0.0,0.71958051662297,0.7116606682538986,0.09890176839191119,0.6443424488284758,0.8099650835188535,0.6711827857476481,0.768905815714956,adequate
llava15_lingoqa,LLaVA-1.5-7B,LingoQA,cos_sim,10,11,significant_sdc,166,36,47,119,0.7168674698795181,0.2071594524734711,0.09849956472005163,0.23705519429614513,0.07923577049252939,0.1252984790112443,0.14856213069146368,0.27654429234313954,adequate
llava15_lingoqa,LLaVA-1.5-7B,LingoQA,cos_sim,11,12,non_sdc,7232,75,7232,0,0.0,0.7180129885931936,0.7299807667732239,0.10094254809460537,0.6552110612392426,0.788878504719053,0.695774898829431,0.738674257798674,adequate
llava15_lingoqa,LLaVA-1.5-7B,LingoQA,cos_sim,11,12,non_significant_sdc,102,33,102,0,0.0,0.700824629619954,0.7082267243128556,0.101241039294818,0.6228857618205401,0.7898181251117161,0.6412936068786972,0.754893727145527,adequate
llava15_lingoqa,LLaVA-1.5-7B,LingoQA,cos_sim,11,12,significant_sdc,166,34,44,122,0.7349397590361446,0.2268156711120974,0.15186978658965353,0.230466928367855,0.07768003015341807,0.2052699352462529,0.1689180910305358,0.292543643783681,adequate
llava15_lingoqa,LLaVA-1.5-7B,LingoQA,cos_sim,12,13,non_sdc,7232,75,7232,0,0.0,0.7272536635265615,0.7436559319496154,0.09512201334669242,0.6675703883171081,0.7985712024900649,0.7064826558664207,0.7470775288907747,adequate
llava15_lingoqa,LLaVA-1.5-7B,LingoQA,cos_sim,12,13,non_significant_sdc,102,33,102,0,0.0,0.6977224039020884,0.6909456879777067,0.10305705640852401,0.6316604232415557,0.7822863747189929,0.6417880133283544,0.7534859743222351,adequate
llava15_lingoqa,LLaVA-1.5-7B,LingoQA,cos_sim,12,13,significant_sdc,166,34,44,122,0.7349397590361446,0.2544350826611963,0.18783105339626877,0.20397921010839282,0.1252186988119264,0.24164819960691492,0.20329841106199636,0.31363473654783136,adequate
llava15_lingoqa,LLaVA-1.5-7B,LingoQA,cos_sim,13,14,non_sdc,7232,75,7232,0,0.0,0.7481073388359616,0.767810171842575,0.08602636549684974,0.7038976907730102,0.8102611814226423,0.7291483586947615,0.7657148051274294,adequate
llava15_lingoqa,LLaVA-1.5-7B,LingoQA,cos_sim,13,14,non_significant_sdc,102,33,102,0,0.0,0.6961058046510336,0.7045483226195359,0.11093733817808138,0.6228522844612598,0.7825571725314313,0.6303241887371286,0.7562900622339066,adequate
llava15_lingoqa,LLaVA-1.5-7B,LingoQA,cos_sim,13,14,significant_sdc,166,34,44,122,0.7349397590361446,0.0817613939525209,-0.035956835389441374,0.30481244812675057,-0.1160183561566685,0.012807965131883486,0.0033029524691387114,0.16944430429482443,adequate
llava15_lingoqa,LLaVA-1.5-7B,LingoQA,cos_sim,14,15,non_sdc,7232,75,7232,0,0.0,0.7769410738597569,0.8042523089577169,0.0980466434402486,0.7179103121161461,0.8527487516403198,0.755590730745388,0.7971913390787809,adequate
llava15_lingoqa,LLaVA-1.5-7B,LingoQA,cos_sim,14,15,non_significant_sdc,102,33,102,0,0.0,0.7036704311630665,0.7059109947898171,0.12459131541457527,0.6249358294349091,0.8171847462654114,0.6309047554196163,0.7730369266455601,adequate
llava15_lingoqa,LLaVA-1.5-7B,LingoQA,cos_sim,14,15,significant_sdc,166,32,41,125,0.7530120481927711,0.4326865500922278,0.3929263633124682,0.17022646885292678,0.3465234217595081,0.46215854372297016,0.3827672343252352,0.4842584053558121,adequate
llava15_lingoqa,LLaVA-1.5-7B,LingoQA,cos_sim,15,16,non_sdc,7232,75,7232,0,0.0,0.7486237120840392,0.7829007506370544,0.11156261271640303,0.7037199646234512,0.8246497511863708,0.7231670816617152,0.7715837547187981,adequate
llava15_lingoqa,LLaVA-1.5-7B,LingoQA,cos_sim,15,16,non_significant_sdc,102,33,102,0,0.0,0.7066327587385716,0.7149704144551203,0.10372447280956407,0.6014103173952678,0.804022150257459,0.6506003251307554,0.7590338541158359,adequate
llava15_lingoqa,LLaVA-1.5-7B,LingoQA,cos_sim,15,16,significant_sdc,166,31,40,126,0.7590361445783133,0.14030082431343552,-0.006534253171055901,0.292383926934357,-0.03151865792935904,0.09829371603315368,0.06158966370825762,0.22753729440050868,adequate
llava15_lingoqa,LLaVA-1.5-7B,LingoQA,cos_sim,16,17,non_sdc,7232,75,7232,0,0.0,0.717722471160335,0.7476162910461426,0.12382388467126647,0.6670295411691803,0.8097940683364868,0.6904275160681925,0.7436650236360384,adequate
llava15_lingoqa,LLaVA-1.5-7B,LingoQA,cos_sim,16,17,non_significant_sdc,102,33,102,0,0.0,0.6607021831130678,0.6625940203666687,0.14770921371873896,0.5417467424774478,0.7726683712968923,0.5878749703688182,0.7307699777442127,adequate
llava15_lingoqa,LLaVA-1.5-7B,LingoQA,cos_sim,16,17,significant_sdc,166,29,37,129,0.7771084337349398,0.22978469399220833,0.14810704743983794,0.25830589788293196,0.1094563896862828,0.24604934453964233,0.15677612252574652,0.30644486036167423,underpowered
llava15_lingoqa,LLaVA-1.5-7B,LingoQA,cos_sim,17,18,non_sdc,7232,75,7232,0,0.0,0.8025086229453868,0.8147745430469513,0.08934607427087543,0.7335973848899205,0.8736826727787653,0.7834254865986905,0.8206182694600026,adequate
llava15_lingoqa,LLaVA-1.5-7B,LingoQA,cos_sim,17,18,non_significant_sdc,102,33,102,0,0.0,0.7221478291030639,0.7091397362095968,0.09897479299286371,0.6409848089120826,0.8007656186819077,0.6807748388016677,0.7643384173944253,adequate
llava15_lingoqa,LLaVA-1.5-7B,LingoQA,cos_sim,17,18,significant_sdc,166,29,37,129,0.7771084337349398,0.4917929480242063,0.48725359293879295,0.20938235908214195,0.4437335559300014,0.5330905169248581,0.42346773617502137,0.5534603425057882,underpowered
llava15_lingoqa,LLaVA-1.5-7B,LingoQA,cos_sim,18,19,non_sdc,7232,75,7232,0,0.0,0.7568036756186398,0.7808818171421688,0.0937985051358687,0.7029643960297107,0.8279853509022639,0.7357716633343231,0.7763700825271355,adequate
llava15_lingoqa,LLaVA-1.5-7B,LingoQA,cos_sim,18,19,non_significant_sdc,102,33,102,0,0.0,0.7062313867643936,0.6985293609591631,0.10609880384073188,0.6060640456116929,0.7961587485941973,0.6552645462139549,0.759183709257566,adequate
llava15_lingoqa,LLaVA-1.5-7B,LingoQA,cos_sim,18,19,significant_sdc,166,28,35,131,0.7891566265060241,0.5097156172026875,0.5110168353635438,0.15368768928818907,0.4679791956227653,0.5446334905466255,0.45476755520517287,0.5606874564867954,underpowered
llava15_lingoqa,LLaVA-1.5-7B,LingoQA,cos_sim,19,20,non_sdc,7232,75,7232,0,0.0,0.7831207910680544,0.8027016123135885,0.08635409574678699,0.7380310818552971,0.8423426151275635,0.7639923400099443,0.8009895531624123,adequate
llava15_lingoqa,LLaVA-1.5-7B,LingoQA,cos_sim,19,20,non_significant_sdc,102,33,102,0,0.0,0.7354315980320819,0.7524253737467985,0.07502655946524305,0.6712755655147591,0.792757297200816,0.7022301859232701,0.7658225099144769,adequate
llava15_lingoqa,LLaVA-1.5-7B,LingoQA,cos_sim,19,20,significant_sdc,166,28,34,132,0.7951807228915663,0.5879450778612848,0.6071778423323924,0.2144736822460137,0.5487275530907268,0.7266592592904333,0.5127147041643653,0.654111919170769,underpowered
llava15_lingoqa,LLaVA-1.5-7B,LingoQA,cos_sim,20,21,non_sdc,7232,75,7232,0,0.0,0.7795882382095795,0.7948164367056512,0.09772614670388055,0.7268488645553589,0.8496115411130282,0.7583880282261947,0.7998549132444261,adequate
llava15_lingoqa,LLaVA-1.5-7B,LingoQA,cos_sim,20,21,non_significant_sdc,102,33,102,0,0.0,0.7239593627439344,0.75848910483447,0.08973975509804175,0.6780339496172204,0.8040972550710043,0.6862020546610713,0.7567745648191495,adequate
llava15_lingoqa,LLaVA-1.5-7B,LingoQA,cos_sim,20,21,significant_sdc,166,28,34,132,0.7951807228915663,0.44256902704578255,0.3941971346431849,0.16239021014849467,0.33971912710338226,0.4609595185944012,0.39523033517810136,0.5021377310297325,underpowered
llava15_lingoqa,LLaVA-1.5-7B,LingoQA,cos_sim,21,22,non_sdc,7232,75,7232,0,0.0,0.8263560921385891,0.8361739168564479,0.08024857651979399,0.7668689837058384,0.8814552409781351,0.8089007653405816,0.8428111265747027,adequate
llava15_lingoqa,LLaVA-1.5-7B,LingoQA,cos_sim,21,22,non_significant_sdc,102,33,102,0,0.0,0.7643649551804539,0.7559103054158828,0.0788230075843159,0.7193695698830309,0.8358655950675408,0.7264353234015825,0.803986914318197,adequate
llava15_lingoqa,LLaVA-1.5-7B,LingoQA,cos_sim,21,22,significant_sdc,166,27,33,133,0.8012048192771084,0.5525986633587059,0.5163716172077217,0.16941892642940815,0.46010824308103443,0.6420628428459167,0.49745147734135636,0.6105755527102321,underpowered
llava15_lingoqa,LLaVA-1.5-7B,LingoQA,cos_sim,22,23,non_sdc,7232,75,7232,0,0.0,0.7381578627354828,0.7435191571712494,0.09682244748683165,0.6756083071231842,0.8169388771057129,0.7173549867992186,0.7578881281330583,adequate
llava15_lingoqa,LLaVA-1.5-7B,LingoQA,cos_sim,22,23,non_significant_sdc,102,33,102,0,0.0,0.6701763632725863,0.6930254548788071,0.10890929197850234,0.5819862919802569,0.7615902511910959,0.6211001006878853,0.7169146152938995,adequate
llava15_lingoqa,LLaVA-1.5-7B,LingoQA,cos_sim,22,23,significant_sdc,166,26,32,134,0.8072289156626506,0.5813357214869088,0.6267321074799616,0.17057405634480152,0.5658550385166616,0.6737544337401584,0.5150997078495482,0.6371698909640368,underpowered
llava15_lingoqa,LLaVA-1.5-7B,LingoQA,cos_sim,23,24,non_sdc,7232,75,7232,0,0.0,0.8101276942473286,0.8184419870376587,0.07642292325672213,0.7634324835879462,0.8666190356016159,0.7947754023994527,0.8252510084511542,adequate
llava15_lingoqa,LLaVA-1.5-7B,LingoQA,cos_sim,23,24,non_significant_sdc,102,33,102,0,0.0,0.768280786197142,0.773537250665518,0.06800244184470085,0.7140568920544216,0.8291495189070702,0.7422165929604426,0.7929348952068828,adequate
llava15_lingoqa,LLaVA-1.5-7B,LingoQA,cos_sim,23,24,significant_sdc,166,26,32,134,0.8072289156626506,0.6674871714245376,0.7083634734153748,0.16610497793984014,0.6637947127791559,0.7372054581989904,0.6014967794985578,0.7217330539937639,underpowered
llava15_lingoqa,LLaVA-1.5-7B,LingoQA,cos_sim,24,25,non_sdc,7232,75,7232,0,0.0,0.7286047575827161,0.747179365158081,0.12034453600586734,0.642831102013588,0.8168100210336539,0.7037008030528498,0.7528028937535257,adequate
llava15_lingoqa,LLaVA-1.5-7B,LingoQA,cos_sim,24,25,non_significant_sdc,102,33,102,0,0.0,0.6508931314437688,0.6962084013682146,0.12475979440259316,0.5307276972478965,0.752656985933964,0.5935965969922775,0.6999536978809148,adequate
llava15_lingoqa,LLaVA-1.5-7B,LingoQA,cos_sim,24,25,significant_sdc,166,25,31,135,0.8132530120481928,0.28992356599460395,0.20048748139215974,0.21020750901784158,0.16293175754194356,0.3429561621792938,0.22215927516813322,0.3611075671542352,underpowered
llava15_lingoqa,LLaVA-1.5-7B,LingoQA,cos_sim,25,26,non_sdc,7232,75,7232,0,0.0,0.8312111587526899,0.8476117923855782,0.06740901517275222,0.8023913933762482,0.879352755844593,0.8167393915804564,0.8447813490101477,adequate
llava15_lingoqa,LLaVA-1.5-7B,LingoQA,cos_sim,25,26,non_significant_sdc,102,33,102,0,0.0,0.785850363359981,0.7701410173571536,0.0645328554568898,0.7330597541009893,0.8473806492984295,0.7591362206205304,0.8147490589566707,adequate
llava15_lingoqa,LLaVA-1.5-7B,LingoQA,cos_sim,25,26,significant_sdc,166,25,31,135,0.8132530120481928,0.6567751058242476,0.6831824803838924,0.15197834496449644,0.6502595990896225,0.7104382064877725,0.5999303863528493,0.7015991633117802,underpowered
llava15_lingoqa,LLaVA-1.5-7B,LingoQA,cos_sim,26,27,non_sdc,7232,75,7232,0,0.0,0.8311535544364743,0.8472045723881041,0.10947871254495448,0.7627351834223821,0.9311544448137283,0.8070260723634166,0.8543514646519903,adequate
llava15_lingoqa,LLaVA-1.5-7B,LingoQA,cos_sim,26,27,non_significant_sdc,102,33,102,0,0.0,0.7094916310291037,0.7430636550371463,0.11251476753815166,0.6179950489681595,0.760390393435955,0.669861299970831,0.7487566418151297,adequate
llava15_lingoqa,LLaVA-1.5-7B,LingoQA,cos_sim,26,27,significant_sdc,166,23,29,137,0.8253012048192772,0.5685736194095151,0.5834232164280755,0.21871294969333768,0.4871699763652013,0.709219041071376,0.48647177028169525,0.6424338722419991,underpowered
llava15_lingoqa,LLaVA-1.5-7B,LingoQA,cos_sim,27,28,non_sdc,7232,75,7232,0,0.0,0.8157055831753409,0.8362535255796769,0.08950246738914283,0.7740048923913171,0.8831945285201073,0.7970638166729418,0.8329247992863787,adequate
llava15_lingoqa,LLaVA-1.5-7B,LingoQA,cos_sim,27,28,non_significant_sdc,102,33,102,0,0.0,0.7292001297668531,0.7170487476082948,0.10493915623060661,0.6920689154340296,0.8108836798713757,0.6979382977654806,0.7610884498577267,adequate
llava15_lingoqa,LLaVA-1.5-7B,LingoQA,cos_sim,27,28,significant_sdc,166,21,24,142,0.8554216867469879,0.5400688596046371,0.5929541054884998,0.21805473260725833,0.5474293659612232,0.6389138231206001,0.4498583791858587,0.6189054650688761,underpowered
llava15_lingoqa,LLaVA-1.5-7B,LingoQA,cos_sim,28,29,non_sdc,7232,75,7232,0,0.0,0.8284583529608761,0.8456402063369751,0.06415098764339486,0.7973433931668599,0.8741256296634674,0.8162322714084357,0.8397285541459173,adequate
llava15_lingoqa,LLaVA-1.5-7B,LingoQA,cos_sim,28,29,non_significant_sdc,102,33,102,0,0.0,0.775041869754496,0.7738907908906743,0.09307938373177753,0.7390747998769467,0.8405329497023062,0.7450631049198053,0.8035355556469258,adequate
llava15_lingoqa,LLaVA-1.5-7B,LingoQA,cos_sim,28,29,significant_sdc,166,20,22,144,0.8674698795180723,0.6397292539507445,0.6990516477701615,0.22173901514546002,0.6339541015272238,0.7686265797621491,0.5392915939586657,0.7226253914224443,underpowered
llava15_lingoqa,LLaVA-1.5-7B,LingoQA,cos_sim,29,30,non_sdc,7232,75,7232,0,0.0,0.8501924118382638,0.8594606466153089,0.06237558669223595,0.8182838926712672,0.8961387276649475,0.8381668245612064,0.861619786688051,adequate
llava15_lingoqa,LLaVA-1.5-7B,LingoQA,cos_sim,29,30,non_significant_sdc,102,33,102,0,0.0,0.7488987870191011,0.780965944942163,0.11990510970866387,0.7258973808586597,0.8352815390779422,0.719105988169648,0.7670308734077312,adequate
llava15_lingoqa,LLaVA-1.5-7B,LingoQA,cos_sim,29,30,significant_sdc,166,17,19,147,0.8855421686746988,0.613115063117135,0.682969639247114,0.2535058337399594,0.6164814506714442,0.7552483975887299,0.4865591559673043,0.7134808867605906,underpowered
llava15_lingoqa,LLaVA-1.5-7B,LingoQA,cos_sim,30,31,non_sdc,7232,75,7232,0,0.0,0.8893533101832966,0.8965758979320526,0.06096152293388864,0.8554570227861404,0.9381018355488777,0.8762497812616905,0.9015234544691163,adequate
llava15_lingoqa,LLaVA-1.5-7B,LingoQA,cos_sim,30,31,non_significant_sdc,102,33,102,0,0.0,0.8119354949032365,0.8222937249407476,0.09418756667508807,0.7831184663451635,0.8614710269423274,0.7833544647495453,0.8339731215867744,adequate
llava15_lingoqa,LLaVA-1.5-7B,LingoQA,cos_sim,30,31,significant_sdc,166,11,12,154,0.927710843373494,0.6986100650615893,0.8149204039970017,0.25187684937086396,0.6467632129788399,0.8574482667304221,0.5566429432921625,0.8305104049031555,underpowered
llava15_lingoqa,LLaVA-1.5-7B,LingoQA,abs_mean_diff,0,1,non_sdc,7232,75,7232,0,0.0,0.0011947468295996774,0.0011175002094686909,0.0008417190895088245,0.0006851751095382497,0.0016015589194770048,0.0010308655130503216,0.0013821153273851283,adequate
llava15_lingoqa,LLaVA-1.5-7B,LingoQA,abs_mean_diff,0,1,non_significant_sdc,102,33,102,0,0.0,0.0015323167368454156,0.001550430795759894,0.0004883602963738226,0.0012808701130879753,0.0017454155939197577,0.0012972339493823022,0.0017595673005949238,adequate
llava15_lingoqa,LLaVA-1.5-7B,LingoQA,abs_mean_diff,0,1,significant_sdc,166,41,59,107,0.6445783132530121,0.01160854427101477,0.0136274056014966,0.004905678439960084,0.012445064779485062,0.014599346470239818,0.010351047432314917,0.012723484901129012,adequate
llava15_lingoqa,LLaVA-1.5-7B,LingoQA,abs_mean_diff,1,2,non_sdc,7232,75,7232,0,0.0,0.004759633111163223,0.004441795601160266,0.001812519249742038,0.0032740696216933428,0.006507965736091137,0.0043762318277398215,0.0051474615291275255,adequate
llava15_lingoqa,LLaVA-1.5-7B,LingoQA,abs_mean_diff,1,2,non_significant_sdc,102,33,102,0,0.0,0.003941477857973402,0.0038461649466905957,0.0008962023592962533,0.0033926721796494093,0.0043355813188525215,0.0036511498184755476,0.0043066642734300165,adequate
llava15_lingoqa,LLaVA-1.5-7B,LingoQA,abs_mean_diff,1,2,significant_sdc,166,41,57,109,0.6566265060240963,0.015738977098974417,0.018506680187598174,0.005750620313276614,0.01790565521247229,0.01884802667500109,0.014155965947015643,0.017133548922921637,adequate
llava15_lingoqa,LLaVA-1.5-7B,LingoQA,abs_mean_diff,2,3,non_sdc,7232,75,7232,0,0.0,0.006933679432645232,0.007006556933952702,0.0018531850443470972,0.005570294335484505,0.008258792825342556,0.006542994118523838,0.007316966354346803,adequate
llava15_lingoqa,LLaVA-1.5-7B,LingoQA,abs_mean_diff,2,3,non_significant_sdc,102,33,102,0,0.0,0.007765322283863227,0.008105335373069726,0.001151548031750941,0.00705107522662729,0.008401277405657591,0.007396946975050474,0.008110927823267479,adequate
llava15_lingoqa,LLaVA-1.5-7B,LingoQA,abs_mean_diff,2,3,significant_sdc,166,41,57,109,0.6566265060240963,0.011527982081189589,0.01246953149307139,0.0024791854501007185,0.011899917871140095,0.012717333505861461,0.010892887454792584,0.012111808300201633,adequate
llava15_lingoqa,LLaVA-1.5-7B,LingoQA,abs_mean_diff,3,4,non_sdc,7232,75,7232,0,0.0,0.0070605837930692115,0.006896836683154106,0.0017579483843363987,0.005976121407002211,0.008168467174982652,0.006735384417631731,0.0073874186163409485,adequate
llava15_lingoqa,LLaVA-1.5-7B,LingoQA,abs_mean_diff,3,4,non_significant_sdc,102,33,102,0,0.0,0.008119668471305682,0.008034097429481335,0.00163917019389996,0.007144667931632804,0.008986102688920385,0.007475229264217199,0.008749080097925636,adequate
llava15_lingoqa,LLaVA-1.5-7B,LingoQA,abs_mean_diff,3,4,significant_sdc,166,41,57,109,0.6566265060240963,0.005665958431242217,0.0056536939679359905,0.001128132006162196,0.005089547133491356,0.005893304478377104,0.005361391050909541,0.0059642104378418905,adequate
llava15_lingoqa,LLaVA-1.5-7B,LingoQA,abs_mean_diff,4,5,non_sdc,7232,75,7232,0,0.0,0.007982623645374854,0.007769884723957683,0.0028145793324210557,0.005743444681866094,0.010412976262159646,0.007379725571488612,0.00858770914867356,adequate
llava15_lingoqa,LLaVA-1.5-7B,LingoQA,abs_mean_diff,4,5,non_significant_sdc,102,33,102,0,0.0,0.006037880248477944,0.005819562393858528,0.002349297179676522,0.0048391215673507845,0.007988373682665483,0.005027652939866254,0.007122046242092339,adequate
llava15_lingoqa,LLaVA-1.5-7B,LingoQA,abs_mean_diff,4,5,significant_sdc,166,41,57,109,0.6566265060240963,0.00792809645526583,0.007884969925317837,0.0015909214192525564,0.0074900541079173585,0.008335745893418789,0.007483416056606748,0.008378564956624238,adequate
llava15_lingoqa,LLaVA-1.5-7B,LingoQA,abs_mean_diff,5,6,non_sdc,7232,75,7232,0,0.0,0.00541112327824458,0.005557684460654855,0.002829329935167074,0.0031347654811624023,0.007486083059726904,0.0048091521611568705,0.006013745453541345,adequate
llava15_lingoqa,LLaVA-1.5-7B,LingoQA,abs_mean_diff,5,6,non_significant_sdc,102,33,102,0,0.0,0.007327460129227958,0.007372910101014209,0.002388551680638247,0.0059085578786575105,0.008799047737556975,0.0063528665820442145,0.008003105544400589,adequate
llava15_lingoqa,LLaVA-1.5-7B,LingoQA,abs_mean_diff,5,6,significant_sdc,166,38,54,112,0.6746987951807228,0.012891338396617987,0.01479391884700186,0.004434887298050752,0.013445560378497657,0.015657079281945884,0.01159218765390374,0.014031030241103915,adequate
llava15_lingoqa,LLaVA-1.5-7B,LingoQA,abs_mean_diff,6,7,non_sdc,7232,75,7232,0,0.0,0.013075901247091154,0.01128956528703625,0.006944738285559906,0.007590396583757617,0.018783369101583958,0.01158257665209187,0.014585184227439773,adequate
llava15_lingoqa,LLaVA-1.5-7B,LingoQA,abs_mean_diff,6,7,non_significant_sdc,102,33,102,0,0.0,0.009219002658144916,0.007722873564480859,0.004550692052158415,0.00621844090637751,0.011403446671094422,0.007875216932079005,0.010928327814403496,adequate
llava15_lingoqa,LLaVA-1.5-7B,LingoQA,abs_mean_diff,6,7,significant_sdc,166,38,54,112,0.6746987951807228,0.023369609197400745,0.02447735241908884,0.006630548879528442,0.022109608332227384,0.026158962553492936,0.02145281341736658,0.02531246064829448,adequate
llava15_lingoqa,LLaVA-1.5-7B,LingoQA,abs_mean_diff,7,8,non_sdc,7232,75,7232,0,0.0,0.010061512715276286,0.009827998298634257,0.004283680227253238,0.007597815536428243,0.012214152608066797,0.009222202473527652,0.010955394075833192,adequate
llava15_lingoqa,LLaVA-1.5-7B,LingoQA,abs_mean_diff,7,8,non_significant_sdc,102,33,102,0,0.0,0.010552137502719617,0.010190543902214043,0.0027077413927872745,0.009748316881693123,0.011398624041954018,0.009840898622191093,0.011346354072507189,adequate
llava15_lingoqa,LLaVA-1.5-7B,LingoQA,abs_mean_diff,7,8,significant_sdc,166,38,52,114,0.6867469879518072,0.009778198243354953,0.009444703870662013,0.0032788267837801635,0.008298878473638346,0.01085466919561886,0.008802139861696803,0.01078841717304635,adequate
llava15_lingoqa,LLaVA-1.5-7B,LingoQA,abs_mean_diff,8,9,non_sdc,7232,75,7232,0,0.0,0.009159686063592073,0.007746935356408358,0.006270869480152023,0.004171893712790573,0.013890417034013404,0.007878001662049754,0.010481342423805266,adequate
llava15_lingoqa,LLaVA-1.5-7B,LingoQA,abs_mean_diff,8,9,non_significant_sdc,102,33,102,0,0.0,0.015059666149245136,0.016146850490667,0.0039840660754782075,0.01293169954977416,0.016769358258483195,0.013366075319836178,0.016123208362681177,adequate
llava15_lingoqa,LLaVA-1.5-7B,LingoQA,abs_mean_diff,8,9,significant_sdc,166,38,50,116,0.6987951807228916,0.009291750310775514,0.008938620318373551,0.0038601220044756144,0.006759493207863095,0.010285204651822547,0.008147065055412676,0.010457028058597674,adequate
llava15_lingoqa,LLaVA-1.5-7B,LingoQA,abs_mean_diff,9,10,non_sdc,7232,75,7232,0,0.0,0.00860389126973774,0.0083745326846838,0.005029751520430313,0.005162938294233754,0.010882958653382957,0.007622499558148412,0.009688530046042218,adequate
llava15_lingoqa,LLaVA-1.5-7B,LingoQA,abs_mean_diff,9,10,non_significant_sdc,102,33,102,0,0.0,0.009839978922483585,0.010104167696805565,0.003626713124693123,0.007445842702430167,0.011549654509169933,0.008732814961873286,0.01104737273131298,adequate
llava15_lingoqa,LLaVA-1.5-7B,LingoQA,abs_mean_diff,9,10,significant_sdc,166,37,48,118,0.7108433734939759,0.013034650453574359,0.013637246486816404,0.003297328741366439,0.012125567514069225,0.015110144739713977,0.012141350864874497,0.01392605758359629,adequate
llava15_lingoqa,LLaVA-1.5-7B,LingoQA,abs_mean_diff,10,11,non_sdc,7232,75,7232,0,0.0,0.010707030338864837,0.00963518608893667,0.006279008912654119,0.007000228768447414,0.012834137564735306,0.009528597072219196,0.011971476816689322,adequate
llava15_lingoqa,LLaVA-1.5-7B,LingoQA,abs_mean_diff,10,11,non_significant_sdc,102,33,102,0,0.0,0.011178659466185863,0.01155715267787772,0.003684884946437887,0.008976874829386361,0.012884476669231523,0.009854232916144673,0.012419183192811906,adequate
llava15_lingoqa,LLaVA-1.5-7B,LingoQA,abs_mean_diff,10,11,significant_sdc,166,36,47,119,0.7168674698795181,0.0417892841233731,0.05003957877562819,0.017171350677626023,0.03678095608721582,0.05297988567178195,0.03647131759822237,0.04639588722778444,adequate
llava15_lingoqa,LLaVA-1.5-7B,LingoQA,abs_mean_diff,11,12,non_sdc,7232,75,7232,0,0.0,0.014191389400874697,0.013235150836408138,0.007202111367640368,0.009216547581176697,0.018567530438303947,0.012838465634735416,0.015586295636069716,adequate
llava15_lingoqa,LLaVA-1.5-7B,LingoQA,abs_mean_diff,11,12,non_significant_sdc,102,33,102,0,0.0,0.01602356918882918,0.015805340599929944,0.004901802113228908,0.013424350974114182,0.019740688581950962,0.014002896601292789,0.018122804021542913,adequate
llava15_lingoqa,LLaVA-1.5-7B,LingoQA,abs_mean_diff,11,12,significant_sdc,166,34,44,122,0.7349397590361446,0.022615330387714294,0.022010697446269344,0.00934819192961201,0.015328472417340859,0.02885625109774992,0.01970584311815178,0.025614010617236494,adequate
llava15_lingoqa,LLaVA-1.5-7B,LingoQA,abs_mean_diff,12,13,non_sdc,7232,75,7232,0,0.0,0.016721074156417173,0.015231834000183476,0.009119383585719596,0.009854895903429549,0.02175521995458338,0.014875639142672863,0.018630456596176716,adequate
llava15_lingoqa,LLaVA-1.5-7B,LingoQA,abs_mean_diff,12,13,non_significant_sdc,102,33,102,0,0.0,0.01927748977462994,0.01736610784309403,0.007092505117240379,0.013638192380536707,0.023597630645698784,0.016457914976104642,0.022289942285132733,adequate
llava15_lingoqa,LLaVA-1.5-7B,LingoQA,abs_mean_diff,12,13,significant_sdc,166,34,44,122,0.7349397590361446,0.019915152513341198,0.01994271528412949,0.006450540454729999,0.01699288762222063,0.022490169261986086,0.017827791419173185,0.022147188024833526,adequate
llava15_lingoqa,LLaVA-1.5-7B,LingoQA,abs_mean_diff,13,14,non_sdc,7232,75,7232,0,0.0,0.014911542398212654,0.013947619125247002,0.007590624684466099,0.010005540042281305,0.018644265063234012,0.013487793964043131,0.01639844167962687,adequate
llava15_lingoqa,LLaVA-1.5-7B,LingoQA,abs_mean_diff,13,14,non_significant_sdc,102,33,102,0,0.0,0.014851964999418604,0.013533895078226622,0.005063464829479887,0.01147894255502086,0.018291433242470807,0.012675182639371516,0.017443412744514587,adequate
llava15_lingoqa,LLaVA-1.5-7B,LingoQA,abs_mean_diff,13,14,significant_sdc,166,34,44,122,0.7349397590361446,0.025232092484680203,0.023662351900996755,0.011536841213166548,0.020556949760699897,0.025397294604846715,0.022162423395393833,0.029172345837589216,adequate
llava15_lingoqa,LLaVA-1.5-7B,LingoQA,abs_mean_diff,14,15,non_sdc,7232,75,7232,0,0.0,0.014054932924426184,0.012630800296190299,0.007236316894483236,0.009326189836775441,0.01838274519832339,0.012685306449346493,0.015490927239264922,adequate
llava15_lingoqa,LLaVA-1.5-7B,LingoQA,abs_mean_diff,14,15,non_significant_sdc,102,33,102,0,0.0,0.014407335970731858,0.012670160262408019,0.005433272629044298,0.01063611020351975,0.01833731361738482,0.012250945544138218,0.016704925683376736,adequate
llava15_lingoqa,LLaVA-1.5-7B,LingoQA,abs_mean_diff,14,15,significant_sdc,166,32,41,125,0.7530120481927711,0.012121532853616399,0.010283292681026292,0.012327248100048533,0.006637629334970067,0.014519404695958507,0.009119137176854282,0.016797520080511795,adequate
llava15_lingoqa,LLaVA-1.5-7B,LingoQA,abs_mean_diff,15,16,non_sdc,7232,75,7232,0,0.0,0.016001436722119716,0.01424515014514327,0.010355984410865582,0.009821676649153233,0.020409635255216725,0.013930787594652754,0.018237191355693926,adequate
llava15_lingoqa,LLaVA-1.5-7B,LingoQA,abs_mean_diff,15,16,non_significant_sdc,102,33,102,0,0.0,0.016198654966060728,0.017164128344179456,0.005356065264239108,0.011023115773172658,0.02003645079390963,0.013515525319277131,0.018535624423399955,adequate
llava15_lingoqa,LLaVA-1.5-7B,LingoQA,abs_mean_diff,15,16,significant_sdc,166,31,40,126,0.7590361445783133,0.01874585192908048,0.017248859200198963,0.007345765460876743,0.013914989413246892,0.023292457487681235,0.016324325245379655,0.021231871213200335,adequate
llava15_lingoqa,LLaVA-1.5-7B,LingoQA,abs_mean_diff,16,17,non_sdc,7232,75,7232,0,0.0,0.01770993927484751,0.015665596693425494,0.010875181857466354,0.01160874028573744,0.021861044144761577,0.015532693460072623,0.020100056054111238,adequate
llava15_lingoqa,LLaVA-1.5-7B,LingoQA,abs_mean_diff,16,17,non_significant_sdc,102,33,102,0,0.0,0.019492040629434916,0.019695199297435968,0.006571397856986178,0.014761419390561059,0.022222430966746975,0.01723987638035803,0.021654709506306793,adequate
llava15_lingoqa,LLaVA-1.5-7B,LingoQA,abs_mean_diff,16,17,significant_sdc,166,29,37,129,0.7771084337349398,0.01985387460057679,0.014997833534333932,0.018299325861045754,0.010882116949223742,0.023037869423836926,0.01486920320563884,0.02610785775923365,underpowered
llava15_lingoqa,LLaVA-1.5-7B,LingoQA,abs_mean_diff,17,18,non_sdc,7232,75,7232,0,0.0,0.015019452752522908,0.014121313113719225,0.008003069784175082,0.010150324553251266,0.01874897163361311,0.013511910665046199,0.016579438971977827,adequate
llava15_lingoqa,LLaVA-1.5-7B,LingoQA,abs_mean_diff,17,18,non_significant_sdc,102,33,102,0,0.0,0.017223295520790136,0.016317503759637475,0.007753716505557196,0.012417812529467762,0.020554496174944297,0.015106664611886277,0.01982070264543501,adequate
llava15_lingoqa,LLaVA-1.5-7B,LingoQA,abs_mean_diff,17,18,significant_sdc,166,29,37,129,0.7771084337349398,0.019501785050341534,0.018695843977514993,0.010756418858637451,0.012417576522851477,0.023961746979656876,0.015937437658438067,0.023417169914816745,underpowered
llava15_lingoqa,LLaVA-1.5-7B,LingoQA,abs_mean_diff,18,19,non_sdc,7232,75,7232,0,0.0,0.01506428760442627,0.013652532361447811,0.0073008074098288335,0.010704531101509929,0.01885010558180511,0.013681597157000623,0.0165780254496982,adequate
llava15_lingoqa,LLaVA-1.5-7B,LingoQA,abs_mean_diff,18,19,non_significant_sdc,102,33,102,0,0.0,0.01621565428782065,0.015204401888275662,0.006888927794476032,0.010808824820493411,0.020079085916599473,0.013564267177064458,0.019275505184204556,adequate
llava15_lingoqa,LLaVA-1.5-7B,LingoQA,abs_mean_diff,18,19,significant_sdc,166,28,35,131,0.7891566265060241,0.018146460760430232,0.01412111394373434,0.020510108785627746,0.011002697694419446,0.01805054202048602,0.013074314054254844,0.026644552495275305,underpowered
llava15_lingoqa,LLaVA-1.5-7B,LingoQA,abs_mean_diff,19,20,non_sdc,7232,75,7232,0,0.0,0.014865650966108227,0.014675164595246315,0.007485872829605598,0.010123652871698141,0.01871219197152338,0.013499640894278119,0.016348883974196007,adequate
llava15_lingoqa,LLaVA-1.5-7B,LingoQA,abs_mean_diff,19,20,non_significant_sdc,102,33,102,0,0.0,0.017013285297009254,0.01727066714686641,0.004869867637578559,0.014067914079462823,0.01934139248297303,0.014851991492817102,0.018559056305135095,adequate
llava15_lingoqa,LLaVA-1.5-7B,LingoQA,abs_mean_diff,19,20,significant_sdc,166,28,34,132,0.7951807228915663,0.01669546056753807,0.012719070023324872,0.01947180714919354,0.008770849907352607,0.017141350464681213,0.012170062881515857,0.023362548544721595,underpowered
llava15_lingoqa,LLaVA-1.5-7B,LingoQA,abs_mean_diff,20,21,non_sdc,7232,75,7232,0,0.0,0.023227956687945365,0.021607831469736993,0.010027183483139279,0.015900644550459798,0.02881810674443841,0.02130786479857042,0.025242909349489914,adequate
llava15_lingoqa,LLaVA-1.5-7B,LingoQA,abs_mean_diff,20,21,non_significant_sdc,102,33,102,0,0.0,0.021923784966850757,0.021081525926259632,0.006212297461000594,0.017644703385975354,0.025938465103453837,0.02025128781589094,0.023702319086230814,adequate
llava15_lingoqa,LLaVA-1.5-7B,LingoQA,abs_mean_diff,20,21,significant_sdc,166,28,34,132,0.7951807228915663,0.020525938475640076,0.011827906232231327,0.018785846204706382,0.008785012520241494,0.025322126557252238,0.014560339663496947,0.02778060787929962,underpowered
llava15_lingoqa,LLaVA-1.5-7B,LingoQA,abs_mean_diff,21,22,non_sdc,7232,75,7232,0,0.0,0.020863983053762285,0.020452873427015933,0.009974738063159884,0.014273674360343389,0.026160944571816606,0.0188512445168002,0.02286990054003155,adequate
llava15_lingoqa,LLaVA-1.5-7B,LingoQA,abs_mean_diff,21,22,non_significant_sdc,102,33,102,0,0.0,0.022925697201401557,0.02424209075029559,0.007368767862378736,0.017795423589025933,0.02587103687871534,0.020304369407715815,0.025664629471568425,adequate
llava15_lingoqa,LLaVA-1.5-7B,LingoQA,abs_mean_diff,21,22,significant_sdc,166,27,33,133,0.8012048192771084,0.04003099985737067,0.04883600501533674,0.018255707562307606,0.02213954608887434,0.05328934261461302,0.034239357959011237,0.045798304159688996,underpowered
llava15_lingoqa,LLaVA-1.5-7B,LingoQA,abs_mean_diff,22,23,non_sdc,7232,75,7232,0,0.0,0.022501444517699677,0.022062547504901886,0.0111794673803798,0.01546661276370287,0.028840744151518896,0.020361758764195027,0.024688471609471276,adequate
llava15_lingoqa,LLaVA-1.5-7B,LingoQA,abs_mean_diff,22,23,non_significant_sdc,102,33,102,0,0.0,0.026662541924362525,0.0266961380287509,0.008611976214186409,0.022535961486088732,0.029685263360413362,0.02349196710504383,0.02898239180075047,adequate
llava15_lingoqa,LLaVA-1.5-7B,LingoQA,abs_mean_diff,22,23,significant_sdc,166,26,32,134,0.8072289156626506,0.03619562215862452,0.031973928279642544,0.014049415703310504,0.028112566602245277,0.04436857001475838,0.031316497973841166,0.04171079317791862,underpowered
llava15_lingoqa,LLaVA-1.5-7B,LingoQA,abs_mean_diff,23,24,non_sdc,7232,75,7232,0,0.0,0.02165398394840458,0.01910219364799559,0.011185876880894705,0.014663670785151996,0.026632760651409626,0.019532903890291678,0.02391560264605416,adequate
llava15_lingoqa,LLaVA-1.5-7B,LingoQA,abs_mean_diff,23,24,non_significant_sdc,102,33,102,0,0.0,0.01969026206764503,0.0182321342245604,0.005896175413503084,0.015343415038660168,0.02235489780064292,0.01797212859232442,0.02163362393837614,adequate
llava15_lingoqa,LLaVA-1.5-7B,LingoQA,abs_mean_diff,23,24,significant_sdc,166,26,32,134,0.8072289156626506,0.019342815244097165,0.009942264068035448,0.02466561073685506,0.006240265824052752,0.018034480588375108,0.012313525144105015,0.028117488320880804,underpowered
llava15_lingoqa,LLaVA-1.5-7B,LingoQA,abs_mean_diff,24,25,non_sdc,7232,75,7232,0,0.0,0.016116234389509192,0.014373991219326854,0.008961500072644693,0.010263672011205927,0.021085586081343616,0.014499714468850962,0.01785015478252227,adequate
llava15_lingoqa,LLaVA-1.5-7B,LingoQA,abs_mean_diff,24,25,non_significant_sdc,102,33,102,0,0.0,0.016570006087826505,0.017058823141269386,0.006084837068286659,0.01125447242728634,0.02139517401282115,0.014142229625418813,0.01911354130861487,adequate
llava15_lingoqa,LLaVA-1.5-7B,LingoQA,abs_mean_diff,24,25,significant_sdc,166,25,31,135,0.8132530120481928,0.01857317275382076,0.015620298351028137,0.010321771395634206,0.012427116169271116,0.021541757092155438,0.015504184556785403,0.022035968311599305,underpowered
llava15_lingoqa,LLaVA-1.5-7B,LingoQA,abs_mean_diff,25,26,non_sdc,7232,75,7232,0,0.0,0.018928704040582063,0.017226650959087743,0.00870906413663304,0.013879272292422898,0.022591726592509076,0.017289149648067062,0.020713491793323,adequate
llava15_lingoqa,LLaVA-1.5-7B,LingoQA,abs_mean_diff,25,26,non_significant_sdc,102,33,102,0,0.0,0.019540951972729318,0.018803080615515895,0.00628941396137664,0.014766289630312134,0.024119992791452417,0.016981445450294903,0.022504611436998827,adequate
llava15_lingoqa,LLaVA-1.5-7B,LingoQA,abs_mean_diff,25,26,significant_sdc,166,25,31,135,0.8132530120481928,0.027376255357327565,0.018733367551954424,0.022599520360548464,0.014038798455876144,0.032624289013293326,0.020249828022882624,0.03632588521339351,underpowered
llava15_lingoqa,LLaVA-1.5-7B,LingoQA,abs_mean_diff,26,27,non_sdc,7232,75,7232,0,0.0,0.019920635662526876,0.01771599460731853,0.01000654219577106,0.013111923605902121,0.02466840110719204,0.018093859804783136,0.021829265931839103,adequate
llava15_lingoqa,LLaVA-1.5-7B,LingoQA,abs_mean_diff,26,27,non_significant_sdc,102,33,102,0,0.0,0.018369364883665605,0.01904618999329754,0.007209572499535338,0.013864528219878243,0.019463231221045728,0.016342364337661376,0.020710420977970954,adequate
llava15_lingoqa,LLaVA-1.5-7B,LingoQA,abs_mean_diff,26,27,significant_sdc,166,23,29,137,0.8253012048192772,0.024806074673732234,0.020682992565692688,0.018441237837225725,0.013741982340508578,0.02871581843617011,0.018356542844749107,0.03301125496931627,underpowered
llava15_lingoqa,LLaVA-1.5-7B,LingoQA,abs_mean_diff,27,28,non_sdc,7232,75,7232,0,0.0,0.018085310335597616,0.016856334793070953,0.009885532327939475,0.011559705083657588,0.02349085232708603,0.01619970191696795,0.020048069277782087,adequate
llava15_lingoqa,LLaVA-1.5-7B,LingoQA,abs_mean_diff,27,28,non_significant_sdc,102,33,102,0,0.0,0.02424814500861229,0.02245020884080217,0.008028038079913686,0.018859867355786264,0.029642634210176766,0.021744995467630604,0.026359818943623794,adequate
llava15_lingoqa,LLaVA-1.5-7B,LingoQA,abs_mean_diff,27,28,significant_sdc,166,21,24,142,0.8554216867469879,0.03143968899743433,0.025180125875132423,0.02060154199523012,0.018439839512966537,0.0382948186045408,0.024074521568494323,0.04003124402156096,underpowered
llava15_lingoqa,LLaVA-1.5-7B,LingoQA,abs_mean_diff,28,29,non_sdc,7232,75,7232,0,0.0,0.017506685390731875,0.015911516684513443,0.009404038037567727,0.011441457783803344,0.02253454621648416,0.01579901455620157,0.019232318926986125,adequate
llava15_lingoqa,LLaVA-1.5-7B,LingoQA,abs_mean_diff,28,29,non_significant_sdc,102,33,102,0,0.0,0.01823075694769164,0.017127988422494175,0.006687731236524333,0.014624872911510812,0.01970949875163462,0.01686369684417492,0.020507329354578396,adequate
llava15_lingoqa,LLaVA-1.5-7B,LingoQA,abs_mean_diff,28,29,significant_sdc,166,20,22,144,0.8674698795180723,0.029400203200861563,0.021739145425860494,0.025359046050418117,0.014412957747295802,0.03381715944245914,0.020074377394896106,0.04103207209285713,underpowered
llava15_lingoqa,LLaVA-1.5-7B,LingoQA,abs_mean_diff,29,30,non_sdc,7232,75,7232,0,0.0,0.018332803462325672,0.017320796847343445,0.010622765902667253,0.01141431766639774,0.024913094355724752,0.016483671456094095,0.020300041702028905,adequate
llava15_lingoqa,LLaVA-1.5-7B,LingoQA,abs_mean_diff,29,30,non_significant_sdc,102,33,102,0,0.0,0.022832974141211826,0.02150107318967847,0.010524163747735502,0.01432778500020504,0.027141833386849612,0.019040606747904924,0.025959654363671675,adequate
llava15_lingoqa,LLaVA-1.5-7B,LingoQA,abs_mean_diff,29,30,significant_sdc,166,17,19,147,0.8855421686746988,0.03033776558259829,0.019295411692424255,0.028963484355410074,0.014081661285338352,0.029766178224235773,0.01954638013138104,0.045185706679938355,underpowered
llava15_lingoqa,LLaVA-1.5-7B,LingoQA,abs_mean_diff,30,31,non_sdc,7232,75,7232,0,0.0,0.018144457341687625,0.01708842278458178,0.01002632305900488,0.011231461612624116,0.02340188351043157,0.016262495409265297,0.020126767015207377,adequate
llava15_lingoqa,LLaVA-1.5-7B,LingoQA,abs_mean_diff,30,31,non_significant_sdc,102,33,102,0,0.0,0.029365558580886925,0.022903211092433103,0.03482959323468547,0.0183557346750462,0.03417851803919338,0.023253155759256725,0.03974392214507482,adequate
llava15_lingoqa,LLaVA-1.5-7B,LingoQA,abs_mean_diff,30,31,significant_sdc,166,11,12,154,0.927710843373494,0.052539203092823256,0.0257600215871049,0.09779826839392984,0.017098718959129077,0.030148888130069655,0.020279924608869515,0.1160379454508767,underpowered
llava15_lingoqa,LLaVA-1.5-7B,LingoQA,abs_std_diff,0,1,non_sdc,7232,75,7232,0,0.0,0.0224610400568857,0.022336098986367386,0.003623157474012462,0.020037181209772825,0.02454368071630597,0.021654135544733548,0.023236890681577985,adequate
llava15_lingoqa,LLaVA-1.5-7B,LingoQA,abs_std_diff,0,1,non_significant_sdc,102,33,102,0,0.0,0.0204186125290315,0.02031053965911269,0.0023310493340059526,0.019510088624673433,0.02079835431460215,0.019894805522505887,0.02111382471775068,adequate
llava15_lingoqa,LLaVA-1.5-7B,LingoQA,abs_std_diff,0,1,significant_sdc,166,41,59,107,0.6445783132530121,0.02741531801051816,0.02787333498803937,0.004603743551909925,0.02639992027638518,0.029866210451083522,0.026184875176480618,0.02848248929768463,adequate
llava15_lingoqa,LLaVA-1.5-7B,LingoQA,abs_std_diff,1,2,non_sdc,7232,75,7232,0,0.0,0.026526303393865924,0.021446622043315853,0.009611747773733977,0.018996897057684904,0.03712763451039791,0.024449927397259926,0.02867298908557515,adequate
llava15_lingoqa,LLaVA-1.5-7B,LingoQA,abs_std_diff,1,2,non_significant_sdc,102,33,102,0,0.0,0.01980603567129405,0.019439291432111837,0.005321805106607998,0.01785700474283658,0.02011766387814922,0.018097002872462756,0.02198286038581554,adequate
llava15_lingoqa,LLaVA-1.5-7B,LingoQA,abs_std_diff,1,2,significant_sdc,166,41,57,109,0.6566265060240963,0.023712168983413648,0.02404239941008237,0.00462038911784153,0.021383388386088973,0.025125634153278505,0.022477601524732854,0.02502116330189742,adequate
llava15_lingoqa,LLaVA-1.5-7B,LingoQA,abs_std_diff,2,3,non_sdc,7232,75,7232,0,0.0,0.027718812919251934,0.02769626025110483,0.005573710873628234,0.024788236090292532,0.030189996901234348,0.026551448558787605,0.028857836953717655,adequate
llava15_lingoqa,LLaVA-1.5-7B,LingoQA,abs_std_diff,2,3,non_significant_sdc,102,33,102,0,0.0,0.0268769840726369,0.026820637190676466,0.0034048756985962155,0.02552488394730696,0.02821850535375151,0.026078027623092533,0.0277763960807622,adequate
llava15_lingoqa,LLaVA-1.5-7B,LingoQA,abs_std_diff,2,3,significant_sdc,166,41,57,109,0.6566265060240963,0.02341673824911397,0.022054442489633754,0.00482879499041722,0.02094810292580906,0.023997870045809114,0.022235828017304553,0.02479564803382393,adequate
llava15_lingoqa,LLaVA-1.5-7B,LingoQA,abs_std_diff,3,4,non_sdc,7232,75,7232,0,0.0,0.02542326565406986,0.027778451997494583,0.009597664393814936,0.021172955632209778,0.031381869502365586,0.023381920251849396,0.027379025960101815,adequate
llava15_lingoqa,LLaVA-1.5-7B,LingoQA,abs_std_diff,3,4,non_significant_sdc,102,33,102,0,0.0,0.030463636373777928,0.031112786009907724,0.0060304311910807816,0.027197922884414975,0.03244225797659185,0.02780819802256463,0.03272377651423705,adequate
llava15_lingoqa,LLaVA-1.5-7B,LingoQA,abs_std_diff,3,4,significant_sdc,166,41,57,109,0.6566265060240963,0.013213189913898601,0.0110607882771565,0.0064714763458566076,0.010563835767763001,0.011959704665505156,0.011728114192406758,0.014870902748585782,adequate
llava15_lingoqa,LLaVA-1.5-7B,LingoQA,abs_std_diff,4,5,non_sdc,7232,75,7232,0,0.0,0.030989041127370855,0.031220162080393896,0.008539094466345635,0.02391217853873968,0.03687543608248234,0.029208184239635386,0.03286636515790106,adequate
llava15_lingoqa,LLaVA-1.5-7B,LingoQA,abs_std_diff,4,5,non_significant_sdc,102,33,102,0,0.0,0.02301777079188548,0.022335369139909744,0.00476387087411158,0.01930121090263128,0.027458184274534385,0.02106983277634412,0.025204402884476708,adequate
llava15_lingoqa,LLaVA-1.5-7B,LingoQA,abs_std_diff,4,5,significant_sdc,166,41,57,109,0.6566265060240963,0.02032863299519502,0.018501857561724528,0.006682805351531107,0.017314369315091446,0.01931467207566816,0.018860413405790404,0.021902911767767035,adequate
llava15_lingoqa,LLaVA-1.5-7B,LingoQA,abs_std_diff,5,6,non_sdc,7232,75,7232,0,0.0,0.026618786107925195,0.026401681825518608,0.010017290400027032,0.020403218145171802,0.03263308107852936,0.0244759339038387,0.028753649266290402,adequate
llava15_lingoqa,LLaVA-1.5-7B,LingoQA,abs_std_diff,5,6,non_significant_sdc,102,33,102,0,0.0,0.032868686445703725,0.03184519708156586,0.007966263479737938,0.0272330785056158,0.04041846097573977,0.02989129565282894,0.03611004252399122,adequate
llava15_lingoqa,LLaVA-1.5-7B,LingoQA,abs_std_diff,5,6,significant_sdc,166,38,54,112,0.6746987951807228,0.01885306404478107,0.013093165863229304,0.029210748126381785,0.011803714159343923,0.015796271228820692,0.013449344740600647,0.02813547577770808,adequate
llava15_lingoqa,LLaVA-1.5-7B,LingoQA,abs_std_diff,6,7,non_sdc,7232,75,7232,0,0.0,0.04973746935088019,0.048492880165576936,0.016925645500376504,0.03604276245459914,0.062533650547266,0.04605038973428393,0.05340398308238218,adequate
llava15_lingoqa,LLaVA-1.5-7B,LingoQA,abs_std_diff,6,7,non_significant_sdc,102,33,102,0,0.0,0.036165251541008976,0.03392422453007277,0.010163723385909562,0.029815313425826863,0.03827194917193126,0.03319707029346833,0.04057205186967693,adequate
llava15_lingoqa,LLaVA-1.5-7B,LingoQA,abs_std_diff,6,7,significant_sdc,166,38,54,112,0.6746987951807228,0.024223538775000903,0.016935320723117615,0.0182008936867124,0.01521000674716672,0.019540986027188446,0.019672234548253852,0.02976414366102303,adequate
llava15_lingoqa,LLaVA-1.5-7B,LingoQA,abs_std_diff,7,8,non_sdc,7232,75,7232,0,0.0,0.03401424241918666,0.033111740110649004,0.012432889041603,0.025820333957672116,0.04065864922648126,0.031323688891532045,0.036781637301400036,adequate
llava15_lingoqa,LLaVA-1.5-7B,LingoQA,abs_std_diff,7,8,non_significant_sdc,102,33,102,0,0.0,0.03012230937085555,0.029304148629307747,0.006162166924562704,0.027316864199784338,0.033654069527983665,0.028282879000965107,0.03242589458379099,adequate
llava15_lingoqa,LLaVA-1.5-7B,LingoQA,abs_std_diff,7,8,significant_sdc,166,38,52,114,0.6867469879518072,0.02563962583724003,0.025626459634121586,0.007575234589599217,0.021559987198181297,0.027677695552001193,0.023944774294654993,0.027335635818139987,adequate
llava15_lingoqa,LLaVA-1.5-7B,LingoQA,abs_std_diff,8,9,non_sdc,7232,75,7232,0,0.0,0.022666029545920806,0.023112787306308745,0.012067990589319203,0.013522900640964508,0.030673329097529255,0.020061042963410082,0.025294666921799266,adequate
llava15_lingoqa,LLaVA-1.5-7B,LingoQA,abs_std_diff,8,9,non_significant_sdc,102,33,102,0,0.0,0.023860688933189152,0.023323271423578262,0.008430566895556399,0.019872925111225674,0.028152558215097337,0.019981401144137115,0.027791080039175638,adequate
llava15_lingoqa,LLaVA-1.5-7B,LingoQA,abs_std_diff,8,9,significant_sdc,166,38,50,116,0.6987951807228916,0.04265954412820278,0.04778950319302325,0.013826075979161643,0.045023822510729034,0.05032710436427472,0.03927691348080465,0.04572233823978872,adequate
llava15_lingoqa,LLaVA-1.5-7B,LingoQA,abs_std_diff,9,10,non_sdc,7232,75,7232,0,0.0,0.042755303003352965,0.03670073797305425,0.021358327003115997,0.025138229991380986,0.06052348017692566,0.03812191787146793,0.04751920418208922,adequate
llava15_lingoqa,LLaVA-1.5-7B,LingoQA,abs_std_diff,9,10,non_significant_sdc,102,33,102,0,0.0,0.02951398893647009,0.02595359246645655,0.011670484030918759,0.024490805715322497,0.032610820657755064,0.026831974160828973,0.034131781300681646,adequate
llava15_lingoqa,LLaVA-1.5-7B,LingoQA,abs_std_diff,9,10,significant_sdc,166,37,48,118,0.7108433734939759,0.022177358185785718,0.017404752042220563,0.014431033488573723,0.014389737870316116,0.020417040308975443,0.018768643739526827,0.025938023022731786,adequate
llava15_lingoqa,LLaVA-1.5-7B,LingoQA,abs_std_diff,10,11,non_sdc,7232,75,7232,0,0.0,0.031540848184439245,0.033364278450608256,0.013346560678640894,0.021133020520210266,0.04050015169195831,0.028833410440441458,0.0342903482902194,adequate
llava15_lingoqa,LLaVA-1.5-7B,LingoQA,abs_std_diff,10,11,non_significant_sdc,102,33,102,0,0.0,0.039056894653893934,0.039355061824123065,0.008385662850111273,0.034148392001433034,0.04278284963220358,0.03533884128571969,0.043073049287275324,adequate
llava15_lingoqa,LLaVA-1.5-7B,LingoQA,abs_std_diff,10,11,significant_sdc,166,36,47,119,0.7168674698795181,0.02863531360145207,0.02984715192293634,0.006908111281115838,0.02344759389454005,0.03335817093599816,0.02635812223720922,0.030953337105842315,adequate
llava15_lingoqa,LLaVA-1.5-7B,LingoQA,abs_std_diff,11,12,non_sdc,7232,75,7232,0,0.0,0.04657686683960036,0.04511316120624542,0.02146279847710805,0.0335687622728367,0.05757736583741811,0.041947580604912556,0.05122732886472417,adequate
llava15_lingoqa,LLaVA-1.5-7B,LingoQA,abs_std_diff,11,12,non_significant_sdc,102,33,102,0,0.0,0.043996963131210244,0.03949365271411899,0.014895230976662312,0.035114315884380506,0.05362133013194098,0.03846437686838177,0.05025922833117418,adequate
llava15_lingoqa,LLaVA-1.5-7B,LingoQA,abs_std_diff,11,12,significant_sdc,166,34,44,122,0.7349397590361446,0.05087072835028295,0.05248959887088561,0.009486587830068349,0.04640007554268351,0.05560177864924986,0.04833208416394618,0.05344348137224657,adequate
llava15_lingoqa,LLaVA-1.5-7B,LingoQA,abs_std_diff,12,13,non_sdc,7232,75,7232,0,0.0,0.04369191017528085,0.04362784884870052,0.018149300436019457,0.03074235701933503,0.056267181783914565,0.03985855671303284,0.047581790962057065,adequate
llava15_lingoqa,LLaVA-1.5-7B,LingoQA,abs_std_diff,12,13,non_significant_sdc,102,33,102,0,0.0,0.04446305662096268,0.045161153500278786,0.013550859649318748,0.03277894862673499,0.05060845077969134,0.0380350663959553,0.050149992871724315,adequate
llava15_lingoqa,LLaVA-1.5-7B,LingoQA,abs_std_diff,12,13,significant_sdc,166,34,44,122,0.7349397590361446,0.02099041096764602,0.015306121384610936,0.013005452336358636,0.014195177609062925,0.019852962344884872,0.01759548711978097,0.025052359819401616,adequate
llava15_lingoqa,LLaVA-1.5-7B,LingoQA,abs_std_diff,13,14,non_sdc,7232,75,7232,0,0.0,0.03748616089640819,0.03540179505944252,0.018132361849733047,0.02430545538663864,0.04645158722996712,0.033763827508852776,0.041417476366783335,adequate
llava15_lingoqa,LLaVA-1.5-7B,LingoQA,abs_std_diff,13,14,non_significant_sdc,102,33,102,0,0.0,0.03718129088958166,0.03327995653335865,0.01118372719090391,0.030292284313817412,0.04771236822541271,0.03285209744028344,0.041835545828558904,adequate
llava15_lingoqa,LLaVA-1.5-7B,LingoQA,abs_std_diff,13,14,significant_sdc,166,34,44,122,0.7349397590361446,0.08418483879588018,0.04443169567657977,0.27869815925520747,0.03891119703042264,0.04782341416849166,0.04049502095278613,0.18082186275094697,adequate
llava15_lingoqa,LLaVA-1.5-7B,LingoQA,abs_std_diff,14,15,non_sdc,7232,75,7232,0,0.0,0.031511756232979686,0.032474030501076154,0.01637024593703127,0.020361279447873432,0.040911984319488205,0.028177624475759958,0.034866813265709604,adequate
llava15_lingoqa,LLaVA-1.5-7B,LingoQA,abs_std_diff,14,15,non_significant_sdc,102,33,102,0,0.0,0.03243714033837649,0.03237186645974918,0.008709376648202052,0.0267285102357467,0.03606583457440138,0.029888314593599814,0.03525072508319919,adequate
llava15_lingoqa,LLaVA-1.5-7B,LingoQA,abs_std_diff,14,15,significant_sdc,166,32,41,125,0.7530120481927711,0.06725220799432938,0.026409819722175598,0.2638019944501573,0.02018553383496343,0.033235875319461435,0.02379433052894952,0.1613417774602951,adequate
llava15_lingoqa,LLaVA-1.5-7B,LingoQA,abs_std_diff,15,16,non_sdc,7232,75,7232,0,0.0,0.031902050769392,0.03226633928716183,0.014725083336368858,0.024499012873722956,0.040940946234124045,0.02905121706921993,0.034554827899775827,adequate
llava15_lingoqa,LLaVA-1.5-7B,LingoQA,abs_std_diff,15,16,non_significant_sdc,102,33,102,0,0.0,0.037189119452216,0.034563515107242426,0.009028062061557783,0.0317104336915209,0.04039499796926975,0.03414232531715192,0.04048977413530895,adequate
llava15_lingoqa,LLaVA-1.5-7B,LingoQA,abs_std_diff,15,16,significant_sdc,166,31,40,126,0.7590361445783133,0.025571493675753842,0.023766846757154077,0.020633296477567255,0.012437445320645156,0.030637466215661595,0.019263028687778273,0.03317644417716473,adequate
llava15_lingoqa,LLaVA-1.5-7B,LingoQA,abs_std_diff,16,17,non_sdc,7232,75,7232,0,0.0,0.0598872648048655,0.05514355003833771,0.022767551752731093,0.04455100440166213,0.07524202391505241,0.055017966141483424,0.06475789462389894,adequate
llava15_lingoqa,LLaVA-1.5-7B,LingoQA,abs_std_diff,16,17,non_significant_sdc,102,33,102,0,0.0,0.055439971975030346,0.05396613447616498,0.012918447019039509,0.04935702879209908,0.0628956829269345,0.05082560240778966,0.06077357770469817,adequate
llava15_lingoqa,LLaVA-1.5-7B,LingoQA,abs_std_diff,16,17,significant_sdc,166,29,37,129,0.7771084337349398,0.06264350315801911,0.05093871057033539,0.047887066882468604,0.044820934153941214,0.06745353721234264,0.05022762490012529,0.08096297619843107,underpowered
llava15_lingoqa,LLaVA-1.5-7B,LingoQA,abs_std_diff,17,18,non_sdc,7232,75,7232,0,0.0,0.03286599536972561,0.033886224031448364,0.01657432532872877,0.021328061819076538,0.044878113344311715,0.029417895719020534,0.036375185494693464,adequate
llava15_lingoqa,LLaVA-1.5-7B,LingoQA,abs_std_diff,17,18,non_significant_sdc,102,33,102,0,0.0,0.04339504770594181,0.0464558194638515,0.011123122603258966,0.040105773423815674,0.050440007541328664,0.038718893731396545,0.04629121680636388,adequate
llava15_lingoqa,LLaVA-1.5-7B,LingoQA,abs_std_diff,17,18,significant_sdc,166,29,37,129,0.7771084337349398,0.057541136413752574,0.0616200789809227,0.019788853200975204,0.05064818597569758,0.0706803891427663,0.05132272029645539,0.06408143792799875,underpowered
llava15_lingoqa,LLaVA-1.5-7B,LingoQA,abs_std_diff,18,19,non_sdc,7232,75,7232,0,0.0,0.05902763353970341,0.05464363843202591,0.021475517009504994,0.043514761774401584,0.07132483273744583,0.054706215479099575,0.0636365671394737,adequate
llava15_lingoqa,LLaVA-1.5-7B,LingoQA,abs_std_diff,18,19,non_significant_sdc,102,33,102,0,0.0,0.045572839934229906,0.042789316951082304,0.01176064529476385,0.03890838742256165,0.050704975343740036,0.041951749312575524,0.05068089713921592,adequate
llava15_lingoqa,LLaVA-1.5-7B,LingoQA,abs_std_diff,18,19,significant_sdc,166,28,35,131,0.7891566265060241,0.05551732644487537,0.05551476404070854,0.01986456969964681,0.04514909101965793,0.06200418149938389,0.0488641941381921,0.0620758239590928,underpowered
llava15_lingoqa,LLaVA-1.5-7B,LingoQA,abs_std_diff,19,20,non_sdc,7232,75,7232,0,0.0,0.03797397256960194,0.03721199592664128,0.018930817106437844,0.02595142275094986,0.047854208201169965,0.034246160433695945,0.04183539601824693,adequate
llava15_lingoqa,LLaVA-1.5-7B,LingoQA,abs_std_diff,19,20,non_significant_sdc,102,33,102,0,0.0,0.03868487366180886,0.038432617361346885,0.01064226607364487,0.03502160403877497,0.04181272443383932,0.03483557130457901,0.04182009591424074,adequate
llava15_lingoqa,LLaVA-1.5-7B,LingoQA,abs_std_diff,19,20,significant_sdc,166,28,34,132,0.7951807228915663,0.06847884724943276,0.07100807134138078,0.025369694883012932,0.04686903301626444,0.08469479805124658,0.06095334619741155,0.0763664895268562,underpowered
llava15_lingoqa,LLaVA-1.5-7B,LingoQA,abs_std_diff,20,21,non_sdc,7232,75,7232,0,0.0,0.06265141594930701,0.05915069207549095,0.023832394234516587,0.04544155322015286,0.07859611324965954,0.05766316907729427,0.06768198459434017,adequate
llava15_lingoqa,LLaVA-1.5-7B,LingoQA,abs_std_diff,20,21,non_significant_sdc,102,33,102,0,0.0,0.05769180953207706,0.05689365796896876,0.01668760577016367,0.046040430292487146,0.0608022657194824,0.05338884865862847,0.06330798103315732,adequate
llava15_lingoqa,LLaVA-1.5-7B,LingoQA,abs_std_diff,20,21,significant_sdc,166,28,34,132,0.7951807228915663,0.04066676688340272,0.03536690315421746,0.02135261320376718,0.026598561441107674,0.05661682276563211,0.0340476065957002,0.04696450405800832,underpowered
llava15_lingoqa,LLaVA-1.5-7B,LingoQA,abs_std_diff,21,22,non_sdc,7232,75,7232,0,0.0,0.03684533833976054,0.03553224924732657,0.01583391773415612,0.027604758739471436,0.045434201402323585,0.03363974213567486,0.040149460937436404,adequate
llava15_lingoqa,LLaVA-1.5-7B,LingoQA,abs_std_diff,21,22,non_significant_sdc,102,33,102,0,0.0,0.03813407391752912,0.038875317315057834,0.009431866593100025,0.03342014715935175,0.043659265339374545,0.035036869223538096,0.0408437756047513,adequate
llava15_lingoqa,LLaVA-1.5-7B,LingoQA,abs_std_diff,21,22,significant_sdc,166,27,33,133,0.8012048192771084,0.0670848345386159,0.08028875070871139,0.02811536455107718,0.03516940176486969,0.08927464059420995,0.05825492123957287,0.0749593592912624,underpowered
llava15_lingoqa,LLaVA-1.5-7B,LingoQA,abs_std_diff,22,23,non_sdc,7232,75,7232,0,0.0,0.052543940918840105,0.055092740803956985,0.01995892741543908,0.03936877892025419,0.0666566388681531,0.04832924011326305,0.0565569950346202,adequate
llava15_lingoqa,LLaVA-1.5-7B,LingoQA,abs_std_diff,22,23,non_significant_sdc,102,33,102,0,0.0,0.05521938254966859,0.051496826112270355,0.016025363007872256,0.04579335447914641,0.06713147616634767,0.04651746514844176,0.0641927358366944,adequate
llava15_lingoqa,LLaVA-1.5-7B,LingoQA,abs_std_diff,22,23,significant_sdc,166,26,32,134,0.8072289156626506,0.08353925045726396,0.09164630279553179,0.027193680669218356,0.05942680637295149,0.10316923948727091,0.07448127130497359,0.09262330282195154,underpowered
llava15_lingoqa,LLaVA-1.5-7B,LingoQA,abs_std_diff,23,24,non_sdc,7232,75,7232,0,0.0,0.0397589363485727,0.03857306391000748,0.016215770645243842,0.03027017042040825,0.048893315135501325,0.03644823225373429,0.043134688850630404,adequate
llava15_lingoqa,LLaVA-1.5-7B,LingoQA,abs_std_diff,23,24,non_significant_sdc,102,33,102,0,0.0,0.04700102246913125,0.051866283065036815,0.01810867460421466,0.03459423381303038,0.06165698984143685,0.03653038353132292,0.055655472180179764,adequate
llava15_lingoqa,LLaVA-1.5-7B,LingoQA,abs_std_diff,23,24,significant_sdc,166,26,32,134,0.8072289156626506,0.03411990242394304,0.023092191183373852,0.024878536077926585,0.016353775462021634,0.04870546603518905,0.024719912113215996,0.04487916054025651,underpowered
llava15_lingoqa,LLaVA-1.5-7B,LingoQA,abs_std_diff,24,25,non_sdc,7232,75,7232,0,0.0,0.07810893115792467,0.07739026813457409,0.0260283254235312,0.062099269777536395,0.09525239234790206,0.07271716807766586,0.08356176202518588,adequate
llava15_lingoqa,LLaVA-1.5-7B,LingoQA,abs_std_diff,24,25,non_significant_sdc,102,33,102,0,0.0,0.07720636415364324,0.07982573906580606,0.015774122943346715,0.06600293803673524,0.08704927582293749,0.07167677145506857,0.08176242954091148,adequate
llava15_lingoqa,LLaVA-1.5-7B,LingoQA,abs_std_diff,24,25,significant_sdc,166,25,31,135,0.8132530120481928,0.04664960947898129,0.03406445149864469,0.032458440795289215,0.02351296221723362,0.06901147216558456,0.036376322628077884,0.05744961551159856,underpowered
llava15_lingoqa,LLaVA-1.5-7B,LingoQA,abs_std_diff,25,26,non_sdc,7232,75,7232,0,0.0,0.03555390784564145,0.0342814713716507,0.015950940752706762,0.02677751477393839,0.044871180628736816,0.03242580569949391,0.038796634240802576,adequate
llava15_lingoqa,LLaVA-1.5-7B,LingoQA,abs_std_diff,25,26,non_significant_sdc,102,33,102,0,0.0,0.04118989991670212,0.036877473550183434,0.01208688414241738,0.03400208500142281,0.05065884098490292,0.0367008667112769,0.04649071078340312,adequate
llava15_lingoqa,LLaVA-1.5-7B,LingoQA,abs_std_diff,25,26,significant_sdc,166,25,31,135,0.8132530120481928,0.0335196813156994,0.034710332295116116,0.017937723403571006,0.021394790815455575,0.040475952655685196,0.027067133670715268,0.04007731315970367,underpowered
llava15_lingoqa,LLaVA-1.5-7B,LingoQA,abs_std_diff,26,27,non_sdc,7232,75,7232,0,0.0,0.04471480725218254,0.04713818640448153,0.023248694097868245,0.029936422904332478,0.057656771569911926,0.0400486859761409,0.049466040953443514,adequate
llava15_lingoqa,LLaVA-1.5-7B,LingoQA,abs_std_diff,26,27,non_significant_sdc,102,33,102,0,0.0,0.05398408650530968,0.059770426154136656,0.014522404973999026,0.046684395562966954,0.06275675923934582,0.047102998763787846,0.05860685149092071,adequate
llava15_lingoqa,LLaVA-1.5-7B,LingoQA,abs_std_diff,26,27,significant_sdc,166,23,29,137,0.8253012048192772,0.08350011676097668,0.06786194281733554,0.048690869194379385,0.037815655068475375,0.134405323437282,0.06357639379452654,0.1011092060451259,underpowered
llava15_lingoqa,LLaVA-1.5-7B,LingoQA,abs_std_diff,27,28,non_sdc,7232,75,7232,0,0.0,0.045539293327720665,0.04599330361400332,0.022469727749450726,0.033593887090682985,0.0575525127351284,0.04121223350337109,0.05015948616248075,adequate
llava15_lingoqa,LLaVA-1.5-7B,LingoQA,abs_std_diff,27,28,non_significant_sdc,102,33,102,0,0.0,0.050211685434103114,0.053079427434847906,0.013585105638004856,0.03904729430874189,0.05455350184014865,0.045476292709609775,0.054931949340104196,adequate
llava15_lingoqa,LLaVA-1.5-7B,LingoQA,abs_std_diff,27,28,significant_sdc,166,21,24,142,0.8554216867469879,0.0489410495541037,0.04011185915798557,0.02741292051505591,0.03208170534700763,0.06132474237558793,0.03928592861445716,0.060058110223149386,underpowered
llava15_lingoqa,LLaVA-1.5-7B,LingoQA,abs_std_diff,28,29,non_sdc,7232,75,7232,0,0.0,0.03715546495618546,0.03672174698844248,0.018437009650458427,0.02481518089771271,0.048382257809862494,0.03362836739020765,0.04074544448399235,adequate
llava15_lingoqa,LLaVA-1.5-7B,LingoQA,abs_std_diff,28,29,non_significant_sdc,102,33,102,0,0.0,0.040738174680522446,0.03989962599545467,0.011680841571156885,0.03375127472515617,0.048377323609132036,0.03748066390236403,0.04480113153715956,adequate
llava15_lingoqa,LLaVA-1.5-7B,LingoQA,abs_std_diff,28,29,significant_sdc,166,20,22,144,0.8674698795180723,0.044717967055078495,0.03853623083104258,0.03336118447915927,0.02448272499807027,0.05475423656963849,0.03238337572030584,0.05948087042711415,underpowered
llava15_lingoqa,LLaVA-1.5-7B,LingoQA,abs_std_diff,29,30,non_sdc,7232,75,7232,0,0.0,0.061320578577678586,0.05657553010516697,0.025135279456144577,0.04277207960303013,0.0747293084859848,0.056172317768245925,0.0667219681447157,adequate
llava15_lingoqa,LLaVA-1.5-7B,LingoQA,abs_std_diff,29,30,non_significant_sdc,102,33,102,0,0.0,0.05463213424002731,0.05371913445346496,0.014669523375053214,0.04350776087956727,0.06621796926673577,0.04832004209567213,0.05888756703412074,adequate
llava15_lingoqa,LLaVA-1.5-7B,LingoQA,abs_std_diff,29,30,significant_sdc,166,17,19,147,0.8855421686746988,0.07407677813694634,0.04811622574925423,0.0663704205491039,0.035259171372272816,0.08749837519562975,0.04801409228510065,0.10669178109164622,underpowered
llava15_lingoqa,LLaVA-1.5-7B,LingoQA,abs_std_diff,30,31,non_sdc,7232,75,7232,0,0.0,0.0357199098051959,0.036528392384449646,0.0181005735701573,0.023707546293735504,0.046296846121549606,0.03213055028218977,0.039359865922583094,adequate
llava15_lingoqa,LLaVA-1.5-7B,LingoQA,abs_std_diff,30,31,non_significant_sdc,102,33,102,0,0.0,0.05208954609055588,0.04839343486391768,0.08466489012290693,0.03584445704920934,0.05047142820862623,0.040168911242526556,0.07605609641561371,adequate
llava15_lingoqa,LLaVA-1.5-7B,LingoQA,abs_std_diff,30,31,significant_sdc,166,11,12,154,0.927710843373494,0.1382553837358982,0.051370370037415444,0.3177336663426531,0.04258139027903477,0.05784788436215857,0.03999053489954871,0.34664610263729917,underpowered
llava15_lingoqa,LLaVA-1.5-7B,LingoQA,l2_distance,0,1,non_sdc,7232,75,7232,0,0.0,0.20593053571818418,0.20483287834391303,0.01951835325473347,0.1934663951396942,0.21666456386446953,0.20206188901880726,0.20989287826719957,adequate
llava15_lingoqa,LLaVA-1.5-7B,LingoQA,l2_distance,0,1,non_significant_sdc,102,33,102,0,0.0,0.204738573422965,0.20414606949862313,0.014315046848595135,0.19649058431386948,0.21165111555862112,0.1995491736306499,0.20991802254360004,adequate
llava15_lingoqa,LLaVA-1.5-7B,LingoQA,l2_distance,0,1,significant_sdc,166,41,59,107,0.6445783132530121,0.5172939880828195,0.5859753635464883,0.14715457547866895,0.5739378126300112,0.5963842950913371,0.47774874862951533,0.5513304606640124,adequate
llava15_lingoqa,LLaVA-1.5-7B,LingoQA,l2_distance,1,2,non_sdc,7232,75,7232,0,0.0,0.2538694762858697,0.2341567289925391,0.05404591577095004,0.21217828947119416,0.308936208486557,0.24230288447020895,0.2656734711016975,adequate
llava15_lingoqa,LLaVA-1.5-7B,LingoQA,l2_distance,1,2,non_significant_sdc,102,33,102,0,0.0,0.22390720890609855,0.21967608115377546,0.03277601114151262,0.20337286529441673,0.23369559007031576,0.21356596162893507,0.2380899616229762,adequate
llava15_lingoqa,LLaVA-1.5-7B,LingoQA,l2_distance,1,2,significant_sdc,166,41,57,109,0.6566265060240963,0.533591117071003,0.5987378042571398,0.13540979420313465,0.5873441671838566,0.606410485749342,0.496570229859375,0.5671358972180988,adequate
llava15_lingoqa,LLaVA-1.5-7B,LingoQA,l2_distance,2,3,non_sdc,7232,75,7232,0,0.0,0.27798955028895195,0.2935705047688986,0.04695455808253694,0.23587210103869438,0.31653307378292084,0.26811533742890664,0.2875816428865916,adequate
llava15_lingoqa,LLaVA-1.5-7B,LingoQA,l2_distance,2,3,non_significant_sdc,102,33,102,0,0.0,0.3099988762988311,0.3174838028392013,0.03204594550622954,0.29946179166436193,0.3295970146677324,0.2977882388975129,0.32134454496010817,adequate
llava15_lingoqa,LLaVA-1.5-7B,LingoQA,l2_distance,2,3,significant_sdc,166,41,57,109,0.6566265060240963,0.3951627653701695,0.41710351985328054,0.057656987797343164,0.40890092326670274,0.4224863782220957,0.3809493850004495,0.4078311866635102,adequate
llava15_lingoqa,LLaVA-1.5-7B,LingoQA,l2_distance,3,4,non_sdc,7232,75,7232,0,0.0,0.2855579734506912,0.3030664771795273,0.09308695879046494,0.20974577963352203,0.35953782960869274,0.26468052767900163,0.3053954224650475,adequate
llava15_lingoqa,LLaVA-1.5-7B,LingoQA,l2_distance,3,4,non_significant_sdc,102,33,102,0,0.0,0.3677726745265257,0.38869696970169365,0.0558765201473219,0.340898833796382,0.4085719831744019,0.3425856978693118,0.38254458408906444,adequate
llava15_lingoqa,LLaVA-1.5-7B,LingoQA,l2_distance,3,4,significant_sdc,166,41,57,109,0.6566265060240963,0.41088620088486805,0.4369725578901719,0.07131842905660536,0.4188480000106656,0.4474854244261372,0.39144078133001436,0.4272447582452793,adequate
llava15_lingoqa,LLaVA-1.5-7B,LingoQA,l2_distance,4,5,non_sdc,7232,75,7232,0,0.0,0.3625519350689363,0.3701932980464055,0.03425383546817474,0.3350420258939266,0.38691236741013,0.35571252380668367,0.36942552846583476,adequate
llava15_lingoqa,LLaVA-1.5-7B,LingoQA,l2_distance,4,5,non_significant_sdc,102,33,102,0,0.0,0.361436014289534,0.3670841796554126,0.04488295085871029,0.31677340583077496,0.40588317811489105,0.33646459533102957,0.38289477465636773,adequate
llava15_lingoqa,LLaVA-1.5-7B,LingoQA,l2_distance,4,5,significant_sdc,166,41,57,109,0.6566265060240963,0.39821597965404554,0.40035061477398387,0.022221483373845597,0.39219252309020686,0.40652620974852116,0.39147533621099173,0.4036892443599757,adequate
llava15_lingoqa,LLaVA-1.5-7B,LingoQA,l2_distance,5,6,non_sdc,7232,75,7232,0,0.0,0.40810624427718034,0.4059370458126068,0.07256111853215487,0.36107632517814636,0.4694332000799477,0.3925006673868004,0.4237765513927666,adequate
llava15_lingoqa,LLaVA-1.5-7B,LingoQA,l2_distance,5,6,non_significant_sdc,102,33,102,0,0.0,0.46485893052648586,0.4835211075097322,0.05684643173670917,0.41378720331337904,0.5064541772007942,0.4367731785164698,0.48825543362118873,adequate
llava15_lingoqa,LLaVA-1.5-7B,LingoQA,l2_distance,5,6,significant_sdc,166,38,54,112,0.6746987951807228,0.605621295536428,0.6062919460997289,0.2498781314122777,0.5953036124000743,0.6116945932106096,0.557338519773719,0.6791421896563143,adequate
llava15_lingoqa,LLaVA-1.5-7B,LingoQA,l2_distance,6,7,non_sdc,7232,75,7232,0,0.0,0.5834526192180042,0.5811068415641785,0.08578199479074218,0.519977867603302,0.6622048914432526,0.5650557325922677,0.6021902002886693,adequate
llava15_lingoqa,LLaVA-1.5-7B,LingoQA,l2_distance,6,7,non_significant_sdc,102,33,102,0,0.0,0.5329906853094073,0.543083975234857,0.07037416488370965,0.47333190279370324,0.5633838965880628,0.5037457032779586,0.5626745214048019,adequate
llava15_lingoqa,LLaVA-1.5-7B,LingoQA,l2_distance,6,7,significant_sdc,166,38,54,112,0.6746987951807228,0.7182225766065096,0.672801178328845,0.3885704978837579,0.6633807683781702,0.6841958548341479,0.6550008217781704,0.8354401227435216,adequate
llava15_lingoqa,LLaVA-1.5-7B,LingoQA,l2_distance,7,8,non_sdc,7232,75,7232,0,0.0,0.5372180573914647,0.5271230638027191,0.09464650797416956,0.49349234910572276,0.5831319689750671,0.5170920602043829,0.5574518753948122,adequate
llava15_lingoqa,LLaVA-1.5-7B,LingoQA,l2_distance,7,8,non_significant_sdc,102,33,102,0,0.0,0.5572999528930451,0.5533780444461804,0.06160363664281811,0.515064550191164,0.605570992797005,0.531520882208601,0.5824037327700533,adequate
llava15_lingoqa,LLaVA-1.5-7B,LingoQA,l2_distance,7,8,significant_sdc,166,38,52,114,0.6867469879518072,0.9184490822803693,0.9731930181079982,0.22814551937380398,0.9360867066293204,0.9999665228687986,0.8646845732137449,0.9737192461451085,adequate
llava15_lingoqa,LLaVA-1.5-7B,LingoQA,l2_distance,8,9,non_sdc,7232,75,7232,0,0.0,0.588178392473643,0.5878033952580558,0.10489922859388826,0.5236162223986217,0.656115859746933,0.5655611689817611,0.6112593578243418,adequate
llava15_lingoqa,LLaVA-1.5-7B,LingoQA,l2_distance,8,9,non_significant_sdc,102,33,102,0,0.0,0.6134855673769151,0.6034695275284194,0.07159033197315957,0.5863139850834569,0.6859253531694411,0.5856817709750691,0.6440436905989879,adequate
llava15_lingoqa,LLaVA-1.5-7B,LingoQA,l2_distance,8,9,significant_sdc,166,38,50,116,0.6987951807228916,0.9831750465136747,1.0289533716075274,0.1788297292836073,0.9936394420813541,1.0712585145113418,0.9350653475463383,1.0266890351691627,adequate
llava15_lingoqa,LLaVA-1.5-7B,LingoQA,l2_distance,9,10,non_sdc,7232,75,7232,0,0.0,0.7171705464192827,0.7013595700263977,0.12789384248363023,0.6144021451473236,0.8099592179059982,0.6906842248011085,0.7448906681056574,adequate
llava15_lingoqa,LLaVA-1.5-7B,LingoQA,l2_distance,9,10,non_significant_sdc,102,33,102,0,0.0,0.7168401955286184,0.6928610967902036,0.12136966944624891,0.6163738336075436,0.7991295462968399,0.6570691430868462,0.7825947930965301,adequate
llava15_lingoqa,LLaVA-1.5-7B,LingoQA,l2_distance,9,10,significant_sdc,166,37,48,118,0.7108433734939759,1.080209128931165,1.1290498844214847,0.14753526097590944,1.1026453102389877,1.1677746760601901,1.0374803615022286,1.1160903356362026,adequate
llava15_lingoqa,LLaVA-1.5-7B,LingoQA,l2_distance,10,11,non_sdc,7232,75,7232,0,0.0,0.8139645009536078,0.8000752031803131,0.13140349188768288,0.7182017341256142,0.8865521622115169,0.7863292384443524,0.8437694226511152,adequate
llava15_lingoqa,LLaVA-1.5-7B,LingoQA,l2_distance,10,11,non_significant_sdc,102,33,102,0,0.0,0.8168340231084699,0.8426057932024099,0.11300157808737006,0.7259289398268387,0.9057182576196313,0.7623554691119242,0.868471022993392,adequate
llava15_lingoqa,LLaVA-1.5-7B,LingoQA,l2_distance,10,11,significant_sdc,166,36,47,119,0.7168674698795181,1.1344121462416283,1.1779303319600163,0.15172901882792253,1.141040382336597,1.2279708397631741,1.087421069025926,1.1731873932060095,adequate
llava15_lingoqa,LLaVA-1.5-7B,LingoQA,l2_distance,11,12,non_sdc,7232,75,7232,0,0.0,0.8846603150965308,0.8597780466079712,0.1435223940018296,0.7865970986230033,0.9822435528039932,0.8548209340754542,0.9152761571008686,adequate
llava15_lingoqa,LLaVA-1.5-7B,LingoQA,l2_distance,11,12,non_significant_sdc,102,33,102,0,0.0,0.8868150837403973,0.8505632944012943,0.11873901655691911,0.7892101501934549,1.0276031247815307,0.8336026870054952,0.9489264526540544,adequate
llava15_lingoqa,LLaVA-1.5-7B,LingoQA,l2_distance,11,12,significant_sdc,166,34,44,122,0.7349397590361446,1.3850910966872343,1.4725675893073178,0.23636913099056553,1.4436497247340727,1.5186497225445144,1.3185933476409737,1.4466237701551161,adequate
llava15_lingoqa,LLaVA-1.5-7B,LingoQA,l2_distance,12,13,non_sdc,7232,75,7232,0,0.0,0.8640795793195871,0.8540211478869121,0.11058795067912348,0.7991358488798141,0.9182703047990799,0.8430854221961616,0.8859748412211331,adequate
llava15_lingoqa,LLaVA-1.5-7B,LingoQA,l2_distance,12,13,non_significant_sdc,102,33,102,0,0.0,0.9028782884010844,0.9189132302999496,0.097276279660413,0.8504113510251046,0.9465347965387092,0.8573161736345062,0.9493873365209096,adequate
llava15_lingoqa,LLaVA-1.5-7B,LingoQA,l2_distance,12,13,significant_sdc,166,34,44,122,0.7349397590361446,1.1956927206293604,1.233542572478859,0.17460477121277676,1.1886709689342676,1.2536682702448902,1.149884481516406,1.244005049077638,adequate
llava15_lingoqa,LLaVA-1.5-7B,LingoQA,l2_distance,13,14,non_sdc,7232,75,7232,0,0.0,0.9110420770181953,0.8832769393920898,0.13123918478704957,0.8053553209585302,1.0040244162082672,0.8843903656001918,0.9380109202909085,adequate
llava15_lingoqa,LLaVA-1.5-7B,LingoQA,l2_distance,13,14,non_significant_sdc,102,33,102,0,0.0,0.9545752309755766,0.8893730835272715,0.14753620637762885,0.8467438474961138,1.072118978947401,0.8810119346143218,1.0439749391577886,adequate
llava15_lingoqa,LLaVA-1.5-7B,LingoQA,l2_distance,13,14,significant_sdc,166,34,44,122,0.7349397590361446,1.7471812676563265,1.4947341522391961,2.2786713703819914,1.4469191340767606,1.5305589604742673,1.3615020153803254,2.5537411751855266,adequate
llava15_lingoqa,LLaVA-1.5-7B,LingoQA,l2_distance,14,15,non_sdc,7232,75,7232,0,0.0,0.9637209030992638,0.9414576292037964,0.1789412293562167,0.8397247750650753,1.0810776352882385,0.9262255964884529,1.00099206981804,adequate
llava15_lingoqa,LLaVA-1.5-7B,LingoQA,l2_distance,14,15,non_significant_sdc,102,33,102,0,0.0,1.0358314534819408,1.0080364484053392,0.19188958772858872,0.8974236297820295,1.196573258297784,0.9345842130036076,1.1445777452064132,adequate
llava15_lingoqa,LLaVA-1.5-7B,LingoQA,l2_distance,14,15,significant_sdc,166,32,41,125,0.7530120481927711,1.5683741906491555,1.2140687947370568,2.3615492379703555,1.1551703360615944,1.2701557019482488,1.1615451055033879,2.4402093349639924,adequate
llava15_lingoqa,LLaVA-1.5-7B,LingoQA,l2_distance,15,16,non_sdc,7232,75,7232,0,0.0,1.0760211461680365,1.0377289235591889,0.1957616861106417,0.9441989660263062,1.2066787779331207,1.0360041323747942,1.116753183367402,adequate
llava15_lingoqa,LLaVA-1.5-7B,LingoQA,l2_distance,15,16,non_significant_sdc,102,33,102,0,0.0,1.1553733113391729,1.124583560686845,0.20254371205210012,0.9735188083006785,1.3440395800434812,1.0594993985600787,1.2614931621765344,adequate
llava15_lingoqa,LLaVA-1.5-7B,LingoQA,l2_distance,15,16,significant_sdc,166,31,40,126,0.7590361445783133,1.6633837677885297,1.7039909752047793,0.4463413550477571,1.6622240555529693,1.7459079112325395,1.5483711874616575,1.8164698483405277,adequate
llava15_lingoqa,LLaVA-1.5-7B,LingoQA,l2_distance,16,17,non_sdc,7232,75,7232,0,0.0,1.108307026943819,1.0819570352049435,0.17320031727455823,0.9810835868120193,1.1924762725830078,1.0740179908339373,1.14535856886344,adequate
llava15_lingoqa,LLaVA-1.5-7B,LingoQA,l2_distance,16,17,non_significant_sdc,102,33,102,0,0.0,1.1595182089708165,1.1669506510862937,0.2324894896330635,0.9967570353976705,1.3004839837551116,1.0621358449784495,1.260075780760457,adequate
llava15_lingoqa,LLaVA-1.5-7B,LingoQA,l2_distance,16,17,significant_sdc,166,29,37,129,0.7771084337349398,1.5994447027114667,1.4406664651267382,0.7497420513669243,1.3618015902382987,1.571296064221129,1.398555914037159,1.8723496134073114,underpowered
llava15_lingoqa,LLaVA-1.5-7B,LingoQA,l2_distance,17,18,non_sdc,7232,75,7232,0,0.0,0.9710851819774347,0.9700797895590465,0.18077650034386555,0.840097039937973,1.106064615004203,0.9319794567667617,1.0105824834833883,adequate
llava15_lingoqa,LLaVA-1.5-7B,LingoQA,l2_distance,17,18,non_significant_sdc,102,33,102,0,0.0,1.1146704119291644,1.1198011384560511,0.19333650213944245,0.9879816453903913,1.2572189992179674,1.0450509616106445,1.1885644751950037,adequate
llava15_lingoqa,LLaVA-1.5-7B,LingoQA,l2_distance,17,18,significant_sdc,166,29,37,129,0.7771084337349398,1.4497254156098627,1.3314884487463503,0.6996537516591145,1.2452340892383031,1.3715293164155922,1.2577866692242283,1.6998528032290503,underpowered
llava15_lingoqa,LLaVA-1.5-7B,LingoQA,l2_distance,18,19,non_sdc,7232,75,7232,0,0.0,1.0546523635519705,1.0570767567707942,0.16016421375154574,0.9364001154899597,1.152355745434761,1.0213372468994124,1.0892180245778997,adequate
llava15_lingoqa,LLaVA-1.5-7B,LingoQA,l2_distance,18,19,non_significant_sdc,102,33,102,0,0.0,1.1271192166933492,1.1518378762231358,0.20187141666746705,0.9467122408428362,1.327357068657875,1.030008770179828,1.2273052974959064,adequate
llava15_lingoqa,LLaVA-1.5-7B,LingoQA,l2_distance,18,19,significant_sdc,166,28,35,131,0.7891566265060241,1.3352993615375388,1.1851218841513809,0.6050776612829215,1.1176015217693485,1.2723448014989192,1.1709507973066307,1.5587519630638396,underpowered
llava15_lingoqa,LLaVA-1.5-7B,LingoQA,l2_distance,19,20,non_sdc,7232,75,7232,0,0.0,1.0649416276950474,1.044837862253189,0.22024274045044326,0.9160109534859657,1.2084097521645683,1.0188011229483946,1.1115697837098817,adequate
llava15_lingoqa,LLaVA-1.5-7B,LingoQA,l2_distance,19,20,non_significant_sdc,102,33,102,0,0.0,1.1879577002520452,1.158916780581841,0.18103511895739813,1.0415379847218464,1.357123944376196,1.1094318747733967,1.2705520871807183,adequate
llava15_lingoqa,LLaVA-1.5-7B,LingoQA,l2_distance,19,20,significant_sdc,166,28,34,132,0.7951807228915663,1.4252210653324575,1.2398139359999676,0.7033745370922582,1.157434205999788,1.3285196688102217,1.218491641209039,1.6802243932470582,underpowered
llava15_lingoqa,LLaVA-1.5-7B,LingoQA,l2_distance,20,21,non_sdc,7232,75,7232,0,0.0,1.097483125791978,1.0853400826454163,0.20530860315264826,0.9587886681159338,1.1920636892318726,1.0543367003980166,1.1431608193813352,adequate
llava15_lingoqa,LLaVA-1.5-7B,LingoQA,l2_distance,20,21,non_significant_sdc,102,33,102,0,0.0,1.1710293880257339,1.1363164190645818,0.15207947194174537,1.053396299481392,1.249074278133256,1.1117314092989792,1.2426097006469967,adequate
llava15_lingoqa,LLaVA-1.5-7B,LingoQA,l2_distance,20,21,significant_sdc,166,28,34,132,0.7951807228915663,1.5458756525236788,1.442950235945838,0.46279416597183887,1.3867104725570094,1.5266740881666845,1.4118733409529578,1.6969982238501984,underpowered
llava15_lingoqa,LLaVA-1.5-7B,LingoQA,l2_distance,21,22,non_sdc,7232,75,7232,0,0.0,1.028321013831409,1.0429811071265829,0.2714296786410952,0.8814204782247543,1.20458222925663,0.9687457124109025,1.0870346894239147,adequate
llava15_lingoqa,LLaVA-1.5-7B,LingoQA,l2_distance,21,22,non_significant_sdc,102,33,102,0,0.0,1.209733462592217,1.259113969774369,0.17960375897079142,1.0503337247805162,1.3503907261615327,1.1312225285069981,1.282236357660099,adequate
llava15_lingoqa,LLaVA-1.5-7B,LingoQA,l2_distance,21,22,significant_sdc,166,27,33,133,0.8012048192771084,1.8287255430971152,1.9729712009429932,0.5425983481857919,1.5885212182998658,2.0080080762201424,1.6497920164138689,2.023682409690416,underpowered
llava15_lingoqa,LLaVA-1.5-7B,LingoQA,l2_distance,22,23,non_sdc,7232,75,7232,0,0.0,1.098177514976112,1.1049338579177856,0.21928528824572066,0.9578298777341843,1.2531793853815865,1.0524612596546052,1.1433040938569143,adequate
llava15_lingoqa,LLaVA-1.5-7B,LingoQA,l2_distance,22,23,non_significant_sdc,102,33,102,0,0.0,1.2779994067379021,1.2457171506606617,0.19118121220908146,1.1344508735293692,1.4214658621622593,1.2049269582443154,1.3572454303757,adequate
llava15_lingoqa,LLaVA-1.5-7B,LingoQA,l2_distance,22,23,significant_sdc,166,26,32,134,0.8072289156626506,1.4192032150365828,1.2302878207089951,0.6005099673787757,1.1560720819599775,1.3613349813587812,1.2403368568177515,1.653606073762264,underpowered
llava15_lingoqa,LLaVA-1.5-7B,LingoQA,l2_distance,23,24,non_sdc,7232,75,7232,0,0.0,1.0906810076117706,1.0795554003932257,0.24637822979200924,0.9207736134529114,1.257433295249939,1.0394567751112305,1.1414358124963524,adequate
llava15_lingoqa,LLaVA-1.5-7B,LingoQA,l2_distance,23,24,non_significant_sdc,102,33,102,0,0.0,1.2185570112072972,1.2464773849799082,0.22887872479125984,1.0404534036150346,1.452552788719839,1.1122142519895095,1.3263088404495758,adequate
llava15_lingoqa,LLaVA-1.5-7B,LingoQA,l2_distance,23,24,significant_sdc,166,26,32,134,0.8072289156626506,1.4516897159728148,1.2538307674077092,0.6371665136960326,1.169053393359087,1.4875751660794627,1.2579912001435662,1.7117104594348804,underpowered
llava15_lingoqa,LLaVA-1.5-7B,LingoQA,l2_distance,24,25,non_sdc,7232,75,7232,0,0.0,1.1105294631669043,1.119870781325377,0.1952408396638182,0.9913402572274208,1.2252498269081116,1.0716559042887843,1.1501855959581937,adequate
llava15_lingoqa,LLaVA-1.5-7B,LingoQA,l2_distance,24,25,non_significant_sdc,102,33,102,0,0.0,1.2023835273539776,1.145090501755476,0.18868102534459172,1.0628577249519753,1.3332057784710611,1.120340765295024,1.3027884704410246,adequate
llava15_lingoqa,LLaVA-1.5-7B,LingoQA,l2_distance,24,25,significant_sdc,166,25,31,135,0.8132530120481928,1.7783150286733524,1.7812058195775868,0.5584957695278021,1.5356336473808874,1.9247551025176535,1.609346620853621,1.9996441606808721,underpowered
llava15_lingoqa,LLaVA-1.5-7B,LingoQA,l2_distance,25,26,non_sdc,7232,75,7232,0,0.0,1.17755637559388,1.1398737877607346,0.23954782095280142,1.0035282298922539,1.3243545055389405,1.128623110329185,1.2286957510631846,adequate
llava15_lingoqa,LLaVA-1.5-7B,LingoQA,l2_distance,25,26,non_significant_sdc,102,33,102,0,0.0,1.3208525611976758,1.3135554210647293,0.21697409555118072,1.1415205001831055,1.4508504078668707,1.2186504194452483,1.4277368626841158,adequate
llava15_lingoqa,LLaVA-1.5-7B,LingoQA,l2_distance,25,26,significant_sdc,166,25,31,135,0.8132530120481928,1.7374061123200657,1.628744835756263,0.6034949089190145,1.515659076826913,1.7021196034489847,1.5630403013438117,1.9767449357510587,underpowered
llava15_lingoqa,LLaVA-1.5-7B,LingoQA,l2_distance,26,27,non_sdc,7232,75,7232,0,0.0,1.2014698857192312,1.2132375836372375,0.27182355373111633,0.9799483865499496,1.3840738808115323,1.1442840881696377,1.258645098315736,adequate
llava15_lingoqa,LLaVA-1.5-7B,LingoQA,l2_distance,26,27,non_significant_sdc,102,33,102,0,0.0,1.428372956290226,1.4061045669592342,0.2356757555022144,1.317879500665835,1.54460516480767,1.3626252888121724,1.493692001948555,adequate
llava15_lingoqa,LLaVA-1.5-7B,LingoQA,l2_distance,26,27,significant_sdc,166,23,29,137,0.8253012048192772,2.0749006402061214,1.9403715936505064,0.7302514112464185,1.6250114711848171,2.359812549182347,1.842031221808607,2.350802895775985,underpowered
llava15_lingoqa,LLaVA-1.5-7B,LingoQA,l2_distance,27,28,non_sdc,7232,75,7232,0,0.0,1.19129335728955,1.1611638590693474,0.22294451029546775,1.0421801325347688,1.2973566455583947,1.148998605611217,1.2355567490823567,adequate
llava15_lingoqa,LLaVA-1.5-7B,LingoQA,l2_distance,27,28,non_significant_sdc,102,33,102,0,0.0,1.3625039155980612,1.3785357000876446,0.27064227054808415,1.20938164266673,1.4118731413796848,1.2861561529969845,1.4450867246747092,adequate
llava15_lingoqa,LLaVA-1.5-7B,LingoQA,l2_distance,27,28,significant_sdc,166,21,24,142,0.8554216867469879,2.16997013523812,2.023721338534842,0.8434851010538427,1.6838191490281713,2.223953351682546,1.8719517947480446,2.5279509389335924,underpowered
llava15_lingoqa,LLaVA-1.5-7B,LingoQA,l2_distance,28,29,non_sdc,7232,75,7232,0,0.0,1.2450853313539292,1.2223839951413018,0.22392809965457777,1.093029797077179,1.3356583565473557,1.204701262294596,1.2885215062806652,adequate
llava15_lingoqa,LLaVA-1.5-7B,LingoQA,l2_distance,28,29,non_significant_sdc,102,33,102,0,0.0,1.3746792888863664,1.4019374731852083,0.29909755272524013,1.1604710081694545,1.458547342735894,1.2852342959877467,1.4716309656169713,adequate
llava15_lingoqa,LLaVA-1.5-7B,LingoQA,l2_distance,28,29,significant_sdc,166,20,22,144,0.8674698795180723,2.0490755694975986,1.9060903410522305,0.9059517875745455,1.4796388284934452,2.1224982069463145,1.7265108759926515,2.4622204586782175,underpowered
llava15_lingoqa,LLaVA-1.5-7B,LingoQA,l2_distance,29,30,non_sdc,7232,75,7232,0,0.0,1.259379245653245,1.230849266052246,0.22867502693838382,1.1059440767223185,1.3791088263193767,1.2167805295088288,1.3023068811750256,adequate
llava15_lingoqa,LLaVA-1.5-7B,LingoQA,l2_distance,29,30,non_significant_sdc,102,33,102,0,0.0,1.5187412367324122,1.411914873123169,0.39843165229899474,1.2954162761569024,1.662943718992934,1.457143288875179,1.6220460766009266,adequate
llava15_lingoqa,LLaVA-1.5-7B,LingoQA,l2_distance,29,30,significant_sdc,166,17,19,147,0.8855421686746988,2.3738252238032245,1.9089005552992528,1.4805223202555213,1.6627234894642857,2.261902610866391,1.8028390692472767,3.1346032043997494,underpowered
llava15_lingoqa,LLaVA-1.5-7B,LingoQA,l2_distance,30,31,non_sdc,7232,75,7232,0,0.0,1.2918895684907683,1.3161233680115805,0.30117026883861514,1.064159482717514,1.517879063432867,1.2306017463265557,1.3536168597282634,adequate
llava15_lingoqa,LLaVA-1.5-7B,LingoQA,l2_distance,30,31,non_significant_sdc,102,33,102,0,0.0,1.7393980661830204,1.697728876556669,0.9324852096378683,1.37469117432578,1.857919848882235,1.5616126535287216,2.0242744879556387,adequate
llava15_lingoqa,LLaVA-1.5-7B,LingoQA,l2_distance,30,31,significant_sdc,166,11,12,154,0.927710843373494,3.0190627253683977,1.8059797261072241,3.6130634712941494,1.5866363644599915,2.378578418493271,1.7015891102273106,5.268872234566314,underpowered
