job,model,dataset,metric,src_layer,tgt_layer,sdc_group,rows,finite_rows,non_finite_rows,non_finite_rate
qwen25_vl_earthvqa,Qwen2.5-VL-7B,EarthVQA,cos_sim,0,1,non_sdc,5540,5540,0,0.0
qwen25_vl_earthvqa,Qwen2.5-VL-7B,EarthVQA,cos_sim,0,1,non_significant_sdc,1723,1723,0,0.0
qwen25_vl_earthvqa,Qwen2.5-VL-7B,EarthVQA,cos_sim,0,1,significant_sdc,224,184,40,0.1785714285714286
qwen25_vl_earthvqa,Qwen2.5-VL-7B,EarthVQA,cos_sim,1,2,non_sdc,5540,5540,0,0.0
qwen25_vl_earthvqa,Qwen2.5-VL-7B,EarthVQA,cos_sim,1,2,non_significant_sdc,1723,1723,0,0.0
qwen25_vl_earthvqa,Qwen2.5-VL-7B,EarthVQA,cos_sim,1,2,significant_sdc,224,181,43,0.1919642857142857
qwen25_vl_earthvqa,Qwen2.5-VL-7B,EarthVQA,cos_sim,2,3,non_sdc,5540,5540,0,0.0
qwen25_vl_earthvqa,Qwen2.5-VL-7B,EarthVQA,cos_sim,2,3,non_significant_sdc,1723,1723,0,0.0
qwen25_vl_earthvqa,Qwen2.5-VL-7B,EarthVQA,cos_sim,2,3,significant_sdc,224,183,41,0.1830357142857143
qwen25_vl_earthvqa,Qwen2.5-VL-7B,EarthVQA,cos_sim,3,4,non_sdc,5540,5540,0,0.0
qwen25_vl_earthvqa,Qwen2.5-VL-7B,EarthVQA,cos_sim,3,4,non_significant_sdc,1723,1723,0,0.0
qwen25_vl_earthvqa,Qwen2.5-VL-7B,EarthVQA,cos_sim,3,4,significant_sdc,224,179,45,0.2008928571428571
qwen25_vl_earthvqa,Qwen2.5-VL-7B,EarthVQA,cos_sim,4,5,non_sdc,5540,5540,0,0.0
qwen25_vl_earthvqa,Qwen2.5-VL-7B,EarthVQA,cos_sim,4,5,non_significant_sdc,1723,1723,0,0.0
qwen25_vl_earthvqa,Qwen2.5-VL-7B,EarthVQA,cos_sim,4,5,significant_sdc,224,175,49,0.21875
qwen25_vl_earthvqa,Qwen2.5-VL-7B,EarthVQA,cos_sim,5,6,non_sdc,5540,5540,0,0.0
qwen25_vl_earthvqa,Qwen2.5-VL-7B,EarthVQA,cos_sim,5,6,non_significant_sdc,1723,1723,0,0.0
qwen25_vl_earthvqa,Qwen2.5-VL-7B,EarthVQA,cos_sim,5,6,significant_sdc,224,179,45,0.2008928571428571
qwen25_vl_earthvqa,Qwen2.5-VL-7B,EarthVQA,cos_sim,6,7,non_sdc,5540,5540,0,0.0
qwen25_vl_earthvqa,Qwen2.5-VL-7B,EarthVQA,cos_sim,6,7,non_significant_sdc,1723,1723,0,0.0
qwen25_vl_earthvqa,Qwen2.5-VL-7B,EarthVQA,cos_sim,6,7,significant_sdc,224,178,46,0.2053571428571429
qwen25_vl_earthvqa,Qwen2.5-VL-7B,EarthVQA,cos_sim,7,8,non_sdc,5540,5540,0,0.0
qwen25_vl_earthvqa,Qwen2.5-VL-7B,EarthVQA,cos_sim,7,8,non_significant_sdc,1723,1723,0,0.0
qwen25_vl_earthvqa,Qwen2.5-VL-7B,EarthVQA,cos_sim,7,8,significant_sdc,224,176,48,0.2142857142857143
qwen25_vl_earthvqa,Qwen2.5-VL-7B,EarthVQA,cos_sim,8,9,non_sdc,5540,5540,0,0.0
qwen25_vl_earthvqa,Qwen2.5-VL-7B,EarthVQA,cos_sim,8,9,non_significant_sdc,1723,1723,0,0.0
qwen25_vl_earthvqa,Qwen2.5-VL-7B,EarthVQA,cos_sim,8,9,significant_sdc,224,170,54,0.2410714285714286
qwen25_vl_earthvqa,Qwen2.5-VL-7B,EarthVQA,cos_sim,9,10,non_sdc,5540,5540,0,0.0
qwen25_vl_earthvqa,Qwen2.5-VL-7B,EarthVQA,cos_sim,9,10,non_significant_sdc,1723,1723,0,0.0
qwen25_vl_earthvqa,Qwen2.5-VL-7B,EarthVQA,cos_sim,9,10,significant_sdc,224,167,57,0.2544642857142857
qwen25_vl_earthvqa,Qwen2.5-VL-7B,EarthVQA,cos_sim,10,11,non_sdc,5540,5540,0,0.0
qwen25_vl_earthvqa,Qwen2.5-VL-7B,EarthVQA,cos_sim,10,11,non_significant_sdc,1723,1723,0,0.0
qwen25_vl_earthvqa,Qwen2.5-VL-7B,EarthVQA,cos_sim,10,11,significant_sdc,224,166,58,0.2589285714285714
qwen25_vl_earthvqa,Qwen2.5-VL-7B,EarthVQA,cos_sim,11,12,non_sdc,5540,5540,0,0.0
qwen25_vl_earthvqa,Qwen2.5-VL-7B,EarthVQA,cos_sim,11,12,non_significant_sdc,1723,1723,0,0.0
qwen25_vl_earthvqa,Qwen2.5-VL-7B,EarthVQA,cos_sim,11,12,significant_sdc,224,166,58,0.2589285714285714
qwen25_vl_earthvqa,Qwen2.5-VL-7B,EarthVQA,cos_sim,12,13,non_sdc,5540,5540,0,0.0
qwen25_vl_earthvqa,Qwen2.5-VL-7B,EarthVQA,cos_sim,12,13,non_significant_sdc,1723,1723,0,0.0
qwen25_vl_earthvqa,Qwen2.5-VL-7B,EarthVQA,cos_sim,12,13,significant_sdc,224,160,64,0.2857142857142857
qwen25_vl_earthvqa,Qwen2.5-VL-7B,EarthVQA,cos_sim,13,14,non_sdc,5540,5540,0,0.0
qwen25_vl_earthvqa,Qwen2.5-VL-7B,EarthVQA,cos_sim,13,14,non_significant_sdc,1723,1723,0,0.0
qwen25_vl_earthvqa,Qwen2.5-VL-7B,EarthVQA,cos_sim,13,14,significant_sdc,224,161,63,0.28125
qwen25_vl_earthvqa,Qwen2.5-VL-7B,EarthVQA,cos_sim,14,15,non_sdc,5540,5540,0,0.0
qwen25_vl_earthvqa,Qwen2.5-VL-7B,EarthVQA,cos_sim,14,15,non_significant_sdc,1723,1723,0,0.0
qwen25_vl_earthvqa,Qwen2.5-VL-7B,EarthVQA,cos_sim,14,15,significant_sdc,224,160,64,0.2857142857142857
qwen25_vl_earthvqa,Qwen2.5-VL-7B,EarthVQA,cos_sim,15,16,non_sdc,5540,5540,0,0.0
qwen25_vl_earthvqa,Qwen2.5-VL-7B,EarthVQA,cos_sim,15,16,non_significant_sdc,1723,1723,0,0.0
qwen25_vl_earthvqa,Qwen2.5-VL-7B,EarthVQA,cos_sim,15,16,significant_sdc,224,160,64,0.2857142857142857
qwen25_vl_earthvqa,Qwen2.5-VL-7B,EarthVQA,cos_sim,16,17,non_sdc,5540,5540,0,0.0
qwen25_vl_earthvqa,Qwen2.5-VL-7B,EarthVQA,cos_sim,16,17,non_significant_sdc,1723,1723,0,0.0
qwen25_vl_earthvqa,Qwen2.5-VL-7B,EarthVQA,cos_sim,16,17,significant_sdc,224,154,70,0.3125
qwen25_vl_earthvqa,Qwen2.5-VL-7B,EarthVQA,cos_sim,17,18,non_sdc,5540,5540,0,0.0
qwen25_vl_earthvqa,Qwen2.5-VL-7B,EarthVQA,cos_sim,17,18,non_significant_sdc,1723,1723,0,0.0
qwen25_vl_earthvqa,Qwen2.5-VL-7B,EarthVQA,cos_sim,17,18,significant_sdc,224,150,74,0.3303571428571429
qwen25_vl_earthvqa,Qwen2.5-VL-7B,EarthVQA,cos_sim,18,19,non_sdc,5540,5540,0,0.0
qwen25_vl_earthvqa,Qwen2.5-VL-7B,EarthVQA,cos_sim,18,19,non_significant_sdc,1723,1723,0,0.0
qwen25_vl_earthvqa,Qwen2.5-VL-7B,EarthVQA,cos_sim,18,19,significant_sdc,224,151,73,0.3258928571428571
qwen25_vl_earthvqa,Qwen2.5-VL-7B,EarthVQA,cos_sim,19,20,non_sdc,5540,5540,0,0.0
qwen25_vl_earthvqa,Qwen2.5-VL-7B,EarthVQA,cos_sim,19,20,non_significant_sdc,1723,1723,0,0.0
qwen25_vl_earthvqa,Qwen2.5-VL-7B,EarthVQA,cos_sim,19,20,significant_sdc,224,143,81,0.3616071428571429
qwen25_vl_earthvqa,Qwen2.5-VL-7B,EarthVQA,cos_sim,20,21,non_sdc,5540,5540,0,0.0
qwen25_vl_earthvqa,Qwen2.5-VL-7B,EarthVQA,cos_sim,20,21,non_significant_sdc,1723,1723,0,0.0
qwen25_vl_earthvqa,Qwen2.5-VL-7B,EarthVQA,cos_sim,20,21,significant_sdc,224,139,85,0.3794642857142857
qwen25_vl_earthvqa,Qwen2.5-VL-7B,EarthVQA,cos_sim,21,22,non_sdc,5540,5540,0,0.0
qwen25_vl_earthvqa,Qwen2.5-VL-7B,EarthVQA,cos_sim,21,22,non_significant_sdc,1723,1723,0,0.0
qwen25_vl_earthvqa,Qwen2.5-VL-7B,EarthVQA,cos_sim,21,22,significant_sdc,224,137,87,0.3883928571428571
qwen25_vl_earthvqa,Qwen2.5-VL-7B,EarthVQA,cos_sim,22,23,non_sdc,5540,5540,0,0.0
qwen25_vl_earthvqa,Qwen2.5-VL-7B,EarthVQA,cos_sim,22,23,non_significant_sdc,1723,1723,0,0.0
qwen25_vl_earthvqa,Qwen2.5-VL-7B,EarthVQA,cos_sim,22,23,significant_sdc,224,133,91,0.40625
qwen25_vl_earthvqa,Qwen2.5-VL-7B,EarthVQA,cos_sim,23,24,non_sdc,5540,5540,0,0.0
qwen25_vl_earthvqa,Qwen2.5-VL-7B,EarthVQA,cos_sim,23,24,non_significant_sdc,1723,1723,0,0.0
qwen25_vl_earthvqa,Qwen2.5-VL-7B,EarthVQA,cos_sim,23,24,significant_sdc,224,131,93,0.4151785714285714
qwen25_vl_earthvqa,Qwen2.5-VL-7B,EarthVQA,cos_sim,24,25,non_sdc,5540,5540,0,0.0
qwen25_vl_earthvqa,Qwen2.5-VL-7B,EarthVQA,cos_sim,24,25,non_significant_sdc,1723,1723,0,0.0
qwen25_vl_earthvqa,Qwen2.5-VL-7B,EarthVQA,cos_sim,24,25,significant_sdc,224,128,96,0.4285714285714286
qwen25_vl_earthvqa,Qwen2.5-VL-7B,EarthVQA,cos_sim,25,26,non_sdc,5540,5540,0,0.0
qwen25_vl_earthvqa,Qwen2.5-VL-7B,EarthVQA,cos_sim,25,26,non_significant_sdc,1723,1723,0,0.0
qwen25_vl_earthvqa,Qwen2.5-VL-7B,EarthVQA,cos_sim,25,26,significant_sdc,224,127,97,0.4330357142857143
qwen25_vl_earthvqa,Qwen2.5-VL-7B,EarthVQA,cos_sim,26,27,non_sdc,5540,5540,0,0.0
qwen25_vl_earthvqa,Qwen2.5-VL-7B,EarthVQA,cos_sim,26,27,non_significant_sdc,1723,1723,0,0.0
qwen25_vl_earthvqa,Qwen2.5-VL-7B,EarthVQA,cos_sim,26,27,significant_sdc,224,123,101,0.4508928571428571
qwen25_vl_earthvqa,Qwen2.5-VL-7B,EarthVQA,abs_mean_diff,0,1,non_sdc,5540,5540,0,0.0
qwen25_vl_earthvqa,Qwen2.5-VL-7B,EarthVQA,abs_mean_diff,0,1,non_significant_sdc,1723,1723,0,0.0
qwen25_vl_earthvqa,Qwen2.5-VL-7B,EarthVQA,abs_mean_diff,0,1,significant_sdc,224,184,40,0.1785714285714286
qwen25_vl_earthvqa,Qwen2.5-VL-7B,EarthVQA,abs_mean_diff,1,2,non_sdc,5540,5540,0,0.0
qwen25_vl_earthvqa,Qwen2.5-VL-7B,EarthVQA,abs_mean_diff,1,2,non_significant_sdc,1723,1723,0,0.0
qwen25_vl_earthvqa,Qwen2.5-VL-7B,EarthVQA,abs_mean_diff,1,2,significant_sdc,224,181,43,0.1919642857142857
qwen25_vl_earthvqa,Qwen2.5-VL-7B,EarthVQA,abs_mean_diff,2,3,non_sdc,5540,5540,0,0.0
qwen25_vl_earthvqa,Qwen2.5-VL-7B,EarthVQA,abs_mean_diff,2,3,non_significant_sdc,1723,1723,0,0.0
qwen25_vl_earthvqa,Qwen2.5-VL-7B,EarthVQA,abs_mean_diff,2,3,significant_sdc,224,183,41,0.1830357142857143
qwen25_vl_earthvqa,Qwen2.5-VL-7B,EarthVQA,abs_mean_diff,3,4,non_sdc,5540,5540,0,0.0
qwen25_vl_earthvqa,Qwen2.5-VL-7B,EarthVQA,abs_mean_diff,3,4,non_significant_sdc,1723,1723,0,0.0
qwen25_vl_earthvqa,Qwen2.5-VL-7B,EarthVQA,abs_mean_diff,3,4,significant_sdc,224,179,45,0.2008928571428571
qwen25_vl_earthvqa,Qwen2.5-VL-7B,EarthVQA,abs_mean_diff,4,5,non_sdc,5540,5540,0,0.0
qwen25_vl_earthvqa,Qwen2.5-VL-7B,EarthVQA,abs_mean_diff,4,5,non_significant_sdc,1723,1723,0,0.0
qwen25_vl_earthvqa,Qwen2.5-VL-7B,EarthVQA,abs_mean_diff,4,5,significant_sdc,224,175,49,0.21875
qwen25_vl_earthvqa,Qwen2.5-VL-7B,EarthVQA,abs_mean_diff,5,6,non_sdc,5540,5540,0,0.0
qwen25_vl_earthvqa,Qwen2.5-VL-7B,EarthVQA,abs_mean_diff,5,6,non_significant_sdc,1723,1723,0,0.0
qwen25_vl_earthvqa,Qwen2.5-VL-7B,EarthVQA,abs_mean_diff,5,6,significant_sdc,224,179,45,0.2008928571428571
qwen25_vl_earthvqa,Qwen2.5-VL-7B,EarthVQA,abs_mean_diff,6,7,non_sdc,5540,5540,0,0.0
qwen25_vl_earthvqa,Qwen2.5-VL-7B,EarthVQA,abs_mean_diff,6,7,non_significant_sdc,1723,1723,0,0.0
qwen25_vl_earthvqa,Qwen2.5-VL-7B,EarthVQA,abs_mean_diff,6,7,significant_sdc,224,178,46,0.2053571428571429
qwen25_vl_earthvqa,Qwen2.5-VL-7B,EarthVQA,abs_mean_diff,7,8,non_sdc,5540,5540,0,0.0
qwen25_vl_earthvqa,Qwen2.5-VL-7B,EarthVQA,abs_mean_diff,7,8,non_significant_sdc,1723,1723,0,0.0
qwen25_vl_earthvqa,Qwen2.5-VL-7B,EarthVQA,abs_mean_diff,7,8,significant_sdc,224,176,48,0.2142857142857143
qwen25_vl_earthvqa,Qwen2.5-VL-7B,EarthVQA,abs_mean_diff,8,9,non_sdc,5540,5540,0,0.0
qwen25_vl_earthvqa,Qwen2.5-VL-7B,EarthVQA,abs_mean_diff,8,9,non_significant_sdc,1723,1723,0,0.0
qwen25_vl_earthvqa,Qwen2.5-VL-7B,EarthVQA,abs_mean_diff,8,9,significant_sdc,224,170,54,0.2410714285714286
qwen25_vl_earthvqa,Qwen2.5-VL-7B,EarthVQA,abs_mean_diff,9,10,non_sdc,5540,5540,0,0.0
qwen25_vl_earthvqa,Qwen2.5-VL-7B,EarthVQA,abs_mean_diff,9,10,non_significant_sdc,1723,1723,0,0.0
qwen25_vl_earthvqa,Qwen2.5-VL-7B,EarthVQA,abs_mean_diff,9,10,significant_sdc,224,167,57,0.2544642857142857
qwen25_vl_earthvqa,Qwen2.5-VL-7B,EarthVQA,abs_mean_diff,10,11,non_sdc,5540,5540,0,0.0
qwen25_vl_earthvqa,Qwen2.5-VL-7B,EarthVQA,abs_mean_diff,10,11,non_significant_sdc,1723,1723,0,0.0
qwen25_vl_earthvqa,Qwen2.5-VL-7B,EarthVQA,abs_mean_diff,10,11,significant_sdc,224,166,58,0.2589285714285714
qwen25_vl_earthvqa,Qwen2.5-VL-7B,EarthVQA,abs_mean_diff,11,12,non_sdc,5540,5540,0,0.0
qwen25_vl_earthvqa,Qwen2.5-VL-7B,EarthVQA,abs_mean_diff,11,12,non_significant_sdc,1723,1723,0,0.0
qwen25_vl_earthvqa,Qwen2.5-VL-7B,EarthVQA,abs_mean_diff,11,12,significant_sdc,224,166,58,0.2589285714285714
qwen25_vl_earthvqa,Qwen2.5-VL-7B,EarthVQA,abs_mean_diff,12,13,non_sdc,5540,5540,0,0.0
qwen25_vl_earthvqa,Qwen2.5-VL-7B,EarthVQA,abs_mean_diff,12,13,non_significant_sdc,1723,1723,0,0.0
qwen25_vl_earthvqa,Qwen2.5-VL-7B,EarthVQA,abs_mean_diff,12,13,significant_sdc,224,160,64,0.2857142857142857
qwen25_vl_earthvqa,Qwen2.5-VL-7B,EarthVQA,abs_mean_diff,13,14,non_sdc,5540,5540,0,0.0
qwen25_vl_earthvqa,Qwen2.5-VL-7B,EarthVQA,abs_mean_diff,13,14,non_significant_sdc,1723,1723,0,0.0
qwen25_vl_earthvqa,Qwen2.5-VL-7B,EarthVQA,abs_mean_diff,13,14,significant_sdc,224,161,63,0.28125
qwen25_vl_earthvqa,Qwen2.5-VL-7B,EarthVQA,abs_mean_diff,14,15,non_sdc,5540,5540,0,0.0
qwen25_vl_earthvqa,Qwen2.5-VL-7B,EarthVQA,abs_mean_diff,14,15,non_significant_sdc,1723,1723,0,0.0
qwen25_vl_earthvqa,Qwen2.5-VL-7B,EarthVQA,abs_mean_diff,14,15,significant_sdc,224,160,64,0.2857142857142857
qwen25_vl_earthvqa,Qwen2.5-VL-7B,EarthVQA,abs_mean_diff,15,16,non_sdc,5540,5540,0,0.0
qwen25_vl_earthvqa,Qwen2.5-VL-7B,EarthVQA,abs_mean_diff,15,16,non_significant_sdc,1723,1723,0,0.0
qwen25_vl_earthvqa,Qwen2.5-VL-7B,EarthVQA,abs_mean_diff,15,16,significant_sdc,224,160,64,0.2857142857142857
qwen25_vl_earthvqa,Qwen2.5-VL-7B,EarthVQA,abs_mean_diff,16,17,non_sdc,5540,5540,0,0.0
qwen25_vl_earthvqa,Qwen2.5-VL-7B,EarthVQA,abs_mean_diff,16,17,non_significant_sdc,1723,1723,0,0.0
qwen25_vl_earthvqa,Qwen2.5-VL-7B,EarthVQA,abs_mean_diff,16,17,significant_sdc,224,154,70,0.3125
qwen25_vl_earthvqa,Qwen2.5-VL-7B,EarthVQA,abs_mean_diff,17,18,non_sdc,5540,5540,0,0.0
qwen25_vl_earthvqa,Qwen2.5-VL-7B,EarthVQA,abs_mean_diff,17,18,non_significant_sdc,1723,1723,0,0.0
qwen25_vl_earthvqa,Qwen2.5-VL-7B,EarthVQA,abs_mean_diff,17,18,significant_sdc,224,150,74,0.3303571428571429
qwen25_vl_earthvqa,Qwen2.5-VL-7B,EarthVQA,abs_mean_diff,18,19,non_sdc,5540,5540,0,0.0
qwen25_vl_earthvqa,Qwen2.5-VL-7B,EarthVQA,abs_mean_diff,18,19,non_significant_sdc,1723,1723,0,0.0
qwen25_vl_earthvqa,Qwen2.5-VL-7B,EarthVQA,abs_mean_diff,18,19,significant_sdc,224,151,73,0.3258928571428571
qwen25_vl_earthvqa,Qwen2.5-VL-7B,EarthVQA,abs_mean_diff,19,20,non_sdc,5540,5540,0,0.0
qwen25_vl_earthvqa,Qwen2.5-VL-7B,EarthVQA,abs_mean_diff,19,20,non_significant_sdc,1723,1723,0,0.0
qwen25_vl_earthvqa,Qwen2.5-VL-7B,EarthVQA,abs_mean_diff,19,20,significant_sdc,224,143,81,0.3616071428571429
qwen25_vl_earthvqa,Qwen2.5-VL-7B,EarthVQA,abs_mean_diff,20,21,non_sdc,5540,5540,0,0.0
qwen25_vl_earthvqa,Qwen2.5-VL-7B,EarthVQA,abs_mean_diff,20,21,non_significant_sdc,1723,1723,0,0.0
qwen25_vl_earthvqa,Qwen2.5-VL-7B,EarthVQA,abs_mean_diff,20,21,significant_sdc,224,139,85,0.3794642857142857
qwen25_vl_earthvqa,Qwen2.5-VL-7B,EarthVQA,abs_mean_diff,21,22,non_sdc,5540,5540,0,0.0
qwen25_vl_earthvqa,Qwen2.5-VL-7B,EarthVQA,abs_mean_diff,21,22,non_significant_sdc,1723,1723,0,0.0
qwen25_vl_earthvqa,Qwen2.5-VL-7B,EarthVQA,abs_mean_diff,21,22,significant_sdc,224,137,87,0.3883928571428571
qwen25_vl_earthvqa,Qwen2.5-VL-7B,EarthVQA,abs_mean_diff,22,23,non_sdc,5540,5540,0,0.0
qwen25_vl_earthvqa,Qwen2.5-VL-7B,EarthVQA,abs_mean_diff,22,23,non_significant_sdc,1723,1723,0,0.0
qwen25_vl_earthvqa,Qwen2.5-VL-7B,EarthVQA,abs_mean_diff,22,23,significant_sdc,224,133,91,0.40625
qwen25_vl_earthvqa,Qwen2.5-VL-7B,EarthVQA,abs_mean_diff,23,24,non_sdc,5540,5540,0,0.0
qwen25_vl_earthvqa,Qwen2.5-VL-7B,EarthVQA,abs_mean_diff,23,24,non_significant_sdc,1723,1723,0,0.0
qwen25_vl_earthvqa,Qwen2.5-VL-7B,EarthVQA,abs_mean_diff,23,24,significant_sdc,224,131,93,0.4151785714285714
qwen25_vl_earthvqa,Qwen2.5-VL-7B,EarthVQA,abs_mean_diff,24,25,non_sdc,5540,5540,0,0.0
qwen25_vl_earthvqa,Qwen2.5-VL-7B,EarthVQA,abs_mean_diff,24,25,non_significant_sdc,1723,1723,0,0.0
qwen25_vl_earthvqa,Qwen2.5-VL-7B,EarthVQA,abs_mean_diff,24,25,significant_sdc,224,128,96,0.4285714285714286
qwen25_vl_earthvqa,Qwen2.5-VL-7B,EarthVQA,abs_mean_diff,25,26,non_sdc,5540,5540,0,0.0
qwen25_vl_earthvqa,Qwen2.5-VL-7B,EarthVQA,abs_mean_diff,25,26,non_significant_sdc,1723,1723,0,0.0
qwen25_vl_earthvqa,Qwen2.5-VL-7B,EarthVQA,abs_mean_diff,25,26,significant_sdc,224,127,97,0.4330357142857143
qwen25_vl_earthvqa,Qwen2.5-VL-7B,EarthVQA,abs_mean_diff,26,27,non_sdc,5540,5540,0,0.0
qwen25_vl_earthvqa,Qwen2.5-VL-7B,EarthVQA,abs_mean_diff,26,27,non_significant_sdc,1723,1723,0,0.0
qwen25_vl_earthvqa,Qwen2.5-VL-7B,EarthVQA,abs_mean_diff,26,27,significant_sdc,224,123,101,0.4508928571428571
qwen25_vl_earthvqa,Qwen2.5-VL-7B,EarthVQA,abs_std_diff,0,1,non_sdc,5540,5540,0,0.0
qwen25_vl_earthvqa,Qwen2.5-VL-7B,EarthVQA,abs_std_diff,0,1,non_significant_sdc,1723,1723,0,0.0
qwen25_vl_earthvqa,Qwen2.5-VL-7B,EarthVQA,abs_std_diff,0,1,significant_sdc,224,184,40,0.1785714285714286
qwen25_vl_earthvqa,Qwen2.5-VL-7B,EarthVQA,abs_std_diff,1,2,non_sdc,5540,5540,0,0.0
qwen25_vl_earthvqa,Qwen2.5-VL-7B,EarthVQA,abs_std_diff,1,2,non_significant_sdc,1723,1723,0,0.0
qwen25_vl_earthvqa,Qwen2.5-VL-7B,EarthVQA,abs_std_diff,1,2,significant_sdc,224,181,43,0.1919642857142857
qwen25_vl_earthvqa,Qwen2.5-VL-7B,EarthVQA,abs_std_diff,2,3,non_sdc,5540,5540,0,0.0
qwen25_vl_earthvqa,Qwen2.5-VL-7B,EarthVQA,abs_std_diff,2,3,non_significant_sdc,1723,1723,0,0.0
qwen25_vl_earthvqa,Qwen2.5-VL-7B,EarthVQA,abs_std_diff,2,3,significant_sdc,224,183,41,0.1830357142857143
qwen25_vl_earthvqa,Qwen2.5-VL-7B,EarthVQA,abs_std_diff,3,4,non_sdc,5540,5540,0,0.0
qwen25_vl_earthvqa,Qwen2.5-VL-7B,EarthVQA,abs_std_diff,3,4,non_significant_sdc,1723,1723,0,0.0
qwen25_vl_earthvqa,Qwen2.5-VL-7B,EarthVQA,abs_std_diff,3,4,significant_sdc,224,179,45,0.2008928571428571
qwen25_vl_earthvqa,Qwen2.5-VL-7B,EarthVQA,abs_std_diff,4,5,non_sdc,5540,5540,0,0.0
qwen25_vl_earthvqa,Qwen2.5-VL-7B,EarthVQA,abs_std_diff,4,5,non_significant_sdc,1723,1723,0,0.0
qwen25_vl_earthvqa,Qwen2.5-VL-7B,EarthVQA,abs_std_diff,4,5,significant_sdc,224,175,49,0.21875
qwen25_vl_earthvqa,Qwen2.5-VL-7B,EarthVQA,abs_std_diff,5,6,non_sdc,5540,5540,0,0.0
qwen25_vl_earthvqa,Qwen2.5-VL-7B,EarthVQA,abs_std_diff,5,6,non_significant_sdc,1723,1723,0,0.0
qwen25_vl_earthvqa,Qwen2.5-VL-7B,EarthVQA,abs_std_diff,5,6,significant_sdc,224,179,45,0.2008928571428571
qwen25_vl_earthvqa,Qwen2.5-VL-7B,EarthVQA,abs_std_diff,6,7,non_sdc,5540,5540,0,0.0
qwen25_vl_earthvqa,Qwen2.5-VL-7B,EarthVQA,abs_std_diff,6,7,non_significant_sdc,1723,1723,0,0.0
qwen25_vl_earthvqa,Qwen2.5-VL-7B,EarthVQA,abs_std_diff,6,7,significant_sdc,224,178,46,0.2053571428571429
qwen25_vl_earthvqa,Qwen2.5-VL-7B,EarthVQA,abs_std_diff,7,8,non_sdc,5540,5540,0,0.0
qwen25_vl_earthvqa,Qwen2.5-VL-7B,EarthVQA,abs_std_diff,7,8,non_significant_sdc,1723,1723,0,0.0
qwen25_vl_earthvqa,Qwen2.5-VL-7B,EarthVQA,abs_std_diff,7,8,significant_sdc,224,176,48,0.2142857142857143
qwen25_vl_earthvqa,Qwen2.5-VL-7B,EarthVQA,abs_std_diff,8,9,non_sdc,5540,5540,0,0.0
qwen25_vl_earthvqa,Qwen2.5-VL-7B,EarthVQA,abs_std_diff,8,9,non_significant_sdc,1723,1723,0,0.0
qwen25_vl_earthvqa,Qwen2.5-VL-7B,EarthVQA,abs_std_diff,8,9,significant_sdc,224,170,54,0.2410714285714286
qwen25_vl_earthvqa,Qwen2.5-VL-7B,EarthVQA,abs_std_diff,9,10,non_sdc,5540,5540,0,0.0
qwen25_vl_earthvqa,Qwen2.5-VL-7B,EarthVQA,abs_std_diff,9,10,non_significant_sdc,1723,1723,0,0.0
qwen25_vl_earthvqa,Qwen2.5-VL-7B,EarthVQA,abs_std_diff,9,10,significant_sdc,224,167,57,0.2544642857142857
qwen25_vl_earthvqa,Qwen2.5-VL-7B,EarthVQA,abs_std_diff,10,11,non_sdc,5540,5540,0,0.0
qwen25_vl_earthvqa,Qwen2.5-VL-7B,EarthVQA,abs_std_diff,10,11,non_significant_sdc,1723,1723,0,0.0
qwen25_vl_earthvqa,Qwen2.5-VL-7B,EarthVQA,abs_std_diff,10,11,significant_sdc,224,166,58,0.2589285714285714
qwen25_vl_earthvqa,Qwen2.5-VL-7B,EarthVQA,abs_std_diff,11,12,non_sdc,5540,5540,0,0.0
qwen25_vl_earthvqa,Qwen2.5-VL-7B,EarthVQA,abs_std_diff,11,12,non_significant_sdc,1723,1723,0,0.0
qwen25_vl_earthvqa,Qwen2.5-VL-7B,EarthVQA,abs_std_diff,11,12,significant_sdc,224,166,58,0.2589285714285714
qwen25_vl_earthvqa,Qwen2.5-VL-7B,EarthVQA,abs_std_diff,12,13,non_sdc,5540,5540,0,0.0
qwen25_vl_earthvqa,Qwen2.5-VL-7B,EarthVQA,abs_std_diff,12,13,non_significant_sdc,1723,1723,0,0.0
qwen25_vl_earthvqa,Qwen2.5-VL-7B,EarthVQA,abs_std_diff,12,13,significant_sdc,224,160,64,0.2857142857142857
qwen25_vl_earthvqa,Qwen2.5-VL-7B,EarthVQA,abs_std_diff,13,14,non_sdc,5540,5540,0,0.0
qwen25_vl_earthvqa,Qwen2.5-VL-7B,EarthVQA,abs_std_diff,13,14,non_significant_sdc,1723,1723,0,0.0
qwen25_vl_earthvqa,Qwen2.5-VL-7B,EarthVQA,abs_std_diff,13,14,significant_sdc,224,161,63,0.28125
qwen25_vl_earthvqa,Qwen2.5-VL-7B,EarthVQA,abs_std_diff,14,15,non_sdc,5540,5540,0,0.0
qwen25_vl_earthvqa,Qwen2.5-VL-7B,EarthVQA,abs_std_diff,14,15,non_significant_sdc,1723,1723,0,0.0
qwen25_vl_earthvqa,Qwen2.5-VL-7B,EarthVQA,abs_std_diff,14,15,significant_sdc,224,160,64,0.2857142857142857
qwen25_vl_earthvqa,Qwen2.5-VL-7B,EarthVQA,abs_std_diff,15,16,non_sdc,5540,5540,0,0.0
qwen25_vl_earthvqa,Qwen2.5-VL-7B,EarthVQA,abs_std_diff,15,16,non_significant_sdc,1723,1723,0,0.0
qwen25_vl_earthvqa,Qwen2.5-VL-7B,EarthVQA,abs_std_diff,15,16,significant_sdc,224,160,64,0.2857142857142857
qwen25_vl_earthvqa,Qwen2.5-VL-7B,EarthVQA,abs_std_diff,16,17,non_sdc,5540,5540,0,0.0
qwen25_vl_earthvqa,Qwen2.5-VL-7B,EarthVQA,abs_std_diff,16,17,non_significant_sdc,1723,1723,0,0.0
qwen25_vl_earthvqa,Qwen2.5-VL-7B,EarthVQA,abs_std_diff,16,17,significant_sdc,224,154,70,0.3125
qwen25_vl_earthvqa,Qwen2.5-VL-7B,EarthVQA,abs_std_diff,17,18,non_sdc,5540,5540,0,0.0
qwen25_vl_earthvqa,Qwen2.5-VL-7B,EarthVQA,abs_std_diff,17,18,non_significant_sdc,1723,1723,0,0.0
qwen25_vl_earthvqa,Qwen2.5-VL-7B,EarthVQA,abs_std_diff,17,18,significant_sdc,224,150,74,0.3303571428571429
qwen25_vl_earthvqa,Qwen2.5-VL-7B,EarthVQA,abs_std_diff,18,19,non_sdc,5540,5540,0,0.0
qwen25_vl_earthvqa,Qwen2.5-VL-7B,EarthVQA,abs_std_diff,18,19,non_significant_sdc,1723,1723,0,0.0
qwen25_vl_earthvqa,Qwen2.5-VL-7B,EarthVQA,abs_std_diff,18,19,significant_sdc,224,151,73,0.3258928571428571
qwen25_vl_earthvqa,Qwen2.5-VL-7B,EarthVQA,abs_std_diff,19,20,non_sdc,5540,5540,0,0.0
qwen25_vl_earthvqa,Qwen2.5-VL-7B,EarthVQA,abs_std_diff,19,20,non_significant_sdc,1723,1723,0,0.0
qwen25_vl_earthvqa,Qwen2.5-VL-7B,EarthVQA,abs_std_diff,19,20,significant_sdc,224,143,81,0.3616071428571429
qwen25_vl_earthvqa,Qwen2.5-VL-7B,EarthVQA,abs_std_diff,20,21,non_sdc,5540,5540,0,0.0
qwen25_vl_earthvqa,Qwen2.5-VL-7B,EarthVQA,abs_std_diff,20,21,non_significant_sdc,1723,1723,0,0.0
qwen25_vl_earthvqa,Qwen2.5-VL-7B,EarthVQA,abs_std_diff,20,21,significant_sdc,224,139,85,0.3794642857142857
qwen25_vl_earthvqa,Qwen2.5-VL-7B,EarthVQA,abs_std_diff,21,22,non_sdc,5540,5540,0,0.0
qwen25_vl_earthvqa,Qwen2.5-VL-7B,EarthVQA,abs_std_diff,21,22,non_significant_sdc,1723,1723,0,0.0
qwen25_vl_earthvqa,Qwen2.5-VL-7B,EarthVQA,abs_std_diff,21,22,significant_sdc,224,137,87,0.3883928571428571
qwen25_vl_earthvqa,Qwen2.5-VL-7B,EarthVQA,abs_std_diff,22,23,non_sdc,5540,5540,0,0.0
qwen25_vl_earthvqa,Qwen2.5-VL-7B,EarthVQA,abs_std_diff,22,23,non_significant_sdc,1723,1723,0,0.0
qwen25_vl_earthvqa,Qwen2.5-VL-7B,EarthVQA,abs_std_diff,22,23,significant_sdc,224,133,91,0.40625
qwen25_vl_earthvqa,Qwen2.5-VL-7B,EarthVQA,abs_std_diff,23,24,non_sdc,5540,5540,0,0.0
qwen25_vl_earthvqa,Qwen2.5-VL-7B,EarthVQA,abs_std_diff,23,24,non_significant_sdc,1723,1723,0,0.0
qwen25_vl_earthvqa,Qwen2.5-VL-7B,EarthVQA,abs_std_diff,23,24,significant_sdc,224,131,93,0.4151785714285714
qwen25_vl_earthvqa,Qwen2.5-VL-7B,EarthVQA,abs_std_diff,24,25,non_sdc,5540,5540,0,0.0
qwen25_vl_earthvqa,Qwen2.5-VL-7B,EarthVQA,abs_std_diff,24,25,non_significant_sdc,1723,1723,0,0.0
qwen25_vl_earthvqa,Qwen2.5-VL-7B,EarthVQA,abs_std_diff,24,25,significant_sdc,224,128,96,0.4285714285714286
qwen25_vl_earthvqa,Qwen2.5-VL-7B,EarthVQA,abs_std_diff,25,26,non_sdc,5540,5540,0,0.0
qwen25_vl_earthvqa,Qwen2.5-VL-7B,EarthVQA,abs_std_diff,25,26,non_significant_sdc,1723,1723,0,0.0
qwen25_vl_earthvqa,Qwen2.5-VL-7B,EarthVQA,abs_std_diff,25,26,significant_sdc,224,127,97,0.4330357142857143
qwen25_vl_earthvqa,Qwen2.5-VL-7B,EarthVQA,abs_std_diff,26,27,non_sdc,5540,5540,0,0.0
qwen25_vl_earthvqa,Qwen2.5-VL-7B,EarthVQA,abs_std_diff,26,27,non_significant_sdc,1723,1723,0,0.0
qwen25_vl_earthvqa,Qwen2.5-VL-7B,EarthVQA,abs_std_diff,26,27,significant_sdc,224,123,101,0.4508928571428571
qwen25_vl_earthvqa,Qwen2.5-VL-7B,EarthVQA,l2_distance,0,1,non_sdc,5540,5540,0,0.0
qwen25_vl_earthvqa,Qwen2.5-VL-7B,EarthVQA,l2_distance,0,1,non_significant_sdc,1723,1723,0,0.0
qwen25_vl_earthvqa,Qwen2.5-VL-7B,EarthVQA,l2_distance,0,1,significant_sdc,224,180,44,0.1964285714285714
qwen25_vl_earthvqa,Qwen2.5-VL-7B,EarthVQA,l2_distance,1,2,non_sdc,5540,5540,0,0.0
qwen25_vl_earthvqa,Qwen2.5-VL-7B,EarthVQA,l2_distance,1,2,non_significant_sdc,1723,1723,0,0.0
qwen25_vl_earthvqa,Qwen2.5-VL-7B,EarthVQA,l2_distance,1,2,significant_sdc,224,180,44,0.1964285714285714
qwen25_vl_earthvqa,Qwen2.5-VL-7B,EarthVQA,l2_distance,2,3,non_sdc,5540,5540,0,0.0
qwen25_vl_earthvqa,Qwen2.5-VL-7B,EarthVQA,l2_distance,2,3,non_significant_sdc,1723,1723,0,0.0
qwen25_vl_earthvqa,Qwen2.5-VL-7B,EarthVQA,l2_distance,2,3,significant_sdc,224,180,44,0.1964285714285714
qwen25_vl_earthvqa,Qwen2.5-VL-7B,EarthVQA,l2_distance,3,4,non_sdc,5540,5540,0,0.0
qwen25_vl_earthvqa,Qwen2.5-VL-7B,EarthVQA,l2_distance,3,4,non_significant_sdc,1723,1723,0,0.0
qwen25_vl_earthvqa,Qwen2.5-VL-7B,EarthVQA,l2_distance,3,4,significant_sdc,224,173,51,0.2276785714285714
qwen25_vl_earthvqa,Qwen2.5-VL-7B,EarthVQA,l2_distance,4,5,non_sdc,5540,5540,0,0.0
qwen25_vl_earthvqa,Qwen2.5-VL-7B,EarthVQA,l2_distance,4,5,non_significant_sdc,1723,1723,0,0.0
qwen25_vl_earthvqa,Qwen2.5-VL-7B,EarthVQA,l2_distance,4,5,significant_sdc,224,173,51,0.2276785714285714
qwen25_vl_earthvqa,Qwen2.5-VL-7B,EarthVQA,l2_distance,5,6,non_sdc,5540,5540,0,0.0
qwen25_vl_earthvqa,Qwen2.5-VL-7B,EarthVQA,l2_distance,5,6,non_significant_sdc,1723,1723,0,0.0
qwen25_vl_earthvqa,Qwen2.5-VL-7B,EarthVQA,l2_distance,5,6,significant_sdc,224,177,47,0.2098214285714286
qwen25_vl_earthvqa,Qwen2.5-VL-7B,EarthVQA,l2_distance,6,7,non_sdc,5540,5540,0,0.0
qwen25_vl_earthvqa,Qwen2.5-VL-7B,EarthVQA,l2_distance,6,7,non_significant_sdc,1723,1723,0,0.0
qwen25_vl_earthvqa,Qwen2.5-VL-7B,EarthVQA,l2_distance,6,7,significant_sdc,224,177,47,0.2098214285714286
qwen25_vl_earthvqa,Qwen2.5-VL-7B,EarthVQA,l2_distance,7,8,non_sdc,5540,5540,0,0.0
qwen25_vl_earthvqa,Qwen2.5-VL-7B,EarthVQA,l2_distance,7,8,non_significant_sdc,1723,1723,0,0.0
qwen25_vl_earthvqa,Qwen2.5-VL-7B,EarthVQA,l2_distance,7,8,significant_sdc,224,173,51,0.2276785714285714
qwen25_vl_earthvqa,Qwen2.5-VL-7B,EarthVQA,l2_distance,8,9,non_sdc,5540,5540,0,0.0
qwen25_vl_earthvqa,Qwen2.5-VL-7B,EarthVQA,l2_distance,8,9,non_significant_sdc,1723,1723,0,0.0
qwen25_vl_earthvqa,Qwen2.5-VL-7B,EarthVQA,l2_distance,8,9,significant_sdc,224,166,58,0.2589285714285714
qwen25_vl_earthvqa,Qwen2.5-VL-7B,EarthVQA,l2_distance,9,10,non_sdc,5540,5540,0,0.0
qwen25_vl_earthvqa,Qwen2.5-VL-7B,EarthVQA,l2_distance,9,10,non_significant_sdc,1723,1723,0,0.0
qwen25_vl_earthvqa,Qwen2.5-VL-7B,EarthVQA,l2_distance,9,10,significant_sdc,224,164,60,0.2678571428571429
qwen25_vl_earthvqa,Qwen2.5-VL-7B,EarthVQA,l2_distance,10,11,non_sdc,5540,5540,0,0.0
qwen25_vl_earthvqa,Qwen2.5-VL-7B,EarthVQA,l2_distance,10,11,non_significant_sdc,1723,1723,0,0.0
qwen25_vl_earthvqa,Qwen2.5-VL-7B,EarthVQA,l2_distance,10,11,significant_sdc,224,164,60,0.2678571428571429
qwen25_vl_earthvqa,Qwen2.5-VL-7B,EarthVQA,l2_distance,11,12,non_sdc,5540,5540,0,0.0
qwen25_vl_earthvqa,Qwen2.5-VL-7B,EarthVQA,l2_distance,11,12,non_significant_sdc,1723,1723,0,0.0
qwen25_vl_earthvqa,Qwen2.5-VL-7B,EarthVQA,l2_distance,11,12,significant_sdc,224,162,62,0.2767857142857143
qwen25_vl_earthvqa,Qwen2.5-VL-7B,EarthVQA,l2_distance,12,13,non_sdc,5540,5540,0,0.0
qwen25_vl_earthvqa,Qwen2.5-VL-7B,EarthVQA,l2_distance,12,13,non_significant_sdc,1723,1723,0,0.0
qwen25_vl_earthvqa,Qwen2.5-VL-7B,EarthVQA,l2_distance,12,13,significant_sdc,224,158,66,0.2946428571428571
qwen25_vl_earthvqa,Qwen2.5-VL-7B,EarthVQA,l2_distance,13,14,non_sdc,5540,5540,0,0.0
qwen25_vl_earthvqa,Qwen2.5-VL-7B,EarthVQA,l2_distance,13,14,non_significant_sdc,1723,1723,0,0.0
qwen25_vl_earthvqa,Qwen2.5-VL-7B,EarthVQA,l2_distance,13,14,significant_sdc,224,159,65,0.2901785714285714
qwen25_vl_earthvqa,Qwen2.5-VL-7B,EarthVQA,l2_distance,14,15,non_sdc,5540,5540,0,0.0
qwen25_vl_earthvqa,Qwen2.5-VL-7B,EarthVQA,l2_distance,14,15,non_significant_sdc,1723,1723,0,0.0
qwen25_vl_earthvqa,Qwen2.5-VL-7B,EarthVQA,l2_distance,14,15,significant_sdc,224,160,64,0.2857142857142857
qwen25_vl_earthvqa,Qwen2.5-VL-7B,EarthVQA,l2_distance,15,16,non_sdc,5540,5540,0,0.0
qwen25_vl_earthvqa,Qwen2.5-VL-7B,EarthVQA,l2_distance,15,16,non_significant_sdc,1723,1723,0,0.0
qwen25_vl_earthvqa,Qwen2.5-VL-7B,EarthVQA,l2_distance,15,16,significant_sdc,224,157,67,0.2991071428571429
qwen25_vl_earthvqa,Qwen2.5-VL-7B,EarthVQA,l2_distance,16,17,non_sdc,5540,5540,0,0.0
qwen25_vl_earthvqa,Qwen2.5-VL-7B,EarthVQA,l2_distance,16,17,non_significant_sdc,1723,1723,0,0.0
qwen25_vl_earthvqa,Qwen2.5-VL-7B,EarthVQA,l2_distance,16,17,significant_sdc,224,150,74,0.3303571428571429
qwen25_vl_earthvqa,Qwen2.5-VL-7B,EarthVQA,l2_distance,17,18,non_sdc,5540,5540,0,0.0
qwen25_vl_earthvqa,Qwen2.5-VL-7B,EarthVQA,l2_distance,17,18,non_significant_sdc,1723,1723,0,0.0
qwen25_vl_earthvqa,Qwen2.5-VL-7B,EarthVQA,l2_distance,17,18,significant_sdc,224,149,75,0.3348214285714286
qwen25_vl_earthvqa,Qwen2.5-VL-7B,EarthVQA,l2_distance,18,19,non_sdc,5540,5540,0,0.0
qwen25_vl_earthvqa,Qwen2.5-VL-7B,EarthVQA,l2_distance,18,19,non_significant_sdc,1723,1723,0,0.0
qwen25_vl_earthvqa,Qwen2.5-VL-7B,EarthVQA,l2_distance,18,19,significant_sdc,224,146,78,0.3482142857142857
qwen25_vl_earthvqa,Qwen2.5-VL-7B,EarthVQA,l2_distance,19,20,non_sdc,5540,5540,0,0.0
qwen25_vl_earthvqa,Qwen2.5-VL-7B,EarthVQA,l2_distance,19,20,non_significant_sdc,1723,1723,0,0.0
qwen25_vl_earthvqa,Qwen2.5-VL-7B,EarthVQA,l2_distance,19,20,significant_sdc,224,137,87,0.3883928571428571
qwen25_vl_earthvqa,Qwen2.5-VL-7B,EarthVQA,l2_distance,20,21,non_sdc,5540,5540,0,0.0
qwen25_vl_earthvqa,Qwen2.5-VL-7B,EarthVQA,l2_distance,20,21,non_significant_sdc,1723,1723,0,0.0
qwen25_vl_earthvqa,Qwen2.5-VL-7B,EarthVQA,l2_distance,20,21,significant_sdc,224,139,85,0.3794642857142857
qwen25_vl_earthvqa,Qwen2.5-VL-7B,EarthVQA,l2_distance,21,22,non_sdc,5540,5540,0,0.0
qwen25_vl_earthvqa,Qwen2.5-VL-7B,EarthVQA,l2_distance,21,22,non_significant_sdc,1723,1723,0,0.0
qwen25_vl_earthvqa,Qwen2.5-VL-7B,EarthVQA,l2_distance,21,22,significant_sdc,224,134,90,0.4017857142857143
qwen25_vl_earthvqa,Qwen2.5-VL-7B,EarthVQA,l2_distance,22,23,non_sdc,5540,5540,0,0.0
qwen25_vl_earthvqa,Qwen2.5-VL-7B,EarthVQA,l2_distance,22,23,non_significant_sdc,1723,1723,0,0.0
qwen25_vl_earthvqa,Qwen2.5-VL-7B,EarthVQA,l2_distance,22,23,significant_sdc,224,133,91,0.40625
qwen25_vl_earthvqa,Qwen2.5-VL-7B,EarthVQA,l2_distance,23,24,non_sdc,5540,5540,0,0.0
qwen25_vl_earthvqa,Qwen2.5-VL-7B,EarthVQA,l2_distance,23,24,non_significant_sdc,1723,1723,0,0.0
qwen25_vl_earthvqa,Qwen2.5-VL-7B,EarthVQA,l2_distance,23,24,significant_sdc,224,129,95,0.4241071428571429
qwen25_vl_earthvqa,Qwen2.5-VL-7B,EarthVQA,l2_distance,24,25,non_sdc,5540,5540,0,0.0
qwen25_vl_earthvqa,Qwen2.5-VL-7B,EarthVQA,l2_distance,24,25,non_significant_sdc,1723,1723,0,0.0
qwen25_vl_earthvqa,Qwen2.5-VL-7B,EarthVQA,l2_distance,24,25,significant_sdc,224,128,96,0.4285714285714286
qwen25_vl_earthvqa,Qwen2.5-VL-7B,EarthVQA,l2_distance,25,26,non_sdc,5540,5540,0,0.0
qwen25_vl_earthvqa,Qwen2.5-VL-7B,EarthVQA,l2_distance,25,26,non_significant_sdc,1723,1723,0,0.0
qwen25_vl_earthvqa,Qwen2.5-VL-7B,EarthVQA,l2_distance,25,26,significant_sdc,224,126,98,0.4375
qwen25_vl_earthvqa,Qwen2.5-VL-7B,EarthVQA,l2_distance,26,27,non_sdc,5540,5540,0,0.0
qwen25_vl_earthvqa,Qwen2.5-VL-7B,EarthVQA,l2_distance,26,27,non_significant_sdc,1723,1723,0,0.0
qwen25_vl_earthvqa,Qwen2.5-VL-7B,EarthVQA,l2_distance,26,27,significant_sdc,224,123,101,0.4508928571428571
qwen25_vl_lingoqa,Qwen2.5-VL-7B,LingoQA,cos_sim,0,1,non_sdc,5906,5906,0,0.0
qwen25_vl_lingoqa,Qwen2.5-VL-7B,LingoQA,cos_sim,0,1,non_significant_sdc,1327,1327,0,0.0
qwen25_vl_lingoqa,Qwen2.5-VL-7B,LingoQA,cos_sim,0,1,significant_sdc,264,216,48,0.18181818181818177
qwen25_vl_lingoqa,Qwen2.5-VL-7B,LingoQA,cos_sim,1,2,non_sdc,5906,5906,0,0.0
qwen25_vl_lingoqa,Qwen2.5-VL-7B,LingoQA,cos_sim,1,2,non_significant_sdc,1327,1327,0,0.0
qwen25_vl_lingoqa,Qwen2.5-VL-7B,LingoQA,cos_sim,1,2,significant_sdc,264,214,50,0.18939393939393945
qwen25_vl_lingoqa,Qwen2.5-VL-7B,LingoQA,cos_sim,2,3,non_sdc,5906,5906,0,0.0
qwen25_vl_lingoqa,Qwen2.5-VL-7B,LingoQA,cos_sim,2,3,non_significant_sdc,1327,1327,0,0.0
qwen25_vl_lingoqa,Qwen2.5-VL-7B,LingoQA,cos_sim,2,3,significant_sdc,264,212,52,0.19696969696969702
qwen25_vl_lingoqa,Qwen2.5-VL-7B,LingoQA,cos_sim,3,4,non_sdc,5906,5906,0,0.0
qwen25_vl_lingoqa,Qwen2.5-VL-7B,LingoQA,cos_sim,3,4,non_significant_sdc,1327,1327,0,0.0
qwen25_vl_lingoqa,Qwen2.5-VL-7B,LingoQA,cos_sim,3,4,significant_sdc,264,209,55,0.20833333333333337
qwen25_vl_lingoqa,Qwen2.5-VL-7B,LingoQA,cos_sim,4,5,non_sdc,5906,5906,0,0.0
qwen25_vl_lingoqa,Qwen2.5-VL-7B,LingoQA,cos_sim,4,5,non_significant_sdc,1327,1327,0,0.0
qwen25_vl_lingoqa,Qwen2.5-VL-7B,LingoQA,cos_sim,4,5,significant_sdc,264,205,59,0.2234848484848485
qwen25_vl_lingoqa,Qwen2.5-VL-7B,LingoQA,cos_sim,5,6,non_sdc,5906,5906,0,0.0
qwen25_vl_lingoqa,Qwen2.5-VL-7B,LingoQA,cos_sim,5,6,non_significant_sdc,1327,1327,0,0.0
qwen25_vl_lingoqa,Qwen2.5-VL-7B,LingoQA,cos_sim,5,6,significant_sdc,264,202,62,0.23484848484848486
qwen25_vl_lingoqa,Qwen2.5-VL-7B,LingoQA,cos_sim,6,7,non_sdc,5906,5906,0,0.0
qwen25_vl_lingoqa,Qwen2.5-VL-7B,LingoQA,cos_sim,6,7,non_significant_sdc,1327,1327,0,0.0
qwen25_vl_lingoqa,Qwen2.5-VL-7B,LingoQA,cos_sim,6,7,significant_sdc,264,204,60,0.2272727272727273
qwen25_vl_lingoqa,Qwen2.5-VL-7B,LingoQA,cos_sim,7,8,non_sdc,5906,5906,0,0.0
qwen25_vl_lingoqa,Qwen2.5-VL-7B,LingoQA,cos_sim,7,8,non_significant_sdc,1327,1327,0,0.0
qwen25_vl_lingoqa,Qwen2.5-VL-7B,LingoQA,cos_sim,7,8,significant_sdc,264,197,67,0.2537878787878788
qwen25_vl_lingoqa,Qwen2.5-VL-7B,LingoQA,cos_sim,8,9,non_sdc,5906,5906,0,0.0
qwen25_vl_lingoqa,Qwen2.5-VL-7B,LingoQA,cos_sim,8,9,non_significant_sdc,1327,1327,0,0.0
qwen25_vl_lingoqa,Qwen2.5-VL-7B,LingoQA,cos_sim,8,9,significant_sdc,264,190,74,0.2803030303030303
qwen25_vl_lingoqa,Qwen2.5-VL-7B,LingoQA,cos_sim,9,10,non_sdc,5906,5906,0,0.0
qwen25_vl_lingoqa,Qwen2.5-VL-7B,LingoQA,cos_sim,9,10,non_significant_sdc,1327,1327,0,0.0
qwen25_vl_lingoqa,Qwen2.5-VL-7B,LingoQA,cos_sim,9,10,significant_sdc,264,186,78,0.2954545454545454
qwen25_vl_lingoqa,Qwen2.5-VL-7B,LingoQA,cos_sim,10,11,non_sdc,5906,5906,0,0.0
qwen25_vl_lingoqa,Qwen2.5-VL-7B,LingoQA,cos_sim,10,11,non_significant_sdc,1327,1327,0,0.0
qwen25_vl_lingoqa,Qwen2.5-VL-7B,LingoQA,cos_sim,10,11,significant_sdc,264,184,80,0.303030303030303
qwen25_vl_lingoqa,Qwen2.5-VL-7B,LingoQA,cos_sim,11,12,non_sdc,5906,5906,0,0.0
qwen25_vl_lingoqa,Qwen2.5-VL-7B,LingoQA,cos_sim,11,12,non_significant_sdc,1327,1327,0,0.0
qwen25_vl_lingoqa,Qwen2.5-VL-7B,LingoQA,cos_sim,11,12,significant_sdc,264,180,84,0.31818181818181823
qwen25_vl_lingoqa,Qwen2.5-VL-7B,LingoQA,cos_sim,12,13,non_sdc,5906,5906,0,0.0
qwen25_vl_lingoqa,Qwen2.5-VL-7B,LingoQA,cos_sim,12,13,non_significant_sdc,1327,1327,0,0.0
qwen25_vl_lingoqa,Qwen2.5-VL-7B,LingoQA,cos_sim,12,13,significant_sdc,264,173,91,0.3446969696969697
qwen25_vl_lingoqa,Qwen2.5-VL-7B,LingoQA,cos_sim,13,14,non_sdc,5906,5906,0,0.0
qwen25_vl_lingoqa,Qwen2.5-VL-7B,LingoQA,cos_sim,13,14,non_significant_sdc,1327,1327,0,0.0
qwen25_vl_lingoqa,Qwen2.5-VL-7B,LingoQA,cos_sim,13,14,significant_sdc,264,168,96,0.36363636363636365
qwen25_vl_lingoqa,Qwen2.5-VL-7B,LingoQA,cos_sim,14,15,non_sdc,5906,5906,0,0.0
qwen25_vl_lingoqa,Qwen2.5-VL-7B,LingoQA,cos_sim,14,15,non_significant_sdc,1327,1327,0,0.0
qwen25_vl_lingoqa,Qwen2.5-VL-7B,LingoQA,cos_sim,14,15,significant_sdc,264,172,92,0.3484848484848485
qwen25_vl_lingoqa,Qwen2.5-VL-7B,LingoQA,cos_sim,15,16,non_sdc,5906,5906,0,0.0
qwen25_vl_lingoqa,Qwen2.5-VL-7B,LingoQA,cos_sim,15,16,non_significant_sdc,1327,1327,0,0.0
qwen25_vl_lingoqa,Qwen2.5-VL-7B,LingoQA,cos_sim,15,16,significant_sdc,264,169,95,0.35984848484848486
qwen25_vl_lingoqa,Qwen2.5-VL-7B,LingoQA,cos_sim,16,17,non_sdc,5906,5906,0,0.0
qwen25_vl_lingoqa,Qwen2.5-VL-7B,LingoQA,cos_sim,16,17,non_significant_sdc,1327,1327,0,0.0
qwen25_vl_lingoqa,Qwen2.5-VL-7B,LingoQA,cos_sim,16,17,significant_sdc,264,169,95,0.35984848484848486
qwen25_vl_lingoqa,Qwen2.5-VL-7B,LingoQA,cos_sim,17,18,non_sdc,5906,5906,0,0.0
qwen25_vl_lingoqa,Qwen2.5-VL-7B,LingoQA,cos_sim,17,18,non_significant_sdc,1327,1327,0,0.0
qwen25_vl_lingoqa,Qwen2.5-VL-7B,LingoQA,cos_sim,17,18,significant_sdc,264,166,98,0.3712121212121212
qwen25_vl_lingoqa,Qwen2.5-VL-7B,LingoQA,cos_sim,18,19,non_sdc,5906,5906,0,0.0
qwen25_vl_lingoqa,Qwen2.5-VL-7B,LingoQA,cos_sim,18,19,non_significant_sdc,1327,1327,0,0.0
qwen25_vl_lingoqa,Qwen2.5-VL-7B,LingoQA,cos_sim,18,19,significant_sdc,264,161,103,0.39015151515151514
qwen25_vl_lingoqa,Qwen2.5-VL-7B,LingoQA,cos_sim,19,20,non_sdc,5906,5906,0,0.0
qwen25_vl_lingoqa,Qwen2.5-VL-7B,LingoQA,cos_sim,19,20,non_significant_sdc,1327,1327,0,0.0
qwen25_vl_lingoqa,Qwen2.5-VL-7B,LingoQA,cos_sim,19,20,significant_sdc,264,157,107,0.4053030303030303
qwen25_vl_lingoqa,Qwen2.5-VL-7B,LingoQA,cos_sim,20,21,non_sdc,5906,5906,0,0.0
qwen25_vl_lingoqa,Qwen2.5-VL-7B,LingoQA,cos_sim,20,21,non_significant_sdc,1327,1327,0,0.0
qwen25_vl_lingoqa,Qwen2.5-VL-7B,LingoQA,cos_sim,20,21,significant_sdc,264,154,110,0.41666666666666663
qwen25_vl_lingoqa,Qwen2.5-VL-7B,LingoQA,cos_sim,21,22,non_sdc,5906,5906,0,0.0
qwen25_vl_lingoqa,Qwen2.5-VL-7B,LingoQA,cos_sim,21,22,non_significant_sdc,1327,1327,0,0.0
qwen25_vl_lingoqa,Qwen2.5-VL-7B,LingoQA,cos_sim,21,22,significant_sdc,264,152,112,0.4242424242424242
qwen25_vl_lingoqa,Qwen2.5-VL-7B,LingoQA,cos_sim,22,23,non_sdc,5906,5906,0,0.0
qwen25_vl_lingoqa,Qwen2.5-VL-7B,LingoQA,cos_sim,22,23,non_significant_sdc,1327,1327,0,0.0
qwen25_vl_lingoqa,Qwen2.5-VL-7B,LingoQA,cos_sim,22,23,significant_sdc,264,147,117,0.44318181818181823
qwen25_vl_lingoqa,Qwen2.5-VL-7B,LingoQA,cos_sim,23,24,non_sdc,5906,5906,0,0.0
qwen25_vl_lingoqa,Qwen2.5-VL-7B,LingoQA,cos_sim,23,24,non_significant_sdc,1327,1327,0,0.0
qwen25_vl_lingoqa,Qwen2.5-VL-7B,LingoQA,cos_sim,23,24,significant_sdc,264,144,120,0.4545454545454546
qwen25_vl_lingoqa,Qwen2.5-VL-7B,LingoQA,cos_sim,24,25,non_sdc,5906,5906,0,0.0
qwen25_vl_lingoqa,Qwen2.5-VL-7B,LingoQA,cos_sim,24,25,non_significant_sdc,1327,1327,0,0.0
qwen25_vl_lingoqa,Qwen2.5-VL-7B,LingoQA,cos_sim,24,25,significant_sdc,264,139,125,0.4734848484848485
qwen25_vl_lingoqa,Qwen2.5-VL-7B,LingoQA,cos_sim,25,26,non_sdc,5906,5906,0,0.0
qwen25_vl_lingoqa,Qwen2.5-VL-7B,LingoQA,cos_sim,25,26,non_significant_sdc,1327,1327,0,0.0
qwen25_vl_lingoqa,Qwen2.5-VL-7B,LingoQA,cos_sim,25,26,significant_sdc,264,134,130,0.49242424242424243
qwen25_vl_lingoqa,Qwen2.5-VL-7B,LingoQA,cos_sim,26,27,non_sdc,5906,5906,0,0.0
qwen25_vl_lingoqa,Qwen2.5-VL-7B,LingoQA,cos_sim,26,27,non_significant_sdc,1327,1327,0,0.0
qwen25_vl_lingoqa,Qwen2.5-VL-7B,LingoQA,cos_sim,26,27,significant_sdc,264,126,138,0.5227272727272727
qwen25_vl_lingoqa,Qwen2.5-VL-7B,LingoQA,abs_mean_diff,0,1,non_sdc,5906,5906,0,0.0
qwen25_vl_lingoqa,Qwen2.5-VL-7B,LingoQA,abs_mean_diff,0,1,non_significant_sdc,1327,1327,0,0.0
qwen25_vl_lingoqa,Qwen2.5-VL-7B,LingoQA,abs_mean_diff,0,1,significant_sdc,264,216,48,0.18181818181818177
qwen25_vl_lingoqa,Qwen2.5-VL-7B,LingoQA,abs_mean_diff,1,2,non_sdc,5906,5906,0,0.0
qwen25_vl_lingoqa,Qwen2.5-VL-7B,LingoQA,abs_mean_diff,1,2,non_significant_sdc,1327,1327,0,0.0
qwen25_vl_lingoqa,Qwen2.5-VL-7B,LingoQA,abs_mean_diff,1,2,significant_sdc,264,214,50,0.18939393939393945
qwen25_vl_lingoqa,Qwen2.5-VL-7B,LingoQA,abs_mean_diff,2,3,non_sdc,5906,5906,0,0.0
qwen25_vl_lingoqa,Qwen2.5-VL-7B,LingoQA,abs_mean_diff,2,3,non_significant_sdc,1327,1327,0,0.0
qwen25_vl_lingoqa,Qwen2.5-VL-7B,LingoQA,abs_mean_diff,2,3,significant_sdc,264,212,52,0.19696969696969702
qwen25_vl_lingoqa,Qwen2.5-VL-7B,LingoQA,abs_mean_diff,3,4,non_sdc,5906,5906,0,0.0
qwen25_vl_lingoqa,Qwen2.5-VL-7B,LingoQA,abs_mean_diff,3,4,non_significant_sdc,1327,1327,0,0.0
qwen25_vl_lingoqa,Qwen2.5-VL-7B,LingoQA,abs_mean_diff,3,4,significant_sdc,264,209,55,0.20833333333333337
qwen25_vl_lingoqa,Qwen2.5-VL-7B,LingoQA,abs_mean_diff,4,5,non_sdc,5906,5906,0,0.0
qwen25_vl_lingoqa,Qwen2.5-VL-7B,LingoQA,abs_mean_diff,4,5,non_significant_sdc,1327,1327,0,0.0
qwen25_vl_lingoqa,Qwen2.5-VL-7B,LingoQA,abs_mean_diff,4,5,significant_sdc,264,205,59,0.2234848484848485
qwen25_vl_lingoqa,Qwen2.5-VL-7B,LingoQA,abs_mean_diff,5,6,non_sdc,5906,5906,0,0.0
qwen25_vl_lingoqa,Qwen2.5-VL-7B,LingoQA,abs_mean_diff,5,6,non_significant_sdc,1327,1327,0,0.0
qwen25_vl_lingoqa,Qwen2.5-VL-7B,LingoQA,abs_mean_diff,5,6,significant_sdc,264,202,62,0.23484848484848486
qwen25_vl_lingoqa,Qwen2.5-VL-7B,LingoQA,abs_mean_diff,6,7,non_sdc,5906,5906,0,0.0
qwen25_vl_lingoqa,Qwen2.5-VL-7B,LingoQA,abs_mean_diff,6,7,non_significant_sdc,1327,1327,0,0.0
qwen25_vl_lingoqa,Qwen2.5-VL-7B,LingoQA,abs_mean_diff,6,7,significant_sdc,264,204,60,0.2272727272727273
qwen25_vl_lingoqa,Qwen2.5-VL-7B,LingoQA,abs_mean_diff,7,8,non_sdc,5906,5906,0,0.0
qwen25_vl_lingoqa,Qwen2.5-VL-7B,LingoQA,abs_mean_diff,7,8,non_significant_sdc,1327,1327,0,0.0
qwen25_vl_lingoqa,Qwen2.5-VL-7B,LingoQA,abs_mean_diff,7,8,significant_sdc,264,197,67,0.2537878787878788
qwen25_vl_lingoqa,Qwen2.5-VL-7B,LingoQA,abs_mean_diff,8,9,non_sdc,5906,5906,0,0.0
qwen25_vl_lingoqa,Qwen2.5-VL-7B,LingoQA,abs_mean_diff,8,9,non_significant_sdc,1327,1327,0,0.0
qwen25_vl_lingoqa,Qwen2.5-VL-7B,LingoQA,abs_mean_diff,8,9,significant_sdc,264,190,74,0.2803030303030303
qwen25_vl_lingoqa,Qwen2.5-VL-7B,LingoQA,abs_mean_diff,9,10,non_sdc,5906,5906,0,0.0
qwen25_vl_lingoqa,Qwen2.5-VL-7B,LingoQA,abs_mean_diff,9,10,non_significant_sdc,1327,1327,0,0.0
qwen25_vl_lingoqa,Qwen2.5-VL-7B,LingoQA,abs_mean_diff,9,10,significant_sdc,264,186,78,0.2954545454545454
qwen25_vl_lingoqa,Qwen2.5-VL-7B,LingoQA,abs_mean_diff,10,11,non_sdc,5906,5906,0,0.0
qwen25_vl_lingoqa,Qwen2.5-VL-7B,LingoQA,abs_mean_diff,10,11,non_significant_sdc,1327,1327,0,0.0
qwen25_vl_lingoqa,Qwen2.5-VL-7B,LingoQA,abs_mean_diff,10,11,significant_sdc,264,184,80,0.303030303030303
qwen25_vl_lingoqa,Qwen2.5-VL-7B,LingoQA,abs_mean_diff,11,12,non_sdc,5906,5906,0,0.0
qwen25_vl_lingoqa,Qwen2.5-VL-7B,LingoQA,abs_mean_diff,11,12,non_significant_sdc,1327,1327,0,0.0
qwen25_vl_lingoqa,Qwen2.5-VL-7B,LingoQA,abs_mean_diff,11,12,significant_sdc,264,180,84,0.31818181818181823
qwen25_vl_lingoqa,Qwen2.5-VL-7B,LingoQA,abs_mean_diff,12,13,non_sdc,5906,5906,0,0.0
qwen25_vl_lingoqa,Qwen2.5-VL-7B,LingoQA,abs_mean_diff,12,13,non_significant_sdc,1327,1327,0,0.0
qwen25_vl_lingoqa,Qwen2.5-VL-7B,LingoQA,abs_mean_diff,12,13,significant_sdc,264,173,91,0.3446969696969697
qwen25_vl_lingoqa,Qwen2.5-VL-7B,LingoQA,abs_mean_diff,13,14,non_sdc,5906,5906,0,0.0
qwen25_vl_lingoqa,Qwen2.5-VL-7B,LingoQA,abs_mean_diff,13,14,non_significant_sdc,1327,1327,0,0.0
qwen25_vl_lingoqa,Qwen2.5-VL-7B,LingoQA,abs_mean_diff,13,14,significant_sdc,264,168,96,0.36363636363636365
qwen25_vl_lingoqa,Qwen2.5-VL-7B,LingoQA,abs_mean_diff,14,15,non_sdc,5906,5906,0,0.0
qwen25_vl_lingoqa,Qwen2.5-VL-7B,LingoQA,abs_mean_diff,14,15,non_significant_sdc,1327,1327,0,0.0
qwen25_vl_lingoqa,Qwen2.5-VL-7B,LingoQA,abs_mean_diff,14,15,significant_sdc,264,172,92,0.3484848484848485
qwen25_vl_lingoqa,Qwen2.5-VL-7B,LingoQA,abs_mean_diff,15,16,non_sdc,5906,5906,0,0.0
qwen25_vl_lingoqa,Qwen2.5-VL-7B,LingoQA,abs_mean_diff,15,16,non_significant_sdc,1327,1327,0,0.0
qwen25_vl_lingoqa,Qwen2.5-VL-7B,LingoQA,abs_mean_diff,15,16,significant_sdc,264,169,95,0.35984848484848486
qwen25_vl_lingoqa,Qwen2.5-VL-7B,LingoQA,abs_mean_diff,16,17,non_sdc,5906,5906,0,0.0
qwen25_vl_lingoqa,Qwen2.5-VL-7B,LingoQA,abs_mean_diff,16,17,non_significant_sdc,1327,1327,0,0.0
qwen25_vl_lingoqa,Qwen2.5-VL-7B,LingoQA,abs_mean_diff,16,17,significant_sdc,264,169,95,0.35984848484848486
qwen25_vl_lingoqa,Qwen2.5-VL-7B,LingoQA,abs_mean_diff,17,18,non_sdc,5906,5906,0,0.0
qwen25_vl_lingoqa,Qwen2.5-VL-7B,LingoQA,abs_mean_diff,17,18,non_significant_sdc,1327,1327,0,0.0
qwen25_vl_lingoqa,Qwen2.5-VL-7B,LingoQA,abs_mean_diff,17,18,significant_sdc,264,166,98,0.3712121212121212
qwen25_vl_lingoqa,Qwen2.5-VL-7B,LingoQA,abs_mean_diff,18,19,non_sdc,5906,5906,0,0.0
qwen25_vl_lingoqa,Qwen2.5-VL-7B,LingoQA,abs_mean_diff,18,19,non_significant_sdc,1327,1327,0,0.0
qwen25_vl_lingoqa,Qwen2.5-VL-7B,LingoQA,abs_mean_diff,18,19,significant_sdc,264,161,103,0.39015151515151514
qwen25_vl_lingoqa,Qwen2.5-VL-7B,LingoQA,abs_mean_diff,19,20,non_sdc,5906,5906,0,0.0
qwen25_vl_lingoqa,Qwen2.5-VL-7B,LingoQA,abs_mean_diff,19,20,non_significant_sdc,1327,1327,0,0.0
qwen25_vl_lingoqa,Qwen2.5-VL-7B,LingoQA,abs_mean_diff,19,20,significant_sdc,264,157,107,0.4053030303030303
qwen25_vl_lingoqa,Qwen2.5-VL-7B,LingoQA,abs_mean_diff,20,21,non_sdc,5906,5906,0,0.0
qwen25_vl_lingoqa,Qwen2.5-VL-7B,LingoQA,abs_mean_diff,20,21,non_significant_sdc,1327,1327,0,0.0
qwen25_vl_lingoqa,Qwen2.5-VL-7B,LingoQA,abs_mean_diff,20,21,significant_sdc,264,154,110,0.41666666666666663
qwen25_vl_lingoqa,Qwen2.5-VL-7B,LingoQA,abs_mean_diff,21,22,non_sdc,5906,5906,0,0.0
qwen25_vl_lingoqa,Qwen2.5-VL-7B,LingoQA,abs_mean_diff,21,22,non_significant_sdc,1327,1327,0,0.0
qwen25_vl_lingoqa,Qwen2.5-VL-7B,LingoQA,abs_mean_diff,21,22,significant_sdc,264,152,112,0.4242424242424242
qwen25_vl_lingoqa,Qwen2.5-VL-7B,LingoQA,abs_mean_diff,22,23,non_sdc,5906,5906,0,0.0
qwen25_vl_lingoqa,Qwen2.5-VL-7B,LingoQA,abs_mean_diff,22,23,non_significant_sdc,1327,1327,0,0.0
qwen25_vl_lingoqa,Qwen2.5-VL-7B,LingoQA,abs_mean_diff,22,23,significant_sdc,264,147,117,0.44318181818181823
qwen25_vl_lingoqa,Qwen2.5-VL-7B,LingoQA,abs_mean_diff,23,24,non_sdc,5906,5906,0,0.0
qwen25_vl_lingoqa,Qwen2.5-VL-7B,LingoQA,abs_mean_diff,23,24,non_significant_sdc,1327,1327,0,0.0
qwen25_vl_lingoqa,Qwen2.5-VL-7B,LingoQA,abs_mean_diff,23,24,significant_sdc,264,144,120,0.4545454545454546
qwen25_vl_lingoqa,Qwen2.5-VL-7B,LingoQA,abs_mean_diff,24,25,non_sdc,5906,5906,0,0.0
qwen25_vl_lingoqa,Qwen2.5-VL-7B,LingoQA,abs_mean_diff,24,25,non_significant_sdc,1327,1327,0,0.0
qwen25_vl_lingoqa,Qwen2.5-VL-7B,LingoQA,abs_mean_diff,24,25,significant_sdc,264,139,125,0.4734848484848485
qwen25_vl_lingoqa,Qwen2.5-VL-7B,LingoQA,abs_mean_diff,25,26,non_sdc,5906,5906,0,0.0
qwen25_vl_lingoqa,Qwen2.5-VL-7B,LingoQA,abs_mean_diff,25,26,non_significant_sdc,1327,1327,0,0.0
qwen25_vl_lingoqa,Qwen2.5-VL-7B,LingoQA,abs_mean_diff,25,26,significant_sdc,264,134,130,0.49242424242424243
qwen25_vl_lingoqa,Qwen2.5-VL-7B,LingoQA,abs_mean_diff,26,27,non_sdc,5906,5906,0,0.0
qwen25_vl_lingoqa,Qwen2.5-VL-7B,LingoQA,abs_mean_diff,26,27,non_significant_sdc,1327,1327,0,0.0
qwen25_vl_lingoqa,Qwen2.5-VL-7B,LingoQA,abs_mean_diff,26,27,significant_sdc,264,126,138,0.5227272727272727
qwen25_vl_lingoqa,Qwen2.5-VL-7B,LingoQA,abs_std_diff,0,1,non_sdc,5906,5906,0,0.0
qwen25_vl_lingoqa,Qwen2.5-VL-7B,LingoQA,abs_std_diff,0,1,non_significant_sdc,1327,1327,0,0.0
qwen25_vl_lingoqa,Qwen2.5-VL-7B,LingoQA,abs_std_diff,0,1,significant_sdc,264,216,48,0.18181818181818177
qwen25_vl_lingoqa,Qwen2.5-VL-7B,LingoQA,abs_std_diff,1,2,non_sdc,5906,5906,0,0.0
qwen25_vl_lingoqa,Qwen2.5-VL-7B,LingoQA,abs_std_diff,1,2,non_significant_sdc,1327,1327,0,0.0
qwen25_vl_lingoqa,Qwen2.5-VL-7B,LingoQA,abs_std_diff,1,2,significant_sdc,264,214,50,0.18939393939393945
qwen25_vl_lingoqa,Qwen2.5-VL-7B,LingoQA,abs_std_diff,2,3,non_sdc,5906,5906,0,0.0
qwen25_vl_lingoqa,Qwen2.5-VL-7B,LingoQA,abs_std_diff,2,3,non_significant_sdc,1327,1327,0,0.0
qwen25_vl_lingoqa,Qwen2.5-VL-7B,LingoQA,abs_std_diff,2,3,significant_sdc,264,212,52,0.19696969696969702
qwen25_vl_lingoqa,Qwen2.5-VL-7B,LingoQA,abs_std_diff,3,4,non_sdc,5906,5906,0,0.0
qwen25_vl_lingoqa,Qwen2.5-VL-7B,LingoQA,abs_std_diff,3,4,non_significant_sdc,1327,1327,0,0.0
qwen25_vl_lingoqa,Qwen2.5-VL-7B,LingoQA,abs_std_diff,3,4,significant_sdc,264,209,55,0.20833333333333337
qwen25_vl_lingoqa,Qwen2.5-VL-7B,LingoQA,abs_std_diff,4,5,non_sdc,5906,5906,0,0.0
qwen25_vl_lingoqa,Qwen2.5-VL-7B,LingoQA,abs_std_diff,4,5,non_significant_sdc,1327,1327,0,0.0
qwen25_vl_lingoqa,Qwen2.5-VL-7B,LingoQA,abs_std_diff,4,5,significant_sdc,264,205,59,0.2234848484848485
qwen25_vl_lingoqa,Qwen2.5-VL-7B,LingoQA,abs_std_diff,5,6,non_sdc,5906,5906,0,0.0
qwen25_vl_lingoqa,Qwen2.5-VL-7B,LingoQA,abs_std_diff,5,6,non_significant_sdc,1327,1327,0,0.0
qwen25_vl_lingoqa,Qwen2.5-VL-7B,LingoQA,abs_std_diff,5,6,significant_sdc,264,202,62,0.23484848484848486
qwen25_vl_lingoqa,Qwen2.5-VL-7B,LingoQA,abs_std_diff,6,7,non_sdc,5906,5906,0,0.0
qwen25_vl_lingoqa,Qwen2.5-VL-7B,LingoQA,abs_std_diff,6,7,non_significant_sdc,1327,1327,0,0.0
qwen25_vl_lingoqa,Qwen2.5-VL-7B,LingoQA,abs_std_diff,6,7,significant_sdc,264,204,60,0.2272727272727273
qwen25_vl_lingoqa,Qwen2.5-VL-7B,LingoQA,abs_std_diff,7,8,non_sdc,5906,5906,0,0.0
qwen25_vl_lingoqa,Qwen2.5-VL-7B,LingoQA,abs_std_diff,7,8,non_significant_sdc,1327,1327,0,0.0
qwen25_vl_lingoqa,Qwen2.5-VL-7B,LingoQA,abs_std_diff,7,8,significant_sdc,264,197,67,0.2537878787878788
qwen25_vl_lingoqa,Qwen2.5-VL-7B,LingoQA,abs_std_diff,8,9,non_sdc,5906,5906,0,0.0
qwen25_vl_lingoqa,Qwen2.5-VL-7B,LingoQA,abs_std_diff,8,9,non_significant_sdc,1327,1327,0,0.0
qwen25_vl_lingoqa,Qwen2.5-VL-7B,LingoQA,abs_std_diff,8,9,significant_sdc,264,190,74,0.2803030303030303
qwen25_vl_lingoqa,Qwen2.5-VL-7B,LingoQA,abs_std_diff,9,10,non_sdc,5906,5906,0,0.0
qwen25_vl_lingoqa,Qwen2.5-VL-7B,LingoQA,abs_std_diff,9,10,non_significant_sdc,1327,1327,0,0.0
qwen25_vl_lingoqa,Qwen2.5-VL-7B,LingoQA,abs_std_diff,9,10,significant_sdc,264,186,78,0.2954545454545454
qwen25_vl_lingoqa,Qwen2.5-VL-7B,LingoQA,abs_std_diff,10,11,non_sdc,5906,5906,0,0.0
qwen25_vl_lingoqa,Qwen2.5-VL-7B,LingoQA,abs_std_diff,10,11,non_significant_sdc,1327,1327,0,0.0
qwen25_vl_lingoqa,Qwen2.5-VL-7B,LingoQA,abs_std_diff,10,11,significant_sdc,264,184,80,0.303030303030303
qwen25_vl_lingoqa,Qwen2.5-VL-7B,LingoQA,abs_std_diff,11,12,non_sdc,5906,5906,0,0.0
qwen25_vl_lingoqa,Qwen2.5-VL-7B,LingoQA,abs_std_diff,11,12,non_significant_sdc,1327,1327,0,0.0
qwen25_vl_lingoqa,Qwen2.5-VL-7B,LingoQA,abs_std_diff,11,12,significant_sdc,264,180,84,0.31818181818181823
qwen25_vl_lingoqa,Qwen2.5-VL-7B,LingoQA,abs_std_diff,12,13,non_sdc,5906,5906,0,0.0
qwen25_vl_lingoqa,Qwen2.5-VL-7B,LingoQA,abs_std_diff,12,13,non_significant_sdc,1327,1327,0,0.0
qwen25_vl_lingoqa,Qwen2.5-VL-7B,LingoQA,abs_std_diff,12,13,significant_sdc,264,173,91,0.3446969696969697
qwen25_vl_lingoqa,Qwen2.5-VL-7B,LingoQA,abs_std_diff,13,14,non_sdc,5906,5906,0,0.0
qwen25_vl_lingoqa,Qwen2.5-VL-7B,LingoQA,abs_std_diff,13,14,non_significant_sdc,1327,1327,0,0.0
qwen25_vl_lingoqa,Qwen2.5-VL-7B,LingoQA,abs_std_diff,13,14,significant_sdc,264,168,96,0.36363636363636365
qwen25_vl_lingoqa,Qwen2.5-VL-7B,LingoQA,abs_std_diff,14,15,non_sdc,5906,5906,0,0.0
qwen25_vl_lingoqa,Qwen2.5-VL-7B,LingoQA,abs_std_diff,14,15,non_significant_sdc,1327,1327,0,0.0
qwen25_vl_lingoqa,Qwen2.5-VL-7B,LingoQA,abs_std_diff,14,15,significant_sdc,264,172,92,0.3484848484848485
qwen25_vl_lingoqa,Qwen2.5-VL-7B,LingoQA,abs_std_diff,15,16,non_sdc,5906,5906,0,0.0
qwen25_vl_lingoqa,Qwen2.5-VL-7B,LingoQA,abs_std_diff,15,16,non_significant_sdc,1327,1327,0,0.0
qwen25_vl_lingoqa,Qwen2.5-VL-7B,LingoQA,abs_std_diff,15,16,significant_sdc,264,169,95,0.35984848484848486
qwen25_vl_lingoqa,Qwen2.5-VL-7B,LingoQA,abs_std_diff,16,17,non_sdc,5906,5906,0,0.0
qwen25_vl_lingoqa,Qwen2.5-VL-7B,LingoQA,abs_std_diff,16,17,non_significant_sdc,1327,1327,0,0.0
qwen25_vl_lingoqa,Qwen2.5-VL-7B,LingoQA,abs_std_diff,16,17,significant_sdc,264,169,95,0.35984848484848486
qwen25_vl_lingoqa,Qwen2.5-VL-7B,LingoQA,abs_std_diff,17,18,non_sdc,5906,5906,0,0.0
qwen25_vl_lingoqa,Qwen2.5-VL-7B,LingoQA,abs_std_diff,17,18,non_significant_sdc,1327,1327,0,0.0
qwen25_vl_lingoqa,Qwen2.5-VL-7B,LingoQA,abs_std_diff,17,18,significant_sdc,264,166,98,0.3712121212121212
qwen25_vl_lingoqa,Qwen2.5-VL-7B,LingoQA,abs_std_diff,18,19,non_sdc,5906,5906,0,0.0
qwen25_vl_lingoqa,Qwen2.5-VL-7B,LingoQA,abs_std_diff,18,19,non_significant_sdc,1327,1327,0,0.0
qwen25_vl_lingoqa,Qwen2.5-VL-7B,LingoQA,abs_std_diff,18,19,significant_sdc,264,161,103,0.39015151515151514
qwen25_vl_lingoqa,Qwen2.5-VL-7B,LingoQA,abs_std_diff,19,20,non_sdc,5906,5906,0,0.0
qwen25_vl_lingoqa,Qwen2.5-VL-7B,LingoQA,abs_std_diff,19,20,non_significant_sdc,1327,1327,0,0.0
qwen25_vl_lingoqa,Qwen2.5-VL-7B,LingoQA,abs_std_diff,19,20,significant_sdc,264,157,107,0.4053030303030303
qwen25_vl_lingoqa,Qwen2.5-VL-7B,LingoQA,abs_std_diff,20,21,non_sdc,5906,5906,0,0.0
qwen25_vl_lingoqa,Qwen2.5-VL-7B,LingoQA,abs_std_diff,20,21,non_significant_sdc,1327,1327,0,0.0
qwen25_vl_lingoqa,Qwen2.5-VL-7B,LingoQA,abs_std_diff,20,21,significant_sdc,264,154,110,0.41666666666666663
qwen25_vl_lingoqa,Qwen2.5-VL-7B,LingoQA,abs_std_diff,21,22,non_sdc,5906,5906,0,0.0
qwen25_vl_lingoqa,Qwen2.5-VL-7B,LingoQA,abs_std_diff,21,22,non_significant_sdc,1327,1327,0,0.0
qwen25_vl_lingoqa,Qwen2.5-VL-7B,LingoQA,abs_std_diff,21,22,significant_sdc,264,152,112,0.4242424242424242
qwen25_vl_lingoqa,Qwen2.5-VL-7B,LingoQA,abs_std_diff,22,23,non_sdc,5906,5906,0,0.0
qwen25_vl_lingoqa,Qwen2.5-VL-7B,LingoQA,abs_std_diff,22,23,non_significant_sdc,1327,1327,0,0.0
qwen25_vl_lingoqa,Qwen2.5-VL-7B,LingoQA,abs_std_diff,22,23,significant_sdc,264,147,117,0.44318181818181823
qwen25_vl_lingoqa,Qwen2.5-VL-7B,LingoQA,abs_std_diff,23,24,non_sdc,5906,5906,0,0.0
qwen25_vl_lingoqa,Qwen2.5-VL-7B,LingoQA,abs_std_diff,23,24,non_significant_sdc,1327,1327,0,0.0
qwen25_vl_lingoqa,Qwen2.5-VL-7B,LingoQA,abs_std_diff,23,24,significant_sdc,264,144,120,0.4545454545454546
qwen25_vl_lingoqa,Qwen2.5-VL-7B,LingoQA,abs_std_diff,24,25,non_sdc,5906,5906,0,0.0
qwen25_vl_lingoqa,Qwen2.5-VL-7B,LingoQA,abs_std_diff,24,25,non_significant_sdc,1327,1327,0,0.0
qwen25_vl_lingoqa,Qwen2.5-VL-7B,LingoQA,abs_std_diff,24,25,significant_sdc,264,139,125,0.4734848484848485
qwen25_vl_lingoqa,Qwen2.5-VL-7B,LingoQA,abs_std_diff,25,26,non_sdc,5906,5906,0,0.0
qwen25_vl_lingoqa,Qwen2.5-VL-7B,LingoQA,abs_std_diff,25,26,non_significant_sdc,1327,1327,0,0.0
qwen25_vl_lingoqa,Qwen2.5-VL-7B,LingoQA,abs_std_diff,25,26,significant_sdc,264,134,130,0.49242424242424243
qwen25_vl_lingoqa,Qwen2.5-VL-7B,LingoQA,abs_std_diff,26,27,non_sdc,5906,5906,0,0.0
qwen25_vl_lingoqa,Qwen2.5-VL-7B,LingoQA,abs_std_diff,26,27,non_significant_sdc,1327,1327,0,0.0
qwen25_vl_lingoqa,Qwen2.5-VL-7B,LingoQA,abs_std_diff,26,27,significant_sdc,264,126,138,0.5227272727272727
qwen25_vl_lingoqa,Qwen2.5-VL-7B,LingoQA,l2_distance,0,1,non_sdc,5906,5906,0,0.0
qwen25_vl_lingoqa,Qwen2.5-VL-7B,LingoQA,l2_distance,0,1,non_significant_sdc,1327,1327,0,0.0
qwen25_vl_lingoqa,Qwen2.5-VL-7B,LingoQA,l2_distance,0,1,significant_sdc,264,212,52,0.19696969696969702
qwen25_vl_lingoqa,Qwen2.5-VL-7B,LingoQA,l2_distance,1,2,non_sdc,5906,5906,0,0.0
qwen25_vl_lingoqa,Qwen2.5-VL-7B,LingoQA,l2_distance,1,2,non_significant_sdc,1327,1327,0,0.0
qwen25_vl_lingoqa,Qwen2.5-VL-7B,LingoQA,l2_distance,1,2,significant_sdc,264,213,51,0.19318181818181823
qwen25_vl_lingoqa,Qwen2.5-VL-7B,LingoQA,l2_distance,2,3,non_sdc,5906,5906,0,0.0
qwen25_vl_lingoqa,Qwen2.5-VL-7B,LingoQA,l2_distance,2,3,non_significant_sdc,1327,1327,0,0.0
qwen25_vl_lingoqa,Qwen2.5-VL-7B,LingoQA,l2_distance,2,3,significant_sdc,264,209,55,0.20833333333333337
qwen25_vl_lingoqa,Qwen2.5-VL-7B,LingoQA,l2_distance,3,4,non_sdc,5906,5906,0,0.0
qwen25_vl_lingoqa,Qwen2.5-VL-7B,LingoQA,l2_distance,3,4,non_significant_sdc,1327,1327,0,0.0
qwen25_vl_lingoqa,Qwen2.5-VL-7B,LingoQA,l2_distance,3,4,significant_sdc,264,206,58,0.21969696969696972
qwen25_vl_lingoqa,Qwen2.5-VL-7B,LingoQA,l2_distance,4,5,non_sdc,5906,5906,0,0.0
qwen25_vl_lingoqa,Qwen2.5-VL-7B,LingoQA,l2_distance,4,5,non_significant_sdc,1327,1327,0,0.0
qwen25_vl_lingoqa,Qwen2.5-VL-7B,LingoQA,l2_distance,4,5,significant_sdc,264,200,64,0.24242424242424243
qwen25_vl_lingoqa,Qwen2.5-VL-7B,LingoQA,l2_distance,5,6,non_sdc,5906,5906,0,0.0
qwen25_vl_lingoqa,Qwen2.5-VL-7B,LingoQA,l2_distance,5,6,non_significant_sdc,1327,1327,0,0.0
qwen25_vl_lingoqa,Qwen2.5-VL-7B,LingoQA,l2_distance,5,6,significant_sdc,264,201,63,0.23863636363636365
qwen25_vl_lingoqa,Qwen2.5-VL-7B,LingoQA,l2_distance,6,7,non_sdc,5906,5906,0,0.0
qwen25_vl_lingoqa,Qwen2.5-VL-7B,LingoQA,l2_distance,6,7,non_significant_sdc,1327,1327,0,0.0
qwen25_vl_lingoqa,Qwen2.5-VL-7B,LingoQA,l2_distance,6,7,significant_sdc,264,202,62,0.23484848484848486
qwen25_vl_lingoqa,Qwen2.5-VL-7B,LingoQA,l2_distance,7,8,non_sdc,5906,5906,0,0.0
qwen25_vl_lingoqa,Qwen2.5-VL-7B,LingoQA,l2_distance,7,8,non_significant_sdc,1327,1327,0,0.0
qwen25_vl_lingoqa,Qwen2.5-VL-7B,LingoQA,l2_distance,7,8,significant_sdc,264,193,71,0.2689393939393939
qwen25_vl_lingoqa,Qwen2.5-VL-7B,LingoQA,l2_distance,8,9,non_sdc,5906,5906,0,0.0
qwen25_vl_lingoqa,Qwen2.5-VL-7B,LingoQA,l2_distance,8,9,non_significant_sdc,1327,1327,0,0.0
qwen25_vl_lingoqa,Qwen2.5-VL-7B,LingoQA,l2_distance,8,9,significant_sdc,264,188,76,0.28787878787878785
qwen25_vl_lingoqa,Qwen2.5-VL-7B,LingoQA,l2_distance,9,10,non_sdc,5906,5906,0,0.0
qwen25_vl_lingoqa,Qwen2.5-VL-7B,LingoQA,l2_distance,9,10,non_significant_sdc,1327,1327,0,0.0
qwen25_vl_lingoqa,Qwen2.5-VL-7B,LingoQA,l2_distance,9,10,significant_sdc,264,184,80,0.303030303030303
qwen25_vl_lingoqa,Qwen2.5-VL-7B,LingoQA,l2_distance,10,11,non_sdc,5906,5906,0,0.0
qwen25_vl_lingoqa,Qwen2.5-VL-7B,LingoQA,l2_distance,10,11,non_significant_sdc,1327,1327,0,0.0
qwen25_vl_lingoqa,Qwen2.5-VL-7B,LingoQA,l2_distance,10,11,significant_sdc,264,183,81,0.30681818181818177
qwen25_vl_lingoqa,Qwen2.5-VL-7B,LingoQA,l2_distance,11,12,non_sdc,5906,5906,0,0.0
qwen25_vl_lingoqa,Qwen2.5-VL-7B,LingoQA,l2_distance,11,12,non_significant_sdc,1327,1327,0,0.0
qwen25_vl_lingoqa,Qwen2.5-VL-7B,LingoQA,l2_distance,11,12,significant_sdc,264,179,85,0.321969696969697
qwen25_vl_lingoqa,Qwen2.5-VL-7B,LingoQA,l2_distance,12,13,non_sdc,5906,5906,0,0.0
qwen25_vl_lingoqa,Qwen2.5-VL-7B,LingoQA,l2_distance,12,13,non_significant_sdc,1327,1327,0,0.0
qwen25_vl_lingoqa,Qwen2.5-VL-7B,LingoQA,l2_distance,12,13,significant_sdc,264,168,96,0.36363636363636365
qwen25_vl_lingoqa,Qwen2.5-VL-7B,LingoQA,l2_distance,13,14,non_sdc,5906,5906,0,0.0
qwen25_vl_lingoqa,Qwen2.5-VL-7B,LingoQA,l2_distance,13,14,non_significant_sdc,1327,1327,0,0.0
qwen25_vl_lingoqa,Qwen2.5-VL-7B,LingoQA,l2_distance,13,14,significant_sdc,264,167,97,0.36742424242424243
qwen25_vl_lingoqa,Qwen2.5-VL-7B,LingoQA,l2_distance,14,15,non_sdc,5906,5906,0,0.0
qwen25_vl_lingoqa,Qwen2.5-VL-7B,LingoQA,l2_distance,14,15,non_significant_sdc,1327,1327,0,0.0
qwen25_vl_lingoqa,Qwen2.5-VL-7B,LingoQA,l2_distance,14,15,significant_sdc,264,170,94,0.3560606060606061
qwen25_vl_lingoqa,Qwen2.5-VL-7B,LingoQA,l2_distance,15,16,non_sdc,5906,5906,0,0.0
qwen25_vl_lingoqa,Qwen2.5-VL-7B,LingoQA,l2_distance,15,16,non_significant_sdc,1327,1327,0,0.0
qwen25_vl_lingoqa,Qwen2.5-VL-7B,LingoQA,l2_distance,15,16,significant_sdc,264,169,95,0.35984848484848486
qwen25_vl_lingoqa,Qwen2.5-VL-7B,LingoQA,l2_distance,16,17,non_sdc,5906,5906,0,0.0
qwen25_vl_lingoqa,Qwen2.5-VL-7B,LingoQA,l2_distance,16,17,non_significant_sdc,1327,1327,0,0.0
qwen25_vl_lingoqa,Qwen2.5-VL-7B,LingoQA,l2_distance,16,17,significant_sdc,264,169,95,0.35984848484848486
qwen25_vl_lingoqa,Qwen2.5-VL-7B,LingoQA,l2_distance,17,18,non_sdc,5906,5906,0,0.0
qwen25_vl_lingoqa,Qwen2.5-VL-7B,LingoQA,l2_distance,17,18,non_significant_sdc,1327,1327,0,0.0
qwen25_vl_lingoqa,Qwen2.5-VL-7B,LingoQA,l2_distance,17,18,significant_sdc,264,164,100,0.3787878787878788
qwen25_vl_lingoqa,Qwen2.5-VL-7B,LingoQA,l2_distance,18,19,non_sdc,5906,5906,0,0.0
qwen25_vl_lingoqa,Qwen2.5-VL-7B,LingoQA,l2_distance,18,19,non_significant_sdc,1327,1327,0,0.0
qwen25_vl_lingoqa,Qwen2.5-VL-7B,LingoQA,l2_distance,18,19,significant_sdc,264,158,106,0.4015151515151515
qwen25_vl_lingoqa,Qwen2.5-VL-7B,LingoQA,l2_distance,19,20,non_sdc,5906,5906,0,0.0
qwen25_vl_lingoqa,Qwen2.5-VL-7B,LingoQA,l2_distance,19,20,non_significant_sdc,1327,1327,0,0.0
qwen25_vl_lingoqa,Qwen2.5-VL-7B,LingoQA,l2_distance,19,20,significant_sdc,264,156,108,0.40909090909090906
qwen25_vl_lingoqa,Qwen2.5-VL-7B,LingoQA,l2_distance,20,21,non_sdc,5906,5906,0,0.0
qwen25_vl_lingoqa,Qwen2.5-VL-7B,LingoQA,l2_distance,20,21,non_significant_sdc,1327,1327,0,0.0
qwen25_vl_lingoqa,Qwen2.5-VL-7B,LingoQA,l2_distance,20,21,significant_sdc,264,154,110,0.41666666666666663
qwen25_vl_lingoqa,Qwen2.5-VL-7B,LingoQA,l2_distance,21,22,non_sdc,5906,5906,0,0.0
qwen25_vl_lingoqa,Qwen2.5-VL-7B,LingoQA,l2_distance,21,22,non_significant_sdc,1327,1327,0,0.0
qwen25_vl_lingoqa,Qwen2.5-VL-7B,LingoQA,l2_distance,21,22,significant_sdc,264,151,113,0.428030303030303
qwen25_vl_lingoqa,Qwen2.5-VL-7B,LingoQA,l2_distance,22,23,non_sdc,5906,5906,0,0.0
qwen25_vl_lingoqa,Qwen2.5-VL-7B,LingoQA,l2_distance,22,23,non_significant_sdc,1327,1327,0,0.0
qwen25_vl_lingoqa,Qwen2.5-VL-7B,LingoQA,l2_distance,22,23,significant_sdc,264,146,118,0.446969696969697
qwen25_vl_lingoqa,Qwen2.5-VL-7B,LingoQA,l2_distance,23,24,non_sdc,5906,5906,0,0.0
qwen25_vl_lingoqa,Qwen2.5-VL-7B,LingoQA,l2_distance,23,24,non_significant_sdc,1327,1327,0,0.0
qwen25_vl_lingoqa,Qwen2.5-VL-7B,LingoQA,l2_distance,23,24,significant_sdc,264,144,120,0.4545454545454546
qwen25_vl_lingoqa,Qwen2.5-VL-7B,LingoQA,l2_distance,24,25,non_sdc,5906,5906,0,0.0
qwen25_vl_lingoqa,Qwen2.5-VL-7B,LingoQA,l2_distance,24,25,non_significant_sdc,1327,1327,0,0.0
qwen25_vl_lingoqa,Qwen2.5-VL-7B,LingoQA,l2_distance,24,25,significant_sdc,264,139,125,0.4734848484848485
qwen25_vl_lingoqa,Qwen2.5-VL-7B,LingoQA,l2_distance,25,26,non_sdc,5906,5906,0,0.0
qwen25_vl_lingoqa,Qwen2.5-VL-7B,LingoQA,l2_distance,25,26,non_significant_sdc,1327,1327,0,0.0
qwen25_vl_lingoqa,Qwen2.5-VL-7B,LingoQA,l2_distance,25,26,significant_sdc,264,132,132,0.5
qwen25_vl_lingoqa,Qwen2.5-VL-7B,LingoQA,l2_distance,26,27,non_sdc,5906,5906,0,0.0
qwen25_vl_lingoqa,Qwen2.5-VL-7B,LingoQA,l2_distance,26,27,non_significant_sdc,1327,1327,0,0.0
qwen25_vl_lingoqa,Qwen2.5-VL-7B,LingoQA,l2_distance,26,27,significant_sdc,264,126,138,0.5227272727272727
qwen25_vl_vqav2,Qwen2.5-VL-7B,VQAv2,cos_sim,0,1,non_sdc,6331,6331,0,0.0
qwen25_vl_vqav2,Qwen2.5-VL-7B,VQAv2,cos_sim,0,1,non_significant_sdc,911,911,0,0.0
qwen25_vl_vqav2,Qwen2.5-VL-7B,VQAv2,cos_sim,0,1,significant_sdc,258,199,59,0.22868217054263562
qwen25_vl_vqav2,Qwen2.5-VL-7B,VQAv2,cos_sim,1,2,non_sdc,6331,6331,0,0.0
qwen25_vl_vqav2,Qwen2.5-VL-7B,VQAv2,cos_sim,1,2,non_significant_sdc,911,911,0,0.0
qwen25_vl_vqav2,Qwen2.5-VL-7B,VQAv2,cos_sim,1,2,significant_sdc,258,197,61,0.23643410852713176
qwen25_vl_vqav2,Qwen2.5-VL-7B,VQAv2,cos_sim,2,3,non_sdc,6331,6331,0,0.0
qwen25_vl_vqav2,Qwen2.5-VL-7B,VQAv2,cos_sim,2,3,non_significant_sdc,911,911,0,0.0
qwen25_vl_vqav2,Qwen2.5-VL-7B,VQAv2,cos_sim,2,3,significant_sdc,258,196,62,0.24031007751937983
qwen25_vl_vqav2,Qwen2.5-VL-7B,VQAv2,cos_sim,3,4,non_sdc,6331,6331,0,0.0
qwen25_vl_vqav2,Qwen2.5-VL-7B,VQAv2,cos_sim,3,4,non_significant_sdc,911,911,0,0.0
qwen25_vl_vqav2,Qwen2.5-VL-7B,VQAv2,cos_sim,3,4,significant_sdc,258,192,66,0.2558139534883721
qwen25_vl_vqav2,Qwen2.5-VL-7B,VQAv2,cos_sim,4,5,non_sdc,6331,6331,0,0.0
qwen25_vl_vqav2,Qwen2.5-VL-7B,VQAv2,cos_sim,4,5,non_significant_sdc,911,911,0,0.0
qwen25_vl_vqav2,Qwen2.5-VL-7B,VQAv2,cos_sim,4,5,significant_sdc,258,188,70,0.2713178294573644
qwen25_vl_vqav2,Qwen2.5-VL-7B,VQAv2,cos_sim,5,6,non_sdc,6331,6331,0,0.0
qwen25_vl_vqav2,Qwen2.5-VL-7B,VQAv2,cos_sim,5,6,non_significant_sdc,911,911,0,0.0
qwen25_vl_vqav2,Qwen2.5-VL-7B,VQAv2,cos_sim,5,6,significant_sdc,258,184,74,0.28682170542635654
qwen25_vl_vqav2,Qwen2.5-VL-7B,VQAv2,cos_sim,6,7,non_sdc,6331,6331,0,0.0
qwen25_vl_vqav2,Qwen2.5-VL-7B,VQAv2,cos_sim,6,7,non_significant_sdc,911,911,0,0.0
qwen25_vl_vqav2,Qwen2.5-VL-7B,VQAv2,cos_sim,6,7,significant_sdc,258,185,73,0.2829457364341085
qwen25_vl_vqav2,Qwen2.5-VL-7B,VQAv2,cos_sim,7,8,non_sdc,6331,6331,0,0.0
qwen25_vl_vqav2,Qwen2.5-VL-7B,VQAv2,cos_sim,7,8,non_significant_sdc,911,911,0,0.0
qwen25_vl_vqav2,Qwen2.5-VL-7B,VQAv2,cos_sim,7,8,significant_sdc,258,182,76,0.2945736434108527
qwen25_vl_vqav2,Qwen2.5-VL-7B,VQAv2,cos_sim,8,9,non_sdc,6331,6331,0,0.0
qwen25_vl_vqav2,Qwen2.5-VL-7B,VQAv2,cos_sim,8,9,non_significant_sdc,911,911,0,0.0
qwen25_vl_vqav2,Qwen2.5-VL-7B,VQAv2,cos_sim,8,9,significant_sdc,258,181,77,0.29844961240310075
qwen25_vl_vqav2,Qwen2.5-VL-7B,VQAv2,cos_sim,9,10,non_sdc,6331,6331,0,0.0
qwen25_vl_vqav2,Qwen2.5-VL-7B,VQAv2,cos_sim,9,10,non_significant_sdc,911,911,0,0.0
qwen25_vl_vqav2,Qwen2.5-VL-7B,VQAv2,cos_sim,9,10,significant_sdc,258,181,77,0.29844961240310075
qwen25_vl_vqav2,Qwen2.5-VL-7B,VQAv2,cos_sim,10,11,non_sdc,6331,6331,0,0.0
qwen25_vl_vqav2,Qwen2.5-VL-7B,VQAv2,cos_sim,10,11,non_significant_sdc,911,911,0,0.0
qwen25_vl_vqav2,Qwen2.5-VL-7B,VQAv2,cos_sim,10,11,significant_sdc,258,173,85,0.3294573643410853
qwen25_vl_vqav2,Qwen2.5-VL-7B,VQAv2,cos_sim,11,12,non_sdc,6331,6331,0,0.0
qwen25_vl_vqav2,Qwen2.5-VL-7B,VQAv2,cos_sim,11,12,non_significant_sdc,911,911,0,0.0
qwen25_vl_vqav2,Qwen2.5-VL-7B,VQAv2,cos_sim,11,12,significant_sdc,258,171,87,0.33720930232558144
qwen25_vl_vqav2,Qwen2.5-VL-7B,VQAv2,cos_sim,12,13,non_sdc,6331,6331,0,0.0
qwen25_vl_vqav2,Qwen2.5-VL-7B,VQAv2,cos_sim,12,13,non_significant_sdc,911,911,0,0.0
qwen25_vl_vqav2,Qwen2.5-VL-7B,VQAv2,cos_sim,12,13,significant_sdc,258,165,93,0.36046511627906974
qwen25_vl_vqav2,Qwen2.5-VL-7B,VQAv2,cos_sim,13,14,non_sdc,6331,6331,0,0.0
qwen25_vl_vqav2,Qwen2.5-VL-7B,VQAv2,cos_sim,13,14,non_significant_sdc,911,911,0,0.0
qwen25_vl_vqav2,Qwen2.5-VL-7B,VQAv2,cos_sim,13,14,significant_sdc,258,162,96,0.37209302325581395
qwen25_vl_vqav2,Qwen2.5-VL-7B,VQAv2,cos_sim,14,15,non_sdc,6331,6331,0,0.0
qwen25_vl_vqav2,Qwen2.5-VL-7B,VQAv2,cos_sim,14,15,non_significant_sdc,911,911,0,0.0
qwen25_vl_vqav2,Qwen2.5-VL-7B,VQAv2,cos_sim,14,15,significant_sdc,258,160,98,0.3798449612403101
qwen25_vl_vqav2,Qwen2.5-VL-7B,VQAv2,cos_sim,15,16,non_sdc,6331,6331,0,0.0
qwen25_vl_vqav2,Qwen2.5-VL-7B,VQAv2,cos_sim,15,16,non_significant_sdc,911,911,0,0.0
qwen25_vl_vqav2,Qwen2.5-VL-7B,VQAv2,cos_sim,15,16,significant_sdc,258,148,110,0.4263565891472868
qwen25_vl_vqav2,Qwen2.5-VL-7B,VQAv2,cos_sim,16,17,non_sdc,6331,6331,0,0.0
qwen25_vl_vqav2,Qwen2.5-VL-7B,VQAv2,cos_sim,16,17,non_significant_sdc,911,911,0,0.0
qwen25_vl_vqav2,Qwen2.5-VL-7B,VQAv2,cos_sim,16,17,significant_sdc,258,149,109,0.42248062015503873
qwen25_vl_vqav2,Qwen2.5-VL-7B,VQAv2,cos_sim,17,18,non_sdc,6331,6331,0,0.0
qwen25_vl_vqav2,Qwen2.5-VL-7B,VQAv2,cos_sim,17,18,non_significant_sdc,911,911,0,0.0
qwen25_vl_vqav2,Qwen2.5-VL-7B,VQAv2,cos_sim,17,18,significant_sdc,258,142,116,0.4496124031007752
qwen25_vl_vqav2,Qwen2.5-VL-7B,VQAv2,cos_sim,18,19,non_sdc,6331,6331,0,0.0
qwen25_vl_vqav2,Qwen2.5-VL-7B,VQAv2,cos_sim,18,19,non_significant_sdc,911,911,0,0.0
qwen25_vl_vqav2,Qwen2.5-VL-7B,VQAv2,cos_sim,18,19,significant_sdc,258,143,115,0.44573643410852715
qwen25_vl_vqav2,Qwen2.5-VL-7B,VQAv2,cos_sim,19,20,non_sdc,6331,6331,0,0.0
qwen25_vl_vqav2,Qwen2.5-VL-7B,VQAv2,cos_sim,19,20,non_significant_sdc,911,911,0,0.0
qwen25_vl_vqav2,Qwen2.5-VL-7B,VQAv2,cos_sim,19,20,significant_sdc,258,136,122,0.4728682170542635
qwen25_vl_vqav2,Qwen2.5-VL-7B,VQAv2,cos_sim,20,21,non_sdc,6331,6331,0,0.0
qwen25_vl_vqav2,Qwen2.5-VL-7B,VQAv2,cos_sim,20,21,non_significant_sdc,911,911,0,0.0
qwen25_vl_vqav2,Qwen2.5-VL-7B,VQAv2,cos_sim,20,21,significant_sdc,258,134,124,0.48062015503875966
qwen25_vl_vqav2,Qwen2.5-VL-7B,VQAv2,cos_sim,21,22,non_sdc,6331,6331,0,0.0
qwen25_vl_vqav2,Qwen2.5-VL-7B,VQAv2,cos_sim,21,22,non_significant_sdc,911,911,0,0.0
qwen25_vl_vqav2,Qwen2.5-VL-7B,VQAv2,cos_sim,21,22,significant_sdc,258,126,132,0.5116279069767442
qwen25_vl_vqav2,Qwen2.5-VL-7B,VQAv2,cos_sim,22,23,non_sdc,6331,6331,0,0.0
qwen25_vl_vqav2,Qwen2.5-VL-7B,VQAv2,cos_sim,22,23,non_significant_sdc,911,911,0,0.0
qwen25_vl_vqav2,Qwen2.5-VL-7B,VQAv2,cos_sim,22,23,significant_sdc,258,127,131,0.5077519379844961
qwen25_vl_vqav2,Qwen2.5-VL-7B,VQAv2,cos_sim,23,24,non_sdc,6331,6331,0,0.0
qwen25_vl_vqav2,Qwen2.5-VL-7B,VQAv2,cos_sim,23,24,non_significant_sdc,911,911,0,0.0
qwen25_vl_vqav2,Qwen2.5-VL-7B,VQAv2,cos_sim,23,24,significant_sdc,258,125,133,0.5155038759689923
qwen25_vl_vqav2,Qwen2.5-VL-7B,VQAv2,cos_sim,24,25,non_sdc,6331,6331,0,0.0
qwen25_vl_vqav2,Qwen2.5-VL-7B,VQAv2,cos_sim,24,25,non_significant_sdc,911,911,0,0.0
qwen25_vl_vqav2,Qwen2.5-VL-7B,VQAv2,cos_sim,24,25,significant_sdc,258,122,136,0.5271317829457365
qwen25_vl_vqav2,Qwen2.5-VL-7B,VQAv2,cos_sim,25,26,non_sdc,6331,6331,0,0.0
qwen25_vl_vqav2,Qwen2.5-VL-7B,VQAv2,cos_sim,25,26,non_significant_sdc,911,911,0,0.0
qwen25_vl_vqav2,Qwen2.5-VL-7B,VQAv2,cos_sim,25,26,significant_sdc,258,119,139,0.5387596899224807
qwen25_vl_vqav2,Qwen2.5-VL-7B,VQAv2,cos_sim,26,27,non_sdc,6331,6331,0,0.0
qwen25_vl_vqav2,Qwen2.5-VL-7B,VQAv2,cos_sim,26,27,non_significant_sdc,911,911,0,0.0
qwen25_vl_vqav2,Qwen2.5-VL-7B,VQAv2,cos_sim,26,27,significant_sdc,258,115,143,0.5542635658914729
qwen25_vl_vqav2,Qwen2.5-VL-7B,VQAv2,abs_mean_diff,0,1,non_sdc,6331,6331,0,0.0
qwen25_vl_vqav2,Qwen2.5-VL-7B,VQAv2,abs_mean_diff,0,1,non_significant_sdc,911,911,0,0.0
qwen25_vl_vqav2,Qwen2.5-VL-7B,VQAv2,abs_mean_diff,0,1,significant_sdc,258,199,59,0.22868217054263562
qwen25_vl_vqav2,Qwen2.5-VL-7B,VQAv2,abs_mean_diff,1,2,non_sdc,6331,6331,0,0.0
qwen25_vl_vqav2,Qwen2.5-VL-7B,VQAv2,abs_mean_diff,1,2,non_significant_sdc,911,911,0,0.0
qwen25_vl_vqav2,Qwen2.5-VL-7B,VQAv2,abs_mean_diff,1,2,significant_sdc,258,197,61,0.23643410852713176
qwen25_vl_vqav2,Qwen2.5-VL-7B,VQAv2,abs_mean_diff,2,3,non_sdc,6331,6331,0,0.0
qwen25_vl_vqav2,Qwen2.5-VL-7B,VQAv2,abs_mean_diff,2,3,non_significant_sdc,911,911,0,0.0
qwen25_vl_vqav2,Qwen2.5-VL-7B,VQAv2,abs_mean_diff,2,3,significant_sdc,258,196,62,0.24031007751937983
qwen25_vl_vqav2,Qwen2.5-VL-7B,VQAv2,abs_mean_diff,3,4,non_sdc,6331,6331,0,0.0
qwen25_vl_vqav2,Qwen2.5-VL-7B,VQAv2,abs_mean_diff,3,4,non_significant_sdc,911,911,0,0.0
qwen25_vl_vqav2,Qwen2.5-VL-7B,VQAv2,abs_mean_diff,3,4,significant_sdc,258,192,66,0.2558139534883721
qwen25_vl_vqav2,Qwen2.5-VL-7B,VQAv2,abs_mean_diff,4,5,non_sdc,6331,6331,0,0.0
qwen25_vl_vqav2,Qwen2.5-VL-7B,VQAv2,abs_mean_diff,4,5,non_significant_sdc,911,911,0,0.0
qwen25_vl_vqav2,Qwen2.5-VL-7B,VQAv2,abs_mean_diff,4,5,significant_sdc,258,188,70,0.2713178294573644
qwen25_vl_vqav2,Qwen2.5-VL-7B,VQAv2,abs_mean_diff,5,6,non_sdc,6331,6331,0,0.0
qwen25_vl_vqav2,Qwen2.5-VL-7B,VQAv2,abs_mean_diff,5,6,non_significant_sdc,911,911,0,0.0
qwen25_vl_vqav2,Qwen2.5-VL-7B,VQAv2,abs_mean_diff,5,6,significant_sdc,258,184,74,0.28682170542635654
qwen25_vl_vqav2,Qwen2.5-VL-7B,VQAv2,abs_mean_diff,6,7,non_sdc,6331,6331,0,0.0
qwen25_vl_vqav2,Qwen2.5-VL-7B,VQAv2,abs_mean_diff,6,7,non_significant_sdc,911,911,0,0.0
qwen25_vl_vqav2,Qwen2.5-VL-7B,VQAv2,abs_mean_diff,6,7,significant_sdc,258,185,73,0.2829457364341085
qwen25_vl_vqav2,Qwen2.5-VL-7B,VQAv2,abs_mean_diff,7,8,non_sdc,6331,6331,0,0.0
qwen25_vl_vqav2,Qwen2.5-VL-7B,VQAv2,abs_mean_diff,7,8,non_significant_sdc,911,911,0,0.0
qwen25_vl_vqav2,Qwen2.5-VL-7B,VQAv2,abs_mean_diff,7,8,significant_sdc,258,182,76,0.2945736434108527
qwen25_vl_vqav2,Qwen2.5-VL-7B,VQAv2,abs_mean_diff,8,9,non_sdc,6331,6331,0,0.0
qwen25_vl_vqav2,Qwen2.5-VL-7B,VQAv2,abs_mean_diff,8,9,non_significant_sdc,911,911,0,0.0
qwen25_vl_vqav2,Qwen2.5-VL-7B,VQAv2,abs_mean_diff,8,9,significant_sdc,258,181,77,0.29844961240310075
qwen25_vl_vqav2,Qwen2.5-VL-7B,VQAv2,abs_mean_diff,9,10,non_sdc,6331,6331,0,0.0
qwen25_vl_vqav2,Qwen2.5-VL-7B,VQAv2,abs_mean_diff,9,10,non_significant_sdc,911,911,0,0.0
qwen25_vl_vqav2,Qwen2.5-VL-7B,VQAv2,abs_mean_diff,9,10,significant_sdc,258,181,77,0.29844961240310075
qwen25_vl_vqav2,Qwen2.5-VL-7B,VQAv2,abs_mean_diff,10,11,non_sdc,6331,6331,0,0.0
qwen25_vl_vqav2,Qwen2.5-VL-7B,VQAv2,abs_mean_diff,10,11,non_significant_sdc,911,911,0,0.0
qwen25_vl_vqav2,Qwen2.5-VL-7B,VQAv2,abs_mean_diff,10,11,significant_sdc,258,173,85,0.3294573643410853
qwen25_vl_vqav2,Qwen2.5-VL-7B,VQAv2,abs_mean_diff,11,12,non_sdc,6331,6331,0,0.0
qwen25_vl_vqav2,Qwen2.5-VL-7B,VQAv2,abs_mean_diff,11,12,non_significant_sdc,911,911,0,0.0
qwen25_vl_vqav2,Qwen2.5-VL-7B,VQAv2,abs_mean_diff,11,12,significant_sdc,258,171,87,0.33720930232558144
qwen25_vl_vqav2,Qwen2.5-VL-7B,VQAv2,abs_mean_diff,12,13,non_sdc,6331,6331,0,0.0
qwen25_vl_vqav2,Qwen2.5-VL-7B,VQAv2,abs_mean_diff,12,13,non_significant_sdc,911,911,0,0.0
qwen25_vl_vqav2,Qwen2.5-VL-7B,VQAv2,abs_mean_diff,12,13,significant_sdc,258,165,93,0.36046511627906974
qwen25_vl_vqav2,Qwen2.5-VL-7B,VQAv2,abs_mean_diff,13,14,non_sdc,6331,6331,0,0.0
qwen25_vl_vqav2,Qwen2.5-VL-7B,VQAv2,abs_mean_diff,13,14,non_significant_sdc,911,911,0,0.0
qwen25_vl_vqav2,Qwen2.5-VL-7B,VQAv2,abs_mean_diff,13,14,significant_sdc,258,162,96,0.37209302325581395
qwen25_vl_vqav2,Qwen2.5-VL-7B,VQAv2,abs_mean_diff,14,15,non_sdc,6331,6331,0,0.0
qwen25_vl_vqav2,Qwen2.5-VL-7B,VQAv2,abs_mean_diff,14,15,non_significant_sdc,911,911,0,0.0
qwen25_vl_vqav2,Qwen2.5-VL-7B,VQAv2,abs_mean_diff,14,15,significant_sdc,258,160,98,0.3798449612403101
qwen25_vl_vqav2,Qwen2.5-VL-7B,VQAv2,abs_mean_diff,15,16,non_sdc,6331,6331,0,0.0
qwen25_vl_vqav2,Qwen2.5-VL-7B,VQAv2,abs_mean_diff,15,16,non_significant_sdc,911,911,0,0.0
qwen25_vl_vqav2,Qwen2.5-VL-7B,VQAv2,abs_mean_diff,15,16,significant_sdc,258,148,110,0.4263565891472868
qwen25_vl_vqav2,Qwen2.5-VL-7B,VQAv2,abs_mean_diff,16,17,non_sdc,6331,6331,0,0.0
qwen25_vl_vqav2,Qwen2.5-VL-7B,VQAv2,abs_mean_diff,16,17,non_significant_sdc,911,911,0,0.0
qwen25_vl_vqav2,Qwen2.5-VL-7B,VQAv2,abs_mean_diff,16,17,significant_sdc,258,149,109,0.42248062015503873
qwen25_vl_vqav2,Qwen2.5-VL-7B,VQAv2,abs_mean_diff,17,18,non_sdc,6331,6331,0,0.0
qwen25_vl_vqav2,Qwen2.5-VL-7B,VQAv2,abs_mean_diff,17,18,non_significant_sdc,911,911,0,0.0
qwen25_vl_vqav2,Qwen2.5-VL-7B,VQAv2,abs_mean_diff,17,18,significant_sdc,258,142,116,0.4496124031007752
qwen25_vl_vqav2,Qwen2.5-VL-7B,VQAv2,abs_mean_diff,18,19,non_sdc,6331,6331,0,0.0
qwen25_vl_vqav2,Qwen2.5-VL-7B,VQAv2,abs_mean_diff,18,19,non_significant_sdc,911,911,0,0.0
qwen25_vl_vqav2,Qwen2.5-VL-7B,VQAv2,abs_mean_diff,18,19,significant_sdc,258,143,115,0.44573643410852715
qwen25_vl_vqav2,Qwen2.5-VL-7B,VQAv2,abs_mean_diff,19,20,non_sdc,6331,6331,0,0.0
qwen25_vl_vqav2,Qwen2.5-VL-7B,VQAv2,abs_mean_diff,19,20,non_significant_sdc,911,911,0,0.0
qwen25_vl_vqav2,Qwen2.5-VL-7B,VQAv2,abs_mean_diff,19,20,significant_sdc,258,136,122,0.4728682170542635
qwen25_vl_vqav2,Qwen2.5-VL-7B,VQAv2,abs_mean_diff,20,21,non_sdc,6331,6331,0,0.0
qwen25_vl_vqav2,Qwen2.5-VL-7B,VQAv2,abs_mean_diff,20,21,non_significant_sdc,911,911,0,0.0
qwen25_vl_vqav2,Qwen2.5-VL-7B,VQAv2,abs_mean_diff,20,21,significant_sdc,258,134,124,0.48062015503875966
qwen25_vl_vqav2,Qwen2.5-VL-7B,VQAv2,abs_mean_diff,21,22,non_sdc,6331,6331,0,0.0
qwen25_vl_vqav2,Qwen2.5-VL-7B,VQAv2,abs_mean_diff,21,22,non_significant_sdc,911,911,0,0.0
qwen25_vl_vqav2,Qwen2.5-VL-7B,VQAv2,abs_mean_diff,21,22,significant_sdc,258,126,132,0.5116279069767442
qwen25_vl_vqav2,Qwen2.5-VL-7B,VQAv2,abs_mean_diff,22,23,non_sdc,6331,6331,0,0.0
qwen25_vl_vqav2,Qwen2.5-VL-7B,VQAv2,abs_mean_diff,22,23,non_significant_sdc,911,911,0,0.0
qwen25_vl_vqav2,Qwen2.5-VL-7B,VQAv2,abs_mean_diff,22,23,significant_sdc,258,127,131,0.5077519379844961
qwen25_vl_vqav2,Qwen2.5-VL-7B,VQAv2,abs_mean_diff,23,24,non_sdc,6331,6331,0,0.0
qwen25_vl_vqav2,Qwen2.5-VL-7B,VQAv2,abs_mean_diff,23,24,non_significant_sdc,911,911,0,0.0
qwen25_vl_vqav2,Qwen2.5-VL-7B,VQAv2,abs_mean_diff,23,24,significant_sdc,258,125,133,0.5155038759689923
qwen25_vl_vqav2,Qwen2.5-VL-7B,VQAv2,abs_mean_diff,24,25,non_sdc,6331,6331,0,0.0
qwen25_vl_vqav2,Qwen2.5-VL-7B,VQAv2,abs_mean_diff,24,25,non_significant_sdc,911,911,0,0.0
qwen25_vl_vqav2,Qwen2.5-VL-7B,VQAv2,abs_mean_diff,24,25,significant_sdc,258,122,136,0.5271317829457365
qwen25_vl_vqav2,Qwen2.5-VL-7B,VQAv2,abs_mean_diff,25,26,non_sdc,6331,6331,0,0.0
qwen25_vl_vqav2,Qwen2.5-VL-7B,VQAv2,abs_mean_diff,25,26,non_significant_sdc,911,911,0,0.0
qwen25_vl_vqav2,Qwen2.5-VL-7B,VQAv2,abs_mean_diff,25,26,significant_sdc,258,119,139,0.5387596899224807
qwen25_vl_vqav2,Qwen2.5-VL-7B,VQAv2,abs_mean_diff,26,27,non_sdc,6331,6331,0,0.0
qwen25_vl_vqav2,Qwen2.5-VL-7B,VQAv2,abs_mean_diff,26,27,non_significant_sdc,911,911,0,0.0
qwen25_vl_vqav2,Qwen2.5-VL-7B,VQAv2,abs_mean_diff,26,27,significant_sdc,258,115,143,0.5542635658914729
qwen25_vl_vqav2,Qwen2.5-VL-7B,VQAv2,abs_std_diff,0,1,non_sdc,6331,6331,0,0.0
qwen25_vl_vqav2,Qwen2.5-VL-7B,VQAv2,abs_std_diff,0,1,non_significant_sdc,911,911,0,0.0
qwen25_vl_vqav2,Qwen2.5-VL-7B,VQAv2,abs_std_diff,0,1,significant_sdc,258,199,59,0.22868217054263562
qwen25_vl_vqav2,Qwen2.5-VL-7B,VQAv2,abs_std_diff,1,2,non_sdc,6331,6331,0,0.0
qwen25_vl_vqav2,Qwen2.5-VL-7B,VQAv2,abs_std_diff,1,2,non_significant_sdc,911,911,0,0.0
qwen25_vl_vqav2,Qwen2.5-VL-7B,VQAv2,abs_std_diff,1,2,significant_sdc,258,197,61,0.23643410852713176
qwen25_vl_vqav2,Qwen2.5-VL-7B,VQAv2,abs_std_diff,2,3,non_sdc,6331,6331,0,0.0
qwen25_vl_vqav2,Qwen2.5-VL-7B,VQAv2,abs_std_diff,2,3,non_significant_sdc,911,911,0,0.0
qwen25_vl_vqav2,Qwen2.5-VL-7B,VQAv2,abs_std_diff,2,3,significant_sdc,258,196,62,0.24031007751937983
qwen25_vl_vqav2,Qwen2.5-VL-7B,VQAv2,abs_std_diff,3,4,non_sdc,6331,6331,0,0.0
qwen25_vl_vqav2,Qwen2.5-VL-7B,VQAv2,abs_std_diff,3,4,non_significant_sdc,911,911,0,0.0
qwen25_vl_vqav2,Qwen2.5-VL-7B,VQAv2,abs_std_diff,3,4,significant_sdc,258,192,66,0.2558139534883721
qwen25_vl_vqav2,Qwen2.5-VL-7B,VQAv2,abs_std_diff,4,5,non_sdc,6331,6331,0,0.0
qwen25_vl_vqav2,Qwen2.5-VL-7B,VQAv2,abs_std_diff,4,5,non_significant_sdc,911,911,0,0.0
qwen25_vl_vqav2,Qwen2.5-VL-7B,VQAv2,abs_std_diff,4,5,significant_sdc,258,188,70,0.2713178294573644
qwen25_vl_vqav2,Qwen2.5-VL-7B,VQAv2,abs_std_diff,5,6,non_sdc,6331,6331,0,0.0
qwen25_vl_vqav2,Qwen2.5-VL-7B,VQAv2,abs_std_diff,5,6,non_significant_sdc,911,911,0,0.0
qwen25_vl_vqav2,Qwen2.5-VL-7B,VQAv2,abs_std_diff,5,6,significant_sdc,258,184,74,0.28682170542635654
qwen25_vl_vqav2,Qwen2.5-VL-7B,VQAv2,abs_std_diff,6,7,non_sdc,6331,6331,0,0.0
qwen25_vl_vqav2,Qwen2.5-VL-7B,VQAv2,abs_std_diff,6,7,non_significant_sdc,911,911,0,0.0
qwen25_vl_vqav2,Qwen2.5-VL-7B,VQAv2,abs_std_diff,6,7,significant_sdc,258,185,73,0.2829457364341085
qwen25_vl_vqav2,Qwen2.5-VL-7B,VQAv2,abs_std_diff,7,8,non_sdc,6331,6331,0,0.0
qwen25_vl_vqav2,Qwen2.5-VL-7B,VQAv2,abs_std_diff,7,8,non_significant_sdc,911,911,0,0.0
qwen25_vl_vqav2,Qwen2.5-VL-7B,VQAv2,abs_std_diff,7,8,significant_sdc,258,182,76,0.2945736434108527
qwen25_vl_vqav2,Qwen2.5-VL-7B,VQAv2,abs_std_diff,8,9,non_sdc,6331,6331,0,0.0
qwen25_vl_vqav2,Qwen2.5-VL-7B,VQAv2,abs_std_diff,8,9,non_significant_sdc,911,911,0,0.0
qwen25_vl_vqav2,Qwen2.5-VL-7B,VQAv2,abs_std_diff,8,9,significant_sdc,258,181,77,0.29844961240310075
qwen25_vl_vqav2,Qwen2.5-VL-7B,VQAv2,abs_std_diff,9,10,non_sdc,6331,6331,0,0.0
qwen25_vl_vqav2,Qwen2.5-VL-7B,VQAv2,abs_std_diff,9,10,non_significant_sdc,911,911,0,0.0
qwen25_vl_vqav2,Qwen2.5-VL-7B,VQAv2,abs_std_diff,9,10,significant_sdc,258,181,77,0.29844961240310075
qwen25_vl_vqav2,Qwen2.5-VL-7B,VQAv2,abs_std_diff,10,11,non_sdc,6331,6331,0,0.0
qwen25_vl_vqav2,Qwen2.5-VL-7B,VQAv2,abs_std_diff,10,11,non_significant_sdc,911,911,0,0.0
qwen25_vl_vqav2,Qwen2.5-VL-7B,VQAv2,abs_std_diff,10,11,significant_sdc,258,173,85,0.3294573643410853
qwen25_vl_vqav2,Qwen2.5-VL-7B,VQAv2,abs_std_diff,11,12,non_sdc,6331,6331,0,0.0
qwen25_vl_vqav2,Qwen2.5-VL-7B,VQAv2,abs_std_diff,11,12,non_significant_sdc,911,911,0,0.0
qwen25_vl_vqav2,Qwen2.5-VL-7B,VQAv2,abs_std_diff,11,12,significant_sdc,258,171,87,0.33720930232558144
qwen25_vl_vqav2,Qwen2.5-VL-7B,VQAv2,abs_std_diff,12,13,non_sdc,6331,6331,0,0.0
qwen25_vl_vqav2,Qwen2.5-VL-7B,VQAv2,abs_std_diff,12,13,non_significant_sdc,911,911,0,0.0
qwen25_vl_vqav2,Qwen2.5-VL-7B,VQAv2,abs_std_diff,12,13,significant_sdc,258,165,93,0.36046511627906974
qwen25_vl_vqav2,Qwen2.5-VL-7B,VQAv2,abs_std_diff,13,14,non_sdc,6331,6331,0,0.0
qwen25_vl_vqav2,Qwen2.5-VL-7B,VQAv2,abs_std_diff,13,14,non_significant_sdc,911,911,0,0.0
qwen25_vl_vqav2,Qwen2.5-VL-7B,VQAv2,abs_std_diff,13,14,significant_sdc,258,162,96,0.37209302325581395
qwen25_vl_vqav2,Qwen2.5-VL-7B,VQAv2,abs_std_diff,14,15,non_sdc,6331,6331,0,0.0
qwen25_vl_vqav2,Qwen2.5-VL-7B,VQAv2,abs_std_diff,14,15,non_significant_sdc,911,911,0,0.0
qwen25_vl_vqav2,Qwen2.5-VL-7B,VQAv2,abs_std_diff,14,15,significant_sdc,258,160,98,0.3798449612403101
qwen25_vl_vqav2,Qwen2.5-VL-7B,VQAv2,abs_std_diff,15,16,non_sdc,6331,6331,0,0.0
qwen25_vl_vqav2,Qwen2.5-VL-7B,VQAv2,abs_std_diff,15,16,non_significant_sdc,911,911,0,0.0
qwen25_vl_vqav2,Qwen2.5-VL-7B,VQAv2,abs_std_diff,15,16,significant_sdc,258,148,110,0.4263565891472868
qwen25_vl_vqav2,Qwen2.5-VL-7B,VQAv2,abs_std_diff,16,17,non_sdc,6331,6331,0,0.0
qwen25_vl_vqav2,Qwen2.5-VL-7B,VQAv2,abs_std_diff,16,17,non_significant_sdc,911,911,0,0.0
qwen25_vl_vqav2,Qwen2.5-VL-7B,VQAv2,abs_std_diff,16,17,significant_sdc,258,149,109,0.42248062015503873
qwen25_vl_vqav2,Qwen2.5-VL-7B,VQAv2,abs_std_diff,17,18,non_sdc,6331,6331,0,0.0
qwen25_vl_vqav2,Qwen2.5-VL-7B,VQAv2,abs_std_diff,17,18,non_significant_sdc,911,911,0,0.0
qwen25_vl_vqav2,Qwen2.5-VL-7B,VQAv2,abs_std_diff,17,18,significant_sdc,258,142,116,0.4496124031007752
qwen25_vl_vqav2,Qwen2.5-VL-7B,VQAv2,abs_std_diff,18,19,non_sdc,6331,6331,0,0.0
qwen25_vl_vqav2,Qwen2.5-VL-7B,VQAv2,abs_std_diff,18,19,non_significant_sdc,911,911,0,0.0
qwen25_vl_vqav2,Qwen2.5-VL-7B,VQAv2,abs_std_diff,18,19,significant_sdc,258,143,115,0.44573643410852715
qwen25_vl_vqav2,Qwen2.5-VL-7B,VQAv2,abs_std_diff,19,20,non_sdc,6331,6331,0,0.0
qwen25_vl_vqav2,Qwen2.5-VL-7B,VQAv2,abs_std_diff,19,20,non_significant_sdc,911,911,0,0.0
qwen25_vl_vqav2,Qwen2.5-VL-7B,VQAv2,abs_std_diff,19,20,significant_sdc,258,136,122,0.4728682170542635
qwen25_vl_vqav2,Qwen2.5-VL-7B,VQAv2,abs_std_diff,20,21,non_sdc,6331,6331,0,0.0
qwen25_vl_vqav2,Qwen2.5-VL-7B,VQAv2,abs_std_diff,20,21,non_significant_sdc,911,911,0,0.0
qwen25_vl_vqav2,Qwen2.5-VL-7B,VQAv2,abs_std_diff,20,21,significant_sdc,258,134,124,0.48062015503875966
qwen25_vl_vqav2,Qwen2.5-VL-7B,VQAv2,abs_std_diff,21,22,non_sdc,6331,6331,0,0.0
qwen25_vl_vqav2,Qwen2.5-VL-7B,VQAv2,abs_std_diff,21,22,non_significant_sdc,911,911,0,0.0
qwen25_vl_vqav2,Qwen2.5-VL-7B,VQAv2,abs_std_diff,21,22,significant_sdc,258,126,132,0.5116279069767442
qwen25_vl_vqav2,Qwen2.5-VL-7B,VQAv2,abs_std_diff,22,23,non_sdc,6331,6331,0,0.0
qwen25_vl_vqav2,Qwen2.5-VL-7B,VQAv2,abs_std_diff,22,23,non_significant_sdc,911,911,0,0.0
qwen25_vl_vqav2,Qwen2.5-VL-7B,VQAv2,abs_std_diff,22,23,significant_sdc,258,127,131,0.5077519379844961
qwen25_vl_vqav2,Qwen2.5-VL-7B,VQAv2,abs_std_diff,23,24,non_sdc,6331,6331,0,0.0
qwen25_vl_vqav2,Qwen2.5-VL-7B,VQAv2,abs_std_diff,23,24,non_significant_sdc,911,911,0,0.0
qwen25_vl_vqav2,Qwen2.5-VL-7B,VQAv2,abs_std_diff,23,24,significant_sdc,258,125,133,0.5155038759689923
qwen25_vl_vqav2,Qwen2.5-VL-7B,VQAv2,abs_std_diff,24,25,non_sdc,6331,6331,0,0.0
qwen25_vl_vqav2,Qwen2.5-VL-7B,VQAv2,abs_std_diff,24,25,non_significant_sdc,911,911,0,0.0
qwen25_vl_vqav2,Qwen2.5-VL-7B,VQAv2,abs_std_diff,24,25,significant_sdc,258,122,136,0.5271317829457365
qwen25_vl_vqav2,Qwen2.5-VL-7B,VQAv2,abs_std_diff,25,26,non_sdc,6331,6331,0,0.0
qwen25_vl_vqav2,Qwen2.5-VL-7B,VQAv2,abs_std_diff,25,26,non_significant_sdc,911,911,0,0.0
qwen25_vl_vqav2,Qwen2.5-VL-7B,VQAv2,abs_std_diff,25,26,significant_sdc,258,119,139,0.5387596899224807
qwen25_vl_vqav2,Qwen2.5-VL-7B,VQAv2,abs_std_diff,26,27,non_sdc,6331,6331,0,0.0
qwen25_vl_vqav2,Qwen2.5-VL-7B,VQAv2,abs_std_diff,26,27,non_significant_sdc,911,911,0,0.0
qwen25_vl_vqav2,Qwen2.5-VL-7B,VQAv2,abs_std_diff,26,27,significant_sdc,258,115,143,0.5542635658914729
qwen25_vl_vqav2,Qwen2.5-VL-7B,VQAv2,l2_distance,0,1,non_sdc,6331,6331,0,0.0
qwen25_vl_vqav2,Qwen2.5-VL-7B,VQAv2,l2_distance,0,1,non_significant_sdc,911,911,0,0.0
qwen25_vl_vqav2,Qwen2.5-VL-7B,VQAv2,l2_distance,0,1,significant_sdc,258,195,63,0.2441860465116279
qwen25_vl_vqav2,Qwen2.5-VL-7B,VQAv2,l2_distance,1,2,non_sdc,6331,6331,0,0.0
qwen25_vl_vqav2,Qwen2.5-VL-7B,VQAv2,l2_distance,1,2,non_significant_sdc,911,911,0,0.0
qwen25_vl_vqav2,Qwen2.5-VL-7B,VQAv2,l2_distance,1,2,significant_sdc,258,196,62,0.24031007751937983
qwen25_vl_vqav2,Qwen2.5-VL-7B,VQAv2,l2_distance,2,3,non_sdc,6331,6331,0,0.0
qwen25_vl_vqav2,Qwen2.5-VL-7B,VQAv2,l2_distance,2,3,non_significant_sdc,911,911,0,0.0
qwen25_vl_vqav2,Qwen2.5-VL-7B,VQAv2,l2_distance,2,3,significant_sdc,258,193,65,0.25193798449612403
qwen25_vl_vqav2,Qwen2.5-VL-7B,VQAv2,l2_distance,3,4,non_sdc,6331,6331,0,0.0
qwen25_vl_vqav2,Qwen2.5-VL-7B,VQAv2,l2_distance,3,4,non_significant_sdc,911,911,0,0.0
qwen25_vl_vqav2,Qwen2.5-VL-7B,VQAv2,l2_distance,3,4,significant_sdc,258,186,72,0.2790697674418605
qwen25_vl_vqav2,Qwen2.5-VL-7B,VQAv2,l2_distance,4,5,non_sdc,6331,6331,0,0.0
qwen25_vl_vqav2,Qwen2.5-VL-7B,VQAv2,l2_distance,4,5,non_significant_sdc,911,911,0,0.0
qwen25_vl_vqav2,Qwen2.5-VL-7B,VQAv2,l2_distance,4,5,significant_sdc,258,182,76,0.2945736434108527
qwen25_vl_vqav2,Qwen2.5-VL-7B,VQAv2,l2_distance,5,6,non_sdc,6331,6331,0,0.0
qwen25_vl_vqav2,Qwen2.5-VL-7B,VQAv2,l2_distance,5,6,non_significant_sdc,911,911,0,0.0
qwen25_vl_vqav2,Qwen2.5-VL-7B,VQAv2,l2_distance,5,6,significant_sdc,258,182,76,0.2945736434108527
qwen25_vl_vqav2,Qwen2.5-VL-7B,VQAv2,l2_distance,6,7,non_sdc,6331,6331,0,0.0
qwen25_vl_vqav2,Qwen2.5-VL-7B,VQAv2,l2_distance,6,7,non_significant_sdc,911,911,0,0.0
qwen25_vl_vqav2,Qwen2.5-VL-7B,VQAv2,l2_distance,6,7,significant_sdc,258,180,78,0.3023255813953488
qwen25_vl_vqav2,Qwen2.5-VL-7B,VQAv2,l2_distance,7,8,non_sdc,6331,6331,0,0.0
qwen25_vl_vqav2,Qwen2.5-VL-7B,VQAv2,l2_distance,7,8,non_significant_sdc,911,911,0,0.0
qwen25_vl_vqav2,Qwen2.5-VL-7B,VQAv2,l2_distance,7,8,significant_sdc,258,179,79,0.3062015503875969
qwen25_vl_vqav2,Qwen2.5-VL-7B,VQAv2,l2_distance,8,9,non_sdc,6331,6331,0,0.0
qwen25_vl_vqav2,Qwen2.5-VL-7B,VQAv2,l2_distance,8,9,non_significant_sdc,911,911,0,0.0
qwen25_vl_vqav2,Qwen2.5-VL-7B,VQAv2,l2_distance,8,9,significant_sdc,258,181,77,0.29844961240310075
qwen25_vl_vqav2,Qwen2.5-VL-7B,VQAv2,l2_distance,9,10,non_sdc,6331,6331,0,0.0
qwen25_vl_vqav2,Qwen2.5-VL-7B,VQAv2,l2_distance,9,10,non_significant_sdc,911,911,0,0.0
qwen25_vl_vqav2,Qwen2.5-VL-7B,VQAv2,l2_distance,9,10,significant_sdc,258,176,82,0.3178294573643411
qwen25_vl_vqav2,Qwen2.5-VL-7B,VQAv2,l2_distance,10,11,non_sdc,6331,6331,0,0.0
qwen25_vl_vqav2,Qwen2.5-VL-7B,VQAv2,l2_distance,10,11,non_significant_sdc,911,911,0,0.0
qwen25_vl_vqav2,Qwen2.5-VL-7B,VQAv2,l2_distance,10,11,significant_sdc,258,171,87,0.33720930232558144
qwen25_vl_vqav2,Qwen2.5-VL-7B,VQAv2,l2_distance,11,12,non_sdc,6331,6331,0,0.0
qwen25_vl_vqav2,Qwen2.5-VL-7B,VQAv2,l2_distance,11,12,non_significant_sdc,911,911,0,0.0
qwen25_vl_vqav2,Qwen2.5-VL-7B,VQAv2,l2_distance,11,12,significant_sdc,258,166,92,0.3565891472868217
qwen25_vl_vqav2,Qwen2.5-VL-7B,VQAv2,l2_distance,12,13,non_sdc,6331,6331,0,0.0
qwen25_vl_vqav2,Qwen2.5-VL-7B,VQAv2,l2_distance,12,13,non_significant_sdc,911,911,0,0.0
qwen25_vl_vqav2,Qwen2.5-VL-7B,VQAv2,l2_distance,12,13,significant_sdc,258,161,97,0.375968992248062
qwen25_vl_vqav2,Qwen2.5-VL-7B,VQAv2,l2_distance,13,14,non_sdc,6331,6331,0,0.0
qwen25_vl_vqav2,Qwen2.5-VL-7B,VQAv2,l2_distance,13,14,non_significant_sdc,911,911,0,0.0
qwen25_vl_vqav2,Qwen2.5-VL-7B,VQAv2,l2_distance,13,14,significant_sdc,258,162,96,0.37209302325581395
qwen25_vl_vqav2,Qwen2.5-VL-7B,VQAv2,l2_distance,14,15,non_sdc,6331,6331,0,0.0
qwen25_vl_vqav2,Qwen2.5-VL-7B,VQAv2,l2_distance,14,15,non_significant_sdc,911,911,0,0.0
qwen25_vl_vqav2,Qwen2.5-VL-7B,VQAv2,l2_distance,14,15,significant_sdc,258,155,103,0.39922480620155043
qwen25_vl_vqav2,Qwen2.5-VL-7B,VQAv2,l2_distance,15,16,non_sdc,6331,6331,0,0.0
qwen25_vl_vqav2,Qwen2.5-VL-7B,VQAv2,l2_distance,15,16,non_significant_sdc,911,911,0,0.0
qwen25_vl_vqav2,Qwen2.5-VL-7B,VQAv2,l2_distance,15,16,significant_sdc,258,146,112,0.43410852713178294
qwen25_vl_vqav2,Qwen2.5-VL-7B,VQAv2,l2_distance,16,17,non_sdc,6331,6331,0,0.0
qwen25_vl_vqav2,Qwen2.5-VL-7B,VQAv2,l2_distance,16,17,non_significant_sdc,911,911,0,0.0
qwen25_vl_vqav2,Qwen2.5-VL-7B,VQAv2,l2_distance,16,17,significant_sdc,258,145,113,0.437984496124031
qwen25_vl_vqav2,Qwen2.5-VL-7B,VQAv2,l2_distance,17,18,non_sdc,6331,6331,0,0.0
qwen25_vl_vqav2,Qwen2.5-VL-7B,VQAv2,l2_distance,17,18,non_significant_sdc,911,911,0,0.0
qwen25_vl_vqav2,Qwen2.5-VL-7B,VQAv2,l2_distance,17,18,significant_sdc,258,142,116,0.4496124031007752
qwen25_vl_vqav2,Qwen2.5-VL-7B,VQAv2,l2_distance,18,19,non_sdc,6331,6331,0,0.0
qwen25_vl_vqav2,Qwen2.5-VL-7B,VQAv2,l2_distance,18,19,non_significant_sdc,911,911,0,0.0
qwen25_vl_vqav2,Qwen2.5-VL-7B,VQAv2,l2_distance,18,19,significant_sdc,258,139,119,0.4612403100775194
qwen25_vl_vqav2,Qwen2.5-VL-7B,VQAv2,l2_distance,19,20,non_sdc,6331,6331,0,0.0
qwen25_vl_vqav2,Qwen2.5-VL-7B,VQAv2,l2_distance,19,20,non_significant_sdc,911,911,0,0.0
qwen25_vl_vqav2,Qwen2.5-VL-7B,VQAv2,l2_distance,19,20,significant_sdc,258,133,125,0.4844961240310077
qwen25_vl_vqav2,Qwen2.5-VL-7B,VQAv2,l2_distance,20,21,non_sdc,6331,6331,0,0.0
qwen25_vl_vqav2,Qwen2.5-VL-7B,VQAv2,l2_distance,20,21,non_significant_sdc,911,911,0,0.0
qwen25_vl_vqav2,Qwen2.5-VL-7B,VQAv2,l2_distance,20,21,significant_sdc,258,129,129,0.5
qwen25_vl_vqav2,Qwen2.5-VL-7B,VQAv2,l2_distance,21,22,non_sdc,6331,6331,0,0.0
qwen25_vl_vqav2,Qwen2.5-VL-7B,VQAv2,l2_distance,21,22,non_significant_sdc,911,911,0,0.0
qwen25_vl_vqav2,Qwen2.5-VL-7B,VQAv2,l2_distance,21,22,significant_sdc,258,124,134,0.5193798449612403
qwen25_vl_vqav2,Qwen2.5-VL-7B,VQAv2,l2_distance,22,23,non_sdc,6331,6331,0,0.0
qwen25_vl_vqav2,Qwen2.5-VL-7B,VQAv2,l2_distance,22,23,non_significant_sdc,911,911,0,0.0
qwen25_vl_vqav2,Qwen2.5-VL-7B,VQAv2,l2_distance,22,23,significant_sdc,258,125,133,0.5155038759689923
qwen25_vl_vqav2,Qwen2.5-VL-7B,VQAv2,l2_distance,23,24,non_sdc,6331,6331,0,0.0
qwen25_vl_vqav2,Qwen2.5-VL-7B,VQAv2,l2_distance,23,24,non_significant_sdc,911,911,0,0.0
qwen25_vl_vqav2,Qwen2.5-VL-7B,VQAv2,l2_distance,23,24,significant_sdc,258,123,135,0.5232558139534884
qwen25_vl_vqav2,Qwen2.5-VL-7B,VQAv2,l2_distance,24,25,non_sdc,6331,6331,0,0.0
qwen25_vl_vqav2,Qwen2.5-VL-7B,VQAv2,l2_distance,24,25,non_significant_sdc,911,911,0,0.0
qwen25_vl_vqav2,Qwen2.5-VL-7B,VQAv2,l2_distance,24,25,significant_sdc,258,120,138,0.5348837209302326
qwen25_vl_vqav2,Qwen2.5-VL-7B,VQAv2,l2_distance,25,26,non_sdc,6331,6331,0,0.0
qwen25_vl_vqav2,Qwen2.5-VL-7B,VQAv2,l2_distance,25,26,non_significant_sdc,911,911,0,0.0
qwen25_vl_vqav2,Qwen2.5-VL-7B,VQAv2,l2_distance,25,26,significant_sdc,258,118,140,0.5426356589147288
qwen25_vl_vqav2,Qwen2.5-VL-7B,VQAv2,l2_distance,26,27,non_sdc,6331,6331,0,0.0
qwen25_vl_vqav2,Qwen2.5-VL-7B,VQAv2,l2_distance,26,27,non_significant_sdc,911,911,0,0.0
qwen25_vl_vqav2,Qwen2.5-VL-7B,VQAv2,l2_distance,26,27,significant_sdc,258,114,144,0.5581395348837209
internvl3_earthvqa,InternVL3-8B,EarthVQA,cos_sim,0,1,non_sdc,5364,5364,0,0.0
internvl3_earthvqa,InternVL3-8B,EarthVQA,cos_sim,0,1,non_significant_sdc,1685,1685,0,0.0
internvl3_earthvqa,InternVL3-8B,EarthVQA,cos_sim,0,1,significant_sdc,436,419,17,0.03899082568807344
internvl3_earthvqa,InternVL3-8B,EarthVQA,cos_sim,1,2,non_sdc,5364,5364,0,0.0
internvl3_earthvqa,InternVL3-8B,EarthVQA,cos_sim,1,2,non_significant_sdc,1685,1685,0,0.0
internvl3_earthvqa,InternVL3-8B,EarthVQA,cos_sim,1,2,significant_sdc,436,414,22,0.050458715596330306
internvl3_earthvqa,InternVL3-8B,EarthVQA,cos_sim,2,3,non_sdc,5364,5364,0,0.0
internvl3_earthvqa,InternVL3-8B,EarthVQA,cos_sim,2,3,non_significant_sdc,1685,1685,0,0.0
internvl3_earthvqa,InternVL3-8B,EarthVQA,cos_sim,2,3,significant_sdc,436,407,29,0.0665137614678899
internvl3_earthvqa,InternVL3-8B,EarthVQA,cos_sim,3,4,non_sdc,5364,5364,0,0.0
internvl3_earthvqa,InternVL3-8B,EarthVQA,cos_sim,3,4,non_significant_sdc,1685,1685,0,0.0
internvl3_earthvqa,InternVL3-8B,EarthVQA,cos_sim,3,4,significant_sdc,436,403,33,0.07568807339449546
internvl3_earthvqa,InternVL3-8B,EarthVQA,cos_sim,4,5,non_sdc,5364,5364,0,0.0
internvl3_earthvqa,InternVL3-8B,EarthVQA,cos_sim,4,5,non_significant_sdc,1685,1685,0,0.0
internvl3_earthvqa,InternVL3-8B,EarthVQA,cos_sim,4,5,significant_sdc,436,390,46,0.10550458715596334
internvl3_earthvqa,InternVL3-8B,EarthVQA,cos_sim,5,6,non_sdc,5364,5364,0,0.0
internvl3_earthvqa,InternVL3-8B,EarthVQA,cos_sim,5,6,non_significant_sdc,1685,1685,0,0.0
internvl3_earthvqa,InternVL3-8B,EarthVQA,cos_sim,5,6,significant_sdc,436,379,57,0.1307339449541285
internvl3_earthvqa,InternVL3-8B,EarthVQA,cos_sim,6,7,non_sdc,5364,5364,0,0.0
internvl3_earthvqa,InternVL3-8B,EarthVQA,cos_sim,6,7,non_significant_sdc,1685,1685,0,0.0
internvl3_earthvqa,InternVL3-8B,EarthVQA,cos_sim,6,7,significant_sdc,436,370,66,0.1513761467889908
internvl3_earthvqa,InternVL3-8B,EarthVQA,cos_sim,7,8,non_sdc,5364,5364,0,0.0
internvl3_earthvqa,InternVL3-8B,EarthVQA,cos_sim,7,8,non_significant_sdc,1685,1685,0,0.0
internvl3_earthvqa,InternVL3-8B,EarthVQA,cos_sim,7,8,significant_sdc,436,354,82,0.18807339449541283
internvl3_earthvqa,InternVL3-8B,EarthVQA,cos_sim,8,9,non_sdc,5364,5364,0,0.0
internvl3_earthvqa,InternVL3-8B,EarthVQA,cos_sim,8,9,non_significant_sdc,1685,1685,0,0.0
internvl3_earthvqa,InternVL3-8B,EarthVQA,cos_sim,8,9,significant_sdc,436,345,91,0.20871559633027525
internvl3_earthvqa,InternVL3-8B,EarthVQA,cos_sim,9,10,non_sdc,5364,5364,0,0.0
internvl3_earthvqa,InternVL3-8B,EarthVQA,cos_sim,9,10,non_significant_sdc,1685,1685,0,0.0
internvl3_earthvqa,InternVL3-8B,EarthVQA,cos_sim,9,10,significant_sdc,436,336,100,0.22935779816513757
internvl3_earthvqa,InternVL3-8B,EarthVQA,cos_sim,10,11,non_sdc,5364,5364,0,0.0
internvl3_earthvqa,InternVL3-8B,EarthVQA,cos_sim,10,11,non_significant_sdc,1685,1685,0,0.0
internvl3_earthvqa,InternVL3-8B,EarthVQA,cos_sim,10,11,significant_sdc,436,326,110,0.2522935779816514
internvl3_earthvqa,InternVL3-8B,EarthVQA,cos_sim,11,12,non_sdc,5364,5364,0,0.0
internvl3_earthvqa,InternVL3-8B,EarthVQA,cos_sim,11,12,non_significant_sdc,1685,1685,0,0.0
internvl3_earthvqa,InternVL3-8B,EarthVQA,cos_sim,11,12,significant_sdc,436,305,131,0.3004587155963303
internvl3_earthvqa,InternVL3-8B,EarthVQA,cos_sim,12,13,non_sdc,5364,5364,0,0.0
internvl3_earthvqa,InternVL3-8B,EarthVQA,cos_sim,12,13,non_significant_sdc,1685,1685,0,0.0
internvl3_earthvqa,InternVL3-8B,EarthVQA,cos_sim,12,13,significant_sdc,436,294,142,0.32568807339449546
internvl3_earthvqa,InternVL3-8B,EarthVQA,cos_sim,13,14,non_sdc,5364,5364,0,0.0
internvl3_earthvqa,InternVL3-8B,EarthVQA,cos_sim,13,14,non_significant_sdc,1685,1685,0,0.0
internvl3_earthvqa,InternVL3-8B,EarthVQA,cos_sim,13,14,significant_sdc,436,288,148,0.33944954128440363
internvl3_earthvqa,InternVL3-8B,EarthVQA,cos_sim,14,15,non_sdc,5364,5364,0,0.0
internvl3_earthvqa,InternVL3-8B,EarthVQA,cos_sim,14,15,non_significant_sdc,1685,1685,0,0.0
internvl3_earthvqa,InternVL3-8B,EarthVQA,cos_sim,14,15,significant_sdc,436,275,161,0.3692660550458715
internvl3_earthvqa,InternVL3-8B,EarthVQA,cos_sim,15,16,non_sdc,5364,5364,0,0.0
internvl3_earthvqa,InternVL3-8B,EarthVQA,cos_sim,15,16,non_significant_sdc,1685,1685,0,0.0
internvl3_earthvqa,InternVL3-8B,EarthVQA,cos_sim,15,16,significant_sdc,436,262,174,0.3990825688073395
internvl3_earthvqa,InternVL3-8B,EarthVQA,cos_sim,16,17,non_sdc,5364,5364,0,0.0
internvl3_earthvqa,InternVL3-8B,EarthVQA,cos_sim,16,17,non_significant_sdc,1685,1685,0,0.0
internvl3_earthvqa,InternVL3-8B,EarthVQA,cos_sim,16,17,significant_sdc,436,254,182,0.4174311926605505
internvl3_earthvqa,InternVL3-8B,EarthVQA,cos_sim,17,18,non_sdc,5364,5364,0,0.0
internvl3_earthvqa,InternVL3-8B,EarthVQA,cos_sim,17,18,non_significant_sdc,1685,1685,0,0.0
internvl3_earthvqa,InternVL3-8B,EarthVQA,cos_sim,17,18,significant_sdc,436,238,198,0.45412844036697253
internvl3_earthvqa,InternVL3-8B,EarthVQA,cos_sim,18,19,non_sdc,5364,5364,0,0.0
internvl3_earthvqa,InternVL3-8B,EarthVQA,cos_sim,18,19,non_significant_sdc,1685,1685,0,0.0
internvl3_earthvqa,InternVL3-8B,EarthVQA,cos_sim,18,19,significant_sdc,436,231,205,0.4701834862385321
internvl3_earthvqa,InternVL3-8B,EarthVQA,cos_sim,19,20,non_sdc,5364,5364,0,0.0
internvl3_earthvqa,InternVL3-8B,EarthVQA,cos_sim,19,20,non_significant_sdc,1685,1685,0,0.0
internvl3_earthvqa,InternVL3-8B,EarthVQA,cos_sim,19,20,significant_sdc,436,222,214,0.49082568807339455
internvl3_earthvqa,InternVL3-8B,EarthVQA,cos_sim,20,21,non_sdc,5364,5364,0,0.0
internvl3_earthvqa,InternVL3-8B,EarthVQA,cos_sim,20,21,non_significant_sdc,1685,1685,0,0.0
internvl3_earthvqa,InternVL3-8B,EarthVQA,cos_sim,20,21,significant_sdc,436,213,223,0.5114678899082569
internvl3_earthvqa,InternVL3-8B,EarthVQA,cos_sim,21,22,non_sdc,5364,5364,0,0.0
internvl3_earthvqa,InternVL3-8B,EarthVQA,cos_sim,21,22,non_significant_sdc,1685,1685,0,0.0
internvl3_earthvqa,InternVL3-8B,EarthVQA,cos_sim,21,22,significant_sdc,436,201,235,0.5389908256880733
internvl3_earthvqa,InternVL3-8B,EarthVQA,cos_sim,22,23,non_sdc,5364,5364,0,0.0
internvl3_earthvqa,InternVL3-8B,EarthVQA,cos_sim,22,23,non_significant_sdc,1685,1685,0,0.0
internvl3_earthvqa,InternVL3-8B,EarthVQA,cos_sim,22,23,significant_sdc,436,184,252,0.5779816513761468
internvl3_earthvqa,InternVL3-8B,EarthVQA,cos_sim,23,24,non_sdc,5364,5364,0,0.0
internvl3_earthvqa,InternVL3-8B,EarthVQA,cos_sim,23,24,non_significant_sdc,1685,1685,0,0.0
internvl3_earthvqa,InternVL3-8B,EarthVQA,cos_sim,23,24,significant_sdc,436,173,263,0.6032110091743119
internvl3_earthvqa,InternVL3-8B,EarthVQA,cos_sim,24,25,non_sdc,5364,5364,0,0.0
internvl3_earthvqa,InternVL3-8B,EarthVQA,cos_sim,24,25,non_significant_sdc,1685,1685,0,0.0
internvl3_earthvqa,InternVL3-8B,EarthVQA,cos_sim,24,25,significant_sdc,436,164,272,0.6238532110091743
internvl3_earthvqa,InternVL3-8B,EarthVQA,cos_sim,25,26,non_sdc,5364,5364,0,0.0
internvl3_earthvqa,InternVL3-8B,EarthVQA,cos_sim,25,26,non_significant_sdc,1685,1685,0,0.0
internvl3_earthvqa,InternVL3-8B,EarthVQA,cos_sim,25,26,significant_sdc,436,151,285,0.6536697247706422
internvl3_earthvqa,InternVL3-8B,EarthVQA,cos_sim,26,27,non_sdc,5364,5364,0,0.0
internvl3_earthvqa,InternVL3-8B,EarthVQA,cos_sim,26,27,non_significant_sdc,1685,1685,0,0.0
internvl3_earthvqa,InternVL3-8B,EarthVQA,cos_sim,26,27,significant_sdc,436,143,293,0.6720183486238532
internvl3_earthvqa,InternVL3-8B,EarthVQA,abs_mean_diff,0,1,non_sdc,5364,5364,0,0.0
internvl3_earthvqa,InternVL3-8B,EarthVQA,abs_mean_diff,0,1,non_significant_sdc,1685,1685,0,0.0
internvl3_earthvqa,InternVL3-8B,EarthVQA,abs_mean_diff,0,1,significant_sdc,436,419,17,0.03899082568807344
internvl3_earthvqa,InternVL3-8B,EarthVQA,abs_mean_diff,1,2,non_sdc,5364,5364,0,0.0
internvl3_earthvqa,InternVL3-8B,EarthVQA,abs_mean_diff,1,2,non_significant_sdc,1685,1685,0,0.0
internvl3_earthvqa,InternVL3-8B,EarthVQA,abs_mean_diff,1,2,significant_sdc,436,414,22,0.050458715596330306
internvl3_earthvqa,InternVL3-8B,EarthVQA,abs_mean_diff,2,3,non_sdc,5364,5364,0,0.0
internvl3_earthvqa,InternVL3-8B,EarthVQA,abs_mean_diff,2,3,non_significant_sdc,1685,1685,0,0.0
internvl3_earthvqa,InternVL3-8B,EarthVQA,abs_mean_diff,2,3,significant_sdc,436,407,29,0.0665137614678899
internvl3_earthvqa,InternVL3-8B,EarthVQA,abs_mean_diff,3,4,non_sdc,5364,5364,0,0.0
internvl3_earthvqa,InternVL3-8B,EarthVQA,abs_mean_diff,3,4,non_significant_sdc,1685,1685,0,0.0
internvl3_earthvqa,InternVL3-8B,EarthVQA,abs_mean_diff,3,4,significant_sdc,436,403,33,0.07568807339449546
internvl3_earthvqa,InternVL3-8B,EarthVQA,abs_mean_diff,4,5,non_sdc,5364,5364,0,0.0
internvl3_earthvqa,InternVL3-8B,EarthVQA,abs_mean_diff,4,5,non_significant_sdc,1685,1685,0,0.0
internvl3_earthvqa,InternVL3-8B,EarthVQA,abs_mean_diff,4,5,significant_sdc,436,390,46,0.10550458715596334
internvl3_earthvqa,InternVL3-8B,EarthVQA,abs_mean_diff,5,6,non_sdc,5364,5364,0,0.0
internvl3_earthvqa,InternVL3-8B,EarthVQA,abs_mean_diff,5,6,non_significant_sdc,1685,1685,0,0.0
internvl3_earthvqa,InternVL3-8B,EarthVQA,abs_mean_diff,5,6,significant_sdc,436,379,57,0.1307339449541285
internvl3_earthvqa,InternVL3-8B,EarthVQA,abs_mean_diff,6,7,non_sdc,5364,5364,0,0.0
internvl3_earthvqa,InternVL3-8B,EarthVQA,abs_mean_diff,6,7,non_significant_sdc,1685,1685,0,0.0
internvl3_earthvqa,InternVL3-8B,EarthVQA,abs_mean_diff,6,7,significant_sdc,436,370,66,0.1513761467889908
internvl3_earthvqa,InternVL3-8B,EarthVQA,abs_mean_diff,7,8,non_sdc,5364,5364,0,0.0
internvl3_earthvqa,InternVL3-8B,EarthVQA,abs_mean_diff,7,8,non_significant_sdc,1685,1685,0,0.0
internvl3_earthvqa,InternVL3-8B,EarthVQA,abs_mean_diff,7,8,significant_sdc,436,354,82,0.18807339449541283
internvl3_earthvqa,InternVL3-8B,EarthVQA,abs_mean_diff,8,9,non_sdc,5364,5364,0,0.0
internvl3_earthvqa,InternVL3-8B,EarthVQA,abs_mean_diff,8,9,non_significant_sdc,1685,1685,0,0.0
internvl3_earthvqa,InternVL3-8B,EarthVQA,abs_mean_diff,8,9,significant_sdc,436,345,91,0.20871559633027525
internvl3_earthvqa,InternVL3-8B,EarthVQA,abs_mean_diff,9,10,non_sdc,5364,5364,0,0.0
internvl3_earthvqa,InternVL3-8B,EarthVQA,abs_mean_diff,9,10,non_significant_sdc,1685,1685,0,0.0
internvl3_earthvqa,InternVL3-8B,EarthVQA,abs_mean_diff,9,10,significant_sdc,436,336,100,0.22935779816513757
internvl3_earthvqa,InternVL3-8B,EarthVQA,abs_mean_diff,10,11,non_sdc,5364,5364,0,0.0
internvl3_earthvqa,InternVL3-8B,EarthVQA,abs_mean_diff,10,11,non_significant_sdc,1685,1685,0,0.0
internvl3_earthvqa,InternVL3-8B,EarthVQA,abs_mean_diff,10,11,significant_sdc,436,326,110,0.2522935779816514
internvl3_earthvqa,InternVL3-8B,EarthVQA,abs_mean_diff,11,12,non_sdc,5364,5364,0,0.0
internvl3_earthvqa,InternVL3-8B,EarthVQA,abs_mean_diff,11,12,non_significant_sdc,1685,1685,0,0.0
internvl3_earthvqa,InternVL3-8B,EarthVQA,abs_mean_diff,11,12,significant_sdc,436,305,131,0.3004587155963303
internvl3_earthvqa,InternVL3-8B,EarthVQA,abs_mean_diff,12,13,non_sdc,5364,5364,0,0.0
internvl3_earthvqa,InternVL3-8B,EarthVQA,abs_mean_diff,12,13,non_significant_sdc,1685,1685,0,0.0
internvl3_earthvqa,InternVL3-8B,EarthVQA,abs_mean_diff,12,13,significant_sdc,436,294,142,0.32568807339449546
internvl3_earthvqa,InternVL3-8B,EarthVQA,abs_mean_diff,13,14,non_sdc,5364,5364,0,0.0
internvl3_earthvqa,InternVL3-8B,EarthVQA,abs_mean_diff,13,14,non_significant_sdc,1685,1685,0,0.0
internvl3_earthvqa,InternVL3-8B,EarthVQA,abs_mean_diff,13,14,significant_sdc,436,288,148,0.33944954128440363
internvl3_earthvqa,InternVL3-8B,EarthVQA,abs_mean_diff,14,15,non_sdc,5364,5364,0,0.0
internvl3_earthvqa,InternVL3-8B,EarthVQA,abs_mean_diff,14,15,non_significant_sdc,1685,1685,0,0.0
internvl3_earthvqa,InternVL3-8B,EarthVQA,abs_mean_diff,14,15,significant_sdc,436,275,161,0.3692660550458715
internvl3_earthvqa,InternVL3-8B,EarthVQA,abs_mean_diff,15,16,non_sdc,5364,5364,0,0.0
internvl3_earthvqa,InternVL3-8B,EarthVQA,abs_mean_diff,15,16,non_significant_sdc,1685,1685,0,0.0
internvl3_earthvqa,InternVL3-8B,EarthVQA,abs_mean_diff,15,16,significant_sdc,436,262,174,0.3990825688073395
internvl3_earthvqa,InternVL3-8B,EarthVQA,abs_mean_diff,16,17,non_sdc,5364,5364,0,0.0
internvl3_earthvqa,InternVL3-8B,EarthVQA,abs_mean_diff,16,17,non_significant_sdc,1685,1685,0,0.0
internvl3_earthvqa,InternVL3-8B,EarthVQA,abs_mean_diff,16,17,significant_sdc,436,254,182,0.4174311926605505
internvl3_earthvqa,InternVL3-8B,EarthVQA,abs_mean_diff,17,18,non_sdc,5364,5364,0,0.0
internvl3_earthvqa,InternVL3-8B,EarthVQA,abs_mean_diff,17,18,non_significant_sdc,1685,1685,0,0.0
internvl3_earthvqa,InternVL3-8B,EarthVQA,abs_mean_diff,17,18,significant_sdc,436,238,198,0.45412844036697253
internvl3_earthvqa,InternVL3-8B,EarthVQA,abs_mean_diff,18,19,non_sdc,5364,5364,0,0.0
internvl3_earthvqa,InternVL3-8B,EarthVQA,abs_mean_diff,18,19,non_significant_sdc,1685,1685,0,0.0
internvl3_earthvqa,InternVL3-8B,EarthVQA,abs_mean_diff,18,19,significant_sdc,436,231,205,0.4701834862385321
internvl3_earthvqa,InternVL3-8B,EarthVQA,abs_mean_diff,19,20,non_sdc,5364,5364,0,0.0
internvl3_earthvqa,InternVL3-8B,EarthVQA,abs_mean_diff,19,20,non_significant_sdc,1685,1685,0,0.0
internvl3_earthvqa,InternVL3-8B,EarthVQA,abs_mean_diff,19,20,significant_sdc,436,222,214,0.49082568807339455
internvl3_earthvqa,InternVL3-8B,EarthVQA,abs_mean_diff,20,21,non_sdc,5364,5364,0,0.0
internvl3_earthvqa,InternVL3-8B,EarthVQA,abs_mean_diff,20,21,non_significant_sdc,1685,1685,0,0.0
internvl3_earthvqa,InternVL3-8B,EarthVQA,abs_mean_diff,20,21,significant_sdc,436,213,223,0.5114678899082569
internvl3_earthvqa,InternVL3-8B,EarthVQA,abs_mean_diff,21,22,non_sdc,5364,5364,0,0.0
internvl3_earthvqa,InternVL3-8B,EarthVQA,abs_mean_diff,21,22,non_significant_sdc,1685,1685,0,0.0
internvl3_earthvqa,InternVL3-8B,EarthVQA,abs_mean_diff,21,22,significant_sdc,436,201,235,0.5389908256880733
internvl3_earthvqa,InternVL3-8B,EarthVQA,abs_mean_diff,22,23,non_sdc,5364,5364,0,0.0
internvl3_earthvqa,InternVL3-8B,EarthVQA,abs_mean_diff,22,23,non_significant_sdc,1685,1685,0,0.0
internvl3_earthvqa,InternVL3-8B,EarthVQA,abs_mean_diff,22,23,significant_sdc,436,184,252,0.5779816513761468
internvl3_earthvqa,InternVL3-8B,EarthVQA,abs_mean_diff,23,24,non_sdc,5364,5364,0,0.0
internvl3_earthvqa,InternVL3-8B,EarthVQA,abs_mean_diff,23,24,non_significant_sdc,1685,1685,0,0.0
internvl3_earthvqa,InternVL3-8B,EarthVQA,abs_mean_diff,23,24,significant_sdc,436,173,263,0.6032110091743119
internvl3_earthvqa,InternVL3-8B,EarthVQA,abs_mean_diff,24,25,non_sdc,5364,5364,0,0.0
internvl3_earthvqa,InternVL3-8B,EarthVQA,abs_mean_diff,24,25,non_significant_sdc,1685,1685,0,0.0
internvl3_earthvqa,InternVL3-8B,EarthVQA,abs_mean_diff,24,25,significant_sdc,436,164,272,0.6238532110091743
internvl3_earthvqa,InternVL3-8B,EarthVQA,abs_mean_diff,25,26,non_sdc,5364,5364,0,0.0
internvl3_earthvqa,InternVL3-8B,EarthVQA,abs_mean_diff,25,26,non_significant_sdc,1685,1685,0,0.0
internvl3_earthvqa,InternVL3-8B,EarthVQA,abs_mean_diff,25,26,significant_sdc,436,151,285,0.6536697247706422
internvl3_earthvqa,InternVL3-8B,EarthVQA,abs_mean_diff,26,27,non_sdc,5364,5364,0,0.0
internvl3_earthvqa,InternVL3-8B,EarthVQA,abs_mean_diff,26,27,non_significant_sdc,1685,1685,0,0.0
internvl3_earthvqa,InternVL3-8B,EarthVQA,abs_mean_diff,26,27,significant_sdc,436,143,293,0.6720183486238532
internvl3_earthvqa,InternVL3-8B,EarthVQA,abs_std_diff,0,1,non_sdc,5364,5364,0,0.0
internvl3_earthvqa,InternVL3-8B,EarthVQA,abs_std_diff,0,1,non_significant_sdc,1685,1685,0,0.0
internvl3_earthvqa,InternVL3-8B,EarthVQA,abs_std_diff,0,1,significant_sdc,436,419,17,0.03899082568807344
internvl3_earthvqa,InternVL3-8B,EarthVQA,abs_std_diff,1,2,non_sdc,5364,5364,0,0.0
internvl3_earthvqa,InternVL3-8B,EarthVQA,abs_std_diff,1,2,non_significant_sdc,1685,1685,0,0.0
internvl3_earthvqa,InternVL3-8B,EarthVQA,abs_std_diff,1,2,significant_sdc,436,414,22,0.050458715596330306
internvl3_earthvqa,InternVL3-8B,EarthVQA,abs_std_diff,2,3,non_sdc,5364,5364,0,0.0
internvl3_earthvqa,InternVL3-8B,EarthVQA,abs_std_diff,2,3,non_significant_sdc,1685,1685,0,0.0
internvl3_earthvqa,InternVL3-8B,EarthVQA,abs_std_diff,2,3,significant_sdc,436,407,29,0.0665137614678899
internvl3_earthvqa,InternVL3-8B,EarthVQA,abs_std_diff,3,4,non_sdc,5364,5364,0,0.0
internvl3_earthvqa,InternVL3-8B,EarthVQA,abs_std_diff,3,4,non_significant_sdc,1685,1685,0,0.0
internvl3_earthvqa,InternVL3-8B,EarthVQA,abs_std_diff,3,4,significant_sdc,436,403,33,0.07568807339449546
internvl3_earthvqa,InternVL3-8B,EarthVQA,abs_std_diff,4,5,non_sdc,5364,5364,0,0.0
internvl3_earthvqa,InternVL3-8B,EarthVQA,abs_std_diff,4,5,non_significant_sdc,1685,1685,0,0.0
internvl3_earthvqa,InternVL3-8B,EarthVQA,abs_std_diff,4,5,significant_sdc,436,390,46,0.10550458715596334
internvl3_earthvqa,InternVL3-8B,EarthVQA,abs_std_diff,5,6,non_sdc,5364,5364,0,0.0
internvl3_earthvqa,InternVL3-8B,EarthVQA,abs_std_diff,5,6,non_significant_sdc,1685,1685,0,0.0
internvl3_earthvqa,InternVL3-8B,EarthVQA,abs_std_diff,5,6,significant_sdc,436,379,57,0.1307339449541285
internvl3_earthvqa,InternVL3-8B,EarthVQA,abs_std_diff,6,7,non_sdc,5364,5364,0,0.0
internvl3_earthvqa,InternVL3-8B,EarthVQA,abs_std_diff,6,7,non_significant_sdc,1685,1685,0,0.0
internvl3_earthvqa,InternVL3-8B,EarthVQA,abs_std_diff,6,7,significant_sdc,436,370,66,0.1513761467889908
internvl3_earthvqa,InternVL3-8B,EarthVQA,abs_std_diff,7,8,non_sdc,5364,5364,0,0.0
internvl3_earthvqa,InternVL3-8B,EarthVQA,abs_std_diff,7,8,non_significant_sdc,1685,1685,0,0.0
internvl3_earthvqa,InternVL3-8B,EarthVQA,abs_std_diff,7,8,significant_sdc,436,354,82,0.18807339449541283
internvl3_earthvqa,InternVL3-8B,EarthVQA,abs_std_diff,8,9,non_sdc,5364,5364,0,0.0
internvl3_earthvqa,InternVL3-8B,EarthVQA,abs_std_diff,8,9,non_significant_sdc,1685,1685,0,0.0
internvl3_earthvqa,InternVL3-8B,EarthVQA,abs_std_diff,8,9,significant_sdc,436,345,91,0.20871559633027525
internvl3_earthvqa,InternVL3-8B,EarthVQA,abs_std_diff,9,10,non_sdc,5364,5364,0,0.0
internvl3_earthvqa,InternVL3-8B,EarthVQA,abs_std_diff,9,10,non_significant_sdc,1685,1685,0,0.0
internvl3_earthvqa,InternVL3-8B,EarthVQA,abs_std_diff,9,10,significant_sdc,436,336,100,0.22935779816513757
internvl3_earthvqa,InternVL3-8B,EarthVQA,abs_std_diff,10,11,non_sdc,5364,5364,0,0.0
internvl3_earthvqa,InternVL3-8B,EarthVQA,abs_std_diff,10,11,non_significant_sdc,1685,1685,0,0.0
internvl3_earthvqa,InternVL3-8B,EarthVQA,abs_std_diff,10,11,significant_sdc,436,326,110,0.2522935779816514
internvl3_earthvqa,InternVL3-8B,EarthVQA,abs_std_diff,11,12,non_sdc,5364,5364,0,0.0
internvl3_earthvqa,InternVL3-8B,EarthVQA,abs_std_diff,11,12,non_significant_sdc,1685,1685,0,0.0
internvl3_earthvqa,InternVL3-8B,EarthVQA,abs_std_diff,11,12,significant_sdc,436,305,131,0.3004587155963303
internvl3_earthvqa,InternVL3-8B,EarthVQA,abs_std_diff,12,13,non_sdc,5364,5364,0,0.0
internvl3_earthvqa,InternVL3-8B,EarthVQA,abs_std_diff,12,13,non_significant_sdc,1685,1685,0,0.0
internvl3_earthvqa,InternVL3-8B,EarthVQA,abs_std_diff,12,13,significant_sdc,436,294,142,0.32568807339449546
internvl3_earthvqa,InternVL3-8B,EarthVQA,abs_std_diff,13,14,non_sdc,5364,5364,0,0.0
internvl3_earthvqa,InternVL3-8B,EarthVQA,abs_std_diff,13,14,non_significant_sdc,1685,1685,0,0.0
internvl3_earthvqa,InternVL3-8B,EarthVQA,abs_std_diff,13,14,significant_sdc,436,288,148,0.33944954128440363
internvl3_earthvqa,InternVL3-8B,EarthVQA,abs_std_diff,14,15,non_sdc,5364,5364,0,0.0
internvl3_earthvqa,InternVL3-8B,EarthVQA,abs_std_diff,14,15,non_significant_sdc,1685,1685,0,0.0
internvl3_earthvqa,InternVL3-8B,EarthVQA,abs_std_diff,14,15,significant_sdc,436,275,161,0.3692660550458715
internvl3_earthvqa,InternVL3-8B,EarthVQA,abs_std_diff,15,16,non_sdc,5364,5364,0,0.0
internvl3_earthvqa,InternVL3-8B,EarthVQA,abs_std_diff,15,16,non_significant_sdc,1685,1685,0,0.0
internvl3_earthvqa,InternVL3-8B,EarthVQA,abs_std_diff,15,16,significant_sdc,436,262,174,0.3990825688073395
internvl3_earthvqa,InternVL3-8B,EarthVQA,abs_std_diff,16,17,non_sdc,5364,5364,0,0.0
internvl3_earthvqa,InternVL3-8B,EarthVQA,abs_std_diff,16,17,non_significant_sdc,1685,1685,0,0.0
internvl3_earthvqa,InternVL3-8B,EarthVQA,abs_std_diff,16,17,significant_sdc,436,254,182,0.4174311926605505
internvl3_earthvqa,InternVL3-8B,EarthVQA,abs_std_diff,17,18,non_sdc,5364,5364,0,0.0
internvl3_earthvqa,InternVL3-8B,EarthVQA,abs_std_diff,17,18,non_significant_sdc,1685,1685,0,0.0
internvl3_earthvqa,InternVL3-8B,EarthVQA,abs_std_diff,17,18,significant_sdc,436,238,198,0.45412844036697253
internvl3_earthvqa,InternVL3-8B,EarthVQA,abs_std_diff,18,19,non_sdc,5364,5364,0,0.0
internvl3_earthvqa,InternVL3-8B,EarthVQA,abs_std_diff,18,19,non_significant_sdc,1685,1685,0,0.0
internvl3_earthvqa,InternVL3-8B,EarthVQA,abs_std_diff,18,19,significant_sdc,436,231,205,0.4701834862385321
internvl3_earthvqa,InternVL3-8B,EarthVQA,abs_std_diff,19,20,non_sdc,5364,5364,0,0.0
internvl3_earthvqa,InternVL3-8B,EarthVQA,abs_std_diff,19,20,non_significant_sdc,1685,1685,0,0.0
internvl3_earthvqa,InternVL3-8B,EarthVQA,abs_std_diff,19,20,significant_sdc,436,222,214,0.49082568807339455
internvl3_earthvqa,InternVL3-8B,EarthVQA,abs_std_diff,20,21,non_sdc,5364,5364,0,0.0
internvl3_earthvqa,InternVL3-8B,EarthVQA,abs_std_diff,20,21,non_significant_sdc,1685,1685,0,0.0
internvl3_earthvqa,InternVL3-8B,EarthVQA,abs_std_diff,20,21,significant_sdc,436,213,223,0.5114678899082569
internvl3_earthvqa,InternVL3-8B,EarthVQA,abs_std_diff,21,22,non_sdc,5364,5364,0,0.0
internvl3_earthvqa,InternVL3-8B,EarthVQA,abs_std_diff,21,22,non_significant_sdc,1685,1685,0,0.0
internvl3_earthvqa,InternVL3-8B,EarthVQA,abs_std_diff,21,22,significant_sdc,436,201,235,0.5389908256880733
internvl3_earthvqa,InternVL3-8B,EarthVQA,abs_std_diff,22,23,non_sdc,5364,5364,0,0.0
internvl3_earthvqa,InternVL3-8B,EarthVQA,abs_std_diff,22,23,non_significant_sdc,1685,1685,0,0.0
internvl3_earthvqa,InternVL3-8B,EarthVQA,abs_std_diff,22,23,significant_sdc,436,184,252,0.5779816513761468
internvl3_earthvqa,InternVL3-8B,EarthVQA,abs_std_diff,23,24,non_sdc,5364,5364,0,0.0
internvl3_earthvqa,InternVL3-8B,EarthVQA,abs_std_diff,23,24,non_significant_sdc,1685,1685,0,0.0
internvl3_earthvqa,InternVL3-8B,EarthVQA,abs_std_diff,23,24,significant_sdc,436,173,263,0.6032110091743119
internvl3_earthvqa,InternVL3-8B,EarthVQA,abs_std_diff,24,25,non_sdc,5364,5364,0,0.0
internvl3_earthvqa,InternVL3-8B,EarthVQA,abs_std_diff,24,25,non_significant_sdc,1685,1685,0,0.0
internvl3_earthvqa,InternVL3-8B,EarthVQA,abs_std_diff,24,25,significant_sdc,436,164,272,0.6238532110091743
internvl3_earthvqa,InternVL3-8B,EarthVQA,abs_std_diff,25,26,non_sdc,5364,5364,0,0.0
internvl3_earthvqa,InternVL3-8B,EarthVQA,abs_std_diff,25,26,non_significant_sdc,1685,1685,0,0.0
internvl3_earthvqa,InternVL3-8B,EarthVQA,abs_std_diff,25,26,significant_sdc,436,151,285,0.6536697247706422
internvl3_earthvqa,InternVL3-8B,EarthVQA,abs_std_diff,26,27,non_sdc,5364,5364,0,0.0
internvl3_earthvqa,InternVL3-8B,EarthVQA,abs_std_diff,26,27,non_significant_sdc,1685,1685,0,0.0
internvl3_earthvqa,InternVL3-8B,EarthVQA,abs_std_diff,26,27,significant_sdc,436,143,293,0.6720183486238532
internvl3_earthvqa,InternVL3-8B,EarthVQA,l2_distance,0,1,non_sdc,5364,5364,0,0.0
internvl3_earthvqa,InternVL3-8B,EarthVQA,l2_distance,0,1,non_significant_sdc,1685,1685,0,0.0
internvl3_earthvqa,InternVL3-8B,EarthVQA,l2_distance,0,1,significant_sdc,436,419,17,0.03899082568807344
internvl3_earthvqa,InternVL3-8B,EarthVQA,l2_distance,1,2,non_sdc,5364,5364,0,0.0
internvl3_earthvqa,InternVL3-8B,EarthVQA,l2_distance,1,2,non_significant_sdc,1685,1685,0,0.0
internvl3_earthvqa,InternVL3-8B,EarthVQA,l2_distance,1,2,significant_sdc,436,412,24,0.05504587155963303
internvl3_earthvqa,InternVL3-8B,EarthVQA,l2_distance,2,3,non_sdc,5364,5364,0,0.0
internvl3_earthvqa,InternVL3-8B,EarthVQA,l2_distance,2,3,non_significant_sdc,1685,1685,0,0.0
internvl3_earthvqa,InternVL3-8B,EarthVQA,l2_distance,2,3,significant_sdc,436,404,32,0.07339449541284404
internvl3_earthvqa,InternVL3-8B,EarthVQA,l2_distance,3,4,non_sdc,5364,5364,0,0.0
internvl3_earthvqa,InternVL3-8B,EarthVQA,l2_distance,3,4,non_significant_sdc,1685,1685,0,0.0
internvl3_earthvqa,InternVL3-8B,EarthVQA,l2_distance,3,4,significant_sdc,436,398,38,0.08715596330275233
internvl3_earthvqa,InternVL3-8B,EarthVQA,l2_distance,4,5,non_sdc,5364,5364,0,0.0
internvl3_earthvqa,InternVL3-8B,EarthVQA,l2_distance,4,5,non_significant_sdc,1685,1685,0,0.0
internvl3_earthvqa,InternVL3-8B,EarthVQA,l2_distance,4,5,significant_sdc,436,385,51,0.1169724770642202
internvl3_earthvqa,InternVL3-8B,EarthVQA,l2_distance,5,6,non_sdc,5364,5364,0,0.0
internvl3_earthvqa,InternVL3-8B,EarthVQA,l2_distance,5,6,non_significant_sdc,1685,1685,0,0.0
internvl3_earthvqa,InternVL3-8B,EarthVQA,l2_distance,5,6,significant_sdc,436,376,60,0.13761467889908252
internvl3_earthvqa,InternVL3-8B,EarthVQA,l2_distance,6,7,non_sdc,5364,5364,0,0.0
internvl3_earthvqa,InternVL3-8B,EarthVQA,l2_distance,6,7,non_significant_sdc,1685,1685,0,0.0
internvl3_earthvqa,InternVL3-8B,EarthVQA,l2_distance,6,7,significant_sdc,436,366,70,0.16055045871559637
internvl3_earthvqa,InternVL3-8B,EarthVQA,l2_distance,7,8,non_sdc,5364,5364,0,0.0
internvl3_earthvqa,InternVL3-8B,EarthVQA,l2_distance,7,8,non_significant_sdc,1685,1685,0,0.0
internvl3_earthvqa,InternVL3-8B,EarthVQA,l2_distance,7,8,significant_sdc,436,352,84,0.19266055045871555
internvl3_earthvqa,InternVL3-8B,EarthVQA,l2_distance,8,9,non_sdc,5364,5364,0,0.0
internvl3_earthvqa,InternVL3-8B,EarthVQA,l2_distance,8,9,non_significant_sdc,1685,1685,0,0.0
internvl3_earthvqa,InternVL3-8B,EarthVQA,l2_distance,8,9,significant_sdc,436,342,94,0.2155963302752294
internvl3_earthvqa,InternVL3-8B,EarthVQA,l2_distance,9,10,non_sdc,5364,5364,0,0.0
internvl3_earthvqa,InternVL3-8B,EarthVQA,l2_distance,9,10,non_significant_sdc,1685,1685,0,0.0
internvl3_earthvqa,InternVL3-8B,EarthVQA,l2_distance,9,10,significant_sdc,436,335,101,0.231651376146789
internvl3_earthvqa,InternVL3-8B,EarthVQA,l2_distance,10,11,non_sdc,5364,5364,0,0.0
internvl3_earthvqa,InternVL3-8B,EarthVQA,l2_distance,10,11,non_significant_sdc,1685,1685,0,0.0
internvl3_earthvqa,InternVL3-8B,EarthVQA,l2_distance,10,11,significant_sdc,436,318,118,0.27064220183486243
internvl3_earthvqa,InternVL3-8B,EarthVQA,l2_distance,11,12,non_sdc,5364,5364,0,0.0
internvl3_earthvqa,InternVL3-8B,EarthVQA,l2_distance,11,12,non_significant_sdc,1685,1685,0,0.0
internvl3_earthvqa,InternVL3-8B,EarthVQA,l2_distance,11,12,significant_sdc,436,297,139,0.3188073394495413
internvl3_earthvqa,InternVL3-8B,EarthVQA,l2_distance,12,13,non_sdc,5364,5364,0,0.0
internvl3_earthvqa,InternVL3-8B,EarthVQA,l2_distance,12,13,non_significant_sdc,1685,1685,0,0.0
internvl3_earthvqa,InternVL3-8B,EarthVQA,l2_distance,12,13,significant_sdc,436,290,146,0.3348623853211009
internvl3_earthvqa,InternVL3-8B,EarthVQA,l2_distance,13,14,non_sdc,5364,5364,0,0.0
internvl3_earthvqa,InternVL3-8B,EarthVQA,l2_distance,13,14,non_significant_sdc,1685,1685,0,0.0
internvl3_earthvqa,InternVL3-8B,EarthVQA,l2_distance,13,14,significant_sdc,436,287,149,0.34174311926605505
internvl3_earthvqa,InternVL3-8B,EarthVQA,l2_distance,14,15,non_sdc,5364,5364,0,0.0
internvl3_earthvqa,InternVL3-8B,EarthVQA,l2_distance,14,15,non_significant_sdc,1685,1685,0,0.0
internvl3_earthvqa,InternVL3-8B,EarthVQA,l2_distance,14,15,significant_sdc,436,270,166,0.3807339449541285
internvl3_earthvqa,InternVL3-8B,EarthVQA,l2_distance,15,16,non_sdc,5364,5364,0,0.0
internvl3_earthvqa,InternVL3-8B,EarthVQA,l2_distance,15,16,non_significant_sdc,1685,1685,0,0.0
internvl3_earthvqa,InternVL3-8B,EarthVQA,l2_distance,15,16,significant_sdc,436,258,178,0.40825688073394495
internvl3_earthvqa,InternVL3-8B,EarthVQA,l2_distance,16,17,non_sdc,5364,5364,0,0.0
internvl3_earthvqa,InternVL3-8B,EarthVQA,l2_distance,16,17,non_significant_sdc,1685,1685,0,0.0
internvl3_earthvqa,InternVL3-8B,EarthVQA,l2_distance,16,17,significant_sdc,436,246,190,0.4357798165137615
internvl3_earthvqa,InternVL3-8B,EarthVQA,l2_distance,17,18,non_sdc,5364,5364,0,0.0
internvl3_earthvqa,InternVL3-8B,EarthVQA,l2_distance,17,18,non_significant_sdc,1685,1685,0,0.0
internvl3_earthvqa,InternVL3-8B,EarthVQA,l2_distance,17,18,significant_sdc,436,234,202,0.463302752293578
internvl3_earthvqa,InternVL3-8B,EarthVQA,l2_distance,18,19,non_sdc,5364,5364,0,0.0
internvl3_earthvqa,InternVL3-8B,EarthVQA,l2_distance,18,19,non_significant_sdc,1685,1685,0,0.0
internvl3_earthvqa,InternVL3-8B,EarthVQA,l2_distance,18,19,significant_sdc,436,227,209,0.47935779816513757
internvl3_earthvqa,InternVL3-8B,EarthVQA,l2_distance,19,20,non_sdc,5364,5364,0,0.0
internvl3_earthvqa,InternVL3-8B,EarthVQA,l2_distance,19,20,non_significant_sdc,1685,1685,0,0.0
internvl3_earthvqa,InternVL3-8B,EarthVQA,l2_distance,19,20,significant_sdc,436,219,217,0.4977064220183486
internvl3_earthvqa,InternVL3-8B,EarthVQA,l2_distance,20,21,non_sdc,5364,5364,0,0.0
internvl3_earthvqa,InternVL3-8B,EarthVQA,l2_distance,20,21,non_significant_sdc,1685,1685,0,0.0
internvl3_earthvqa,InternVL3-8B,EarthVQA,l2_distance,20,21,significant_sdc,436,207,229,0.5252293577981652
internvl3_earthvqa,InternVL3-8B,EarthVQA,l2_distance,21,22,non_sdc,5364,5364,0,0.0
internvl3_earthvqa,InternVL3-8B,EarthVQA,l2_distance,21,22,non_significant_sdc,1685,1685,0,0.0
internvl3_earthvqa,InternVL3-8B,EarthVQA,l2_distance,21,22,significant_sdc,436,197,239,0.5481651376146789
internvl3_earthvqa,InternVL3-8B,EarthVQA,l2_distance,22,23,non_sdc,5364,5364,0,0.0
internvl3_earthvqa,InternVL3-8B,EarthVQA,l2_distance,22,23,non_significant_sdc,1685,1685,0,0.0
internvl3_earthvqa,InternVL3-8B,EarthVQA,l2_distance,22,23,significant_sdc,436,179,257,0.5894495412844036
internvl3_earthvqa,InternVL3-8B,EarthVQA,l2_distance,23,24,non_sdc,5364,5364,0,0.0
internvl3_earthvqa,InternVL3-8B,EarthVQA,l2_distance,23,24,non_significant_sdc,1685,1685,0,0.0
internvl3_earthvqa,InternVL3-8B,EarthVQA,l2_distance,23,24,significant_sdc,436,168,268,0.6146788990825688
internvl3_earthvqa,InternVL3-8B,EarthVQA,l2_distance,24,25,non_sdc,5364,5364,0,0.0
internvl3_earthvqa,InternVL3-8B,EarthVQA,l2_distance,24,25,non_significant_sdc,1685,1685,0,0.0
internvl3_earthvqa,InternVL3-8B,EarthVQA,l2_distance,24,25,significant_sdc,436,162,274,0.6284403669724771
internvl3_earthvqa,InternVL3-8B,EarthVQA,l2_distance,25,26,non_sdc,5364,5364,0,0.0
internvl3_earthvqa,InternVL3-8B,EarthVQA,l2_distance,25,26,non_significant_sdc,1685,1685,0,0.0
internvl3_earthvqa,InternVL3-8B,EarthVQA,l2_distance,25,26,significant_sdc,436,151,285,0.6536697247706422
internvl3_earthvqa,InternVL3-8B,EarthVQA,l2_distance,26,27,non_sdc,5364,5364,0,0.0
internvl3_earthvqa,InternVL3-8B,EarthVQA,l2_distance,26,27,non_significant_sdc,1685,1685,0,0.0
internvl3_earthvqa,InternVL3-8B,EarthVQA,l2_distance,26,27,significant_sdc,436,142,294,0.6743119266055047
internvl3_lingoqa,InternVL3-8B,LingoQA,cos_sim,0,1,non_sdc,5762,5762,0,0.0
internvl3_lingoqa,InternVL3-8B,LingoQA,cos_sim,0,1,non_significant_sdc,1293,1293,0,0.0
internvl3_lingoqa,InternVL3-8B,LingoQA,cos_sim,0,1,significant_sdc,433,424,9,0.020785219399538146
internvl3_lingoqa,InternVL3-8B,LingoQA,cos_sim,1,2,non_sdc,5762,5762,0,0.0
internvl3_lingoqa,InternVL3-8B,LingoQA,cos_sim,1,2,non_significant_sdc,1293,1293,0,0.0
internvl3_lingoqa,InternVL3-8B,LingoQA,cos_sim,1,2,significant_sdc,433,414,19,0.04387990762124716
internvl3_lingoqa,InternVL3-8B,LingoQA,cos_sim,2,3,non_sdc,5762,5762,0,0.0
internvl3_lingoqa,InternVL3-8B,LingoQA,cos_sim,2,3,non_significant_sdc,1293,1293,0,0.0
internvl3_lingoqa,InternVL3-8B,LingoQA,cos_sim,2,3,significant_sdc,433,405,28,0.0646651270207852
internvl3_lingoqa,InternVL3-8B,LingoQA,cos_sim,3,4,non_sdc,5762,5762,0,0.0
internvl3_lingoqa,InternVL3-8B,LingoQA,cos_sim,3,4,non_significant_sdc,1293,1293,0,0.0
internvl3_lingoqa,InternVL3-8B,LingoQA,cos_sim,3,4,significant_sdc,433,399,34,0.07852193995381063
internvl3_lingoqa,InternVL3-8B,LingoQA,cos_sim,4,5,non_sdc,5762,5762,0,0.0
internvl3_lingoqa,InternVL3-8B,LingoQA,cos_sim,4,5,non_significant_sdc,1293,1293,0,0.0
internvl3_lingoqa,InternVL3-8B,LingoQA,cos_sim,4,5,significant_sdc,433,387,46,0.10623556581986138
internvl3_lingoqa,InternVL3-8B,LingoQA,cos_sim,5,6,non_sdc,5762,5762,0,0.0
internvl3_lingoqa,InternVL3-8B,LingoQA,cos_sim,5,6,non_significant_sdc,1293,1293,0,0.0
internvl3_lingoqa,InternVL3-8B,LingoQA,cos_sim,5,6,significant_sdc,433,378,55,0.12702078521939952
internvl3_lingoqa,InternVL3-8B,LingoQA,cos_sim,6,7,non_sdc,5762,5762,0,0.0
internvl3_lingoqa,InternVL3-8B,LingoQA,cos_sim,6,7,non_significant_sdc,1293,1293,0,0.0
internvl3_lingoqa,InternVL3-8B,LingoQA,cos_sim,6,7,significant_sdc,433,366,67,0.15473441108545039
internvl3_lingoqa,InternVL3-8B,LingoQA,cos_sim,7,8,non_sdc,5762,5762,0,0.0
internvl3_lingoqa,InternVL3-8B,LingoQA,cos_sim,7,8,non_significant_sdc,1293,1293,0,0.0
internvl3_lingoqa,InternVL3-8B,LingoQA,cos_sim,7,8,significant_sdc,433,362,71,0.16397228637413397
internvl3_lingoqa,InternVL3-8B,LingoQA,cos_sim,8,9,non_sdc,5762,5762,0,0.0
internvl3_lingoqa,InternVL3-8B,LingoQA,cos_sim,8,9,non_significant_sdc,1293,1293,0,0.0
internvl3_lingoqa,InternVL3-8B,LingoQA,cos_sim,8,9,significant_sdc,433,344,89,0.20554272517321015
internvl3_lingoqa,InternVL3-8B,LingoQA,cos_sim,9,10,non_sdc,5762,5762,0,0.0
internvl3_lingoqa,InternVL3-8B,LingoQA,cos_sim,9,10,non_significant_sdc,1293,1293,0,0.0
internvl3_lingoqa,InternVL3-8B,LingoQA,cos_sim,9,10,significant_sdc,433,335,98,0.2263279445727483
internvl3_lingoqa,InternVL3-8B,LingoQA,cos_sim,10,11,non_sdc,5762,5762,0,0.0
internvl3_lingoqa,InternVL3-8B,LingoQA,cos_sim,10,11,non_significant_sdc,1293,1293,0,0.0
internvl3_lingoqa,InternVL3-8B,LingoQA,cos_sim,10,11,significant_sdc,433,322,111,0.25635103926097
internvl3_lingoqa,InternVL3-8B,LingoQA,cos_sim,11,12,non_sdc,5762,5762,0,0.0
internvl3_lingoqa,InternVL3-8B,LingoQA,cos_sim,11,12,non_significant_sdc,1293,1293,0,0.0
internvl3_lingoqa,InternVL3-8B,LingoQA,cos_sim,11,12,significant_sdc,433,314,119,0.2748267898383372
internvl3_lingoqa,InternVL3-8B,LingoQA,cos_sim,12,13,non_sdc,5762,5762,0,0.0
internvl3_lingoqa,InternVL3-8B,LingoQA,cos_sim,12,13,non_significant_sdc,1293,1293,0,0.0
internvl3_lingoqa,InternVL3-8B,LingoQA,cos_sim,12,13,significant_sdc,433,300,133,0.3071593533487298
internvl3_lingoqa,InternVL3-8B,LingoQA,cos_sim,13,14,non_sdc,5762,5762,0,0.0
internvl3_lingoqa,InternVL3-8B,LingoQA,cos_sim,13,14,non_significant_sdc,1293,1293,0,0.0
internvl3_lingoqa,InternVL3-8B,LingoQA,cos_sim,13,14,significant_sdc,433,294,139,0.3210161662817552
internvl3_lingoqa,InternVL3-8B,LingoQA,cos_sim,14,15,non_sdc,5762,5762,0,0.0
internvl3_lingoqa,InternVL3-8B,LingoQA,cos_sim,14,15,non_significant_sdc,1293,1293,0,0.0
internvl3_lingoqa,InternVL3-8B,LingoQA,cos_sim,14,15,significant_sdc,433,280,153,0.3533487297921478
internvl3_lingoqa,InternVL3-8B,LingoQA,cos_sim,15,16,non_sdc,5762,5762,0,0.0
internvl3_lingoqa,InternVL3-8B,LingoQA,cos_sim,15,16,non_significant_sdc,1293,1293,0,0.0
internvl3_lingoqa,InternVL3-8B,LingoQA,cos_sim,15,16,significant_sdc,433,275,158,0.36489607390300227
internvl3_lingoqa,InternVL3-8B,LingoQA,cos_sim,16,17,non_sdc,5762,5762,0,0.0
internvl3_lingoqa,InternVL3-8B,LingoQA,cos_sim,16,17,non_significant_sdc,1293,1293,0,0.0
internvl3_lingoqa,InternVL3-8B,LingoQA,cos_sim,16,17,significant_sdc,433,252,181,0.418013856812933
internvl3_lingoqa,InternVL3-8B,LingoQA,cos_sim,17,18,non_sdc,5762,5762,0,0.0
internvl3_lingoqa,InternVL3-8B,LingoQA,cos_sim,17,18,non_significant_sdc,1293,1293,0,0.0
internvl3_lingoqa,InternVL3-8B,LingoQA,cos_sim,17,18,significant_sdc,433,241,192,0.4434180138568129
internvl3_lingoqa,InternVL3-8B,LingoQA,cos_sim,18,19,non_sdc,5762,5762,0,0.0
internvl3_lingoqa,InternVL3-8B,LingoQA,cos_sim,18,19,non_significant_sdc,1293,1293,0,0.0
internvl3_lingoqa,InternVL3-8B,LingoQA,cos_sim,18,19,significant_sdc,433,233,200,0.4618937644341802
internvl3_lingoqa,InternVL3-8B,LingoQA,cos_sim,19,20,non_sdc,5762,5762,0,0.0
internvl3_lingoqa,InternVL3-8B,LingoQA,cos_sim,19,20,non_significant_sdc,1293,1293,0,0.0
internvl3_lingoqa,InternVL3-8B,LingoQA,cos_sim,19,20,significant_sdc,433,217,216,0.4988452655889145
internvl3_lingoqa,InternVL3-8B,LingoQA,cos_sim,20,21,non_sdc,5762,5762,0,0.0
internvl3_lingoqa,InternVL3-8B,LingoQA,cos_sim,20,21,non_significant_sdc,1293,1293,0,0.0
internvl3_lingoqa,InternVL3-8B,LingoQA,cos_sim,20,21,significant_sdc,433,215,218,0.5034642032332564
internvl3_lingoqa,InternVL3-8B,LingoQA,cos_sim,21,22,non_sdc,5762,5762,0,0.0
internvl3_lingoqa,InternVL3-8B,LingoQA,cos_sim,21,22,non_significant_sdc,1293,1293,0,0.0
internvl3_lingoqa,InternVL3-8B,LingoQA,cos_sim,21,22,significant_sdc,433,201,232,0.535796766743649
internvl3_lingoqa,InternVL3-8B,LingoQA,cos_sim,22,23,non_sdc,5762,5762,0,0.0
internvl3_lingoqa,InternVL3-8B,LingoQA,cos_sim,22,23,non_significant_sdc,1293,1293,0,0.0
internvl3_lingoqa,InternVL3-8B,LingoQA,cos_sim,22,23,significant_sdc,433,199,234,0.5404157043879907
internvl3_lingoqa,InternVL3-8B,LingoQA,cos_sim,23,24,non_sdc,5762,5762,0,0.0
internvl3_lingoqa,InternVL3-8B,LingoQA,cos_sim,23,24,non_significant_sdc,1293,1293,0,0.0
internvl3_lingoqa,InternVL3-8B,LingoQA,cos_sim,23,24,significant_sdc,433,180,253,0.5842956120092379
internvl3_lingoqa,InternVL3-8B,LingoQA,cos_sim,24,25,non_sdc,5762,5762,0,0.0
internvl3_lingoqa,InternVL3-8B,LingoQA,cos_sim,24,25,non_significant_sdc,1293,1293,0,0.0
internvl3_lingoqa,InternVL3-8B,LingoQA,cos_sim,24,25,significant_sdc,433,163,270,0.6235565819861432
internvl3_lingoqa,InternVL3-8B,LingoQA,cos_sim,25,26,non_sdc,5762,5762,0,0.0
internvl3_lingoqa,InternVL3-8B,LingoQA,cos_sim,25,26,non_significant_sdc,1293,1293,0,0.0
internvl3_lingoqa,InternVL3-8B,LingoQA,cos_sim,25,26,significant_sdc,433,160,273,0.6304849884526559
internvl3_lingoqa,InternVL3-8B,LingoQA,cos_sim,26,27,non_sdc,5762,5762,0,0.0
internvl3_lingoqa,InternVL3-8B,LingoQA,cos_sim,26,27,non_significant_sdc,1293,1293,0,0.0
internvl3_lingoqa,InternVL3-8B,LingoQA,cos_sim,26,27,significant_sdc,433,146,287,0.6628175519630485
internvl3_lingoqa,InternVL3-8B,LingoQA,abs_mean_diff,0,1,non_sdc,5762,5762,0,0.0
internvl3_lingoqa,InternVL3-8B,LingoQA,abs_mean_diff,0,1,non_significant_sdc,1293,1293,0,0.0
internvl3_lingoqa,InternVL3-8B,LingoQA,abs_mean_diff,0,1,significant_sdc,433,424,9,0.020785219399538146
internvl3_lingoqa,InternVL3-8B,LingoQA,abs_mean_diff,1,2,non_sdc,5762,5762,0,0.0
internvl3_lingoqa,InternVL3-8B,LingoQA,abs_mean_diff,1,2,non_significant_sdc,1293,1293,0,0.0
internvl3_lingoqa,InternVL3-8B,LingoQA,abs_mean_diff,1,2,significant_sdc,433,414,19,0.04387990762124716
internvl3_lingoqa,InternVL3-8B,LingoQA,abs_mean_diff,2,3,non_sdc,5762,5762,0,0.0
internvl3_lingoqa,InternVL3-8B,LingoQA,abs_mean_diff,2,3,non_significant_sdc,1293,1293,0,0.0
internvl3_lingoqa,InternVL3-8B,LingoQA,abs_mean_diff,2,3,significant_sdc,433,405,28,0.0646651270207852
internvl3_lingoqa,InternVL3-8B,LingoQA,abs_mean_diff,3,4,non_sdc,5762,5762,0,0.0
internvl3_lingoqa,InternVL3-8B,LingoQA,abs_mean_diff,3,4,non_significant_sdc,1293,1293,0,0.0
internvl3_lingoqa,InternVL3-8B,LingoQA,abs_mean_diff,3,4,significant_sdc,433,399,34,0.07852193995381063
internvl3_lingoqa,InternVL3-8B,LingoQA,abs_mean_diff,4,5,non_sdc,5762,5762,0,0.0
internvl3_lingoqa,InternVL3-8B,LingoQA,abs_mean_diff,4,5,non_significant_sdc,1293,1293,0,0.0
internvl3_lingoqa,InternVL3-8B,LingoQA,abs_mean_diff,4,5,significant_sdc,433,387,46,0.10623556581986138
internvl3_lingoqa,InternVL3-8B,LingoQA,abs_mean_diff,5,6,non_sdc,5762,5762,0,0.0
internvl3_lingoqa,InternVL3-8B,LingoQA,abs_mean_diff,5,6,non_significant_sdc,1293,1293,0,0.0
internvl3_lingoqa,InternVL3-8B,LingoQA,abs_mean_diff,5,6,significant_sdc,433,378,55,0.12702078521939952
internvl3_lingoqa,InternVL3-8B,LingoQA,abs_mean_diff,6,7,non_sdc,5762,5762,0,0.0
internvl3_lingoqa,InternVL3-8B,LingoQA,abs_mean_diff,6,7,non_significant_sdc,1293,1293,0,0.0
internvl3_lingoqa,InternVL3-8B,LingoQA,abs_mean_diff,6,7,significant_sdc,433,366,67,0.15473441108545039
internvl3_lingoqa,InternVL3-8B,LingoQA,abs_mean_diff,7,8,non_sdc,5762,5762,0,0.0
internvl3_lingoqa,InternVL3-8B,LingoQA,abs_mean_diff,7,8,non_significant_sdc,1293,1293,0,0.0
internvl3_lingoqa,InternVL3-8B,LingoQA,abs_mean_diff,7,8,significant_sdc,433,362,71,0.16397228637413397
internvl3_lingoqa,InternVL3-8B,LingoQA,abs_mean_diff,8,9,non_sdc,5762,5762,0,0.0
internvl3_lingoqa,InternVL3-8B,LingoQA,abs_mean_diff,8,9,non_significant_sdc,1293,1293,0,0.0
internvl3_lingoqa,InternVL3-8B,LingoQA,abs_mean_diff,8,9,significant_sdc,433,344,89,0.20554272517321015
internvl3_lingoqa,InternVL3-8B,LingoQA,abs_mean_diff,9,10,non_sdc,5762,5762,0,0.0
internvl3_lingoqa,InternVL3-8B,LingoQA,abs_mean_diff,9,10,non_significant_sdc,1293,1293,0,0.0
internvl3_lingoqa,InternVL3-8B,LingoQA,abs_mean_diff,9,10,significant_sdc,433,335,98,0.2263279445727483
internvl3_lingoqa,InternVL3-8B,LingoQA,abs_mean_diff,10,11,non_sdc,5762,5762,0,0.0
internvl3_lingoqa,InternVL3-8B,LingoQA,abs_mean_diff,10,11,non_significant_sdc,1293,1293,0,0.0
internvl3_lingoqa,InternVL3-8B,LingoQA,abs_mean_diff,10,11,significant_sdc,433,322,111,0.25635103926097
internvl3_lingoqa,InternVL3-8B,LingoQA,abs_mean_diff,11,12,non_sdc,5762,5762,0,0.0
internvl3_lingoqa,InternVL3-8B,LingoQA,abs_mean_diff,11,12,non_significant_sdc,1293,1293,0,0.0
internvl3_lingoqa,InternVL3-8B,LingoQA,abs_mean_diff,11,12,significant_sdc,433,314,119,0.2748267898383372
internvl3_lingoqa,InternVL3-8B,LingoQA,abs_mean_diff,12,13,non_sdc,5762,5762,0,0.0
internvl3_lingoqa,InternVL3-8B,LingoQA,abs_mean_diff,12,13,non_significant_sdc,1293,1293,0,0.0
internvl3_lingoqa,InternVL3-8B,LingoQA,abs_mean_diff,12,13,significant_sdc,433,300,133,0.3071593533487298
internvl3_lingoqa,InternVL3-8B,LingoQA,abs_mean_diff,13,14,non_sdc,5762,5762,0,0.0
internvl3_lingoqa,InternVL3-8B,LingoQA,abs_mean_diff,13,14,non_significant_sdc,1293,1293,0,0.0
internvl3_lingoqa,InternVL3-8B,LingoQA,abs_mean_diff,13,14,significant_sdc,433,294,139,0.3210161662817552
internvl3_lingoqa,InternVL3-8B,LingoQA,abs_mean_diff,14,15,non_sdc,5762,5762,0,0.0
internvl3_lingoqa,InternVL3-8B,LingoQA,abs_mean_diff,14,15,non_significant_sdc,1293,1293,0,0.0
internvl3_lingoqa,InternVL3-8B,LingoQA,abs_mean_diff,14,15,significant_sdc,433,280,153,0.3533487297921478
internvl3_lingoqa,InternVL3-8B,LingoQA,abs_mean_diff,15,16,non_sdc,5762,5762,0,0.0
internvl3_lingoqa,InternVL3-8B,LingoQA,abs_mean_diff,15,16,non_significant_sdc,1293,1293,0,0.0
internvl3_lingoqa,InternVL3-8B,LingoQA,abs_mean_diff,15,16,significant_sdc,433,275,158,0.36489607390300227
internvl3_lingoqa,InternVL3-8B,LingoQA,abs_mean_diff,16,17,non_sdc,5762,5762,0,0.0
internvl3_lingoqa,InternVL3-8B,LingoQA,abs_mean_diff,16,17,non_significant_sdc,1293,1293,0,0.0
internvl3_lingoqa,InternVL3-8B,LingoQA,abs_mean_diff,16,17,significant_sdc,433,252,181,0.418013856812933
internvl3_lingoqa,InternVL3-8B,LingoQA,abs_mean_diff,17,18,non_sdc,5762,5762,0,0.0
internvl3_lingoqa,InternVL3-8B,LingoQA,abs_mean_diff,17,18,non_significant_sdc,1293,1293,0,0.0
internvl3_lingoqa,InternVL3-8B,LingoQA,abs_mean_diff,17,18,significant_sdc,433,241,192,0.4434180138568129
internvl3_lingoqa,InternVL3-8B,LingoQA,abs_mean_diff,18,19,non_sdc,5762,5762,0,0.0
internvl3_lingoqa,InternVL3-8B,LingoQA,abs_mean_diff,18,19,non_significant_sdc,1293,1293,0,0.0
internvl3_lingoqa,InternVL3-8B,LingoQA,abs_mean_diff,18,19,significant_sdc,433,233,200,0.4618937644341802
internvl3_lingoqa,InternVL3-8B,LingoQA,abs_mean_diff,19,20,non_sdc,5762,5762,0,0.0
internvl3_lingoqa,InternVL3-8B,LingoQA,abs_mean_diff,19,20,non_significant_sdc,1293,1293,0,0.0
internvl3_lingoqa,InternVL3-8B,LingoQA,abs_mean_diff,19,20,significant_sdc,433,217,216,0.4988452655889145
internvl3_lingoqa,InternVL3-8B,LingoQA,abs_mean_diff,20,21,non_sdc,5762,5762,0,0.0
internvl3_lingoqa,InternVL3-8B,LingoQA,abs_mean_diff,20,21,non_significant_sdc,1293,1293,0,0.0
internvl3_lingoqa,InternVL3-8B,LingoQA,abs_mean_diff,20,21,significant_sdc,433,215,218,0.5034642032332564
internvl3_lingoqa,InternVL3-8B,LingoQA,abs_mean_diff,21,22,non_sdc,5762,5762,0,0.0
internvl3_lingoqa,InternVL3-8B,LingoQA,abs_mean_diff,21,22,non_significant_sdc,1293,1293,0,0.0
internvl3_lingoqa,InternVL3-8B,LingoQA,abs_mean_diff,21,22,significant_sdc,433,201,232,0.535796766743649
internvl3_lingoqa,InternVL3-8B,LingoQA,abs_mean_diff,22,23,non_sdc,5762,5762,0,0.0
internvl3_lingoqa,InternVL3-8B,LingoQA,abs_mean_diff,22,23,non_significant_sdc,1293,1293,0,0.0
internvl3_lingoqa,InternVL3-8B,LingoQA,abs_mean_diff,22,23,significant_sdc,433,199,234,0.5404157043879907
internvl3_lingoqa,InternVL3-8B,LingoQA,abs_mean_diff,23,24,non_sdc,5762,5762,0,0.0
internvl3_lingoqa,InternVL3-8B,LingoQA,abs_mean_diff,23,24,non_significant_sdc,1293,1293,0,0.0
internvl3_lingoqa,InternVL3-8B,LingoQA,abs_mean_diff,23,24,significant_sdc,433,180,253,0.5842956120092379
internvl3_lingoqa,InternVL3-8B,LingoQA,abs_mean_diff,24,25,non_sdc,5762,5762,0,0.0
internvl3_lingoqa,InternVL3-8B,LingoQA,abs_mean_diff,24,25,non_significant_sdc,1293,1293,0,0.0
internvl3_lingoqa,InternVL3-8B,LingoQA,abs_mean_diff,24,25,significant_sdc,433,163,270,0.6235565819861432
internvl3_lingoqa,InternVL3-8B,LingoQA,abs_mean_diff,25,26,non_sdc,5762,5762,0,0.0
internvl3_lingoqa,InternVL3-8B,LingoQA,abs_mean_diff,25,26,non_significant_sdc,1293,1293,0,0.0
internvl3_lingoqa,InternVL3-8B,LingoQA,abs_mean_diff,25,26,significant_sdc,433,160,273,0.6304849884526559
internvl3_lingoqa,InternVL3-8B,LingoQA,abs_mean_diff,26,27,non_sdc,5762,5762,0,0.0
internvl3_lingoqa,InternVL3-8B,LingoQA,abs_mean_diff,26,27,non_significant_sdc,1293,1293,0,0.0
internvl3_lingoqa,InternVL3-8B,LingoQA,abs_mean_diff,26,27,significant_sdc,433,146,287,0.6628175519630485
internvl3_lingoqa,InternVL3-8B,LingoQA,abs_std_diff,0,1,non_sdc,5762,5762,0,0.0
internvl3_lingoqa,InternVL3-8B,LingoQA,abs_std_diff,0,1,non_significant_sdc,1293,1293,0,0.0
internvl3_lingoqa,InternVL3-8B,LingoQA,abs_std_diff,0,1,significant_sdc,433,424,9,0.020785219399538146
internvl3_lingoqa,InternVL3-8B,LingoQA,abs_std_diff,1,2,non_sdc,5762,5762,0,0.0
internvl3_lingoqa,InternVL3-8B,LingoQA,abs_std_diff,1,2,non_significant_sdc,1293,1293,0,0.0
internvl3_lingoqa,InternVL3-8B,LingoQA,abs_std_diff,1,2,significant_sdc,433,414,19,0.04387990762124716
internvl3_lingoqa,InternVL3-8B,LingoQA,abs_std_diff,2,3,non_sdc,5762,5762,0,0.0
internvl3_lingoqa,InternVL3-8B,LingoQA,abs_std_diff,2,3,non_significant_sdc,1293,1293,0,0.0
internvl3_lingoqa,InternVL3-8B,LingoQA,abs_std_diff,2,3,significant_sdc,433,405,28,0.0646651270207852
internvl3_lingoqa,InternVL3-8B,LingoQA,abs_std_diff,3,4,non_sdc,5762,5762,0,0.0
internvl3_lingoqa,InternVL3-8B,LingoQA,abs_std_diff,3,4,non_significant_sdc,1293,1293,0,0.0
internvl3_lingoqa,InternVL3-8B,LingoQA,abs_std_diff,3,4,significant_sdc,433,399,34,0.07852193995381063
internvl3_lingoqa,InternVL3-8B,LingoQA,abs_std_diff,4,5,non_sdc,5762,5762,0,0.0
internvl3_lingoqa,InternVL3-8B,LingoQA,abs_std_diff,4,5,non_significant_sdc,1293,1293,0,0.0
internvl3_lingoqa,InternVL3-8B,LingoQA,abs_std_diff,4,5,significant_sdc,433,387,46,0.10623556581986138
internvl3_lingoqa,InternVL3-8B,LingoQA,abs_std_diff,5,6,non_sdc,5762,5762,0,0.0
internvl3_lingoqa,InternVL3-8B,LingoQA,abs_std_diff,5,6,non_significant_sdc,1293,1293,0,0.0
internvl3_lingoqa,InternVL3-8B,LingoQA,abs_std_diff,5,6,significant_sdc,433,378,55,0.12702078521939952
internvl3_lingoqa,InternVL3-8B,LingoQA,abs_std_diff,6,7,non_sdc,5762,5762,0,0.0
internvl3_lingoqa,InternVL3-8B,LingoQA,abs_std_diff,6,7,non_significant_sdc,1293,1293,0,0.0
internvl3_lingoqa,InternVL3-8B,LingoQA,abs_std_diff,6,7,significant_sdc,433,366,67,0.15473441108545039
internvl3_lingoqa,InternVL3-8B,LingoQA,abs_std_diff,7,8,non_sdc,5762,5762,0,0.0
internvl3_lingoqa,InternVL3-8B,LingoQA,abs_std_diff,7,8,non_significant_sdc,1293,1293,0,0.0
internvl3_lingoqa,InternVL3-8B,LingoQA,abs_std_diff,7,8,significant_sdc,433,362,71,0.16397228637413397
internvl3_lingoqa,InternVL3-8B,LingoQA,abs_std_diff,8,9,non_sdc,5762,5762,0,0.0
internvl3_lingoqa,InternVL3-8B,LingoQA,abs_std_diff,8,9,non_significant_sdc,1293,1293,0,0.0
internvl3_lingoqa,InternVL3-8B,LingoQA,abs_std_diff,8,9,significant_sdc,433,344,89,0.20554272517321015
internvl3_lingoqa,InternVL3-8B,LingoQA,abs_std_diff,9,10,non_sdc,5762,5762,0,0.0
internvl3_lingoqa,InternVL3-8B,LingoQA,abs_std_diff,9,10,non_significant_sdc,1293,1293,0,0.0
internvl3_lingoqa,InternVL3-8B,LingoQA,abs_std_diff,9,10,significant_sdc,433,335,98,0.2263279445727483
internvl3_lingoqa,InternVL3-8B,LingoQA,abs_std_diff,10,11,non_sdc,5762,5762,0,0.0
internvl3_lingoqa,InternVL3-8B,LingoQA,abs_std_diff,10,11,non_significant_sdc,1293,1293,0,0.0
internvl3_lingoqa,InternVL3-8B,LingoQA,abs_std_diff,10,11,significant_sdc,433,322,111,0.25635103926097
internvl3_lingoqa,InternVL3-8B,LingoQA,abs_std_diff,11,12,non_sdc,5762,5762,0,0.0
internvl3_lingoqa,InternVL3-8B,LingoQA,abs_std_diff,11,12,non_significant_sdc,1293,1293,0,0.0
internvl3_lingoqa,InternVL3-8B,LingoQA,abs_std_diff,11,12,significant_sdc,433,314,119,0.2748267898383372
internvl3_lingoqa,InternVL3-8B,LingoQA,abs_std_diff,12,13,non_sdc,5762,5762,0,0.0
internvl3_lingoqa,InternVL3-8B,LingoQA,abs_std_diff,12,13,non_significant_sdc,1293,1293,0,0.0
internvl3_lingoqa,InternVL3-8B,LingoQA,abs_std_diff,12,13,significant_sdc,433,300,133,0.3071593533487298
internvl3_lingoqa,InternVL3-8B,LingoQA,abs_std_diff,13,14,non_sdc,5762,5762,0,0.0
internvl3_lingoqa,InternVL3-8B,LingoQA,abs_std_diff,13,14,non_significant_sdc,1293,1293,0,0.0
internvl3_lingoqa,InternVL3-8B,LingoQA,abs_std_diff,13,14,significant_sdc,433,294,139,0.3210161662817552
internvl3_lingoqa,InternVL3-8B,LingoQA,abs_std_diff,14,15,non_sdc,5762,5762,0,0.0
internvl3_lingoqa,InternVL3-8B,LingoQA,abs_std_diff,14,15,non_significant_sdc,1293,1293,0,0.0
internvl3_lingoqa,InternVL3-8B,LingoQA,abs_std_diff,14,15,significant_sdc,433,280,153,0.3533487297921478
internvl3_lingoqa,InternVL3-8B,LingoQA,abs_std_diff,15,16,non_sdc,5762,5762,0,0.0
internvl3_lingoqa,InternVL3-8B,LingoQA,abs_std_diff,15,16,non_significant_sdc,1293,1293,0,0.0
internvl3_lingoqa,InternVL3-8B,LingoQA,abs_std_diff,15,16,significant_sdc,433,275,158,0.36489607390300227
internvl3_lingoqa,InternVL3-8B,LingoQA,abs_std_diff,16,17,non_sdc,5762,5762,0,0.0
internvl3_lingoqa,InternVL3-8B,LingoQA,abs_std_diff,16,17,non_significant_sdc,1293,1293,0,0.0
internvl3_lingoqa,InternVL3-8B,LingoQA,abs_std_diff,16,17,significant_sdc,433,252,181,0.418013856812933
internvl3_lingoqa,InternVL3-8B,LingoQA,abs_std_diff,17,18,non_sdc,5762,5762,0,0.0
internvl3_lingoqa,InternVL3-8B,LingoQA,abs_std_diff,17,18,non_significant_sdc,1293,1293,0,0.0
internvl3_lingoqa,InternVL3-8B,LingoQA,abs_std_diff,17,18,significant_sdc,433,241,192,0.4434180138568129
internvl3_lingoqa,InternVL3-8B,LingoQA,abs_std_diff,18,19,non_sdc,5762,5762,0,0.0
internvl3_lingoqa,InternVL3-8B,LingoQA,abs_std_diff,18,19,non_significant_sdc,1293,1293,0,0.0
internvl3_lingoqa,InternVL3-8B,LingoQA,abs_std_diff,18,19,significant_sdc,433,233,200,0.4618937644341802
internvl3_lingoqa,InternVL3-8B,LingoQA,abs_std_diff,19,20,non_sdc,5762,5762,0,0.0
internvl3_lingoqa,InternVL3-8B,LingoQA,abs_std_diff,19,20,non_significant_sdc,1293,1293,0,0.0
internvl3_lingoqa,InternVL3-8B,LingoQA,abs_std_diff,19,20,significant_sdc,433,217,216,0.4988452655889145
internvl3_lingoqa,InternVL3-8B,LingoQA,abs_std_diff,20,21,non_sdc,5762,5762,0,0.0
internvl3_lingoqa,InternVL3-8B,LingoQA,abs_std_diff,20,21,non_significant_sdc,1293,1293,0,0.0
internvl3_lingoqa,InternVL3-8B,LingoQA,abs_std_diff,20,21,significant_sdc,433,215,218,0.5034642032332564
internvl3_lingoqa,InternVL3-8B,LingoQA,abs_std_diff,21,22,non_sdc,5762,5762,0,0.0
internvl3_lingoqa,InternVL3-8B,LingoQA,abs_std_diff,21,22,non_significant_sdc,1293,1293,0,0.0
internvl3_lingoqa,InternVL3-8B,LingoQA,abs_std_diff,21,22,significant_sdc,433,201,232,0.535796766743649
internvl3_lingoqa,InternVL3-8B,LingoQA,abs_std_diff,22,23,non_sdc,5762,5762,0,0.0
internvl3_lingoqa,InternVL3-8B,LingoQA,abs_std_diff,22,23,non_significant_sdc,1293,1293,0,0.0
internvl3_lingoqa,InternVL3-8B,LingoQA,abs_std_diff,22,23,significant_sdc,433,199,234,0.5404157043879907
internvl3_lingoqa,InternVL3-8B,LingoQA,abs_std_diff,23,24,non_sdc,5762,5762,0,0.0
internvl3_lingoqa,InternVL3-8B,LingoQA,abs_std_diff,23,24,non_significant_sdc,1293,1293,0,0.0
internvl3_lingoqa,InternVL3-8B,LingoQA,abs_std_diff,23,24,significant_sdc,433,180,253,0.5842956120092379
internvl3_lingoqa,InternVL3-8B,LingoQA,abs_std_diff,24,25,non_sdc,5762,5762,0,0.0
internvl3_lingoqa,InternVL3-8B,LingoQA,abs_std_diff,24,25,non_significant_sdc,1293,1293,0,0.0
internvl3_lingoqa,InternVL3-8B,LingoQA,abs_std_diff,24,25,significant_sdc,433,163,270,0.6235565819861432
internvl3_lingoqa,InternVL3-8B,LingoQA,abs_std_diff,25,26,non_sdc,5762,5762,0,0.0
internvl3_lingoqa,InternVL3-8B,LingoQA,abs_std_diff,25,26,non_significant_sdc,1293,1293,0,0.0
internvl3_lingoqa,InternVL3-8B,LingoQA,abs_std_diff,25,26,significant_sdc,433,160,273,0.6304849884526559
internvl3_lingoqa,InternVL3-8B,LingoQA,abs_std_diff,26,27,non_sdc,5762,5762,0,0.0
internvl3_lingoqa,InternVL3-8B,LingoQA,abs_std_diff,26,27,non_significant_sdc,1293,1293,0,0.0
internvl3_lingoqa,InternVL3-8B,LingoQA,abs_std_diff,26,27,significant_sdc,433,146,287,0.6628175519630485
internvl3_lingoqa,InternVL3-8B,LingoQA,l2_distance,0,1,non_sdc,5762,5762,0,0.0
internvl3_lingoqa,InternVL3-8B,LingoQA,l2_distance,0,1,non_significant_sdc,1293,1293,0,0.0
internvl3_lingoqa,InternVL3-8B,LingoQA,l2_distance,0,1,significant_sdc,433,418,15,0.034642032332563466
internvl3_lingoqa,InternVL3-8B,LingoQA,l2_distance,1,2,non_sdc,5762,5762,0,0.0
internvl3_lingoqa,InternVL3-8B,LingoQA,l2_distance,1,2,non_significant_sdc,1293,1293,0,0.0
internvl3_lingoqa,InternVL3-8B,LingoQA,l2_distance,1,2,significant_sdc,433,408,25,0.05773672055427248
internvl3_lingoqa,InternVL3-8B,LingoQA,l2_distance,2,3,non_sdc,5762,5762,0,0.0
internvl3_lingoqa,InternVL3-8B,LingoQA,l2_distance,2,3,non_significant_sdc,1293,1293,0,0.0
internvl3_lingoqa,InternVL3-8B,LingoQA,l2_distance,2,3,significant_sdc,433,401,32,0.07390300230946878
internvl3_lingoqa,InternVL3-8B,LingoQA,l2_distance,3,4,non_sdc,5762,5762,0,0.0
internvl3_lingoqa,InternVL3-8B,LingoQA,l2_distance,3,4,non_significant_sdc,1293,1293,0,0.0
internvl3_lingoqa,InternVL3-8B,LingoQA,l2_distance,3,4,significant_sdc,433,393,40,0.09237875288683606
internvl3_lingoqa,InternVL3-8B,LingoQA,l2_distance,4,5,non_sdc,5762,5762,0,0.0
internvl3_lingoqa,InternVL3-8B,LingoQA,l2_distance,4,5,non_significant_sdc,1293,1293,0,0.0
internvl3_lingoqa,InternVL3-8B,LingoQA,l2_distance,4,5,significant_sdc,433,384,49,0.11316397228637409
internvl3_lingoqa,InternVL3-8B,LingoQA,l2_distance,5,6,non_sdc,5762,5762,0,0.0
internvl3_lingoqa,InternVL3-8B,LingoQA,l2_distance,5,6,non_significant_sdc,1293,1293,0,0.0
internvl3_lingoqa,InternVL3-8B,LingoQA,l2_distance,5,6,significant_sdc,433,372,61,0.14087759815242495
internvl3_lingoqa,InternVL3-8B,LingoQA,l2_distance,6,7,non_sdc,5762,5762,0,0.0
internvl3_lingoqa,InternVL3-8B,LingoQA,l2_distance,6,7,non_significant_sdc,1293,1293,0,0.0
internvl3_lingoqa,InternVL3-8B,LingoQA,l2_distance,6,7,significant_sdc,433,361,72,0.16628175519630484
internvl3_lingoqa,InternVL3-8B,LingoQA,l2_distance,7,8,non_sdc,5762,5762,0,0.0
internvl3_lingoqa,InternVL3-8B,LingoQA,l2_distance,7,8,non_significant_sdc,1293,1293,0,0.0
internvl3_lingoqa,InternVL3-8B,LingoQA,l2_distance,7,8,significant_sdc,433,352,81,0.18706697459584298
internvl3_lingoqa,InternVL3-8B,LingoQA,l2_distance,8,9,non_sdc,5762,5762,0,0.0
internvl3_lingoqa,InternVL3-8B,LingoQA,l2_distance,8,9,non_significant_sdc,1293,1293,0,0.0
internvl3_lingoqa,InternVL3-8B,LingoQA,l2_distance,8,9,significant_sdc,433,339,94,0.2170900692840647
internvl3_lingoqa,InternVL3-8B,LingoQA,l2_distance,9,10,non_sdc,5762,5762,0,0.0
internvl3_lingoqa,InternVL3-8B,LingoQA,l2_distance,9,10,non_significant_sdc,1293,1293,0,0.0
internvl3_lingoqa,InternVL3-8B,LingoQA,l2_distance,9,10,significant_sdc,433,328,105,0.2424942263279446
internvl3_lingoqa,InternVL3-8B,LingoQA,l2_distance,10,11,non_sdc,5762,5762,0,0.0
internvl3_lingoqa,InternVL3-8B,LingoQA,l2_distance,10,11,non_significant_sdc,1293,1293,0,0.0
internvl3_lingoqa,InternVL3-8B,LingoQA,l2_distance,10,11,significant_sdc,433,318,115,0.2655889145496536
internvl3_lingoqa,InternVL3-8B,LingoQA,l2_distance,11,12,non_sdc,5762,5762,0,0.0
internvl3_lingoqa,InternVL3-8B,LingoQA,l2_distance,11,12,non_significant_sdc,1293,1293,0,0.0
internvl3_lingoqa,InternVL3-8B,LingoQA,l2_distance,11,12,significant_sdc,433,309,124,0.28637413394919164
internvl3_lingoqa,InternVL3-8B,LingoQA,l2_distance,12,13,non_sdc,5762,5762,0,0.0
internvl3_lingoqa,InternVL3-8B,LingoQA,l2_distance,12,13,non_significant_sdc,1293,1293,0,0.0
internvl3_lingoqa,InternVL3-8B,LingoQA,l2_distance,12,13,significant_sdc,433,298,135,0.31177829099307164
internvl3_lingoqa,InternVL3-8B,LingoQA,l2_distance,13,14,non_sdc,5762,5762,0,0.0
internvl3_lingoqa,InternVL3-8B,LingoQA,l2_distance,13,14,non_significant_sdc,1293,1293,0,0.0
internvl3_lingoqa,InternVL3-8B,LingoQA,l2_distance,13,14,significant_sdc,433,290,143,0.3302540415704388
internvl3_lingoqa,InternVL3-8B,LingoQA,l2_distance,14,15,non_sdc,5762,5762,0,0.0
internvl3_lingoqa,InternVL3-8B,LingoQA,l2_distance,14,15,non_significant_sdc,1293,1293,0,0.0
internvl3_lingoqa,InternVL3-8B,LingoQA,l2_distance,14,15,significant_sdc,433,279,154,0.3556581986143187
internvl3_lingoqa,InternVL3-8B,LingoQA,l2_distance,15,16,non_sdc,5762,5762,0,0.0
internvl3_lingoqa,InternVL3-8B,LingoQA,l2_distance,15,16,non_significant_sdc,1293,1293,0,0.0
internvl3_lingoqa,InternVL3-8B,LingoQA,l2_distance,15,16,significant_sdc,433,272,161,0.371824480369515
internvl3_lingoqa,InternVL3-8B,LingoQA,l2_distance,16,17,non_sdc,5762,5762,0,0.0
internvl3_lingoqa,InternVL3-8B,LingoQA,l2_distance,16,17,non_significant_sdc,1293,1293,0,0.0
internvl3_lingoqa,InternVL3-8B,LingoQA,l2_distance,16,17,significant_sdc,433,248,185,0.4272517321016166
internvl3_lingoqa,InternVL3-8B,LingoQA,l2_distance,17,18,non_sdc,5762,5762,0,0.0
internvl3_lingoqa,InternVL3-8B,LingoQA,l2_distance,17,18,non_significant_sdc,1293,1293,0,0.0
internvl3_lingoqa,InternVL3-8B,LingoQA,l2_distance,17,18,significant_sdc,433,239,194,0.44803695150115475
internvl3_lingoqa,InternVL3-8B,LingoQA,l2_distance,18,19,non_sdc,5762,5762,0,0.0
internvl3_lingoqa,InternVL3-8B,LingoQA,l2_distance,18,19,non_significant_sdc,1293,1293,0,0.0
internvl3_lingoqa,InternVL3-8B,LingoQA,l2_distance,18,19,significant_sdc,433,226,207,0.4780600461893765
internvl3_lingoqa,InternVL3-8B,LingoQA,l2_distance,19,20,non_sdc,5762,5762,0,0.0
internvl3_lingoqa,InternVL3-8B,LingoQA,l2_distance,19,20,non_significant_sdc,1293,1293,0,0.0
internvl3_lingoqa,InternVL3-8B,LingoQA,l2_distance,19,20,significant_sdc,433,215,218,0.5034642032332564
internvl3_lingoqa,InternVL3-8B,LingoQA,l2_distance,20,21,non_sdc,5762,5762,0,0.0
internvl3_lingoqa,InternVL3-8B,LingoQA,l2_distance,20,21,non_significant_sdc,1293,1293,0,0.0
internvl3_lingoqa,InternVL3-8B,LingoQA,l2_distance,20,21,significant_sdc,433,209,224,0.5173210161662818
internvl3_lingoqa,InternVL3-8B,LingoQA,l2_distance,21,22,non_sdc,5762,5762,0,0.0
internvl3_lingoqa,InternVL3-8B,LingoQA,l2_distance,21,22,non_significant_sdc,1293,1293,0,0.0
internvl3_lingoqa,InternVL3-8B,LingoQA,l2_distance,21,22,significant_sdc,433,199,234,0.5404157043879907
internvl3_lingoqa,InternVL3-8B,LingoQA,l2_distance,22,23,non_sdc,5762,5762,0,0.0
internvl3_lingoqa,InternVL3-8B,LingoQA,l2_distance,22,23,non_significant_sdc,1293,1293,0,0.0
internvl3_lingoqa,InternVL3-8B,LingoQA,l2_distance,22,23,significant_sdc,433,198,235,0.5427251732101617
internvl3_lingoqa,InternVL3-8B,LingoQA,l2_distance,23,24,non_sdc,5762,5762,0,0.0
internvl3_lingoqa,InternVL3-8B,LingoQA,l2_distance,23,24,non_significant_sdc,1293,1293,0,0.0
internvl3_lingoqa,InternVL3-8B,LingoQA,l2_distance,23,24,significant_sdc,433,173,260,0.6004618937644342
internvl3_lingoqa,InternVL3-8B,LingoQA,l2_distance,24,25,non_sdc,5762,5762,0,0.0
internvl3_lingoqa,InternVL3-8B,LingoQA,l2_distance,24,25,non_significant_sdc,1293,1293,0,0.0
internvl3_lingoqa,InternVL3-8B,LingoQA,l2_distance,24,25,significant_sdc,433,161,272,0.628175519630485
internvl3_lingoqa,InternVL3-8B,LingoQA,l2_distance,25,26,non_sdc,5762,5762,0,0.0
internvl3_lingoqa,InternVL3-8B,LingoQA,l2_distance,25,26,non_significant_sdc,1293,1293,0,0.0
internvl3_lingoqa,InternVL3-8B,LingoQA,l2_distance,25,26,significant_sdc,433,159,274,0.6327944572748267
internvl3_lingoqa,InternVL3-8B,LingoQA,l2_distance,26,27,non_sdc,5762,5762,0,0.0
internvl3_lingoqa,InternVL3-8B,LingoQA,l2_distance,26,27,non_significant_sdc,1293,1293,0,0.0
internvl3_lingoqa,InternVL3-8B,LingoQA,l2_distance,26,27,significant_sdc,433,143,290,0.6697459584295612
internvl3_vqav2,InternVL3-8B,VQAv2,cos_sim,0,1,non_sdc,5786,5786,0,0.0
internvl3_vqav2,InternVL3-8B,VQAv2,cos_sim,0,1,non_significant_sdc,1239,1239,0,0.0
internvl3_vqav2,InternVL3-8B,VQAv2,cos_sim,0,1,significant_sdc,465,452,13,0.027956989247311825
internvl3_vqav2,InternVL3-8B,VQAv2,cos_sim,1,2,non_sdc,5786,5786,0,0.0
internvl3_vqav2,InternVL3-8B,VQAv2,cos_sim,1,2,non_significant_sdc,1239,1239,0,0.0
internvl3_vqav2,InternVL3-8B,VQAv2,cos_sim,1,2,significant_sdc,465,446,19,0.04086021505376347
internvl3_vqav2,InternVL3-8B,VQAv2,cos_sim,2,3,non_sdc,5786,5786,0,0.0
internvl3_vqav2,InternVL3-8B,VQAv2,cos_sim,2,3,non_significant_sdc,1239,1239,0,0.0
internvl3_vqav2,InternVL3-8B,VQAv2,cos_sim,2,3,significant_sdc,465,436,29,0.062365591397849474
internvl3_vqav2,InternVL3-8B,VQAv2,cos_sim,3,4,non_sdc,5786,5786,0,0.0
internvl3_vqav2,InternVL3-8B,VQAv2,cos_sim,3,4,non_significant_sdc,1239,1239,0,0.0
internvl3_vqav2,InternVL3-8B,VQAv2,cos_sim,3,4,significant_sdc,465,419,46,0.09892473118279566
internvl3_vqav2,InternVL3-8B,VQAv2,cos_sim,4,5,non_sdc,5786,5786,0,0.0
internvl3_vqav2,InternVL3-8B,VQAv2,cos_sim,4,5,non_significant_sdc,1239,1239,0,0.0
internvl3_vqav2,InternVL3-8B,VQAv2,cos_sim,4,5,significant_sdc,465,406,59,0.12688172043010748
internvl3_vqav2,InternVL3-8B,VQAv2,cos_sim,5,6,non_sdc,5786,5786,0,0.0
internvl3_vqav2,InternVL3-8B,VQAv2,cos_sim,5,6,non_significant_sdc,1239,1239,0,0.0
internvl3_vqav2,InternVL3-8B,VQAv2,cos_sim,5,6,significant_sdc,465,390,75,0.16129032258064513
internvl3_vqav2,InternVL3-8B,VQAv2,cos_sim,6,7,non_sdc,5786,5786,0,0.0
internvl3_vqav2,InternVL3-8B,VQAv2,cos_sim,6,7,non_significant_sdc,1239,1239,0,0.0
internvl3_vqav2,InternVL3-8B,VQAv2,cos_sim,6,7,significant_sdc,465,380,85,0.18279569892473113
internvl3_vqav2,InternVL3-8B,VQAv2,cos_sim,7,8,non_sdc,5786,5786,0,0.0
internvl3_vqav2,InternVL3-8B,VQAv2,cos_sim,7,8,non_significant_sdc,1239,1239,0,0.0
internvl3_vqav2,InternVL3-8B,VQAv2,cos_sim,7,8,significant_sdc,465,370,95,0.20430107526881724
internvl3_vqav2,InternVL3-8B,VQAv2,cos_sim,8,9,non_sdc,5786,5786,0,0.0
internvl3_vqav2,InternVL3-8B,VQAv2,cos_sim,8,9,non_significant_sdc,1239,1239,0,0.0
internvl3_vqav2,InternVL3-8B,VQAv2,cos_sim,8,9,significant_sdc,465,365,100,0.21505376344086025
internvl3_vqav2,InternVL3-8B,VQAv2,cos_sim,9,10,non_sdc,5786,5786,0,0.0
internvl3_vqav2,InternVL3-8B,VQAv2,cos_sim,9,10,non_significant_sdc,1239,1239,0,0.0
internvl3_vqav2,InternVL3-8B,VQAv2,cos_sim,9,10,significant_sdc,465,355,110,0.23655913978494625
internvl3_vqav2,InternVL3-8B,VQAv2,cos_sim,10,11,non_sdc,5786,5786,0,0.0
internvl3_vqav2,InternVL3-8B,VQAv2,cos_sim,10,11,non_significant_sdc,1239,1239,0,0.0
internvl3_vqav2,InternVL3-8B,VQAv2,cos_sim,10,11,significant_sdc,465,346,119,0.2559139784946236
internvl3_vqav2,InternVL3-8B,VQAv2,cos_sim,11,12,non_sdc,5786,5786,0,0.0
internvl3_vqav2,InternVL3-8B,VQAv2,cos_sim,11,12,non_significant_sdc,1239,1239,0,0.0
internvl3_vqav2,InternVL3-8B,VQAv2,cos_sim,11,12,significant_sdc,465,337,128,0.2752688172043011
internvl3_vqav2,InternVL3-8B,VQAv2,cos_sim,12,13,non_sdc,5786,5786,0,0.0
internvl3_vqav2,InternVL3-8B,VQAv2,cos_sim,12,13,non_significant_sdc,1239,1239,0,0.0
internvl3_vqav2,InternVL3-8B,VQAv2,cos_sim,12,13,significant_sdc,465,318,147,0.31612903225806455
internvl3_vqav2,InternVL3-8B,VQAv2,cos_sim,13,14,non_sdc,5786,5786,0,0.0
internvl3_vqav2,InternVL3-8B,VQAv2,cos_sim,13,14,non_significant_sdc,1239,1239,0,0.0
internvl3_vqav2,InternVL3-8B,VQAv2,cos_sim,13,14,significant_sdc,465,310,155,0.33333333333333337
internvl3_vqav2,InternVL3-8B,VQAv2,cos_sim,14,15,non_sdc,5786,5786,0,0.0
internvl3_vqav2,InternVL3-8B,VQAv2,cos_sim,14,15,non_significant_sdc,1239,1239,0,0.0
internvl3_vqav2,InternVL3-8B,VQAv2,cos_sim,14,15,significant_sdc,465,305,160,0.34408602150537637
internvl3_vqav2,InternVL3-8B,VQAv2,cos_sim,15,16,non_sdc,5786,5786,0,0.0
internvl3_vqav2,InternVL3-8B,VQAv2,cos_sim,15,16,non_significant_sdc,1239,1239,0,0.0
internvl3_vqav2,InternVL3-8B,VQAv2,cos_sim,15,16,significant_sdc,465,291,174,0.37419354838709673
internvl3_vqav2,InternVL3-8B,VQAv2,cos_sim,16,17,non_sdc,5786,5786,0,0.0
internvl3_vqav2,InternVL3-8B,VQAv2,cos_sim,16,17,non_significant_sdc,1239,1239,0,0.0
internvl3_vqav2,InternVL3-8B,VQAv2,cos_sim,16,17,significant_sdc,465,279,186,0.4
internvl3_vqav2,InternVL3-8B,VQAv2,cos_sim,17,18,non_sdc,5786,5786,0,0.0
internvl3_vqav2,InternVL3-8B,VQAv2,cos_sim,17,18,non_significant_sdc,1239,1239,0,0.0
internvl3_vqav2,InternVL3-8B,VQAv2,cos_sim,17,18,significant_sdc,465,261,204,0.43870967741935485
internvl3_vqav2,InternVL3-8B,VQAv2,cos_sim,18,19,non_sdc,5786,5786,0,0.0
internvl3_vqav2,InternVL3-8B,VQAv2,cos_sim,18,19,non_significant_sdc,1239,1239,0,0.0
internvl3_vqav2,InternVL3-8B,VQAv2,cos_sim,18,19,significant_sdc,465,247,218,0.4688172043010753
internvl3_vqav2,InternVL3-8B,VQAv2,cos_sim,19,20,non_sdc,5786,5786,0,0.0
internvl3_vqav2,InternVL3-8B,VQAv2,cos_sim,19,20,non_significant_sdc,1239,1239,0,0.0
internvl3_vqav2,InternVL3-8B,VQAv2,cos_sim,19,20,significant_sdc,465,229,236,0.5075268817204301
internvl3_vqav2,InternVL3-8B,VQAv2,cos_sim,20,21,non_sdc,5786,5786,0,0.0
internvl3_vqav2,InternVL3-8B,VQAv2,cos_sim,20,21,non_significant_sdc,1239,1239,0,0.0
internvl3_vqav2,InternVL3-8B,VQAv2,cos_sim,20,21,significant_sdc,465,221,244,0.5247311827956989
internvl3_vqav2,InternVL3-8B,VQAv2,cos_sim,21,22,non_sdc,5786,5786,0,0.0
internvl3_vqav2,InternVL3-8B,VQAv2,cos_sim,21,22,non_significant_sdc,1239,1239,0,0.0
internvl3_vqav2,InternVL3-8B,VQAv2,cos_sim,21,22,significant_sdc,465,214,251,0.5397849462365591
internvl3_vqav2,InternVL3-8B,VQAv2,cos_sim,22,23,non_sdc,5786,5786,0,0.0
internvl3_vqav2,InternVL3-8B,VQAv2,cos_sim,22,23,non_significant_sdc,1239,1239,0,0.0
internvl3_vqav2,InternVL3-8B,VQAv2,cos_sim,22,23,significant_sdc,465,201,264,0.567741935483871
internvl3_vqav2,InternVL3-8B,VQAv2,cos_sim,23,24,non_sdc,5786,5786,0,0.0
internvl3_vqav2,InternVL3-8B,VQAv2,cos_sim,23,24,non_significant_sdc,1239,1239,0,0.0
internvl3_vqav2,InternVL3-8B,VQAv2,cos_sim,23,24,significant_sdc,465,183,282,0.6064516129032258
internvl3_vqav2,InternVL3-8B,VQAv2,cos_sim,24,25,non_sdc,5786,5786,0,0.0
internvl3_vqav2,InternVL3-8B,VQAv2,cos_sim,24,25,non_significant_sdc,1239,1239,0,0.0
internvl3_vqav2,InternVL3-8B,VQAv2,cos_sim,24,25,significant_sdc,465,171,294,0.6322580645161291
internvl3_vqav2,InternVL3-8B,VQAv2,cos_sim,25,26,non_sdc,5786,5786,0,0.0
internvl3_vqav2,InternVL3-8B,VQAv2,cos_sim,25,26,non_significant_sdc,1239,1239,0,0.0
internvl3_vqav2,InternVL3-8B,VQAv2,cos_sim,25,26,significant_sdc,465,159,306,0.6580645161290323
internvl3_vqav2,InternVL3-8B,VQAv2,cos_sim,26,27,non_sdc,5786,5786,0,0.0
internvl3_vqav2,InternVL3-8B,VQAv2,cos_sim,26,27,non_significant_sdc,1239,1239,0,0.0
internvl3_vqav2,InternVL3-8B,VQAv2,cos_sim,26,27,significant_sdc,465,139,326,0.7010752688172043
internvl3_vqav2,InternVL3-8B,VQAv2,abs_mean_diff,0,1,non_sdc,5786,5786,0,0.0
internvl3_vqav2,InternVL3-8B,VQAv2,abs_mean_diff,0,1,non_significant_sdc,1239,1239,0,0.0
internvl3_vqav2,InternVL3-8B,VQAv2,abs_mean_diff,0,1,significant_sdc,465,452,13,0.027956989247311825
internvl3_vqav2,InternVL3-8B,VQAv2,abs_mean_diff,1,2,non_sdc,5786,5786,0,0.0
internvl3_vqav2,InternVL3-8B,VQAv2,abs_mean_diff,1,2,non_significant_sdc,1239,1239,0,0.0
internvl3_vqav2,InternVL3-8B,VQAv2,abs_mean_diff,1,2,significant_sdc,465,446,19,0.04086021505376347
internvl3_vqav2,InternVL3-8B,VQAv2,abs_mean_diff,2,3,non_sdc,5786,5786,0,0.0
internvl3_vqav2,InternVL3-8B,VQAv2,abs_mean_diff,2,3,non_significant_sdc,1239,1239,0,0.0
internvl3_vqav2,InternVL3-8B,VQAv2,abs_mean_diff,2,3,significant_sdc,465,436,29,0.062365591397849474
internvl3_vqav2,InternVL3-8B,VQAv2,abs_mean_diff,3,4,non_sdc,5786,5786,0,0.0
internvl3_vqav2,InternVL3-8B,VQAv2,abs_mean_diff,3,4,non_significant_sdc,1239,1239,0,0.0
internvl3_vqav2,InternVL3-8B,VQAv2,abs_mean_diff,3,4,significant_sdc,465,419,46,0.09892473118279566
internvl3_vqav2,InternVL3-8B,VQAv2,abs_mean_diff,4,5,non_sdc,5786,5786,0,0.0
internvl3_vqav2,InternVL3-8B,VQAv2,abs_mean_diff,4,5,non_significant_sdc,1239,1239,0,0.0
internvl3_vqav2,InternVL3-8B,VQAv2,abs_mean_diff,4,5,significant_sdc,465,406,59,0.12688172043010748
internvl3_vqav2,InternVL3-8B,VQAv2,abs_mean_diff,5,6,non_sdc,5786,5786,0,0.0
internvl3_vqav2,InternVL3-8B,VQAv2,abs_mean_diff,5,6,non_significant_sdc,1239,1239,0,0.0
internvl3_vqav2,InternVL3-8B,VQAv2,abs_mean_diff,5,6,significant_sdc,465,390,75,0.16129032258064513
internvl3_vqav2,InternVL3-8B,VQAv2,abs_mean_diff,6,7,non_sdc,5786,5786,0,0.0
internvl3_vqav2,InternVL3-8B,VQAv2,abs_mean_diff,6,7,non_significant_sdc,1239,1239,0,0.0
internvl3_vqav2,InternVL3-8B,VQAv2,abs_mean_diff,6,7,significant_sdc,465,380,85,0.18279569892473113
internvl3_vqav2,InternVL3-8B,VQAv2,abs_mean_diff,7,8,non_sdc,5786,5786,0,0.0
internvl3_vqav2,InternVL3-8B,VQAv2,abs_mean_diff,7,8,non_significant_sdc,1239,1239,0,0.0
internvl3_vqav2,InternVL3-8B,VQAv2,abs_mean_diff,7,8,significant_sdc,465,370,95,0.20430107526881724
internvl3_vqav2,InternVL3-8B,VQAv2,abs_mean_diff,8,9,non_sdc,5786,5786,0,0.0
internvl3_vqav2,InternVL3-8B,VQAv2,abs_mean_diff,8,9,non_significant_sdc,1239,1239,0,0.0
internvl3_vqav2,InternVL3-8B,VQAv2,abs_mean_diff,8,9,significant_sdc,465,365,100,0.21505376344086025
internvl3_vqav2,InternVL3-8B,VQAv2,abs_mean_diff,9,10,non_sdc,5786,5786,0,0.0
internvl3_vqav2,InternVL3-8B,VQAv2,abs_mean_diff,9,10,non_significant_sdc,1239,1239,0,0.0
internvl3_vqav2,InternVL3-8B,VQAv2,abs_mean_diff,9,10,significant_sdc,465,355,110,0.23655913978494625
internvl3_vqav2,InternVL3-8B,VQAv2,abs_mean_diff,10,11,non_sdc,5786,5786,0,0.0
internvl3_vqav2,InternVL3-8B,VQAv2,abs_mean_diff,10,11,non_significant_sdc,1239,1239,0,0.0
internvl3_vqav2,InternVL3-8B,VQAv2,abs_mean_diff,10,11,significant_sdc,465,346,119,0.2559139784946236
internvl3_vqav2,InternVL3-8B,VQAv2,abs_mean_diff,11,12,non_sdc,5786,5786,0,0.0
internvl3_vqav2,InternVL3-8B,VQAv2,abs_mean_diff,11,12,non_significant_sdc,1239,1239,0,0.0
internvl3_vqav2,InternVL3-8B,VQAv2,abs_mean_diff,11,12,significant_sdc,465,337,128,0.2752688172043011
internvl3_vqav2,InternVL3-8B,VQAv2,abs_mean_diff,12,13,non_sdc,5786,5786,0,0.0
internvl3_vqav2,InternVL3-8B,VQAv2,abs_mean_diff,12,13,non_significant_sdc,1239,1239,0,0.0
internvl3_vqav2,InternVL3-8B,VQAv2,abs_mean_diff,12,13,significant_sdc,465,318,147,0.31612903225806455
internvl3_vqav2,InternVL3-8B,VQAv2,abs_mean_diff,13,14,non_sdc,5786,5786,0,0.0
internvl3_vqav2,InternVL3-8B,VQAv2,abs_mean_diff,13,14,non_significant_sdc,1239,1239,0,0.0
internvl3_vqav2,InternVL3-8B,VQAv2,abs_mean_diff,13,14,significant_sdc,465,310,155,0.33333333333333337
internvl3_vqav2,InternVL3-8B,VQAv2,abs_mean_diff,14,15,non_sdc,5786,5786,0,0.0
internvl3_vqav2,InternVL3-8B,VQAv2,abs_mean_diff,14,15,non_significant_sdc,1239,1239,0,0.0
internvl3_vqav2,InternVL3-8B,VQAv2,abs_mean_diff,14,15,significant_sdc,465,305,160,0.34408602150537637
internvl3_vqav2,InternVL3-8B,VQAv2,abs_mean_diff,15,16,non_sdc,5786,5786,0,0.0
internvl3_vqav2,InternVL3-8B,VQAv2,abs_mean_diff,15,16,non_significant_sdc,1239,1239,0,0.0
internvl3_vqav2,InternVL3-8B,VQAv2,abs_mean_diff,15,16,significant_sdc,465,291,174,0.37419354838709673
internvl3_vqav2,InternVL3-8B,VQAv2,abs_mean_diff,16,17,non_sdc,5786,5786,0,0.0
internvl3_vqav2,InternVL3-8B,VQAv2,abs_mean_diff,16,17,non_significant_sdc,1239,1239,0,0.0
internvl3_vqav2,InternVL3-8B,VQAv2,abs_mean_diff,16,17,significant_sdc,465,279,186,0.4
internvl3_vqav2,InternVL3-8B,VQAv2,abs_mean_diff,17,18,non_sdc,5786,5786,0,0.0
internvl3_vqav2,InternVL3-8B,VQAv2,abs_mean_diff,17,18,non_significant_sdc,1239,1239,0,0.0
internvl3_vqav2,InternVL3-8B,VQAv2,abs_mean_diff,17,18,significant_sdc,465,261,204,0.43870967741935485
internvl3_vqav2,InternVL3-8B,VQAv2,abs_mean_diff,18,19,non_sdc,5786,5786,0,0.0
internvl3_vqav2,InternVL3-8B,VQAv2,abs_mean_diff,18,19,non_significant_sdc,1239,1239,0,0.0
internvl3_vqav2,InternVL3-8B,VQAv2,abs_mean_diff,18,19,significant_sdc,465,247,218,0.4688172043010753
internvl3_vqav2,InternVL3-8B,VQAv2,abs_mean_diff,19,20,non_sdc,5786,5786,0,0.0
internvl3_vqav2,InternVL3-8B,VQAv2,abs_mean_diff,19,20,non_significant_sdc,1239,1239,0,0.0
internvl3_vqav2,InternVL3-8B,VQAv2,abs_mean_diff,19,20,significant_sdc,465,229,236,0.5075268817204301
internvl3_vqav2,InternVL3-8B,VQAv2,abs_mean_diff,20,21,non_sdc,5786,5786,0,0.0
internvl3_vqav2,InternVL3-8B,VQAv2,abs_mean_diff,20,21,non_significant_sdc,1239,1239,0,0.0
internvl3_vqav2,InternVL3-8B,VQAv2,abs_mean_diff,20,21,significant_sdc,465,221,244,0.5247311827956989
internvl3_vqav2,InternVL3-8B,VQAv2,abs_mean_diff,21,22,non_sdc,5786,5786,0,0.0
internvl3_vqav2,InternVL3-8B,VQAv2,abs_mean_diff,21,22,non_significant_sdc,1239,1239,0,0.0
internvl3_vqav2,InternVL3-8B,VQAv2,abs_mean_diff,21,22,significant_sdc,465,214,251,0.5397849462365591
internvl3_vqav2,InternVL3-8B,VQAv2,abs_mean_diff,22,23,non_sdc,5786,5786,0,0.0
internvl3_vqav2,InternVL3-8B,VQAv2,abs_mean_diff,22,23,non_significant_sdc,1239,1239,0,0.0
internvl3_vqav2,InternVL3-8B,VQAv2,abs_mean_diff,22,23,significant_sdc,465,201,264,0.567741935483871
internvl3_vqav2,InternVL3-8B,VQAv2,abs_mean_diff,23,24,non_sdc,5786,5786,0,0.0
internvl3_vqav2,InternVL3-8B,VQAv2,abs_mean_diff,23,24,non_significant_sdc,1239,1239,0,0.0
internvl3_vqav2,InternVL3-8B,VQAv2,abs_mean_diff,23,24,significant_sdc,465,183,282,0.6064516129032258
internvl3_vqav2,InternVL3-8B,VQAv2,abs_mean_diff,24,25,non_sdc,5786,5786,0,0.0
internvl3_vqav2,InternVL3-8B,VQAv2,abs_mean_diff,24,25,non_significant_sdc,1239,1239,0,0.0
internvl3_vqav2,InternVL3-8B,VQAv2,abs_mean_diff,24,25,significant_sdc,465,171,294,0.6322580645161291
internvl3_vqav2,InternVL3-8B,VQAv2,abs_mean_diff,25,26,non_sdc,5786,5786,0,0.0
internvl3_vqav2,InternVL3-8B,VQAv2,abs_mean_diff,25,26,non_significant_sdc,1239,1239,0,0.0
internvl3_vqav2,InternVL3-8B,VQAv2,abs_mean_diff,25,26,significant_sdc,465,159,306,0.6580645161290323
internvl3_vqav2,InternVL3-8B,VQAv2,abs_mean_diff,26,27,non_sdc,5786,5786,0,0.0
internvl3_vqav2,InternVL3-8B,VQAv2,abs_mean_diff,26,27,non_significant_sdc,1239,1239,0,0.0
internvl3_vqav2,InternVL3-8B,VQAv2,abs_mean_diff,26,27,significant_sdc,465,139,326,0.7010752688172043
internvl3_vqav2,InternVL3-8B,VQAv2,abs_std_diff,0,1,non_sdc,5786,5786,0,0.0
internvl3_vqav2,InternVL3-8B,VQAv2,abs_std_diff,0,1,non_significant_sdc,1239,1239,0,0.0
internvl3_vqav2,InternVL3-8B,VQAv2,abs_std_diff,0,1,significant_sdc,465,452,13,0.027956989247311825
internvl3_vqav2,InternVL3-8B,VQAv2,abs_std_diff,1,2,non_sdc,5786,5786,0,0.0
internvl3_vqav2,InternVL3-8B,VQAv2,abs_std_diff,1,2,non_significant_sdc,1239,1239,0,0.0
internvl3_vqav2,InternVL3-8B,VQAv2,abs_std_diff,1,2,significant_sdc,465,446,19,0.04086021505376347
internvl3_vqav2,InternVL3-8B,VQAv2,abs_std_diff,2,3,non_sdc,5786,5786,0,0.0
internvl3_vqav2,InternVL3-8B,VQAv2,abs_std_diff,2,3,non_significant_sdc,1239,1239,0,0.0
internvl3_vqav2,InternVL3-8B,VQAv2,abs_std_diff,2,3,significant_sdc,465,436,29,0.062365591397849474
internvl3_vqav2,InternVL3-8B,VQAv2,abs_std_diff,3,4,non_sdc,5786,5786,0,0.0
internvl3_vqav2,InternVL3-8B,VQAv2,abs_std_diff,3,4,non_significant_sdc,1239,1239,0,0.0
internvl3_vqav2,InternVL3-8B,VQAv2,abs_std_diff,3,4,significant_sdc,465,419,46,0.09892473118279566
internvl3_vqav2,InternVL3-8B,VQAv2,abs_std_diff,4,5,non_sdc,5786,5786,0,0.0
internvl3_vqav2,InternVL3-8B,VQAv2,abs_std_diff,4,5,non_significant_sdc,1239,1239,0,0.0
internvl3_vqav2,InternVL3-8B,VQAv2,abs_std_diff,4,5,significant_sdc,465,406,59,0.12688172043010748
internvl3_vqav2,InternVL3-8B,VQAv2,abs_std_diff,5,6,non_sdc,5786,5786,0,0.0
internvl3_vqav2,InternVL3-8B,VQAv2,abs_std_diff,5,6,non_significant_sdc,1239,1239,0,0.0
internvl3_vqav2,InternVL3-8B,VQAv2,abs_std_diff,5,6,significant_sdc,465,390,75,0.16129032258064513
internvl3_vqav2,InternVL3-8B,VQAv2,abs_std_diff,6,7,non_sdc,5786,5786,0,0.0
internvl3_vqav2,InternVL3-8B,VQAv2,abs_std_diff,6,7,non_significant_sdc,1239,1239,0,0.0
internvl3_vqav2,InternVL3-8B,VQAv2,abs_std_diff,6,7,significant_sdc,465,380,85,0.18279569892473113
internvl3_vqav2,InternVL3-8B,VQAv2,abs_std_diff,7,8,non_sdc,5786,5786,0,0.0
internvl3_vqav2,InternVL3-8B,VQAv2,abs_std_diff,7,8,non_significant_sdc,1239,1239,0,0.0
internvl3_vqav2,InternVL3-8B,VQAv2,abs_std_diff,7,8,significant_sdc,465,370,95,0.20430107526881724
internvl3_vqav2,InternVL3-8B,VQAv2,abs_std_diff,8,9,non_sdc,5786,5786,0,0.0
internvl3_vqav2,InternVL3-8B,VQAv2,abs_std_diff,8,9,non_significant_sdc,1239,1239,0,0.0
internvl3_vqav2,InternVL3-8B,VQAv2,abs_std_diff,8,9,significant_sdc,465,365,100,0.21505376344086025
internvl3_vqav2,InternVL3-8B,VQAv2,abs_std_diff,9,10,non_sdc,5786,5786,0,0.0
internvl3_vqav2,InternVL3-8B,VQAv2,abs_std_diff,9,10,non_significant_sdc,1239,1239,0,0.0
internvl3_vqav2,InternVL3-8B,VQAv2,abs_std_diff,9,10,significant_sdc,465,355,110,0.23655913978494625
internvl3_vqav2,InternVL3-8B,VQAv2,abs_std_diff,10,11,non_sdc,5786,5786,0,0.0
internvl3_vqav2,InternVL3-8B,VQAv2,abs_std_diff,10,11,non_significant_sdc,1239,1239,0,0.0
internvl3_vqav2,InternVL3-8B,VQAv2,abs_std_diff,10,11,significant_sdc,465,346,119,0.2559139784946236
internvl3_vqav2,InternVL3-8B,VQAv2,abs_std_diff,11,12,non_sdc,5786,5786,0,0.0
internvl3_vqav2,InternVL3-8B,VQAv2,abs_std_diff,11,12,non_significant_sdc,1239,1239,0,0.0
internvl3_vqav2,InternVL3-8B,VQAv2,abs_std_diff,11,12,significant_sdc,465,337,128,0.2752688172043011
internvl3_vqav2,InternVL3-8B,VQAv2,abs_std_diff,12,13,non_sdc,5786,5786,0,0.0
internvl3_vqav2,InternVL3-8B,VQAv2,abs_std_diff,12,13,non_significant_sdc,1239,1239,0,0.0
internvl3_vqav2,InternVL3-8B,VQAv2,abs_std_diff,12,13,significant_sdc,465,318,147,0.31612903225806455
internvl3_vqav2,InternVL3-8B,VQAv2,abs_std_diff,13,14,non_sdc,5786,5786,0,0.0
internvl3_vqav2,InternVL3-8B,VQAv2,abs_std_diff,13,14,non_significant_sdc,1239,1239,0,0.0
internvl3_vqav2,InternVL3-8B,VQAv2,abs_std_diff,13,14,significant_sdc,465,310,155,0.33333333333333337
internvl3_vqav2,InternVL3-8B,VQAv2,abs_std_diff,14,15,non_sdc,5786,5786,0,0.0
internvl3_vqav2,InternVL3-8B,VQAv2,abs_std_diff,14,15,non_significant_sdc,1239,1239,0,0.0
internvl3_vqav2,InternVL3-8B,VQAv2,abs_std_diff,14,15,significant_sdc,465,305,160,0.34408602150537637
internvl3_vqav2,InternVL3-8B,VQAv2,abs_std_diff,15,16,non_sdc,5786,5786,0,0.0
internvl3_vqav2,InternVL3-8B,VQAv2,abs_std_diff,15,16,non_significant_sdc,1239,1239,0,0.0
internvl3_vqav2,InternVL3-8B,VQAv2,abs_std_diff,15,16,significant_sdc,465,291,174,0.37419354838709673
internvl3_vqav2,InternVL3-8B,VQAv2,abs_std_diff,16,17,non_sdc,5786,5786,0,0.0
internvl3_vqav2,InternVL3-8B,VQAv2,abs_std_diff,16,17,non_significant_sdc,1239,1239,0,0.0
internvl3_vqav2,InternVL3-8B,VQAv2,abs_std_diff,16,17,significant_sdc,465,279,186,0.4
internvl3_vqav2,InternVL3-8B,VQAv2,abs_std_diff,17,18,non_sdc,5786,5786,0,0.0
internvl3_vqav2,InternVL3-8B,VQAv2,abs_std_diff,17,18,non_significant_sdc,1239,1239,0,0.0
internvl3_vqav2,InternVL3-8B,VQAv2,abs_std_diff,17,18,significant_sdc,465,261,204,0.43870967741935485
internvl3_vqav2,InternVL3-8B,VQAv2,abs_std_diff,18,19,non_sdc,5786,5786,0,0.0
internvl3_vqav2,InternVL3-8B,VQAv2,abs_std_diff,18,19,non_significant_sdc,1239,1239,0,0.0
internvl3_vqav2,InternVL3-8B,VQAv2,abs_std_diff,18,19,significant_sdc,465,247,218,0.4688172043010753
internvl3_vqav2,InternVL3-8B,VQAv2,abs_std_diff,19,20,non_sdc,5786,5786,0,0.0
internvl3_vqav2,InternVL3-8B,VQAv2,abs_std_diff,19,20,non_significant_sdc,1239,1239,0,0.0
internvl3_vqav2,InternVL3-8B,VQAv2,abs_std_diff,19,20,significant_sdc,465,229,236,0.5075268817204301
internvl3_vqav2,InternVL3-8B,VQAv2,abs_std_diff,20,21,non_sdc,5786,5786,0,0.0
internvl3_vqav2,InternVL3-8B,VQAv2,abs_std_diff,20,21,non_significant_sdc,1239,1239,0,0.0
internvl3_vqav2,InternVL3-8B,VQAv2,abs_std_diff,20,21,significant_sdc,465,221,244,0.5247311827956989
internvl3_vqav2,InternVL3-8B,VQAv2,abs_std_diff,21,22,non_sdc,5786,5786,0,0.0
internvl3_vqav2,InternVL3-8B,VQAv2,abs_std_diff,21,22,non_significant_sdc,1239,1239,0,0.0
internvl3_vqav2,InternVL3-8B,VQAv2,abs_std_diff,21,22,significant_sdc,465,214,251,0.5397849462365591
internvl3_vqav2,InternVL3-8B,VQAv2,abs_std_diff,22,23,non_sdc,5786,5786,0,0.0
internvl3_vqav2,InternVL3-8B,VQAv2,abs_std_diff,22,23,non_significant_sdc,1239,1239,0,0.0
internvl3_vqav2,InternVL3-8B,VQAv2,abs_std_diff,22,23,significant_sdc,465,201,264,0.567741935483871
internvl3_vqav2,InternVL3-8B,VQAv2,abs_std_diff,23,24,non_sdc,5786,5786,0,0.0
internvl3_vqav2,InternVL3-8B,VQAv2,abs_std_diff,23,24,non_significant_sdc,1239,1239,0,0.0
internvl3_vqav2,InternVL3-8B,VQAv2,abs_std_diff,23,24,significant_sdc,465,183,282,0.6064516129032258
internvl3_vqav2,InternVL3-8B,VQAv2,abs_std_diff,24,25,non_sdc,5786,5786,0,0.0
internvl3_vqav2,InternVL3-8B,VQAv2,abs_std_diff,24,25,non_significant_sdc,1239,1239,0,0.0
internvl3_vqav2,InternVL3-8B,VQAv2,abs_std_diff,24,25,significant_sdc,465,171,294,0.6322580645161291
internvl3_vqav2,InternVL3-8B,VQAv2,abs_std_diff,25,26,non_sdc,5786,5786,0,0.0
internvl3_vqav2,InternVL3-8B,VQAv2,abs_std_diff,25,26,non_significant_sdc,1239,1239,0,0.0
internvl3_vqav2,InternVL3-8B,VQAv2,abs_std_diff,25,26,significant_sdc,465,159,306,0.6580645161290323
internvl3_vqav2,InternVL3-8B,VQAv2,abs_std_diff,26,27,non_sdc,5786,5786,0,0.0
internvl3_vqav2,InternVL3-8B,VQAv2,abs_std_diff,26,27,non_significant_sdc,1239,1239,0,0.0
internvl3_vqav2,InternVL3-8B,VQAv2,abs_std_diff,26,27,significant_sdc,465,139,326,0.7010752688172043
internvl3_vqav2,InternVL3-8B,VQAv2,l2_distance,0,1,non_sdc,5786,5786,0,0.0
internvl3_vqav2,InternVL3-8B,VQAv2,l2_distance,0,1,non_significant_sdc,1239,1239,0,0.0
internvl3_vqav2,InternVL3-8B,VQAv2,l2_distance,0,1,significant_sdc,465,448,17,0.03655913978494618
internvl3_vqav2,InternVL3-8B,VQAv2,l2_distance,1,2,non_sdc,5786,5786,0,0.0
internvl3_vqav2,InternVL3-8B,VQAv2,l2_distance,1,2,non_significant_sdc,1239,1239,0,0.0
internvl3_vqav2,InternVL3-8B,VQAv2,l2_distance,1,2,significant_sdc,465,444,21,0.04516129032258065
internvl3_vqav2,InternVL3-8B,VQAv2,l2_distance,2,3,non_sdc,5786,5786,0,0.0
internvl3_vqav2,InternVL3-8B,VQAv2,l2_distance,2,3,non_significant_sdc,1239,1239,0,0.0
internvl3_vqav2,InternVL3-8B,VQAv2,l2_distance,2,3,significant_sdc,465,433,32,0.0688172043010753
internvl3_vqav2,InternVL3-8B,VQAv2,l2_distance,3,4,non_sdc,5786,5786,0,0.0
internvl3_vqav2,InternVL3-8B,VQAv2,l2_distance,3,4,non_significant_sdc,1239,1239,0,0.0
internvl3_vqav2,InternVL3-8B,VQAv2,l2_distance,3,4,significant_sdc,465,413,52,0.1118279569892473
internvl3_vqav2,InternVL3-8B,VQAv2,l2_distance,4,5,non_sdc,5786,5786,0,0.0
internvl3_vqav2,InternVL3-8B,VQAv2,l2_distance,4,5,non_significant_sdc,1239,1239,0,0.0
internvl3_vqav2,InternVL3-8B,VQAv2,l2_distance,4,5,significant_sdc,465,402,63,0.13548387096774195
internvl3_vqav2,InternVL3-8B,VQAv2,l2_distance,5,6,non_sdc,5786,5786,0,0.0
internvl3_vqav2,InternVL3-8B,VQAv2,l2_distance,5,6,non_significant_sdc,1239,1239,0,0.0
internvl3_vqav2,InternVL3-8B,VQAv2,l2_distance,5,6,significant_sdc,465,387,78,0.16774193548387095
internvl3_vqav2,InternVL3-8B,VQAv2,l2_distance,6,7,non_sdc,5786,5786,0,0.0
internvl3_vqav2,InternVL3-8B,VQAv2,l2_distance,6,7,non_significant_sdc,1239,1239,0,0.0
internvl3_vqav2,InternVL3-8B,VQAv2,l2_distance,6,7,significant_sdc,465,376,89,0.1913978494623656
internvl3_vqav2,InternVL3-8B,VQAv2,l2_distance,7,8,non_sdc,5786,5786,0,0.0
internvl3_vqav2,InternVL3-8B,VQAv2,l2_distance,7,8,non_significant_sdc,1239,1239,0,0.0
internvl3_vqav2,InternVL3-8B,VQAv2,l2_distance,7,8,significant_sdc,465,368,97,0.20860215053763442
internvl3_vqav2,InternVL3-8B,VQAv2,l2_distance,8,9,non_sdc,5786,5786,0,0.0
internvl3_vqav2,InternVL3-8B,VQAv2,l2_distance,8,9,non_significant_sdc,1239,1239,0,0.0
internvl3_vqav2,InternVL3-8B,VQAv2,l2_distance,8,9,significant_sdc,465,362,103,0.22150537634408607
internvl3_vqav2,InternVL3-8B,VQAv2,l2_distance,9,10,non_sdc,5786,5786,0,0.0
internvl3_vqav2,InternVL3-8B,VQAv2,l2_distance,9,10,non_significant_sdc,1239,1239,0,0.0
internvl3_vqav2,InternVL3-8B,VQAv2,l2_distance,9,10,significant_sdc,465,353,112,0.24086021505376343
internvl3_vqav2,InternVL3-8B,VQAv2,l2_distance,10,11,non_sdc,5786,5786,0,0.0
internvl3_vqav2,InternVL3-8B,VQAv2,l2_distance,10,11,non_significant_sdc,1239,1239,0,0.0
internvl3_vqav2,InternVL3-8B,VQAv2,l2_distance,10,11,significant_sdc,465,343,122,0.26236559139784943
internvl3_vqav2,InternVL3-8B,VQAv2,l2_distance,11,12,non_sdc,5786,5786,0,0.0
internvl3_vqav2,InternVL3-8B,VQAv2,l2_distance,11,12,non_significant_sdc,1239,1239,0,0.0
internvl3_vqav2,InternVL3-8B,VQAv2,l2_distance,11,12,significant_sdc,465,330,135,0.29032258064516125
internvl3_vqav2,InternVL3-8B,VQAv2,l2_distance,12,13,non_sdc,5786,5786,0,0.0
internvl3_vqav2,InternVL3-8B,VQAv2,l2_distance,12,13,non_significant_sdc,1239,1239,0,0.0
internvl3_vqav2,InternVL3-8B,VQAv2,l2_distance,12,13,significant_sdc,465,313,152,0.32688172043010755
internvl3_vqav2,InternVL3-8B,VQAv2,l2_distance,13,14,non_sdc,5786,5786,0,0.0
internvl3_vqav2,InternVL3-8B,VQAv2,l2_distance,13,14,non_significant_sdc,1239,1239,0,0.0
internvl3_vqav2,InternVL3-8B,VQAv2,l2_distance,13,14,significant_sdc,465,310,155,0.33333333333333337
internvl3_vqav2,InternVL3-8B,VQAv2,l2_distance,14,15,non_sdc,5786,5786,0,0.0
internvl3_vqav2,InternVL3-8B,VQAv2,l2_distance,14,15,non_significant_sdc,1239,1239,0,0.0
internvl3_vqav2,InternVL3-8B,VQAv2,l2_distance,14,15,significant_sdc,465,300,165,0.3548387096774194
internvl3_vqav2,InternVL3-8B,VQAv2,l2_distance,15,16,non_sdc,5786,5786,0,0.0
internvl3_vqav2,InternVL3-8B,VQAv2,l2_distance,15,16,non_significant_sdc,1239,1239,0,0.0
internvl3_vqav2,InternVL3-8B,VQAv2,l2_distance,15,16,significant_sdc,465,287,178,0.3827956989247312
internvl3_vqav2,InternVL3-8B,VQAv2,l2_distance,16,17,non_sdc,5786,5786,0,0.0
internvl3_vqav2,InternVL3-8B,VQAv2,l2_distance,16,17,non_significant_sdc,1239,1239,0,0.0
internvl3_vqav2,InternVL3-8B,VQAv2,l2_distance,16,17,significant_sdc,465,277,188,0.4043010752688172
internvl3_vqav2,InternVL3-8B,VQAv2,l2_distance,17,18,non_sdc,5786,5786,0,0.0
internvl3_vqav2,InternVL3-8B,VQAv2,l2_distance,17,18,non_significant_sdc,1239,1239,0,0.0
internvl3_vqav2,InternVL3-8B,VQAv2,l2_distance,17,18,significant_sdc,465,260,205,0.4408602150537635
internvl3_vqav2,InternVL3-8B,VQAv2,l2_distance,18,19,non_sdc,5786,5786,0,0.0
internvl3_vqav2,InternVL3-8B,VQAv2,l2_distance,18,19,non_significant_sdc,1239,1239,0,0.0
internvl3_vqav2,InternVL3-8B,VQAv2,l2_distance,18,19,significant_sdc,465,244,221,0.47526881720430103
internvl3_vqav2,InternVL3-8B,VQAv2,l2_distance,19,20,non_sdc,5786,5786,0,0.0
internvl3_vqav2,InternVL3-8B,VQAv2,l2_distance,19,20,non_significant_sdc,1239,1239,0,0.0
internvl3_vqav2,InternVL3-8B,VQAv2,l2_distance,19,20,significant_sdc,465,226,239,0.5139784946236559
internvl3_vqav2,InternVL3-8B,VQAv2,l2_distance,20,21,non_sdc,5786,5786,0,0.0
internvl3_vqav2,InternVL3-8B,VQAv2,l2_distance,20,21,non_significant_sdc,1239,1239,0,0.0
internvl3_vqav2,InternVL3-8B,VQAv2,l2_distance,20,21,significant_sdc,465,220,245,0.5268817204301075
internvl3_vqav2,InternVL3-8B,VQAv2,l2_distance,21,22,non_sdc,5786,5786,0,0.0
internvl3_vqav2,InternVL3-8B,VQAv2,l2_distance,21,22,non_significant_sdc,1239,1239,0,0.0
internvl3_vqav2,InternVL3-8B,VQAv2,l2_distance,21,22,significant_sdc,465,210,255,0.5483870967741935
internvl3_vqav2,InternVL3-8B,VQAv2,l2_distance,22,23,non_sdc,5786,5786,0,0.0
internvl3_vqav2,InternVL3-8B,VQAv2,l2_distance,22,23,non_significant_sdc,1239,1239,0,0.0
internvl3_vqav2,InternVL3-8B,VQAv2,l2_distance,22,23,significant_sdc,465,197,268,0.5763440860215054
internvl3_vqav2,InternVL3-8B,VQAv2,l2_distance,23,24,non_sdc,5786,5786,0,0.0
internvl3_vqav2,InternVL3-8B,VQAv2,l2_distance,23,24,non_significant_sdc,1239,1239,0,0.0
internvl3_vqav2,InternVL3-8B,VQAv2,l2_distance,23,24,significant_sdc,465,179,286,0.6150537634408602
internvl3_vqav2,InternVL3-8B,VQAv2,l2_distance,24,25,non_sdc,5786,5786,0,0.0
internvl3_vqav2,InternVL3-8B,VQAv2,l2_distance,24,25,non_significant_sdc,1239,1239,0,0.0
internvl3_vqav2,InternVL3-8B,VQAv2,l2_distance,24,25,significant_sdc,465,166,299,0.6430107526881721
internvl3_vqav2,InternVL3-8B,VQAv2,l2_distance,25,26,non_sdc,5786,5786,0,0.0
internvl3_vqav2,InternVL3-8B,VQAv2,l2_distance,25,26,non_significant_sdc,1239,1239,0,0.0
internvl3_vqav2,InternVL3-8B,VQAv2,l2_distance,25,26,significant_sdc,465,156,309,0.6645161290322581
internvl3_vqav2,InternVL3-8B,VQAv2,l2_distance,26,27,non_sdc,5786,5786,0,0.0
internvl3_vqav2,InternVL3-8B,VQAv2,l2_distance,26,27,non_significant_sdc,1239,1239,0,0.0
internvl3_vqav2,InternVL3-8B,VQAv2,l2_distance,26,27,significant_sdc,465,138,327,0.7032258064516129
llava15_earthvqa,LLaVA-1.5-7B,EarthVQA,cos_sim,0,1,non_sdc,7249,7249,0,0.0
llava15_earthvqa,LLaVA-1.5-7B,EarthVQA,cos_sim,0,1,non_significant_sdc,68,68,0,0.0
llava15_earthvqa,LLaVA-1.5-7B,EarthVQA,cos_sim,0,1,significant_sdc,183,73,110,0.6010928961748634
llava15_earthvqa,LLaVA-1.5-7B,EarthVQA,cos_sim,1,2,non_sdc,7249,7249,0,0.0
llava15_earthvqa,LLaVA-1.5-7B,EarthVQA,cos_sim,1,2,non_significant_sdc,68,68,0,0.0
llava15_earthvqa,LLaVA-1.5-7B,EarthVQA,cos_sim,1,2,significant_sdc,183,70,113,0.6174863387978142
llava15_earthvqa,LLaVA-1.5-7B,EarthVQA,cos_sim,2,3,non_sdc,7249,7249,0,0.0
llava15_earthvqa,LLaVA-1.5-7B,EarthVQA,cos_sim,2,3,non_significant_sdc,68,68,0,0.0
llava15_earthvqa,LLaVA-1.5-7B,EarthVQA,cos_sim,2,3,significant_sdc,183,70,113,0.6174863387978142
llava15_earthvqa,LLaVA-1.5-7B,EarthVQA,cos_sim,3,4,non_sdc,7249,7249,0,0.0
llava15_earthvqa,LLaVA-1.5-7B,EarthVQA,cos_sim,3,4,non_significant_sdc,68,68,0,0.0
llava15_earthvqa,LLaVA-1.5-7B,EarthVQA,cos_sim,3,4,significant_sdc,183,67,116,0.6338797814207651
llava15_earthvqa,LLaVA-1.5-7B,EarthVQA,cos_sim,4,5,non_sdc,7249,7249,0,0.0
llava15_earthvqa,LLaVA-1.5-7B,EarthVQA,cos_sim,4,5,non_significant_sdc,68,68,0,0.0
llava15_earthvqa,LLaVA-1.5-7B,EarthVQA,cos_sim,4,5,significant_sdc,183,63,120,0.6557377049180328
llava15_earthvqa,LLaVA-1.5-7B,EarthVQA,cos_sim,5,6,non_sdc,7249,7249,0,0.0
llava15_earthvqa,LLaVA-1.5-7B,EarthVQA,cos_sim,5,6,non_significant_sdc,68,68,0,0.0
llava15_earthvqa,LLaVA-1.5-7B,EarthVQA,cos_sim,5,6,significant_sdc,183,60,123,0.6721311475409837
llava15_earthvqa,LLaVA-1.5-7B,EarthVQA,cos_sim,6,7,non_sdc,7249,7249,0,0.0
llava15_earthvqa,LLaVA-1.5-7B,EarthVQA,cos_sim,6,7,non_significant_sdc,68,68,0,0.0
llava15_earthvqa,LLaVA-1.5-7B,EarthVQA,cos_sim,6,7,significant_sdc,183,59,124,0.6775956284153005
llava15_earthvqa,LLaVA-1.5-7B,EarthVQA,cos_sim,7,8,non_sdc,7249,7249,0,0.0
llava15_earthvqa,LLaVA-1.5-7B,EarthVQA,cos_sim,7,8,non_significant_sdc,68,68,0,0.0
llava15_earthvqa,LLaVA-1.5-7B,EarthVQA,cos_sim,7,8,significant_sdc,183,58,125,0.6830601092896175
llava15_earthvqa,LLaVA-1.5-7B,EarthVQA,cos_sim,8,9,non_sdc,7249,7249,0,0.0
llava15_earthvqa,LLaVA-1.5-7B,EarthVQA,cos_sim,8,9,non_significant_sdc,68,68,0,0.0
llava15_earthvqa,LLaVA-1.5-7B,EarthVQA,cos_sim,8,9,significant_sdc,183,56,127,0.6939890710382514
llava15_earthvqa,LLaVA-1.5-7B,EarthVQA,cos_sim,9,10,non_sdc,7249,7249,0,0.0
llava15_earthvqa,LLaVA-1.5-7B,EarthVQA,cos_sim,9,10,non_significant_sdc,68,68,0,0.0
llava15_earthvqa,LLaVA-1.5-7B,EarthVQA,cos_sim,9,10,significant_sdc,183,54,129,0.7049180327868853
llava15_earthvqa,LLaVA-1.5-7B,EarthVQA,cos_sim,10,11,non_sdc,7249,7249,0,0.0
llava15_earthvqa,LLaVA-1.5-7B,EarthVQA,cos_sim,10,11,non_significant_sdc,68,68,0,0.0
llava15_earthvqa,LLaVA-1.5-7B,EarthVQA,cos_sim,10,11,significant_sdc,183,53,130,0.7103825136612022
llava15_earthvqa,LLaVA-1.5-7B,EarthVQA,cos_sim,11,12,non_sdc,7249,7249,0,0.0
llava15_earthvqa,LLaVA-1.5-7B,EarthVQA,cos_sim,11,12,non_significant_sdc,68,68,0,0.0
llava15_earthvqa,LLaVA-1.5-7B,EarthVQA,cos_sim,11,12,significant_sdc,183,53,130,0.7103825136612022
llava15_earthvqa,LLaVA-1.5-7B,EarthVQA,cos_sim,12,13,non_sdc,7249,7249,0,0.0
llava15_earthvqa,LLaVA-1.5-7B,EarthVQA,cos_sim,12,13,non_significant_sdc,68,68,0,0.0
llava15_earthvqa,LLaVA-1.5-7B,EarthVQA,cos_sim,12,13,significant_sdc,183,52,131,0.7158469945355191
llava15_earthvqa,LLaVA-1.5-7B,EarthVQA,cos_sim,13,14,non_sdc,7249,7249,0,0.0
llava15_earthvqa,LLaVA-1.5-7B,EarthVQA,cos_sim,13,14,non_significant_sdc,68,68,0,0.0
llava15_earthvqa,LLaVA-1.5-7B,EarthVQA,cos_sim,13,14,significant_sdc,183,50,133,0.7267759562841529
llava15_earthvqa,LLaVA-1.5-7B,EarthVQA,cos_sim,14,15,non_sdc,7249,7249,0,0.0
llava15_earthvqa,LLaVA-1.5-7B,EarthVQA,cos_sim,14,15,non_significant_sdc,68,68,0,0.0
llava15_earthvqa,LLaVA-1.5-7B,EarthVQA,cos_sim,14,15,significant_sdc,183,50,133,0.7267759562841529
llava15_earthvqa,LLaVA-1.5-7B,EarthVQA,cos_sim,15,16,non_sdc,7249,7249,0,0.0
llava15_earthvqa,LLaVA-1.5-7B,EarthVQA,cos_sim,15,16,non_significant_sdc,68,68,0,0.0
llava15_earthvqa,LLaVA-1.5-7B,EarthVQA,cos_sim,15,16,significant_sdc,183,49,134,0.7322404371584699
llava15_earthvqa,LLaVA-1.5-7B,EarthVQA,cos_sim,16,17,non_sdc,7249,7249,0,0.0
llava15_earthvqa,LLaVA-1.5-7B,EarthVQA,cos_sim,16,17,non_significant_sdc,68,68,0,0.0
llava15_earthvqa,LLaVA-1.5-7B,EarthVQA,cos_sim,16,17,significant_sdc,183,47,136,0.7431693989071038
llava15_earthvqa,LLaVA-1.5-7B,EarthVQA,cos_sim,17,18,non_sdc,7249,7249,0,0.0
llava15_earthvqa,LLaVA-1.5-7B,EarthVQA,cos_sim,17,18,non_significant_sdc,68,68,0,0.0
llava15_earthvqa,LLaVA-1.5-7B,EarthVQA,cos_sim,17,18,significant_sdc,183,46,137,0.7486338797814207
llava15_earthvqa,LLaVA-1.5-7B,EarthVQA,cos_sim,18,19,non_sdc,7249,7249,0,0.0
llava15_earthvqa,LLaVA-1.5-7B,EarthVQA,cos_sim,18,19,non_significant_sdc,68,68,0,0.0
llava15_earthvqa,LLaVA-1.5-7B,EarthVQA,cos_sim,18,19,significant_sdc,183,42,141,0.7704918032786885
llava15_earthvqa,LLaVA-1.5-7B,EarthVQA,cos_sim,19,20,non_sdc,7249,7249,0,0.0
llava15_earthvqa,LLaVA-1.5-7B,EarthVQA,cos_sim,19,20,non_significant_sdc,68,68,0,0.0
llava15_earthvqa,LLaVA-1.5-7B,EarthVQA,cos_sim,19,20,significant_sdc,183,41,142,0.7759562841530054
llava15_earthvqa,LLaVA-1.5-7B,EarthVQA,cos_sim,20,21,non_sdc,7249,7249,0,0.0
llava15_earthvqa,LLaVA-1.5-7B,EarthVQA,cos_sim,20,21,non_significant_sdc,68,68,0,0.0
llava15_earthvqa,LLaVA-1.5-7B,EarthVQA,cos_sim,20,21,significant_sdc,183,39,144,0.7868852459016393
llava15_earthvqa,LLaVA-1.5-7B,EarthVQA,cos_sim,21,22,non_sdc,7249,7249,0,0.0
llava15_earthvqa,LLaVA-1.5-7B,EarthVQA,cos_sim,21,22,non_significant_sdc,68,68,0,0.0
llava15_earthvqa,LLaVA-1.5-7B,EarthVQA,cos_sim,21,22,significant_sdc,183,36,147,0.8032786885245902
llava15_earthvqa,LLaVA-1.5-7B,EarthVQA,cos_sim,22,23,non_sdc,7249,7249,0,0.0
llava15_earthvqa,LLaVA-1.5-7B,EarthVQA,cos_sim,22,23,non_significant_sdc,68,68,0,0.0
llava15_earthvqa,LLaVA-1.5-7B,EarthVQA,cos_sim,22,23,significant_sdc,183,33,150,0.819672131147541
llava15_earthvqa,LLaVA-1.5-7B,EarthVQA,cos_sim,23,24,non_sdc,7249,7249,0,0.0
llava15_earthvqa,LLaVA-1.5-7B,EarthVQA,cos_sim,23,24,non_significant_sdc,68,68,0,0.0
llava15_earthvqa,LLaVA-1.5-7B,EarthVQA,cos_sim,23,24,significant_sdc,183,33,150,0.819672131147541
llava15_earthvqa,LLaVA-1.5-7B,EarthVQA,cos_sim,24,25,non_sdc,7249,7249,0,0.0
llava15_earthvqa,LLaVA-1.5-7B,EarthVQA,cos_sim,24,25,non_significant_sdc,68,68,0,0.0
llava15_earthvqa,LLaVA-1.5-7B,EarthVQA,cos_sim,24,25,significant_sdc,183,29,154,0.8415300546448088
llava15_earthvqa,LLaVA-1.5-7B,EarthVQA,cos_sim,25,26,non_sdc,7249,7249,0,0.0
llava15_earthvqa,LLaVA-1.5-7B,EarthVQA,cos_sim,25,26,non_significant_sdc,68,68,0,0.0
llava15_earthvqa,LLaVA-1.5-7B,EarthVQA,cos_sim,25,26,significant_sdc,183,27,156,0.8524590163934427
llava15_earthvqa,LLaVA-1.5-7B,EarthVQA,cos_sim,26,27,non_sdc,7249,7249,0,0.0
llava15_earthvqa,LLaVA-1.5-7B,EarthVQA,cos_sim,26,27,non_significant_sdc,68,68,0,0.0
llava15_earthvqa,LLaVA-1.5-7B,EarthVQA,cos_sim,26,27,significant_sdc,183,24,159,0.8688524590163934
llava15_earthvqa,LLaVA-1.5-7B,EarthVQA,cos_sim,27,28,non_sdc,7249,7249,0,0.0
llava15_earthvqa,LLaVA-1.5-7B,EarthVQA,cos_sim,27,28,non_significant_sdc,68,68,0,0.0
llava15_earthvqa,LLaVA-1.5-7B,EarthVQA,cos_sim,27,28,significant_sdc,183,22,161,0.8797814207650273
llava15_earthvqa,LLaVA-1.5-7B,EarthVQA,cos_sim,28,29,non_sdc,7249,7249,0,0.0
llava15_earthvqa,LLaVA-1.5-7B,EarthVQA,cos_sim,28,29,non_significant_sdc,68,68,0,0.0
llava15_earthvqa,LLaVA-1.5-7B,EarthVQA,cos_sim,28,29,significant_sdc,183,19,164,0.8961748633879781
llava15_earthvqa,LLaVA-1.5-7B,EarthVQA,cos_sim,29,30,non_sdc,7249,7249,0,0.0
llava15_earthvqa,LLaVA-1.5-7B,EarthVQA,cos_sim,29,30,non_significant_sdc,68,68,0,0.0
llava15_earthvqa,LLaVA-1.5-7B,EarthVQA,cos_sim,29,30,significant_sdc,183,17,166,0.907103825136612
llava15_earthvqa,LLaVA-1.5-7B,EarthVQA,cos_sim,30,31,non_sdc,7249,7249,0,0.0
llava15_earthvqa,LLaVA-1.5-7B,EarthVQA,cos_sim,30,31,non_significant_sdc,68,68,0,0.0
llava15_earthvqa,LLaVA-1.5-7B,EarthVQA,cos_sim,30,31,significant_sdc,183,11,172,0.9398907103825137
llava15_earthvqa,LLaVA-1.5-7B,EarthVQA,abs_mean_diff,0,1,non_sdc,7249,7249,0,0.0
llava15_earthvqa,LLaVA-1.5-7B,EarthVQA,abs_mean_diff,0,1,non_significant_sdc,68,68,0,0.0
llava15_earthvqa,LLaVA-1.5-7B,EarthVQA,abs_mean_diff,0,1,significant_sdc,183,73,110,0.6010928961748634
llava15_earthvqa,LLaVA-1.5-7B,EarthVQA,abs_mean_diff,1,2,non_sdc,7249,7249,0,0.0
llava15_earthvqa,LLaVA-1.5-7B,EarthVQA,abs_mean_diff,1,2,non_significant_sdc,68,68,0,0.0
llava15_earthvqa,LLaVA-1.5-7B,EarthVQA,abs_mean_diff,1,2,significant_sdc,183,70,113,0.6174863387978142
llava15_earthvqa,LLaVA-1.5-7B,EarthVQA,abs_mean_diff,2,3,non_sdc,7249,7249,0,0.0
llava15_earthvqa,LLaVA-1.5-7B,EarthVQA,abs_mean_diff,2,3,non_significant_sdc,68,68,0,0.0
llava15_earthvqa,LLaVA-1.5-7B,EarthVQA,abs_mean_diff,2,3,significant_sdc,183,70,113,0.6174863387978142
llava15_earthvqa,LLaVA-1.5-7B,EarthVQA,abs_mean_diff,3,4,non_sdc,7249,7249,0,0.0
llava15_earthvqa,LLaVA-1.5-7B,EarthVQA,abs_mean_diff,3,4,non_significant_sdc,68,68,0,0.0
llava15_earthvqa,LLaVA-1.5-7B,EarthVQA,abs_mean_diff,3,4,significant_sdc,183,67,116,0.6338797814207651
llava15_earthvqa,LLaVA-1.5-7B,EarthVQA,abs_mean_diff,4,5,non_sdc,7249,7249,0,0.0
llava15_earthvqa,LLaVA-1.5-7B,EarthVQA,abs_mean_diff,4,5,non_significant_sdc,68,68,0,0.0
llava15_earthvqa,LLaVA-1.5-7B,EarthVQA,abs_mean_diff,4,5,significant_sdc,183,63,120,0.6557377049180328
llava15_earthvqa,LLaVA-1.5-7B,EarthVQA,abs_mean_diff,5,6,non_sdc,7249,7249,0,0.0
llava15_earthvqa,LLaVA-1.5-7B,EarthVQA,abs_mean_diff,5,6,non_significant_sdc,68,68,0,0.0
llava15_earthvqa,LLaVA-1.5-7B,EarthVQA,abs_mean_diff,5,6,significant_sdc,183,60,123,0.6721311475409837
llava15_earthvqa,LLaVA-1.5-7B,EarthVQA,abs_mean_diff,6,7,non_sdc,7249,7249,0,0.0
llava15_earthvqa,LLaVA-1.5-7B,EarthVQA,abs_mean_diff,6,7,non_significant_sdc,68,68,0,0.0
llava15_earthvqa,LLaVA-1.5-7B,EarthVQA,abs_mean_diff,6,7,significant_sdc,183,59,124,0.6775956284153005
llava15_earthvqa,LLaVA-1.5-7B,EarthVQA,abs_mean_diff,7,8,non_sdc,7249,7249,0,0.0
llava15_earthvqa,LLaVA-1.5-7B,EarthVQA,abs_mean_diff,7,8,non_significant_sdc,68,68,0,0.0
llava15_earthvqa,LLaVA-1.5-7B,EarthVQA,abs_mean_diff,7,8,significant_sdc,183,58,125,0.6830601092896175
llava15_earthvqa,LLaVA-1.5-7B,EarthVQA,abs_mean_diff,8,9,non_sdc,7249,7249,0,0.0
llava15_earthvqa,LLaVA-1.5-7B,EarthVQA,abs_mean_diff,8,9,non_significant_sdc,68,68,0,0.0
llava15_earthvqa,LLaVA-1.5-7B,EarthVQA,abs_mean_diff,8,9,significant_sdc,183,56,127,0.6939890710382514
llava15_earthvqa,LLaVA-1.5-7B,EarthVQA,abs_mean_diff,9,10,non_sdc,7249,7249,0,0.0
llava15_earthvqa,LLaVA-1.5-7B,EarthVQA,abs_mean_diff,9,10,non_significant_sdc,68,68,0,0.0
llava15_earthvqa,LLaVA-1.5-7B,EarthVQA,abs_mean_diff,9,10,significant_sdc,183,54,129,0.7049180327868853
llava15_earthvqa,LLaVA-1.5-7B,EarthVQA,abs_mean_diff,10,11,non_sdc,7249,7249,0,0.0
llava15_earthvqa,LLaVA-1.5-7B,EarthVQA,abs_mean_diff,10,11,non_significant_sdc,68,68,0,0.0
llava15_earthvqa,LLaVA-1.5-7B,EarthVQA,abs_mean_diff,10,11,significant_sdc,183,53,130,0.7103825136612022
llava15_earthvqa,LLaVA-1.5-7B,EarthVQA,abs_mean_diff,11,12,non_sdc,7249,7249,0,0.0
llava15_earthvqa,LLaVA-1.5-7B,EarthVQA,abs_mean_diff,11,12,non_significant_sdc,68,68,0,0.0
llava15_earthvqa,LLaVA-1.5-7B,EarthVQA,abs_mean_diff,11,12,significant_sdc,183,53,130,0.7103825136612022
llava15_earthvqa,LLaVA-1.5-7B,EarthVQA,abs_mean_diff,12,13,non_sdc,7249,7249,0,0.0
llava15_earthvqa,LLaVA-1.5-7B,EarthVQA,abs_mean_diff,12,13,non_significant_sdc,68,68,0,0.0
llava15_earthvqa,LLaVA-1.5-7B,EarthVQA,abs_mean_diff,12,13,significant_sdc,183,52,131,0.7158469945355191
llava15_earthvqa,LLaVA-1.5-7B,EarthVQA,abs_mean_diff,13,14,non_sdc,7249,7249,0,0.0
llava15_earthvqa,LLaVA-1.5-7B,EarthVQA,abs_mean_diff,13,14,non_significant_sdc,68,68,0,0.0
llava15_earthvqa,LLaVA-1.5-7B,EarthVQA,abs_mean_diff,13,14,significant_sdc,183,50,133,0.7267759562841529
llava15_earthvqa,LLaVA-1.5-7B,EarthVQA,abs_mean_diff,14,15,non_sdc,7249,7249,0,0.0
llava15_earthvqa,LLaVA-1.5-7B,EarthVQA,abs_mean_diff,14,15,non_significant_sdc,68,68,0,0.0
llava15_earthvqa,LLaVA-1.5-7B,EarthVQA,abs_mean_diff,14,15,significant_sdc,183,50,133,0.7267759562841529
llava15_earthvqa,LLaVA-1.5-7B,EarthVQA,abs_mean_diff,15,16,non_sdc,7249,7249,0,0.0
llava15_earthvqa,LLaVA-1.5-7B,EarthVQA,abs_mean_diff,15,16,non_significant_sdc,68,68,0,0.0
llava15_earthvqa,LLaVA-1.5-7B,EarthVQA,abs_mean_diff,15,16,significant_sdc,183,49,134,0.7322404371584699
llava15_earthvqa,LLaVA-1.5-7B,EarthVQA,abs_mean_diff,16,17,non_sdc,7249,7249,0,0.0
llava15_earthvqa,LLaVA-1.5-7B,EarthVQA,abs_mean_diff,16,17,non_significant_sdc,68,68,0,0.0
llava15_earthvqa,LLaVA-1.5-7B,EarthVQA,abs_mean_diff,16,17,significant_sdc,183,47,136,0.7431693989071038
llava15_earthvqa,LLaVA-1.5-7B,EarthVQA,abs_mean_diff,17,18,non_sdc,7249,7249,0,0.0
llava15_earthvqa,LLaVA-1.5-7B,EarthVQA,abs_mean_diff,17,18,non_significant_sdc,68,68,0,0.0
llava15_earthvqa,LLaVA-1.5-7B,EarthVQA,abs_mean_diff,17,18,significant_sdc,183,46,137,0.7486338797814207
llava15_earthvqa,LLaVA-1.5-7B,EarthVQA,abs_mean_diff,18,19,non_sdc,7249,7249,0,0.0
llava15_earthvqa,LLaVA-1.5-7B,EarthVQA,abs_mean_diff,18,19,non_significant_sdc,68,68,0,0.0
llava15_earthvqa,LLaVA-1.5-7B,EarthVQA,abs_mean_diff,18,19,significant_sdc,183,42,141,0.7704918032786885
llava15_earthvqa,LLaVA-1.5-7B,EarthVQA,abs_mean_diff,19,20,non_sdc,7249,7249,0,0.0
llava15_earthvqa,LLaVA-1.5-7B,EarthVQA,abs_mean_diff,19,20,non_significant_sdc,68,68,0,0.0
llava15_earthvqa,LLaVA-1.5-7B,EarthVQA,abs_mean_diff,19,20,significant_sdc,183,41,142,0.7759562841530054
llava15_earthvqa,LLaVA-1.5-7B,EarthVQA,abs_mean_diff,20,21,non_sdc,7249,7249,0,0.0
llava15_earthvqa,LLaVA-1.5-7B,EarthVQA,abs_mean_diff,20,21,non_significant_sdc,68,68,0,0.0
llava15_earthvqa,LLaVA-1.5-7B,EarthVQA,abs_mean_diff,20,21,significant_sdc,183,39,144,0.7868852459016393
llava15_earthvqa,LLaVA-1.5-7B,EarthVQA,abs_mean_diff,21,22,non_sdc,7249,7249,0,0.0
llava15_earthvqa,LLaVA-1.5-7B,EarthVQA,abs_mean_diff,21,22,non_significant_sdc,68,68,0,0.0
llava15_earthvqa,LLaVA-1.5-7B,EarthVQA,abs_mean_diff,21,22,significant_sdc,183,36,147,0.8032786885245902
llava15_earthvqa,LLaVA-1.5-7B,EarthVQA,abs_mean_diff,22,23,non_sdc,7249,7249,0,0.0
llava15_earthvqa,LLaVA-1.5-7B,EarthVQA,abs_mean_diff,22,23,non_significant_sdc,68,68,0,0.0
llava15_earthvqa,LLaVA-1.5-7B,EarthVQA,abs_mean_diff,22,23,significant_sdc,183,33,150,0.819672131147541
llava15_earthvqa,LLaVA-1.5-7B,EarthVQA,abs_mean_diff,23,24,non_sdc,7249,7249,0,0.0
llava15_earthvqa,LLaVA-1.5-7B,EarthVQA,abs_mean_diff,23,24,non_significant_sdc,68,68,0,0.0
llava15_earthvqa,LLaVA-1.5-7B,EarthVQA,abs_mean_diff,23,24,significant_sdc,183,33,150,0.819672131147541
llava15_earthvqa,LLaVA-1.5-7B,EarthVQA,abs_mean_diff,24,25,non_sdc,7249,7249,0,0.0
llava15_earthvqa,LLaVA-1.5-7B,EarthVQA,abs_mean_diff,24,25,non_significant_sdc,68,68,0,0.0
llava15_earthvqa,LLaVA-1.5-7B,EarthVQA,abs_mean_diff,24,25,significant_sdc,183,29,154,0.8415300546448088
llava15_earthvqa,LLaVA-1.5-7B,EarthVQA,abs_mean_diff,25,26,non_sdc,7249,7249,0,0.0
llava15_earthvqa,LLaVA-1.5-7B,EarthVQA,abs_mean_diff,25,26,non_significant_sdc,68,68,0,0.0
llava15_earthvqa,LLaVA-1.5-7B,EarthVQA,abs_mean_diff,25,26,significant_sdc,183,27,156,0.8524590163934427
llava15_earthvqa,LLaVA-1.5-7B,EarthVQA,abs_mean_diff,26,27,non_sdc,7249,7249,0,0.0
llava15_earthvqa,LLaVA-1.5-7B,EarthVQA,abs_mean_diff,26,27,non_significant_sdc,68,68,0,0.0
llava15_earthvqa,LLaVA-1.5-7B,EarthVQA,abs_mean_diff,26,27,significant_sdc,183,24,159,0.8688524590163934
llava15_earthvqa,LLaVA-1.5-7B,EarthVQA,abs_mean_diff,27,28,non_sdc,7249,7249,0,0.0
llava15_earthvqa,LLaVA-1.5-7B,EarthVQA,abs_mean_diff,27,28,non_significant_sdc,68,68,0,0.0
llava15_earthvqa,LLaVA-1.5-7B,EarthVQA,abs_mean_diff,27,28,significant_sdc,183,22,161,0.8797814207650273
llava15_earthvqa,LLaVA-1.5-7B,EarthVQA,abs_mean_diff,28,29,non_sdc,7249,7249,0,0.0
llava15_earthvqa,LLaVA-1.5-7B,EarthVQA,abs_mean_diff,28,29,non_significant_sdc,68,68,0,0.0
llava15_earthvqa,LLaVA-1.5-7B,EarthVQA,abs_mean_diff,28,29,significant_sdc,183,19,164,0.8961748633879781
llava15_earthvqa,LLaVA-1.5-7B,EarthVQA,abs_mean_diff,29,30,non_sdc,7249,7249,0,0.0
llava15_earthvqa,LLaVA-1.5-7B,EarthVQA,abs_mean_diff,29,30,non_significant_sdc,68,68,0,0.0
llava15_earthvqa,LLaVA-1.5-7B,EarthVQA,abs_mean_diff,29,30,significant_sdc,183,17,166,0.907103825136612
llava15_earthvqa,LLaVA-1.5-7B,EarthVQA,abs_mean_diff,30,31,non_sdc,7249,7249,0,0.0
llava15_earthvqa,LLaVA-1.5-7B,EarthVQA,abs_mean_diff,30,31,non_significant_sdc,68,68,0,0.0
llava15_earthvqa,LLaVA-1.5-7B,EarthVQA,abs_mean_diff,30,31,significant_sdc,183,11,172,0.9398907103825137
llava15_earthvqa,LLaVA-1.5-7B,EarthVQA,abs_std_diff,0,1,non_sdc,7249,7249,0,0.0
llava15_earthvqa,LLaVA-1.5-7B,EarthVQA,abs_std_diff,0,1,non_significant_sdc,68,68,0,0.0
llava15_earthvqa,LLaVA-1.5-7B,EarthVQA,abs_std_diff,0,1,significant_sdc,183,73,110,0.6010928961748634
llava15_earthvqa,LLaVA-1.5-7B,EarthVQA,abs_std_diff,1,2,non_sdc,7249,7249,0,0.0
llava15_earthvqa,LLaVA-1.5-7B,EarthVQA,abs_std_diff,1,2,non_significant_sdc,68,68,0,0.0
llava15_earthvqa,LLaVA-1.5-7B,EarthVQA,abs_std_diff,1,2,significant_sdc,183,70,113,0.6174863387978142
llava15_earthvqa,LLaVA-1.5-7B,EarthVQA,abs_std_diff,2,3,non_sdc,7249,7249,0,0.0
llava15_earthvqa,LLaVA-1.5-7B,EarthVQA,abs_std_diff,2,3,non_significant_sdc,68,68,0,0.0
llava15_earthvqa,LLaVA-1.5-7B,EarthVQA,abs_std_diff,2,3,significant_sdc,183,70,113,0.6174863387978142
llava15_earthvqa,LLaVA-1.5-7B,EarthVQA,abs_std_diff,3,4,non_sdc,7249,7249,0,0.0
llava15_earthvqa,LLaVA-1.5-7B,EarthVQA,abs_std_diff,3,4,non_significant_sdc,68,68,0,0.0
llava15_earthvqa,LLaVA-1.5-7B,EarthVQA,abs_std_diff,3,4,significant_sdc,183,67,116,0.6338797814207651
llava15_earthvqa,LLaVA-1.5-7B,EarthVQA,abs_std_diff,4,5,non_sdc,7249,7249,0,0.0
llava15_earthvqa,LLaVA-1.5-7B,EarthVQA,abs_std_diff,4,5,non_significant_sdc,68,68,0,0.0
llava15_earthvqa,LLaVA-1.5-7B,EarthVQA,abs_std_diff,4,5,significant_sdc,183,63,120,0.6557377049180328
llava15_earthvqa,LLaVA-1.5-7B,EarthVQA,abs_std_diff,5,6,non_sdc,7249,7249,0,0.0
llava15_earthvqa,LLaVA-1.5-7B,EarthVQA,abs_std_diff,5,6,non_significant_sdc,68,68,0,0.0
llava15_earthvqa,LLaVA-1.5-7B,EarthVQA,abs_std_diff,5,6,significant_sdc,183,60,123,0.6721311475409837
llava15_earthvqa,LLaVA-1.5-7B,EarthVQA,abs_std_diff,6,7,non_sdc,7249,7249,0,0.0
llava15_earthvqa,LLaVA-1.5-7B,EarthVQA,abs_std_diff,6,7,non_significant_sdc,68,68,0,0.0
llava15_earthvqa,LLaVA-1.5-7B,EarthVQA,abs_std_diff,6,7,significant_sdc,183,59,124,0.6775956284153005
llava15_earthvqa,LLaVA-1.5-7B,EarthVQA,abs_std_diff,7,8,non_sdc,7249,7249,0,0.0
llava15_earthvqa,LLaVA-1.5-7B,EarthVQA,abs_std_diff,7,8,non_significant_sdc,68,68,0,0.0
llava15_earthvqa,LLaVA-1.5-7B,EarthVQA,abs_std_diff,7,8,significant_sdc,183,58,125,0.6830601092896175
llava15_earthvqa,LLaVA-1.5-7B,EarthVQA,abs_std_diff,8,9,non_sdc,7249,7249,0,0.0
llava15_earthvqa,LLaVA-1.5-7B,EarthVQA,abs_std_diff,8,9,non_significant_sdc,68,68,0,0.0
llava15_earthvqa,LLaVA-1.5-7B,EarthVQA,abs_std_diff,8,9,significant_sdc,183,56,127,0.6939890710382514
llava15_earthvqa,LLaVA-1.5-7B,EarthVQA,abs_std_diff,9,10,non_sdc,7249,7249,0,0.0
llava15_earthvqa,LLaVA-1.5-7B,EarthVQA,abs_std_diff,9,10,non_significant_sdc,68,68,0,0.0
llava15_earthvqa,LLaVA-1.5-7B,EarthVQA,abs_std_diff,9,10,significant_sdc,183,54,129,0.7049180327868853
llava15_earthvqa,LLaVA-1.5-7B,EarthVQA,abs_std_diff,10,11,non_sdc,7249,7249,0,0.0
llava15_earthvqa,LLaVA-1.5-7B,EarthVQA,abs_std_diff,10,11,non_significant_sdc,68,68,0,0.0
llava15_earthvqa,LLaVA-1.5-7B,EarthVQA,abs_std_diff,10,11,significant_sdc,183,53,130,0.7103825136612022
llava15_earthvqa,LLaVA-1.5-7B,EarthVQA,abs_std_diff,11,12,non_sdc,7249,7249,0,0.0
llava15_earthvqa,LLaVA-1.5-7B,EarthVQA,abs_std_diff,11,12,non_significant_sdc,68,68,0,0.0
llava15_earthvqa,LLaVA-1.5-7B,EarthVQA,abs_std_diff,11,12,significant_sdc,183,53,130,0.7103825136612022
llava15_earthvqa,LLaVA-1.5-7B,EarthVQA,abs_std_diff,12,13,non_sdc,7249,7249,0,0.0
llava15_earthvqa,LLaVA-1.5-7B,EarthVQA,abs_std_diff,12,13,non_significant_sdc,68,68,0,0.0
llava15_earthvqa,LLaVA-1.5-7B,EarthVQA,abs_std_diff,12,13,significant_sdc,183,52,131,0.7158469945355191
llava15_earthvqa,LLaVA-1.5-7B,EarthVQA,abs_std_diff,13,14,non_sdc,7249,7249,0,0.0
llava15_earthvqa,LLaVA-1.5-7B,EarthVQA,abs_std_diff,13,14,non_significant_sdc,68,68,0,0.0
llava15_earthvqa,LLaVA-1.5-7B,EarthVQA,abs_std_diff,13,14,significant_sdc,183,50,133,0.7267759562841529
llava15_earthvqa,LLaVA-1.5-7B,EarthVQA,abs_std_diff,14,15,non_sdc,7249,7249,0,0.0
llava15_earthvqa,LLaVA-1.5-7B,EarthVQA,abs_std_diff,14,15,non_significant_sdc,68,68,0,0.0
llava15_earthvqa,LLaVA-1.5-7B,EarthVQA,abs_std_diff,14,15,significant_sdc,183,50,133,0.7267759562841529
llava15_earthvqa,LLaVA-1.5-7B,EarthVQA,abs_std_diff,15,16,non_sdc,7249,7249,0,0.0
llava15_earthvqa,LLaVA-1.5-7B,EarthVQA,abs_std_diff,15,16,non_significant_sdc,68,68,0,0.0
llava15_earthvqa,LLaVA-1.5-7B,EarthVQA,abs_std_diff,15,16,significant_sdc,183,49,134,0.7322404371584699
llava15_earthvqa,LLaVA-1.5-7B,EarthVQA,abs_std_diff,16,17,non_sdc,7249,7249,0,0.0
llava15_earthvqa,LLaVA-1.5-7B,EarthVQA,abs_std_diff,16,17,non_significant_sdc,68,68,0,0.0
llava15_earthvqa,LLaVA-1.5-7B,EarthVQA,abs_std_diff,16,17,significant_sdc,183,47,136,0.7431693989071038
llava15_earthvqa,LLaVA-1.5-7B,EarthVQA,abs_std_diff,17,18,non_sdc,7249,7249,0,0.0
llava15_earthvqa,LLaVA-1.5-7B,EarthVQA,abs_std_diff,17,18,non_significant_sdc,68,68,0,0.0
llava15_earthvqa,LLaVA-1.5-7B,EarthVQA,abs_std_diff,17,18,significant_sdc,183,46,137,0.7486338797814207
llava15_earthvqa,LLaVA-1.5-7B,EarthVQA,abs_std_diff,18,19,non_sdc,7249,7249,0,0.0
llava15_earthvqa,LLaVA-1.5-7B,EarthVQA,abs_std_diff,18,19,non_significant_sdc,68,68,0,0.0
llava15_earthvqa,LLaVA-1.5-7B,EarthVQA,abs_std_diff,18,19,significant_sdc,183,42,141,0.7704918032786885
llava15_earthvqa,LLaVA-1.5-7B,EarthVQA,abs_std_diff,19,20,non_sdc,7249,7249,0,0.0
llava15_earthvqa,LLaVA-1.5-7B,EarthVQA,abs_std_diff,19,20,non_significant_sdc,68,68,0,0.0
llava15_earthvqa,LLaVA-1.5-7B,EarthVQA,abs_std_diff,19,20,significant_sdc,183,41,142,0.7759562841530054
llava15_earthvqa,LLaVA-1.5-7B,EarthVQA,abs_std_diff,20,21,non_sdc,7249,7249,0,0.0
llava15_earthvqa,LLaVA-1.5-7B,EarthVQA,abs_std_diff,20,21,non_significant_sdc,68,68,0,0.0
llava15_earthvqa,LLaVA-1.5-7B,EarthVQA,abs_std_diff,20,21,significant_sdc,183,39,144,0.7868852459016393
llava15_earthvqa,LLaVA-1.5-7B,EarthVQA,abs_std_diff,21,22,non_sdc,7249,7249,0,0.0
llava15_earthvqa,LLaVA-1.5-7B,EarthVQA,abs_std_diff,21,22,non_significant_sdc,68,68,0,0.0
llava15_earthvqa,LLaVA-1.5-7B,EarthVQA,abs_std_diff,21,22,significant_sdc,183,36,147,0.8032786885245902
llava15_earthvqa,LLaVA-1.5-7B,EarthVQA,abs_std_diff,22,23,non_sdc,7249,7249,0,0.0
llava15_earthvqa,LLaVA-1.5-7B,EarthVQA,abs_std_diff,22,23,non_significant_sdc,68,68,0,0.0
llava15_earthvqa,LLaVA-1.5-7B,EarthVQA,abs_std_diff,22,23,significant_sdc,183,33,150,0.819672131147541
llava15_earthvqa,LLaVA-1.5-7B,EarthVQA,abs_std_diff,23,24,non_sdc,7249,7249,0,0.0
llava15_earthvqa,LLaVA-1.5-7B,EarthVQA,abs_std_diff,23,24,non_significant_sdc,68,68,0,0.0
llava15_earthvqa,LLaVA-1.5-7B,EarthVQA,abs_std_diff,23,24,significant_sdc,183,33,150,0.819672131147541
llava15_earthvqa,LLaVA-1.5-7B,EarthVQA,abs_std_diff,24,25,non_sdc,7249,7249,0,0.0
llava15_earthvqa,LLaVA-1.5-7B,EarthVQA,abs_std_diff,24,25,non_significant_sdc,68,68,0,0.0
llava15_earthvqa,LLaVA-1.5-7B,EarthVQA,abs_std_diff,24,25,significant_sdc,183,29,154,0.8415300546448088
llava15_earthvqa,LLaVA-1.5-7B,EarthVQA,abs_std_diff,25,26,non_sdc,7249,7249,0,0.0
llava15_earthvqa,LLaVA-1.5-7B,EarthVQA,abs_std_diff,25,26,non_significant_sdc,68,68,0,0.0
llava15_earthvqa,LLaVA-1.5-7B,EarthVQA,abs_std_diff,25,26,significant_sdc,183,27,156,0.8524590163934427
llava15_earthvqa,LLaVA-1.5-7B,EarthVQA,abs_std_diff,26,27,non_sdc,7249,7249,0,0.0
llava15_earthvqa,LLaVA-1.5-7B,EarthVQA,abs_std_diff,26,27,non_significant_sdc,68,68,0,0.0
llava15_earthvqa,LLaVA-1.5-7B,EarthVQA,abs_std_diff,26,27,significant_sdc,183,24,159,0.8688524590163934
llava15_earthvqa,LLaVA-1.5-7B,EarthVQA,abs_std_diff,27,28,non_sdc,7249,7249,0,0.0
llava15_earthvqa,LLaVA-1.5-7B,EarthVQA,abs_std_diff,27,28,non_significant_sdc,68,68,0,0.0
llava15_earthvqa,LLaVA-1.5-7B,EarthVQA,abs_std_diff,27,28,significant_sdc,183,22,161,0.8797814207650273
llava15_earthvqa,LLaVA-1.5-7B,EarthVQA,abs_std_diff,28,29,non_sdc,7249,7249,0,0.0
llava15_earthvqa,LLaVA-1.5-7B,EarthVQA,abs_std_diff,28,29,non_significant_sdc,68,68,0,0.0
llava15_earthvqa,LLaVA-1.5-7B,EarthVQA,abs_std_diff,28,29,significant_sdc,183,19,164,0.8961748633879781
llava15_earthvqa,LLaVA-1.5-7B,EarthVQA,abs_std_diff,29,30,non_sdc,7249,7249,0,0.0
llava15_earthvqa,LLaVA-1.5-7B,EarthVQA,abs_std_diff,29,30,non_significant_sdc,68,68,0,0.0
llava15_earthvqa,LLaVA-1.5-7B,EarthVQA,abs_std_diff,29,30,significant_sdc,183,17,166,0.907103825136612
llava15_earthvqa,LLaVA-1.5-7B,EarthVQA,abs_std_diff,30,31,non_sdc,7249,7249,0,0.0
llava15_earthvqa,LLaVA-1.5-7B,EarthVQA,abs_std_diff,30,31,non_significant_sdc,68,68,0,0.0
llava15_earthvqa,LLaVA-1.5-7B,EarthVQA,abs_std_diff,30,31,significant_sdc,183,11,172,0.9398907103825137
llava15_earthvqa,LLaVA-1.5-7B,EarthVQA,l2_distance,0,1,non_sdc,7249,7249,0,0.0
llava15_earthvqa,LLaVA-1.5-7B,EarthVQA,l2_distance,0,1,non_significant_sdc,68,68,0,0.0
llava15_earthvqa,LLaVA-1.5-7B,EarthVQA,l2_distance,0,1,significant_sdc,183,73,110,0.6010928961748634
llava15_earthvqa,LLaVA-1.5-7B,EarthVQA,l2_distance,1,2,non_sdc,7249,7249,0,0.0
llava15_earthvqa,LLaVA-1.5-7B,EarthVQA,l2_distance,1,2,non_significant_sdc,68,68,0,0.0
llava15_earthvqa,LLaVA-1.5-7B,EarthVQA,l2_distance,1,2,significant_sdc,183,70,113,0.6174863387978142
llava15_earthvqa,LLaVA-1.5-7B,EarthVQA,l2_distance,2,3,non_sdc,7249,7249,0,0.0
llava15_earthvqa,LLaVA-1.5-7B,EarthVQA,l2_distance,2,3,non_significant_sdc,68,68,0,0.0
llava15_earthvqa,LLaVA-1.5-7B,EarthVQA,l2_distance,2,3,significant_sdc,183,70,113,0.6174863387978142
llava15_earthvqa,LLaVA-1.5-7B,EarthVQA,l2_distance,3,4,non_sdc,7249,7249,0,0.0
llava15_earthvqa,LLaVA-1.5-7B,EarthVQA,l2_distance,3,4,non_significant_sdc,68,68,0,0.0
llava15_earthvqa,LLaVA-1.5-7B,EarthVQA,l2_distance,3,4,significant_sdc,183,67,116,0.6338797814207651
llava15_earthvqa,LLaVA-1.5-7B,EarthVQA,l2_distance,4,5,non_sdc,7249,7249,0,0.0
llava15_earthvqa,LLaVA-1.5-7B,EarthVQA,l2_distance,4,5,non_significant_sdc,68,68,0,0.0
llava15_earthvqa,LLaVA-1.5-7B,EarthVQA,l2_distance,4,5,significant_sdc,183,63,120,0.6557377049180328
llava15_earthvqa,LLaVA-1.5-7B,EarthVQA,l2_distance,5,6,non_sdc,7249,7249,0,0.0
llava15_earthvqa,LLaVA-1.5-7B,EarthVQA,l2_distance,5,6,non_significant_sdc,68,68,0,0.0
llava15_earthvqa,LLaVA-1.5-7B,EarthVQA,l2_distance,5,6,significant_sdc,183,60,123,0.6721311475409837
llava15_earthvqa,LLaVA-1.5-7B,EarthVQA,l2_distance,6,7,non_sdc,7249,7249,0,0.0
llava15_earthvqa,LLaVA-1.5-7B,EarthVQA,l2_distance,6,7,non_significant_sdc,68,68,0,0.0
llava15_earthvqa,LLaVA-1.5-7B,EarthVQA,l2_distance,6,7,significant_sdc,183,59,124,0.6775956284153005
llava15_earthvqa,LLaVA-1.5-7B,EarthVQA,l2_distance,7,8,non_sdc,7249,7249,0,0.0
llava15_earthvqa,LLaVA-1.5-7B,EarthVQA,l2_distance,7,8,non_significant_sdc,68,68,0,0.0
llava15_earthvqa,LLaVA-1.5-7B,EarthVQA,l2_distance,7,8,significant_sdc,183,58,125,0.6830601092896175
llava15_earthvqa,LLaVA-1.5-7B,EarthVQA,l2_distance,8,9,non_sdc,7249,7249,0,0.0
llava15_earthvqa,LLaVA-1.5-7B,EarthVQA,l2_distance,8,9,non_significant_sdc,68,68,0,0.0
llava15_earthvqa,LLaVA-1.5-7B,EarthVQA,l2_distance,8,9,significant_sdc,183,56,127,0.6939890710382514
llava15_earthvqa,LLaVA-1.5-7B,EarthVQA,l2_distance,9,10,non_sdc,7249,7249,0,0.0
llava15_earthvqa,LLaVA-1.5-7B,EarthVQA,l2_distance,9,10,non_significant_sdc,68,68,0,0.0
llava15_earthvqa,LLaVA-1.5-7B,EarthVQA,l2_distance,9,10,significant_sdc,183,54,129,0.7049180327868853
llava15_earthvqa,LLaVA-1.5-7B,EarthVQA,l2_distance,10,11,non_sdc,7249,7249,0,0.0
llava15_earthvqa,LLaVA-1.5-7B,EarthVQA,l2_distance,10,11,non_significant_sdc,68,68,0,0.0
llava15_earthvqa,LLaVA-1.5-7B,EarthVQA,l2_distance,10,11,significant_sdc,183,53,130,0.7103825136612022
llava15_earthvqa,LLaVA-1.5-7B,EarthVQA,l2_distance,11,12,non_sdc,7249,7249,0,0.0
llava15_earthvqa,LLaVA-1.5-7B,EarthVQA,l2_distance,11,12,non_significant_sdc,68,68,0,0.0
llava15_earthvqa,LLaVA-1.5-7B,EarthVQA,l2_distance,11,12,significant_sdc,183,53,130,0.7103825136612022
llava15_earthvqa,LLaVA-1.5-7B,EarthVQA,l2_distance,12,13,non_sdc,7249,7249,0,0.0
llava15_earthvqa,LLaVA-1.5-7B,EarthVQA,l2_distance,12,13,non_significant_sdc,68,68,0,0.0
llava15_earthvqa,LLaVA-1.5-7B,EarthVQA,l2_distance,12,13,significant_sdc,183,52,131,0.7158469945355191
llava15_earthvqa,LLaVA-1.5-7B,EarthVQA,l2_distance,13,14,non_sdc,7249,7249,0,0.0
llava15_earthvqa,LLaVA-1.5-7B,EarthVQA,l2_distance,13,14,non_significant_sdc,68,68,0,0.0
llava15_earthvqa,LLaVA-1.5-7B,EarthVQA,l2_distance,13,14,significant_sdc,183,50,133,0.7267759562841529
llava15_earthvqa,LLaVA-1.5-7B,EarthVQA,l2_distance,14,15,non_sdc,7249,7249,0,0.0
llava15_earthvqa,LLaVA-1.5-7B,EarthVQA,l2_distance,14,15,non_significant_sdc,68,68,0,0.0
llava15_earthvqa,LLaVA-1.5-7B,EarthVQA,l2_distance,14,15,significant_sdc,183,50,133,0.7267759562841529
llava15_earthvqa,LLaVA-1.5-7B,EarthVQA,l2_distance,15,16,non_sdc,7249,7249,0,0.0
llava15_earthvqa,LLaVA-1.5-7B,EarthVQA,l2_distance,15,16,non_significant_sdc,68,68,0,0.0
llava15_earthvqa,LLaVA-1.5-7B,EarthVQA,l2_distance,15,16,significant_sdc,183,49,134,0.7322404371584699
llava15_earthvqa,LLaVA-1.5-7B,EarthVQA,l2_distance,16,17,non_sdc,7249,7249,0,0.0
llava15_earthvqa,LLaVA-1.5-7B,EarthVQA,l2_distance,16,17,non_significant_sdc,68,68,0,0.0
llava15_earthvqa,LLaVA-1.5-7B,EarthVQA,l2_distance,16,17,significant_sdc,183,47,136,0.7431693989071038
llava15_earthvqa,LLaVA-1.5-7B,EarthVQA,l2_distance,17,18,non_sdc,7249,7249,0,0.0
llava15_earthvqa,LLaVA-1.5-7B,EarthVQA,l2_distance,17,18,non_significant_sdc,68,68,0,0.0
llava15_earthvqa,LLaVA-1.5-7B,EarthVQA,l2_distance,17,18,significant_sdc,183,46,137,0.7486338797814207
llava15_earthvqa,LLaVA-1.5-7B,EarthVQA,l2_distance,18,19,non_sdc,7249,7249,0,0.0
llava15_earthvqa,LLaVA-1.5-7B,EarthVQA,l2_distance,18,19,non_significant_sdc,68,68,0,0.0
llava15_earthvqa,LLaVA-1.5-7B,EarthVQA,l2_distance,18,19,significant_sdc,183,42,141,0.7704918032786885
llava15_earthvqa,LLaVA-1.5-7B,EarthVQA,l2_distance,19,20,non_sdc,7249,7249,0,0.0
llava15_earthvqa,LLaVA-1.5-7B,EarthVQA,l2_distance,19,20,non_significant_sdc,68,68,0,0.0
llava15_earthvqa,LLaVA-1.5-7B,EarthVQA,l2_distance,19,20,significant_sdc,183,41,142,0.7759562841530054
llava15_earthvqa,LLaVA-1.5-7B,EarthVQA,l2_distance,20,21,non_sdc,7249,7249,0,0.0
llava15_earthvqa,LLaVA-1.5-7B,EarthVQA,l2_distance,20,21,non_significant_sdc,68,68,0,0.0
llava15_earthvqa,LLaVA-1.5-7B,EarthVQA,l2_distance,20,21,significant_sdc,183,39,144,0.7868852459016393
llava15_earthvqa,LLaVA-1.5-7B,EarthVQA,l2_distance,21,22,non_sdc,7249,7249,0,0.0
llava15_earthvqa,LLaVA-1.5-7B,EarthVQA,l2_distance,21,22,non_significant_sdc,68,68,0,0.0
llava15_earthvqa,LLaVA-1.5-7B,EarthVQA,l2_distance,21,22,significant_sdc,183,36,147,0.8032786885245902
llava15_earthvqa,LLaVA-1.5-7B,EarthVQA,l2_distance,22,23,non_sdc,7249,7249,0,0.0
llava15_earthvqa,LLaVA-1.5-7B,EarthVQA,l2_distance,22,23,non_significant_sdc,68,68,0,0.0
llava15_earthvqa,LLaVA-1.5-7B,EarthVQA,l2_distance,22,23,significant_sdc,183,33,150,0.819672131147541
llava15_earthvqa,LLaVA-1.5-7B,EarthVQA,l2_distance,23,24,non_sdc,7249,7249,0,0.0
llava15_earthvqa,LLaVA-1.5-7B,EarthVQA,l2_distance,23,24,non_significant_sdc,68,68,0,0.0
llava15_earthvqa,LLaVA-1.5-7B,EarthVQA,l2_distance,23,24,significant_sdc,183,33,150,0.819672131147541
llava15_earthvqa,LLaVA-1.5-7B,EarthVQA,l2_distance,24,25,non_sdc,7249,7249,0,0.0
llava15_earthvqa,LLaVA-1.5-7B,EarthVQA,l2_distance,24,25,non_significant_sdc,68,68,0,0.0
llava15_earthvqa,LLaVA-1.5-7B,EarthVQA,l2_distance,24,25,significant_sdc,183,29,154,0.8415300546448088
llava15_earthvqa,LLaVA-1.5-7B,EarthVQA,l2_distance,25,26,non_sdc,7249,7249,0,0.0
llava15_earthvqa,LLaVA-1.5-7B,EarthVQA,l2_distance,25,26,non_significant_sdc,68,68,0,0.0
llava15_earthvqa,LLaVA-1.5-7B,EarthVQA,l2_distance,25,26,significant_sdc,183,27,156,0.8524590163934427
llava15_earthvqa,LLaVA-1.5-7B,EarthVQA,l2_distance,26,27,non_sdc,7249,7249,0,0.0
llava15_earthvqa,LLaVA-1.5-7B,EarthVQA,l2_distance,26,27,non_significant_sdc,68,68,0,0.0
llava15_earthvqa,LLaVA-1.5-7B,EarthVQA,l2_distance,26,27,significant_sdc,183,24,159,0.8688524590163934
llava15_earthvqa,LLaVA-1.5-7B,EarthVQA,l2_distance,27,28,non_sdc,7249,7249,0,0.0
llava15_earthvqa,LLaVA-1.5-7B,EarthVQA,l2_distance,27,28,non_significant_sdc,68,68,0,0.0
llava15_earthvqa,LLaVA-1.5-7B,EarthVQA,l2_distance,27,28,significant_sdc,183,22,161,0.8797814207650273
llava15_earthvqa,LLaVA-1.5-7B,EarthVQA,l2_distance,28,29,non_sdc,7249,7249,0,0.0
llava15_earthvqa,LLaVA-1.5-7B,EarthVQA,l2_distance,28,29,non_significant_sdc,68,68,0,0.0
llava15_earthvqa,LLaVA-1.5-7B,EarthVQA,l2_distance,28,29,significant_sdc,183,19,164,0.8961748633879781
llava15_earthvqa,LLaVA-1.5-7B,EarthVQA,l2_distance,29,30,non_sdc,7249,7249,0,0.0
llava15_earthvqa,LLaVA-1.5-7B,EarthVQA,l2_distance,29,30,non_significant_sdc,68,68,0,0.0
llava15_earthvqa,LLaVA-1.5-7B,EarthVQA,l2_distance,29,30,significant_sdc,183,17,166,0.907103825136612
llava15_earthvqa,LLaVA-1.5-7B,EarthVQA,l2_distance,30,31,non_sdc,7249,7249,0,0.0
llava15_earthvqa,LLaVA-1.5-7B,EarthVQA,l2_distance,30,31,non_significant_sdc,68,68,0,0.0
llava15_earthvqa,LLaVA-1.5-7B,EarthVQA,l2_distance,30,31,significant_sdc,183,11,172,0.9398907103825137
llava15_lingoqa,LLaVA-1.5-7B,LingoQA,cos_sim,0,1,non_sdc,7232,7232,0,0.0
llava15_lingoqa,LLaVA-1.5-7B,LingoQA,cos_sim,0,1,non_significant_sdc,102,102,0,0.0
llava15_lingoqa,LLaVA-1.5-7B,LingoQA,cos_sim,0,1,significant_sdc,166,59,107,0.6445783132530121
llava15_lingoqa,LLaVA-1.5-7B,LingoQA,cos_sim,1,2,non_sdc,7232,7232,0,0.0
llava15_lingoqa,LLaVA-1.5-7B,LingoQA,cos_sim,1,2,non_significant_sdc,102,102,0,0.0
llava15_lingoqa,LLaVA-1.5-7B,LingoQA,cos_sim,1,2,significant_sdc,166,57,109,0.6566265060240963
llava15_lingoqa,LLaVA-1.5-7B,LingoQA,cos_sim,2,3,non_sdc,7232,7232,0,0.0
llava15_lingoqa,LLaVA-1.5-7B,LingoQA,cos_sim,2,3,non_significant_sdc,102,102,0,0.0
llava15_lingoqa,LLaVA-1.5-7B,LingoQA,cos_sim,2,3,significant_sdc,166,57,109,0.6566265060240963
llava15_lingoqa,LLaVA-1.5-7B,LingoQA,cos_sim,3,4,non_sdc,7232,7232,0,0.0
llava15_lingoqa,LLaVA-1.5-7B,LingoQA,cos_sim,3,4,non_significant_sdc,102,102,0,0.0
llava15_lingoqa,LLaVA-1.5-7B,LingoQA,cos_sim,3,4,significant_sdc,166,57,109,0.6566265060240963
llava15_lingoqa,LLaVA-1.5-7B,LingoQA,cos_sim,4,5,non_sdc,7232,7232,0,0.0
llava15_lingoqa,LLaVA-1.5-7B,LingoQA,cos_sim,4,5,non_significant_sdc,102,102,0,0.0
llava15_lingoqa,LLaVA-1.5-7B,LingoQA,cos_sim,4,5,significant_sdc,166,57,109,0.6566265060240963
llava15_lingoqa,LLaVA-1.5-7B,LingoQA,cos_sim,5,6,non_sdc,7232,7232,0,0.0
llava15_lingoqa,LLaVA-1.5-7B,LingoQA,cos_sim,5,6,non_significant_sdc,102,102,0,0.0
llava15_lingoqa,LLaVA-1.5-7B,LingoQA,cos_sim,5,6,significant_sdc,166,54,112,0.6746987951807228
llava15_lingoqa,LLaVA-1.5-7B,LingoQA,cos_sim,6,7,non_sdc,7232,7232,0,0.0
llava15_lingoqa,LLaVA-1.5-7B,LingoQA,cos_sim,6,7,non_significant_sdc,102,102,0,0.0
llava15_lingoqa,LLaVA-1.5-7B,LingoQA,cos_sim,6,7,significant_sdc,166,54,112,0.6746987951807228
llava15_lingoqa,LLaVA-1.5-7B,LingoQA,cos_sim,7,8,non_sdc,7232,7232,0,0.0
llava15_lingoqa,LLaVA-1.5-7B,LingoQA,cos_sim,7,8,non_significant_sdc,102,102,0,0.0
llava15_lingoqa,LLaVA-1.5-7B,LingoQA,cos_sim,7,8,significant_sdc,166,52,114,0.6867469879518072
llava15_lingoqa,LLaVA-1.5-7B,LingoQA,cos_sim,8,9,non_sdc,7232,7232,0,0.0
llava15_lingoqa,LLaVA-1.5-7B,LingoQA,cos_sim,8,9,non_significant_sdc,102,102,0,0.0
llava15_lingoqa,LLaVA-1.5-7B,LingoQA,cos_sim,8,9,significant_sdc,166,50,116,0.6987951807228916
llava15_lingoqa,LLaVA-1.5-7B,LingoQA,cos_sim,9,10,non_sdc,7232,7232,0,0.0
llava15_lingoqa,LLaVA-1.5-7B,LingoQA,cos_sim,9,10,non_significant_sdc,102,102,0,0.0
llava15_lingoqa,LLaVA-1.5-7B,LingoQA,cos_sim,9,10,significant_sdc,166,48,118,0.7108433734939759
llava15_lingoqa,LLaVA-1.5-7B,LingoQA,cos_sim,10,11,non_sdc,7232,7232,0,0.0
llava15_lingoqa,LLaVA-1.5-7B,LingoQA,cos_sim,10,11,non_significant_sdc,102,102,0,0.0
llava15_lingoqa,LLaVA-1.5-7B,LingoQA,cos_sim,10,11,significant_sdc,166,47,119,0.7168674698795181
llava15_lingoqa,LLaVA-1.5-7B,LingoQA,cos_sim,11,12,non_sdc,7232,7232,0,0.0
llava15_lingoqa,LLaVA-1.5-7B,LingoQA,cos_sim,11,12,non_significant_sdc,102,102,0,0.0
llava15_lingoqa,LLaVA-1.5-7B,LingoQA,cos_sim,11,12,significant_sdc,166,44,122,0.7349397590361446
llava15_lingoqa,LLaVA-1.5-7B,LingoQA,cos_sim,12,13,non_sdc,7232,7232,0,0.0
llava15_lingoqa,LLaVA-1.5-7B,LingoQA,cos_sim,12,13,non_significant_sdc,102,102,0,0.0
llava15_lingoqa,LLaVA-1.5-7B,LingoQA,cos_sim,12,13,significant_sdc,166,44,122,0.7349397590361446
llava15_lingoqa,LLaVA-1.5-7B,LingoQA,cos_sim,13,14,non_sdc,7232,7232,0,0.0
llava15_lingoqa,LLaVA-1.5-7B,LingoQA,cos_sim,13,14,non_significant_sdc,102,102,0,0.0
llava15_lingoqa,LLaVA-1.5-7B,LingoQA,cos_sim,13,14,significant_sdc,166,44,122,0.7349397590361446
llava15_lingoqa,LLaVA-1.5-7B,LingoQA,cos_sim,14,15,non_sdc,7232,7232,0,0.0
llava15_lingoqa,LLaVA-1.5-7B,LingoQA,cos_sim,14,15,non_significant_sdc,102,102,0,0.0
llava15_lingoqa,LLaVA-1.5-7B,LingoQA,cos_sim,14,15,significant_sdc,166,41,125,0.7530120481927711
llava15_lingoqa,LLaVA-1.5-7B,LingoQA,cos_sim,15,16,non_sdc,7232,7232,0,0.0
llava15_lingoqa,LLaVA-1.5-7B,LingoQA,cos_sim,15,16,non_significant_sdc,102,102,0,0.0
llava15_lingoqa,LLaVA-1.5-7B,LingoQA,cos_sim,15,16,significant_sdc,166,40,126,0.7590361445783133
llava15_lingoqa,LLaVA-1.5-7B,LingoQA,cos_sim,16,17,non_sdc,7232,7232,0,0.0
llava15_lingoqa,LLaVA-1.5-7B,LingoQA,cos_sim,16,17,non_significant_sdc,102,102,0,0.0
llava15_lingoqa,LLaVA-1.5-7B,LingoQA,cos_sim,16,17,significant_sdc,166,37,129,0.7771084337349398
llava15_lingoqa,LLaVA-1.5-7B,LingoQA,cos_sim,17,18,non_sdc,7232,7232,0,0.0
llava15_lingoqa,LLaVA-1.5-7B,LingoQA,cos_sim,17,18,non_significant_sdc,102,102,0,0.0
llava15_lingoqa,LLaVA-1.5-7B,LingoQA,cos_sim,17,18,significant_sdc,166,37,129,0.7771084337349398
llava15_lingoqa,LLaVA-1.5-7B,LingoQA,cos_sim,18,19,non_sdc,7232,7232,0,0.0
llava15_lingoqa,LLaVA-1.5-7B,LingoQA,cos_sim,18,19,non_significant_sdc,102,102,0,0.0
llava15_lingoqa,LLaVA-1.5-7B,LingoQA,cos_sim,18,19,significant_sdc,166,35,131,0.7891566265060241
llava15_lingoqa,LLaVA-1.5-7B,LingoQA,cos_sim,19,20,non_sdc,7232,7232,0,0.0
llava15_lingoqa,LLaVA-1.5-7B,LingoQA,cos_sim,19,20,non_significant_sdc,102,102,0,0.0
llava15_lingoqa,LLaVA-1.5-7B,LingoQA,cos_sim,19,20,significant_sdc,166,34,132,0.7951807228915663
llava15_lingoqa,LLaVA-1.5-7B,LingoQA,cos_sim,20,21,non_sdc,7232,7232,0,0.0
llava15_lingoqa,LLaVA-1.5-7B,LingoQA,cos_sim,20,21,non_significant_sdc,102,102,0,0.0
llava15_lingoqa,LLaVA-1.5-7B,LingoQA,cos_sim,20,21,significant_sdc,166,34,132,0.7951807228915663
llava15_lingoqa,LLaVA-1.5-7B,LingoQA,cos_sim,21,22,non_sdc,7232,7232,0,0.0
llava15_lingoqa,LLaVA-1.5-7B,LingoQA,cos_sim,21,22,non_significant_sdc,102,102,0,0.0
llava15_lingoqa,LLaVA-1.5-7B,LingoQA,cos_sim,21,22,significant_sdc,166,33,133,0.8012048192771084
llava15_lingoqa,LLaVA-1.5-7B,LingoQA,cos_sim,22,23,non_sdc,7232,7232,0,0.0
llava15_lingoqa,LLaVA-1.5-7B,LingoQA,cos_sim,22,23,non_significant_sdc,102,102,0,0.0
llava15_lingoqa,LLaVA-1.5-7B,LingoQA,cos_sim,22,23,significant_sdc,166,32,134,0.8072289156626506
llava15_lingoqa,LLaVA-1.5-7B,LingoQA,cos_sim,23,24,non_sdc,7232,7232,0,0.0
llava15_lingoqa,LLaVA-1.5-7B,LingoQA,cos_sim,23,24,non_significant_sdc,102,102,0,0.0
llava15_lingoqa,LLaVA-1.5-7B,LingoQA,cos_sim,23,24,significant_sdc,166,32,134,0.8072289156626506
llava15_lingoqa,LLaVA-1.5-7B,LingoQA,cos_sim,24,25,non_sdc,7232,7232,0,0.0
llava15_lingoqa,LLaVA-1.5-7B,LingoQA,cos_sim,24,25,non_significant_sdc,102,102,0,0.0
llava15_lingoqa,LLaVA-1.5-7B,LingoQA,cos_sim,24,25,significant_sdc,166,31,135,0.8132530120481928
llava15_lingoqa,LLaVA-1.5-7B,LingoQA,cos_sim,25,26,non_sdc,7232,7232,0,0.0
llava15_lingoqa,LLaVA-1.5-7B,LingoQA,cos_sim,25,26,non_significant_sdc,102,102,0,0.0
llava15_lingoqa,LLaVA-1.5-7B,LingoQA,cos_sim,25,26,significant_sdc,166,31,135,0.8132530120481928
llava15_lingoqa,LLaVA-1.5-7B,LingoQA,cos_sim,26,27,non_sdc,7232,7232,0,0.0
llava15_lingoqa,LLaVA-1.5-7B,LingoQA,cos_sim,26,27,non_significant_sdc,102,102,0,0.0
llava15_lingoqa,LLaVA-1.5-7B,LingoQA,cos_sim,26,27,significant_sdc,166,29,137,0.8253012048192772
llava15_lingoqa,LLaVA-1.5-7B,LingoQA,cos_sim,27,28,non_sdc,7232,7232,0,0.0
llava15_lingoqa,LLaVA-1.5-7B,LingoQA,cos_sim,27,28,non_significant_sdc,102,102,0,0.0
llava15_lingoqa,LLaVA-1.5-7B,LingoQA,cos_sim,27,28,significant_sdc,166,24,142,0.8554216867469879
llava15_lingoqa,LLaVA-1.5-7B,LingoQA,cos_sim,28,29,non_sdc,7232,7232,0,0.0
llava15_lingoqa,LLaVA-1.5-7B,LingoQA,cos_sim,28,29,non_significant_sdc,102,102,0,0.0
llava15_lingoqa,LLaVA-1.5-7B,LingoQA,cos_sim,28,29,significant_sdc,166,22,144,0.8674698795180723
llava15_lingoqa,LLaVA-1.5-7B,LingoQA,cos_sim,29,30,non_sdc,7232,7232,0,0.0
llava15_lingoqa,LLaVA-1.5-7B,LingoQA,cos_sim,29,30,non_significant_sdc,102,102,0,0.0
llava15_lingoqa,LLaVA-1.5-7B,LingoQA,cos_sim,29,30,significant_sdc,166,19,147,0.8855421686746988
llava15_lingoqa,LLaVA-1.5-7B,LingoQA,cos_sim,30,31,non_sdc,7232,7232,0,0.0
llava15_lingoqa,LLaVA-1.5-7B,LingoQA,cos_sim,30,31,non_significant_sdc,102,102,0,0.0
llava15_lingoqa,LLaVA-1.5-7B,LingoQA,cos_sim,30,31,significant_sdc,166,12,154,0.927710843373494
llava15_lingoqa,LLaVA-1.5-7B,LingoQA,abs_mean_diff,0,1,non_sdc,7232,7232,0,0.0
llava15_lingoqa,LLaVA-1.5-7B,LingoQA,abs_mean_diff,0,1,non_significant_sdc,102,102,0,0.0
llava15_lingoqa,LLaVA-1.5-7B,LingoQA,abs_mean_diff,0,1,significant_sdc,166,59,107,0.6445783132530121
llava15_lingoqa,LLaVA-1.5-7B,LingoQA,abs_mean_diff,1,2,non_sdc,7232,7232,0,0.0
llava15_lingoqa,LLaVA-1.5-7B,LingoQA,abs_mean_diff,1,2,non_significant_sdc,102,102,0,0.0
llava15_lingoqa,LLaVA-1.5-7B,LingoQA,abs_mean_diff,1,2,significant_sdc,166,57,109,0.6566265060240963
llava15_lingoqa,LLaVA-1.5-7B,LingoQA,abs_mean_diff,2,3,non_sdc,7232,7232,0,0.0
llava15_lingoqa,LLaVA-1.5-7B,LingoQA,abs_mean_diff,2,3,non_significant_sdc,102,102,0,0.0
llava15_lingoqa,LLaVA-1.5-7B,LingoQA,abs_mean_diff,2,3,significant_sdc,166,57,109,0.6566265060240963
llava15_lingoqa,LLaVA-1.5-7B,LingoQA,abs_mean_diff,3,4,non_sdc,7232,7232,0,0.0
llava15_lingoqa,LLaVA-1.5-7B,LingoQA,abs_mean_diff,3,4,non_significant_sdc,102,102,0,0.0
llava15_lingoqa,LLaVA-1.5-7B,LingoQA,abs_mean_diff,3,4,significant_sdc,166,57,109,0.6566265060240963
llava15_lingoqa,LLaVA-1.5-7B,LingoQA,abs_mean_diff,4,5,non_sdc,7232,7232,0,0.0
llava15_lingoqa,LLaVA-1.5-7B,LingoQA,abs_mean_diff,4,5,non_significant_sdc,102,102,0,0.0
llava15_lingoqa,LLaVA-1.5-7B,LingoQA,abs_mean_diff,4,5,significant_sdc,166,57,109,0.6566265060240963
llava15_lingoqa,LLaVA-1.5-7B,LingoQA,abs_mean_diff,5,6,non_sdc,7232,7232,0,0.0
llava15_lingoqa,LLaVA-1.5-7B,LingoQA,abs_mean_diff,5,6,non_significant_sdc,102,102,0,0.0
llava15_lingoqa,LLaVA-1.5-7B,LingoQA,abs_mean_diff,5,6,significant_sdc,166,54,112,0.6746987951807228
llava15_lingoqa,LLaVA-1.5-7B,LingoQA,abs_mean_diff,6,7,non_sdc,7232,7232,0,0.0
llava15_lingoqa,LLaVA-1.5-7B,LingoQA,abs_mean_diff,6,7,non_significant_sdc,102,102,0,0.0
llava15_lingoqa,LLaVA-1.5-7B,LingoQA,abs_mean_diff,6,7,significant_sdc,166,54,112,0.6746987951807228
llava15_lingoqa,LLaVA-1.5-7B,LingoQA,abs_mean_diff,7,8,non_sdc,7232,7232,0,0.0
llava15_lingoqa,LLaVA-1.5-7B,LingoQA,abs_mean_diff,7,8,non_significant_sdc,102,102,0,0.0
llava15_lingoqa,LLaVA-1.5-7B,LingoQA,abs_mean_diff,7,8,significant_sdc,166,52,114,0.6867469879518072
llava15_lingoqa,LLaVA-1.5-7B,LingoQA,abs_mean_diff,8,9,non_sdc,7232,7232,0,0.0
llava15_lingoqa,LLaVA-1.5-7B,LingoQA,abs_mean_diff,8,9,non_significant_sdc,102,102,0,0.0
llava15_lingoqa,LLaVA-1.5-7B,LingoQA,abs_mean_diff,8,9,significant_sdc,166,50,116,0.6987951807228916
llava15_lingoqa,LLaVA-1.5-7B,LingoQA,abs_mean_diff,9,10,non_sdc,7232,7232,0,0.0
llava15_lingoqa,LLaVA-1.5-7B,LingoQA,abs_mean_diff,9,10,non_significant_sdc,102,102,0,0.0
llava15_lingoqa,LLaVA-1.5-7B,LingoQA,abs_mean_diff,9,10,significant_sdc,166,48,118,0.7108433734939759
llava15_lingoqa,LLaVA-1.5-7B,LingoQA,abs_mean_diff,10,11,non_sdc,7232,7232,0,0.0
llava15_lingoqa,LLaVA-1.5-7B,LingoQA,abs_mean_diff,10,11,non_significant_sdc,102,102,0,0.0
llava15_lingoqa,LLaVA-1.5-7B,LingoQA,abs_mean_diff,10,11,significant_sdc,166,47,119,0.7168674698795181
llava15_lingoqa,LLaVA-1.5-7B,LingoQA,abs_mean_diff,11,12,non_sdc,7232,7232,0,0.0
llava15_lingoqa,LLaVA-1.5-7B,LingoQA,abs_mean_diff,11,12,non_significant_sdc,102,102,0,0.0
llava15_lingoqa,LLaVA-1.5-7B,LingoQA,abs_mean_diff,11,12,significant_sdc,166,44,122,0.7349397590361446
llava15_lingoqa,LLaVA-1.5-7B,LingoQA,abs_mean_diff,12,13,non_sdc,7232,7232,0,0.0
llava15_lingoqa,LLaVA-1.5-7B,LingoQA,abs_mean_diff,12,13,non_significant_sdc,102,102,0,0.0
llava15_lingoqa,LLaVA-1.5-7B,LingoQA,abs_mean_diff,12,13,significant_sdc,166,44,122,0.7349397590361446
llava15_lingoqa,LLaVA-1.5-7B,LingoQA,abs_mean_diff,13,14,non_sdc,7232,7232,0,0.0
llava15_lingoqa,LLaVA-1.5-7B,LingoQA,abs_mean_diff,13,14,non_significant_sdc,102,102,0,0.0
llava15_lingoqa,LLaVA-1.5-7B,LingoQA,abs_mean_diff,13,14,significant_sdc,166,44,122,0.7349397590361446
llava15_lingoqa,LLaVA-1.5-7B,LingoQA,abs_mean_diff,14,15,non_sdc,7232,7232,0,0.0
llava15_lingoqa,LLaVA-1.5-7B,LingoQA,abs_mean_diff,14,15,non_significant_sdc,102,102,0,0.0
llava15_lingoqa,LLaVA-1.5-7B,LingoQA,abs_mean_diff,14,15,significant_sdc,166,41,125,0.7530120481927711
llava15_lingoqa,LLaVA-1.5-7B,LingoQA,abs_mean_diff,15,16,non_sdc,7232,7232,0,0.0
llava15_lingoqa,LLaVA-1.5-7B,LingoQA,abs_mean_diff,15,16,non_significant_sdc,102,102,0,0.0
llava15_lingoqa,LLaVA-1.5-7B,LingoQA,abs_mean_diff,15,16,significant_sdc,166,40,126,0.7590361445783133
llava15_lingoqa,LLaVA-1.5-7B,LingoQA,abs_mean_diff,16,17,non_sdc,7232,7232,0,0.0
llava15_lingoqa,LLaVA-1.5-7B,LingoQA,abs_mean_diff,16,17,non_significant_sdc,102,102,0,0.0
llava15_lingoqa,LLaVA-1.5-7B,LingoQA,abs_mean_diff,16,17,significant_sdc,166,37,129,0.7771084337349398
llava15_lingoqa,LLaVA-1.5-7B,LingoQA,abs_mean_diff,17,18,non_sdc,7232,7232,0,0.0
llava15_lingoqa,LLaVA-1.5-7B,LingoQA,abs_mean_diff,17,18,non_significant_sdc,102,102,0,0.0
llava15_lingoqa,LLaVA-1.5-7B,LingoQA,abs_mean_diff,17,18,significant_sdc,166,37,129,0.7771084337349398
llava15_lingoqa,LLaVA-1.5-7B,LingoQA,abs_mean_diff,18,19,non_sdc,7232,7232,0,0.0
llava15_lingoqa,LLaVA-1.5-7B,LingoQA,abs_mean_diff,18,19,non_significant_sdc,102,102,0,0.0
llava15_lingoqa,LLaVA-1.5-7B,LingoQA,abs_mean_diff,18,19,significant_sdc,166,35,131,0.7891566265060241
llava15_lingoqa,LLaVA-1.5-7B,LingoQA,abs_mean_diff,19,20,non_sdc,7232,7232,0,0.0
llava15_lingoqa,LLaVA-1.5-7B,LingoQA,abs_mean_diff,19,20,non_significant_sdc,102,102,0,0.0
llava15_lingoqa,LLaVA-1.5-7B,LingoQA,abs_mean_diff,19,20,significant_sdc,166,34,132,0.7951807228915663
llava15_lingoqa,LLaVA-1.5-7B,LingoQA,abs_mean_diff,20,21,non_sdc,7232,7232,0,0.0
llava15_lingoqa,LLaVA-1.5-7B,LingoQA,abs_mean_diff,20,21,non_significant_sdc,102,102,0,0.0
llava15_lingoqa,LLaVA-1.5-7B,LingoQA,abs_mean_diff,20,21,significant_sdc,166,34,132,0.7951807228915663
llava15_lingoqa,LLaVA-1.5-7B,LingoQA,abs_mean_diff,21,22,non_sdc,7232,7232,0,0.0
llava15_lingoqa,LLaVA-1.5-7B,LingoQA,abs_mean_diff,21,22,non_significant_sdc,102,102,0,0.0
llava15_lingoqa,LLaVA-1.5-7B,LingoQA,abs_mean_diff,21,22,significant_sdc,166,33,133,0.8012048192771084
llava15_lingoqa,LLaVA-1.5-7B,LingoQA,abs_mean_diff,22,23,non_sdc,7232,7232,0,0.0
llava15_lingoqa,LLaVA-1.5-7B,LingoQA,abs_mean_diff,22,23,non_significant_sdc,102,102,0,0.0
llava15_lingoqa,LLaVA-1.5-7B,LingoQA,abs_mean_diff,22,23,significant_sdc,166,32,134,0.8072289156626506
llava15_lingoqa,LLaVA-1.5-7B,LingoQA,abs_mean_diff,23,24,non_sdc,7232,7232,0,0.0
llava15_lingoqa,LLaVA-1.5-7B,LingoQA,abs_mean_diff,23,24,non_significant_sdc,102,102,0,0.0
llava15_lingoqa,LLaVA-1.5-7B,LingoQA,abs_mean_diff,23,24,significant_sdc,166,32,134,0.8072289156626506
llava15_lingoqa,LLaVA-1.5-7B,LingoQA,abs_mean_diff,24,25,non_sdc,7232,7232,0,0.0
llava15_lingoqa,LLaVA-1.5-7B,LingoQA,abs_mean_diff,24,25,non_significant_sdc,102,102,0,0.0
llava15_lingoqa,LLaVA-1.5-7B,LingoQA,abs_mean_diff,24,25,significant_sdc,166,31,135,0.8132530120481928
llava15_lingoqa,LLaVA-1.5-7B,LingoQA,abs_mean_diff,25,26,non_sdc,7232,7232,0,0.0
llava15_lingoqa,LLaVA-1.5-7B,LingoQA,abs_mean_diff,25,26,non_significant_sdc,102,102,0,0.0
llava15_lingoqa,LLaVA-1.5-7B,LingoQA,abs_mean_diff,25,26,significant_sdc,166,31,135,0.8132530120481928
llava15_lingoqa,LLaVA-1.5-7B,LingoQA,abs_mean_diff,26,27,non_sdc,7232,7232,0,0.0
llava15_lingoqa,LLaVA-1.5-7B,LingoQA,abs_mean_diff,26,27,non_significant_sdc,102,102,0,0.0
llava15_lingoqa,LLaVA-1.5-7B,LingoQA,abs_mean_diff,26,27,significant_sdc,166,29,137,0.8253012048192772
llava15_lingoqa,LLaVA-1.5-7B,LingoQA,abs_mean_diff,27,28,non_sdc,7232,7232,0,0.0
llava15_lingoqa,LLaVA-1.5-7B,LingoQA,abs_mean_diff,27,28,non_significant_sdc,102,102,0,0.0
llava15_lingoqa,LLaVA-1.5-7B,LingoQA,abs_mean_diff,27,28,significant_sdc,166,24,142,0.8554216867469879
llava15_lingoqa,LLaVA-1.5-7B,LingoQA,abs_mean_diff,28,29,non_sdc,7232,7232,0,0.0
llava15_lingoqa,LLaVA-1.5-7B,LingoQA,abs_mean_diff,28,29,non_significant_sdc,102,102,0,0.0
llava15_lingoqa,LLaVA-1.5-7B,LingoQA,abs_mean_diff,28,29,significant_sdc,166,22,144,0.8674698795180723
llava15_lingoqa,LLaVA-1.5-7B,LingoQA,abs_mean_diff,29,30,non_sdc,7232,7232,0,0.0
llava15_lingoqa,LLaVA-1.5-7B,LingoQA,abs_mean_diff,29,30,non_significant_sdc,102,102,0,0.0
llava15_lingoqa,LLaVA-1.5-7B,LingoQA,abs_mean_diff,29,30,significant_sdc,166,19,147,0.8855421686746988
llava15_lingoqa,LLaVA-1.5-7B,LingoQA,abs_mean_diff,30,31,non_sdc,7232,7232,0,0.0
llava15_lingoqa,LLaVA-1.5-7B,LingoQA,abs_mean_diff,30,31,non_significant_sdc,102,102,0,0.0
llava15_lingoqa,LLaVA-1.5-7B,LingoQA,abs_mean_diff,30,31,significant_sdc,166,12,154,0.927710843373494
llava15_lingoqa,LLaVA-1.5-7B,LingoQA,abs_std_diff,0,1,non_sdc,7232,7232,0,0.0
llava15_lingoqa,LLaVA-1.5-7B,LingoQA,abs_std_diff,0,1,non_significant_sdc,102,102,0,0.0
llava15_lingoqa,LLaVA-1.5-7B,LingoQA,abs_std_diff,0,1,significant_sdc,166,59,107,0.6445783132530121
llava15_lingoqa,LLaVA-1.5-7B,LingoQA,abs_std_diff,1,2,non_sdc,7232,7232,0,0.0
llava15_lingoqa,LLaVA-1.5-7B,LingoQA,abs_std_diff,1,2,non_significant_sdc,102,102,0,0.0
llava15_lingoqa,LLaVA-1.5-7B,LingoQA,abs_std_diff,1,2,significant_sdc,166,57,109,0.6566265060240963
llava15_lingoqa,LLaVA-1.5-7B,LingoQA,abs_std_diff,2,3,non_sdc,7232,7232,0,0.0
llava15_lingoqa,LLaVA-1.5-7B,LingoQA,abs_std_diff,2,3,non_significant_sdc,102,102,0,0.0
llava15_lingoqa,LLaVA-1.5-7B,LingoQA,abs_std_diff,2,3,significant_sdc,166,57,109,0.6566265060240963
llava15_lingoqa,LLaVA-1.5-7B,LingoQA,abs_std_diff,3,4,non_sdc,7232,7232,0,0.0
llava15_lingoqa,LLaVA-1.5-7B,LingoQA,abs_std_diff,3,4,non_significant_sdc,102,102,0,0.0
llava15_lingoqa,LLaVA-1.5-7B,LingoQA,abs_std_diff,3,4,significant_sdc,166,57,109,0.6566265060240963
llava15_lingoqa,LLaVA-1.5-7B,LingoQA,abs_std_diff,4,5,non_sdc,7232,7232,0,0.0
llava15_lingoqa,LLaVA-1.5-7B,LingoQA,abs_std_diff,4,5,non_significant_sdc,102,102,0,0.0
llava15_lingoqa,LLaVA-1.5-7B,LingoQA,abs_std_diff,4,5,significant_sdc,166,57,109,0.6566265060240963
llava15_lingoqa,LLaVA-1.5-7B,LingoQA,abs_std_diff,5,6,non_sdc,7232,7232,0,0.0
llava15_lingoqa,LLaVA-1.5-7B,LingoQA,abs_std_diff,5,6,non_significant_sdc,102,102,0,0.0
llava15_lingoqa,LLaVA-1.5-7B,LingoQA,abs_std_diff,5,6,significant_sdc,166,54,112,0.6746987951807228
llava15_lingoqa,LLaVA-1.5-7B,LingoQA,abs_std_diff,6,7,non_sdc,7232,7232,0,0.0
llava15_lingoqa,LLaVA-1.5-7B,LingoQA,abs_std_diff,6,7,non_significant_sdc,102,102,0,0.0
llava15_lingoqa,LLaVA-1.5-7B,LingoQA,abs_std_diff,6,7,significant_sdc,166,54,112,0.6746987951807228
llava15_lingoqa,LLaVA-1.5-7B,LingoQA,abs_std_diff,7,8,non_sdc,7232,7232,0,0.0
llava15_lingoqa,LLaVA-1.5-7B,LingoQA,abs_std_diff,7,8,non_significant_sdc,102,102,0,0.0
llava15_lingoqa,LLaVA-1.5-7B,LingoQA,abs_std_diff,7,8,significant_sdc,166,52,114,0.6867469879518072
llava15_lingoqa,LLaVA-1.5-7B,LingoQA,abs_std_diff,8,9,non_sdc,7232,7232,0,0.0
llava15_lingoqa,LLaVA-1.5-7B,LingoQA,abs_std_diff,8,9,non_significant_sdc,102,102,0,0.0
llava15_lingoqa,LLaVA-1.5-7B,LingoQA,abs_std_diff,8,9,significant_sdc,166,50,116,0.6987951807228916
llava15_lingoqa,LLaVA-1.5-7B,LingoQA,abs_std_diff,9,10,non_sdc,7232,7232,0,0.0
llava15_lingoqa,LLaVA-1.5-7B,LingoQA,abs_std_diff,9,10,non_significant_sdc,102,102,0,0.0
llava15_lingoqa,LLaVA-1.5-7B,LingoQA,abs_std_diff,9,10,significant_sdc,166,48,118,0.7108433734939759
llava15_lingoqa,LLaVA-1.5-7B,LingoQA,abs_std_diff,10,11,non_sdc,7232,7232,0,0.0
llava15_lingoqa,LLaVA-1.5-7B,LingoQA,abs_std_diff,10,11,non_significant_sdc,102,102,0,0.0
llava15_lingoqa,LLaVA-1.5-7B,LingoQA,abs_std_diff,10,11,significant_sdc,166,47,119,0.7168674698795181
llava15_lingoqa,LLaVA-1.5-7B,LingoQA,abs_std_diff,11,12,non_sdc,7232,7232,0,0.0
llava15_lingoqa,LLaVA-1.5-7B,LingoQA,abs_std_diff,11,12,non_significant_sdc,102,102,0,0.0
llava15_lingoqa,LLaVA-1.5-7B,LingoQA,abs_std_diff,11,12,significant_sdc,166,44,122,0.7349397590361446
llava15_lingoqa,LLaVA-1.5-7B,LingoQA,abs_std_diff,12,13,non_sdc,7232,7232,0,0.0
llava15_lingoqa,LLaVA-1.5-7B,LingoQA,abs_std_diff,12,13,non_significant_sdc,102,102,0,0.0
llava15_lingoqa,LLaVA-1.5-7B,LingoQA,abs_std_diff,12,13,significant_sdc,166,44,122,0.7349397590361446
llava15_lingoqa,LLaVA-1.5-7B,LingoQA,abs_std_diff,13,14,non_sdc,7232,7232,0,0.0
llava15_lingoqa,LLaVA-1.5-7B,LingoQA,abs_std_diff,13,14,non_significant_sdc,102,102,0,0.0
llava15_lingoqa,LLaVA-1.5-7B,LingoQA,abs_std_diff,13,14,significant_sdc,166,44,122,0.7349397590361446
llava15_lingoqa,LLaVA-1.5-7B,LingoQA,abs_std_diff,14,15,non_sdc,7232,7232,0,0.0
llava15_lingoqa,LLaVA-1.5-7B,LingoQA,abs_std_diff,14,15,non_significant_sdc,102,102,0,0.0
llava15_lingoqa,LLaVA-1.5-7B,LingoQA,abs_std_diff,14,15,significant_sdc,166,41,125,0.7530120481927711
llava15_lingoqa,LLaVA-1.5-7B,LingoQA,abs_std_diff,15,16,non_sdc,7232,7232,0,0.0
llava15_lingoqa,LLaVA-1.5-7B,LingoQA,abs_std_diff,15,16,non_significant_sdc,102,102,0,0.0
llava15_lingoqa,LLaVA-1.5-7B,LingoQA,abs_std_diff,15,16,significant_sdc,166,40,126,0.7590361445783133
llava15_lingoqa,LLaVA-1.5-7B,LingoQA,abs_std_diff,16,17,non_sdc,7232,7232,0,0.0
llava15_lingoqa,LLaVA-1.5-7B,LingoQA,abs_std_diff,16,17,non_significant_sdc,102,102,0,0.0
llava15_lingoqa,LLaVA-1.5-7B,LingoQA,abs_std_diff,16,17,significant_sdc,166,37,129,0.7771084337349398
llava15_lingoqa,LLaVA-1.5-7B,LingoQA,abs_std_diff,17,18,non_sdc,7232,7232,0,0.0
llava15_lingoqa,LLaVA-1.5-7B,LingoQA,abs_std_diff,17,18,non_significant_sdc,102,102,0,0.0
llava15_lingoqa,LLaVA-1.5-7B,LingoQA,abs_std_diff,17,18,significant_sdc,166,37,129,0.7771084337349398
llava15_lingoqa,LLaVA-1.5-7B,LingoQA,abs_std_diff,18,19,non_sdc,7232,7232,0,0.0
llava15_lingoqa,LLaVA-1.5-7B,LingoQA,abs_std_diff,18,19,non_significant_sdc,102,102,0,0.0
llava15_lingoqa,LLaVA-1.5-7B,LingoQA,abs_std_diff,18,19,significant_sdc,166,35,131,0.7891566265060241
llava15_lingoqa,LLaVA-1.5-7B,LingoQA,abs_std_diff,19,20,non_sdc,7232,7232,0,0.0
llava15_lingoqa,LLaVA-1.5-7B,LingoQA,abs_std_diff,19,20,non_significant_sdc,102,102,0,0.0
llava15_lingoqa,LLaVA-1.5-7B,LingoQA,abs_std_diff,19,20,significant_sdc,166,34,132,0.7951807228915663
llava15_lingoqa,LLaVA-1.5-7B,LingoQA,abs_std_diff,20,21,non_sdc,7232,7232,0,0.0
llava15_lingoqa,LLaVA-1.5-7B,LingoQA,abs_std_diff,20,21,non_significant_sdc,102,102,0,0.0
llava15_lingoqa,LLaVA-1.5-7B,LingoQA,abs_std_diff,20,21,significant_sdc,166,34,132,0.7951807228915663
llava15_lingoqa,LLaVA-1.5-7B,LingoQA,abs_std_diff,21,22,non_sdc,7232,7232,0,0.0
llava15_lingoqa,LLaVA-1.5-7B,LingoQA,abs_std_diff,21,22,non_significant_sdc,102,102,0,0.0
llava15_lingoqa,LLaVA-1.5-7B,LingoQA,abs_std_diff,21,22,significant_sdc,166,33,133,0.8012048192771084
llava15_lingoqa,LLaVA-1.5-7B,LingoQA,abs_std_diff,22,23,non_sdc,7232,7232,0,0.0
llava15_lingoqa,LLaVA-1.5-7B,LingoQA,abs_std_diff,22,23,non_significant_sdc,102,102,0,0.0
llava15_lingoqa,LLaVA-1.5-7B,LingoQA,abs_std_diff,22,23,significant_sdc,166,32,134,0.8072289156626506
llava15_lingoqa,LLaVA-1.5-7B,LingoQA,abs_std_diff,23,24,non_sdc,7232,7232,0,0.0
llava15_lingoqa,LLaVA-1.5-7B,LingoQA,abs_std_diff,23,24,non_significant_sdc,102,102,0,0.0
llava15_lingoqa,LLaVA-1.5-7B,LingoQA,abs_std_diff,23,24,significant_sdc,166,32,134,0.8072289156626506
llava15_lingoqa,LLaVA-1.5-7B,LingoQA,abs_std_diff,24,25,non_sdc,7232,7232,0,0.0
llava15_lingoqa,LLaVA-1.5-7B,LingoQA,abs_std_diff,24,25,non_significant_sdc,102,102,0,0.0
llava15_lingoqa,LLaVA-1.5-7B,LingoQA,abs_std_diff,24,25,significant_sdc,166,31,135,0.8132530120481928
llava15_lingoqa,LLaVA-1.5-7B,LingoQA,abs_std_diff,25,26,non_sdc,7232,7232,0,0.0
llava15_lingoqa,LLaVA-1.5-7B,LingoQA,abs_std_diff,25,26,non_significant_sdc,102,102,0,0.0
llava15_lingoqa,LLaVA-1.5-7B,LingoQA,abs_std_diff,25,26,significant_sdc,166,31,135,0.8132530120481928
llava15_lingoqa,LLaVA-1.5-7B,LingoQA,abs_std_diff,26,27,non_sdc,7232,7232,0,0.0
llava15_lingoqa,LLaVA-1.5-7B,LingoQA,abs_std_diff,26,27,non_significant_sdc,102,102,0,0.0
llava15_lingoqa,LLaVA-1.5-7B,LingoQA,abs_std_diff,26,27,significant_sdc,166,29,137,0.8253012048192772
llava15_lingoqa,LLaVA-1.5-7B,LingoQA,abs_std_diff,27,28,non_sdc,7232,7232,0,0.0
llava15_lingoqa,LLaVA-1.5-7B,LingoQA,abs_std_diff,27,28,non_significant_sdc,102,102,0,0.0
llava15_lingoqa,LLaVA-1.5-7B,LingoQA,abs_std_diff,27,28,significant_sdc,166,24,142,0.8554216867469879
llava15_lingoqa,LLaVA-1.5-7B,LingoQA,abs_std_diff,28,29,non_sdc,7232,7232,0,0.0
llava15_lingoqa,LLaVA-1.5-7B,LingoQA,abs_std_diff,28,29,non_significant_sdc,102,102,0,0.0
llava15_lingoqa,LLaVA-1.5-7B,LingoQA,abs_std_diff,28,29,significant_sdc,166,22,144,0.8674698795180723
llava15_lingoqa,LLaVA-1.5-7B,LingoQA,abs_std_diff,29,30,non_sdc,7232,7232,0,0.0
llava15_lingoqa,LLaVA-1.5-7B,LingoQA,abs_std_diff,29,30,non_significant_sdc,102,102,0,0.0
llava15_lingoqa,LLaVA-1.5-7B,LingoQA,abs_std_diff,29,30,significant_sdc,166,19,147,0.8855421686746988
llava15_lingoqa,LLaVA-1.5-7B,LingoQA,abs_std_diff,30,31,non_sdc,7232,7232,0,0.0
llava15_lingoqa,LLaVA-1.5-7B,LingoQA,abs_std_diff,30,31,non_significant_sdc,102,102,0,0.0
llava15_lingoqa,LLaVA-1.5-7B,LingoQA,abs_std_diff,30,31,significant_sdc,166,12,154,0.927710843373494
llava15_lingoqa,LLaVA-1.5-7B,LingoQA,l2_distance,0,1,non_sdc,7232,7232,0,0.0
llava15_lingoqa,LLaVA-1.5-7B,LingoQA,l2_distance,0,1,non_significant_sdc,102,102,0,0.0
llava15_lingoqa,LLaVA-1.5-7B,LingoQA,l2_distance,0,1,significant_sdc,166,59,107,0.6445783132530121
llava15_lingoqa,LLaVA-1.5-7B,LingoQA,l2_distance,1,2,non_sdc,7232,7232,0,0.0
llava15_lingoqa,LLaVA-1.5-7B,LingoQA,l2_distance,1,2,non_significant_sdc,102,102,0,0.0
llava15_lingoqa,LLaVA-1.5-7B,LingoQA,l2_distance,1,2,significant_sdc,166,57,109,0.6566265060240963
llava15_lingoqa,LLaVA-1.5-7B,LingoQA,l2_distance,2,3,non_sdc,7232,7232,0,0.0
llava15_lingoqa,LLaVA-1.5-7B,LingoQA,l2_distance,2,3,non_significant_sdc,102,102,0,0.0
llava15_lingoqa,LLaVA-1.5-7B,LingoQA,l2_distance,2,3,significant_sdc,166,57,109,0.6566265060240963
llava15_lingoqa,LLaVA-1.5-7B,LingoQA,l2_distance,3,4,non_sdc,7232,7232,0,0.0
llava15_lingoqa,LLaVA-1.5-7B,LingoQA,l2_distance,3,4,non_significant_sdc,102,102,0,0.0
llava15_lingoqa,LLaVA-1.5-7B,LingoQA,l2_distance,3,4,significant_sdc,166,57,109,0.6566265060240963
llava15_lingoqa,LLaVA-1.5-7B,LingoQA,l2_distance,4,5,non_sdc,7232,7232,0,0.0
llava15_lingoqa,LLaVA-1.5-7B,LingoQA,l2_distance,4,5,non_significant_sdc,102,102,0,0.0
llava15_lingoqa,LLaVA-1.5-7B,LingoQA,l2_distance,4,5,significant_sdc,166,57,109,0.6566265060240963
llava15_lingoqa,LLaVA-1.5-7B,LingoQA,l2_distance,5,6,non_sdc,7232,7232,0,0.0
llava15_lingoqa,LLaVA-1.5-7B,LingoQA,l2_distance,5,6,non_significant_sdc,102,102,0,0.0
llava15_lingoqa,LLaVA-1.5-7B,LingoQA,l2_distance,5,6,significant_sdc,166,54,112,0.6746987951807228
llava15_lingoqa,LLaVA-1.5-7B,LingoQA,l2_distance,6,7,non_sdc,7232,7232,0,0.0
llava15_lingoqa,LLaVA-1.5-7B,LingoQA,l2_distance,6,7,non_significant_sdc,102,102,0,0.0
llava15_lingoqa,LLaVA-1.5-7B,LingoQA,l2_distance,6,7,significant_sdc,166,54,112,0.6746987951807228
llava15_lingoqa,LLaVA-1.5-7B,LingoQA,l2_distance,7,8,non_sdc,7232,7232,0,0.0
llava15_lingoqa,LLaVA-1.5-7B,LingoQA,l2_distance,7,8,non_significant_sdc,102,102,0,0.0
llava15_lingoqa,LLaVA-1.5-7B,LingoQA,l2_distance,7,8,significant_sdc,166,52,114,0.6867469879518072
llava15_lingoqa,LLaVA-1.5-7B,LingoQA,l2_distance,8,9,non_sdc,7232,7232,0,0.0
llava15_lingoqa,LLaVA-1.5-7B,LingoQA,l2_distance,8,9,non_significant_sdc,102,102,0,0.0
llava15_lingoqa,LLaVA-1.5-7B,LingoQA,l2_distance,8,9,significant_sdc,166,50,116,0.6987951807228916
llava15_lingoqa,LLaVA-1.5-7B,LingoQA,l2_distance,9,10,non_sdc,7232,7232,0,0.0
llava15_lingoqa,LLaVA-1.5-7B,LingoQA,l2_distance,9,10,non_significant_sdc,102,102,0,0.0
llava15_lingoqa,LLaVA-1.5-7B,LingoQA,l2_distance,9,10,significant_sdc,166,48,118,0.7108433734939759
llava15_lingoqa,LLaVA-1.5-7B,LingoQA,l2_distance,10,11,non_sdc,7232,7232,0,0.0
llava15_lingoqa,LLaVA-1.5-7B,LingoQA,l2_distance,10,11,non_significant_sdc,102,102,0,0.0
llava15_lingoqa,LLaVA-1.5-7B,LingoQA,l2_distance,10,11,significant_sdc,166,47,119,0.7168674698795181
llava15_lingoqa,LLaVA-1.5-7B,LingoQA,l2_distance,11,12,non_sdc,7232,7232,0,0.0
llava15_lingoqa,LLaVA-1.5-7B,LingoQA,l2_distance,11,12,non_significant_sdc,102,102,0,0.0
llava15_lingoqa,LLaVA-1.5-7B,LingoQA,l2_distance,11,12,significant_sdc,166,44,122,0.7349397590361446
llava15_lingoqa,LLaVA-1.5-7B,LingoQA,l2_distance,12,13,non_sdc,7232,7232,0,0.0
llava15_lingoqa,LLaVA-1.5-7B,LingoQA,l2_distance,12,13,non_significant_sdc,102,102,0,0.0
llava15_lingoqa,LLaVA-1.5-7B,LingoQA,l2_distance,12,13,significant_sdc,166,44,122,0.7349397590361446
llava15_lingoqa,LLaVA-1.5-7B,LingoQA,l2_distance,13,14,non_sdc,7232,7232,0,0.0
llava15_lingoqa,LLaVA-1.5-7B,LingoQA,l2_distance,13,14,non_significant_sdc,102,102,0,0.0
llava15_lingoqa,LLaVA-1.5-7B,LingoQA,l2_distance,13,14,significant_sdc,166,44,122,0.7349397590361446
llava15_lingoqa,LLaVA-1.5-7B,LingoQA,l2_distance,14,15,non_sdc,7232,7232,0,0.0
llava15_lingoqa,LLaVA-1.5-7B,LingoQA,l2_distance,14,15,non_significant_sdc,102,102,0,0.0
llava15_lingoqa,LLaVA-1.5-7B,LingoQA,l2_distance,14,15,significant_sdc,166,41,125,0.7530120481927711
llava15_lingoqa,LLaVA-1.5-7B,LingoQA,l2_distance,15,16,non_sdc,7232,7232,0,0.0
llava15_lingoqa,LLaVA-1.5-7B,LingoQA,l2_distance,15,16,non_significant_sdc,102,102,0,0.0
llava15_lingoqa,LLaVA-1.5-7B,LingoQA,l2_distance,15,16,significant_sdc,166,40,126,0.7590361445783133
llava15_lingoqa,LLaVA-1.5-7B,LingoQA,l2_distance,16,17,non_sdc,7232,7232,0,0.0
llava15_lingoqa,LLaVA-1.5-7B,LingoQA,l2_distance,16,17,non_significant_sdc,102,102,0,0.0
llava15_lingoqa,LLaVA-1.5-7B,LingoQA,l2_distance,16,17,significant_sdc,166,37,129,0.7771084337349398
llava15_lingoqa,LLaVA-1.5-7B,LingoQA,l2_distance,17,18,non_sdc,7232,7232,0,0.0
llava15_lingoqa,LLaVA-1.5-7B,LingoQA,l2_distance,17,18,non_significant_sdc,102,102,0,0.0
llava15_lingoqa,LLaVA-1.5-7B,LingoQA,l2_distance,17,18,significant_sdc,166,37,129,0.7771084337349398
llava15_lingoqa,LLaVA-1.5-7B,LingoQA,l2_distance,18,19,non_sdc,7232,7232,0,0.0
llava15_lingoqa,LLaVA-1.5-7B,LingoQA,l2_distance,18,19,non_significant_sdc,102,102,0,0.0
llava15_lingoqa,LLaVA-1.5-7B,LingoQA,l2_distance,18,19,significant_sdc,166,35,131,0.7891566265060241
llava15_lingoqa,LLaVA-1.5-7B,LingoQA,l2_distance,19,20,non_sdc,7232,7232,0,0.0
llava15_lingoqa,LLaVA-1.5-7B,LingoQA,l2_distance,19,20,non_significant_sdc,102,102,0,0.0
llava15_lingoqa,LLaVA-1.5-7B,LingoQA,l2_distance,19,20,significant_sdc,166,34,132,0.7951807228915663
llava15_lingoqa,LLaVA-1.5-7B,LingoQA,l2_distance,20,21,non_sdc,7232,7232,0,0.0
llava15_lingoqa,LLaVA-1.5-7B,LingoQA,l2_distance,20,21,non_significant_sdc,102,102,0,0.0
llava15_lingoqa,LLaVA-1.5-7B,LingoQA,l2_distance,20,21,significant_sdc,166,34,132,0.7951807228915663
llava15_lingoqa,LLaVA-1.5-7B,LingoQA,l2_distance,21,22,non_sdc,7232,7232,0,0.0
llava15_lingoqa,LLaVA-1.5-7B,LingoQA,l2_distance,21,22,non_significant_sdc,102,102,0,0.0
llava15_lingoqa,LLaVA-1.5-7B,LingoQA,l2_distance,21,22,significant_sdc,166,33,133,0.8012048192771084
llava15_lingoqa,LLaVA-1.5-7B,LingoQA,l2_distance,22,23,non_sdc,7232,7232,0,0.0
llava15_lingoqa,LLaVA-1.5-7B,LingoQA,l2_distance,22,23,non_significant_sdc,102,102,0,0.0
llava15_lingoqa,LLaVA-1.5-7B,LingoQA,l2_distance,22,23,significant_sdc,166,32,134,0.8072289156626506
llava15_lingoqa,LLaVA-1.5-7B,LingoQA,l2_distance,23,24,non_sdc,7232,7232,0,0.0
llava15_lingoqa,LLaVA-1.5-7B,LingoQA,l2_distance,23,24,non_significant_sdc,102,102,0,0.0
llava15_lingoqa,LLaVA-1.5-7B,LingoQA,l2_distance,23,24,significant_sdc,166,32,134,0.8072289156626506
llava15_lingoqa,LLaVA-1.5-7B,LingoQA,l2_distance,24,25,non_sdc,7232,7232,0,0.0
llava15_lingoqa,LLaVA-1.5-7B,LingoQA,l2_distance,24,25,non_significant_sdc,102,102,0,0.0
llava15_lingoqa,LLaVA-1.5-7B,LingoQA,l2_distance,24,25,significant_sdc,166,31,135,0.8132530120481928
llava15_lingoqa,LLaVA-1.5-7B,LingoQA,l2_distance,25,26,non_sdc,7232,7232,0,0.0
llava15_lingoqa,LLaVA-1.5-7B,LingoQA,l2_distance,25,26,non_significant_sdc,102,102,0,0.0
llava15_lingoqa,LLaVA-1.5-7B,LingoQA,l2_distance,25,26,significant_sdc,166,31,135,0.8132530120481928
llava15_lingoqa,LLaVA-1.5-7B,LingoQA,l2_distance,26,27,non_sdc,7232,7232,0,0.0
llava15_lingoqa,LLaVA-1.5-7B,LingoQA,l2_distance,26,27,non_significant_sdc,102,102,0,0.0
llava15_lingoqa,LLaVA-1.5-7B,LingoQA,l2_distance,26,27,significant_sdc,166,29,137,0.8253012048192772
llava15_lingoqa,LLaVA-1.5-7B,LingoQA,l2_distance,27,28,non_sdc,7232,7232,0,0.0
llava15_lingoqa,LLaVA-1.5-7B,LingoQA,l2_distance,27,28,non_significant_sdc,102,102,0,0.0
llava15_lingoqa,LLaVA-1.5-7B,LingoQA,l2_distance,27,28,significant_sdc,166,24,142,0.8554216867469879
llava15_lingoqa,LLaVA-1.5-7B,LingoQA,l2_distance,28,29,non_sdc,7232,7232,0,0.0
llava15_lingoqa,LLaVA-1.5-7B,LingoQA,l2_distance,28,29,non_significant_sdc,102,102,0,0.0
llava15_lingoqa,LLaVA-1.5-7B,LingoQA,l2_distance,28,29,significant_sdc,166,22,144,0.8674698795180723
llava15_lingoqa,LLaVA-1.5-7B,LingoQA,l2_distance,29,30,non_sdc,7232,7232,0,0.0
llava15_lingoqa,LLaVA-1.5-7B,LingoQA,l2_distance,29,30,non_significant_sdc,102,102,0,0.0
llava15_lingoqa,LLaVA-1.5-7B,LingoQA,l2_distance,29,30,significant_sdc,166,19,147,0.8855421686746988
llava15_lingoqa,LLaVA-1.5-7B,LingoQA,l2_distance,30,31,non_sdc,7232,7232,0,0.0
llava15_lingoqa,LLaVA-1.5-7B,LingoQA,l2_distance,30,31,non_significant_sdc,102,102,0,0.0
llava15_lingoqa,LLaVA-1.5-7B,LingoQA,l2_distance,30,31,significant_sdc,166,12,154,0.927710843373494
llava15_vqav2,LLaVA-1.5-7B,VQAv2,cos_sim,0,1,non_sdc,7304,7304,0,0.0
llava15_vqav2,LLaVA-1.5-7B,VQAv2,cos_sim,0,1,non_significant_sdc,14,14,0,0.0
llava15_vqav2,LLaVA-1.5-7B,VQAv2,cos_sim,0,1,significant_sdc,182,71,111,0.6098901098901099
llava15_vqav2,LLaVA-1.5-7B,VQAv2,cos_sim,1,2,non_sdc,7304,7304,0,0.0
llava15_vqav2,LLaVA-1.5-7B,VQAv2,cos_sim,1,2,non_significant_sdc,14,14,0,0.0
llava15_vqav2,LLaVA-1.5-7B,VQAv2,cos_sim,1,2,significant_sdc,182,69,113,0.6208791208791209
llava15_vqav2,LLaVA-1.5-7B,VQAv2,cos_sim,2,3,non_sdc,7304,7304,0,0.0
llava15_vqav2,LLaVA-1.5-7B,VQAv2,cos_sim,2,3,non_significant_sdc,14,14,0,0.0
llava15_vqav2,LLaVA-1.5-7B,VQAv2,cos_sim,2,3,significant_sdc,182,67,115,0.6318681318681318
llava15_vqav2,LLaVA-1.5-7B,VQAv2,cos_sim,3,4,non_sdc,7304,7304,0,0.0
llava15_vqav2,LLaVA-1.5-7B,VQAv2,cos_sim,3,4,non_significant_sdc,14,14,0,0.0
llava15_vqav2,LLaVA-1.5-7B,VQAv2,cos_sim,3,4,significant_sdc,182,65,117,0.6428571428571428
llava15_vqav2,LLaVA-1.5-7B,VQAv2,cos_sim,4,5,non_sdc,7304,7304,0,0.0
llava15_vqav2,LLaVA-1.5-7B,VQAv2,cos_sim,4,5,non_significant_sdc,14,14,0,0.0
llava15_vqav2,LLaVA-1.5-7B,VQAv2,cos_sim,4,5,significant_sdc,182,64,118,0.6483516483516483
llava15_vqav2,LLaVA-1.5-7B,VQAv2,cos_sim,5,6,non_sdc,7304,7304,0,0.0
llava15_vqav2,LLaVA-1.5-7B,VQAv2,cos_sim,5,6,non_significant_sdc,14,14,0,0.0
llava15_vqav2,LLaVA-1.5-7B,VQAv2,cos_sim,5,6,significant_sdc,182,62,120,0.6593406593406593
llava15_vqav2,LLaVA-1.5-7B,VQAv2,cos_sim,6,7,non_sdc,7304,7304,0,0.0
llava15_vqav2,LLaVA-1.5-7B,VQAv2,cos_sim,6,7,non_significant_sdc,14,14,0,0.0
llava15_vqav2,LLaVA-1.5-7B,VQAv2,cos_sim,6,7,significant_sdc,182,62,120,0.6593406593406593
llava15_vqav2,LLaVA-1.5-7B,VQAv2,cos_sim,7,8,non_sdc,7304,7304,0,0.0
llava15_vqav2,LLaVA-1.5-7B,VQAv2,cos_sim,7,8,non_significant_sdc,14,14,0,0.0
llava15_vqav2,LLaVA-1.5-7B,VQAv2,cos_sim,7,8,significant_sdc,182,61,121,0.6648351648351649
llava15_vqav2,LLaVA-1.5-7B,VQAv2,cos_sim,8,9,non_sdc,7304,7304,0,0.0
llava15_vqav2,LLaVA-1.5-7B,VQAv2,cos_sim,8,9,non_significant_sdc,14,14,0,0.0
llava15_vqav2,LLaVA-1.5-7B,VQAv2,cos_sim,8,9,significant_sdc,182,60,122,0.6703296703296704
llava15_vqav2,LLaVA-1.5-7B,VQAv2,cos_sim,9,10,non_sdc,7304,7304,0,0.0
llava15_vqav2,LLaVA-1.5-7B,VQAv2,cos_sim,9,10,non_significant_sdc,14,14,0,0.0
llava15_vqav2,LLaVA-1.5-7B,VQAv2,cos_sim,9,10,significant_sdc,182,59,123,0.6758241758241759
llava15_vqav2,LLaVA-1.5-7B,VQAv2,cos_sim,10,11,non_sdc,7304,7304,0,0.0
llava15_vqav2,LLaVA-1.5-7B,VQAv2,cos_sim,10,11,non_significant_sdc,14,14,0,0.0
llava15_vqav2,LLaVA-1.5-7B,VQAv2,cos_sim,10,11,significant_sdc,182,57,125,0.6868131868131868
llava15_vqav2,LLaVA-1.5-7B,VQAv2,cos_sim,11,12,non_sdc,7304,7304,0,0.0
llava15_vqav2,LLaVA-1.5-7B,VQAv2,cos_sim,11,12,non_significant_sdc,14,14,0,0.0
llava15_vqav2,LLaVA-1.5-7B,VQAv2,cos_sim,11,12,significant_sdc,182,54,128,0.7032967032967032
llava15_vqav2,LLaVA-1.5-7B,VQAv2,cos_sim,12,13,non_sdc,7304,7304,0,0.0
llava15_vqav2,LLaVA-1.5-7B,VQAv2,cos_sim,12,13,non_significant_sdc,14,14,0,0.0
llava15_vqav2,LLaVA-1.5-7B,VQAv2,cos_sim,12,13,significant_sdc,182,52,130,0.7142857142857143
llava15_vqav2,LLaVA-1.5-7B,VQAv2,cos_sim,13,14,non_sdc,7304,7304,0,0.0
llava15_vqav2,LLaVA-1.5-7B,VQAv2,cos_sim,13,14,non_significant_sdc,14,14,0,0.0
llava15_vqav2,LLaVA-1.5-7B,VQAv2,cos_sim,13,14,significant_sdc,182,52,130,0.7142857142857143
llava15_vqav2,LLaVA-1.5-7B,VQAv2,cos_sim,14,15,non_sdc,7304,7304,0,0.0
llava15_vqav2,LLaVA-1.5-7B,VQAv2,cos_sim,14,15,non_significant_sdc,14,14,0,0.0
llava15_vqav2,LLaVA-1.5-7B,VQAv2,cos_sim,14,15,significant_sdc,182,52,130,0.7142857142857143
llava15_vqav2,LLaVA-1.5-7B,VQAv2,cos_sim,15,16,non_sdc,7304,7304,0,0.0
llava15_vqav2,LLaVA-1.5-7B,VQAv2,cos_sim,15,16,non_significant_sdc,14,14,0,0.0
llava15_vqav2,LLaVA-1.5-7B,VQAv2,cos_sim,15,16,significant_sdc,182,49,133,0.7307692307692308
llava15_vqav2,LLaVA-1.5-7B,VQAv2,cos_sim,16,17,non_sdc,7304,7304,0,0.0
llava15_vqav2,LLaVA-1.5-7B,VQAv2,cos_sim,16,17,non_significant_sdc,14,14,0,0.0
llava15_vqav2,LLaVA-1.5-7B,VQAv2,cos_sim,16,17,significant_sdc,182,48,134,0.7362637362637363
llava15_vqav2,LLaVA-1.5-7B,VQAv2,cos_sim,17,18,non_sdc,7304,7304,0,0.0
llava15_vqav2,LLaVA-1.5-7B,VQAv2,cos_sim,17,18,non_significant_sdc,14,14,0,0.0
llava15_vqav2,LLaVA-1.5-7B,VQAv2,cos_sim,17,18,significant_sdc,182,47,135,0.7417582417582418
llava15_vqav2,LLaVA-1.5-7B,VQAv2,cos_sim,18,19,non_sdc,7304,7304,0,0.0
llava15_vqav2,LLaVA-1.5-7B,VQAv2,cos_sim,18,19,non_significant_sdc,14,14,0,0.0
llava15_vqav2,LLaVA-1.5-7B,VQAv2,cos_sim,18,19,significant_sdc,182,46,136,0.7472527472527473
llava15_vqav2,LLaVA-1.5-7B,VQAv2,cos_sim,19,20,non_sdc,7304,7304,0,0.0
llava15_vqav2,LLaVA-1.5-7B,VQAv2,cos_sim,19,20,non_significant_sdc,14,14,0,0.0
llava15_vqav2,LLaVA-1.5-7B,VQAv2,cos_sim,19,20,significant_sdc,182,45,137,0.7527472527472527
llava15_vqav2,LLaVA-1.5-7B,VQAv2,cos_sim,20,21,non_sdc,7304,7304,0,0.0
llava15_vqav2,LLaVA-1.5-7B,VQAv2,cos_sim,20,21,non_significant_sdc,14,14,0,0.0
llava15_vqav2,LLaVA-1.5-7B,VQAv2,cos_sim,20,21,significant_sdc,182,42,140,0.7692307692307692
llava15_vqav2,LLaVA-1.5-7B,VQAv2,cos_sim,21,22,non_sdc,7304,7304,0,0.0
llava15_vqav2,LLaVA-1.5-7B,VQAv2,cos_sim,21,22,non_significant_sdc,14,14,0,0.0
llava15_vqav2,LLaVA-1.5-7B,VQAv2,cos_sim,21,22,significant_sdc,182,41,141,0.7747252747252747
llava15_vqav2,LLaVA-1.5-7B,VQAv2,cos_sim,22,23,non_sdc,7304,7304,0,0.0
llava15_vqav2,LLaVA-1.5-7B,VQAv2,cos_sim,22,23,non_significant_sdc,14,14,0,0.0
llava15_vqav2,LLaVA-1.5-7B,VQAv2,cos_sim,22,23,significant_sdc,182,40,142,0.7802197802197802
llava15_vqav2,LLaVA-1.5-7B,VQAv2,cos_sim,23,24,non_sdc,7304,7304,0,0.0
llava15_vqav2,LLaVA-1.5-7B,VQAv2,cos_sim,23,24,non_significant_sdc,14,14,0,0.0
llava15_vqav2,LLaVA-1.5-7B,VQAv2,cos_sim,23,24,significant_sdc,182,37,145,0.7967032967032968
llava15_vqav2,LLaVA-1.5-7B,VQAv2,cos_sim,24,25,non_sdc,7304,7304,0,0.0
llava15_vqav2,LLaVA-1.5-7B,VQAv2,cos_sim,24,25,non_significant_sdc,14,14,0,0.0
llava15_vqav2,LLaVA-1.5-7B,VQAv2,cos_sim,24,25,significant_sdc,182,37,145,0.7967032967032968
llava15_vqav2,LLaVA-1.5-7B,VQAv2,cos_sim,25,26,non_sdc,7304,7304,0,0.0
llava15_vqav2,LLaVA-1.5-7B,VQAv2,cos_sim,25,26,non_significant_sdc,14,14,0,0.0
llava15_vqav2,LLaVA-1.5-7B,VQAv2,cos_sim,25,26,significant_sdc,182,35,147,0.8076923076923077
llava15_vqav2,LLaVA-1.5-7B,VQAv2,cos_sim,26,27,non_sdc,7304,7304,0,0.0
llava15_vqav2,LLaVA-1.5-7B,VQAv2,cos_sim,26,27,non_significant_sdc,14,14,0,0.0
llava15_vqav2,LLaVA-1.5-7B,VQAv2,cos_sim,26,27,significant_sdc,182,32,150,0.8241758241758241
llava15_vqav2,LLaVA-1.5-7B,VQAv2,cos_sim,27,28,non_sdc,7304,7304,0,0.0
llava15_vqav2,LLaVA-1.5-7B,VQAv2,cos_sim,27,28,non_significant_sdc,14,14,0,0.0
llava15_vqav2,LLaVA-1.5-7B,VQAv2,cos_sim,27,28,significant_sdc,182,30,152,0.8351648351648352
llava15_vqav2,LLaVA-1.5-7B,VQAv2,cos_sim,28,29,non_sdc,7304,7304,0,0.0
llava15_vqav2,LLaVA-1.5-7B,VQAv2,cos_sim,28,29,non_significant_sdc,14,14,0,0.0
llava15_vqav2,LLaVA-1.5-7B,VQAv2,cos_sim,28,29,significant_sdc,182,25,157,0.8626373626373627
llava15_vqav2,LLaVA-1.5-7B,VQAv2,cos_sim,29,30,non_sdc,7304,7304,0,0.0
llava15_vqav2,LLaVA-1.5-7B,VQAv2,cos_sim,29,30,non_significant_sdc,14,14,0,0.0
llava15_vqav2,LLaVA-1.5-7B,VQAv2,cos_sim,29,30,significant_sdc,182,24,158,0.8681318681318682
llava15_vqav2,LLaVA-1.5-7B,VQAv2,cos_sim,30,31,non_sdc,7304,7304,0,0.0
llava15_vqav2,LLaVA-1.5-7B,VQAv2,cos_sim,30,31,non_significant_sdc,14,14,0,0.0
llava15_vqav2,LLaVA-1.5-7B,VQAv2,cos_sim,30,31,significant_sdc,182,18,164,0.9010989010989011
llava15_vqav2,LLaVA-1.5-7B,VQAv2,abs_mean_diff,0,1,non_sdc,7304,7304,0,0.0
llava15_vqav2,LLaVA-1.5-7B,VQAv2,abs_mean_diff,0,1,non_significant_sdc,14,14,0,0.0
llava15_vqav2,LLaVA-1.5-7B,VQAv2,abs_mean_diff,0,1,significant_sdc,182,71,111,0.6098901098901099
llava15_vqav2,LLaVA-1.5-7B,VQAv2,abs_mean_diff,1,2,non_sdc,7304,7304,0,0.0
llava15_vqav2,LLaVA-1.5-7B,VQAv2,abs_mean_diff,1,2,non_significant_sdc,14,14,0,0.0
llava15_vqav2,LLaVA-1.5-7B,VQAv2,abs_mean_diff,1,2,significant_sdc,182,69,113,0.6208791208791209
llava15_vqav2,LLaVA-1.5-7B,VQAv2,abs_mean_diff,2,3,non_sdc,7304,7304,0,0.0
llava15_vqav2,LLaVA-1.5-7B,VQAv2,abs_mean_diff,2,3,non_significant_sdc,14,14,0,0.0
llava15_vqav2,LLaVA-1.5-7B,VQAv2,abs_mean_diff,2,3,significant_sdc,182,67,115,0.6318681318681318
llava15_vqav2,LLaVA-1.5-7B,VQAv2,abs_mean_diff,3,4,non_sdc,7304,7304,0,0.0
llava15_vqav2,LLaVA-1.5-7B,VQAv2,abs_mean_diff,3,4,non_significant_sdc,14,14,0,0.0
llava15_vqav2,LLaVA-1.5-7B,VQAv2,abs_mean_diff,3,4,significant_sdc,182,65,117,0.6428571428571428
llava15_vqav2,LLaVA-1.5-7B,VQAv2,abs_mean_diff,4,5,non_sdc,7304,7304,0,0.0
llava15_vqav2,LLaVA-1.5-7B,VQAv2,abs_mean_diff,4,5,non_significant_sdc,14,14,0,0.0
llava15_vqav2,LLaVA-1.5-7B,VQAv2,abs_mean_diff,4,5,significant_sdc,182,64,118,0.6483516483516483
llava15_vqav2,LLaVA-1.5-7B,VQAv2,abs_mean_diff,5,6,non_sdc,7304,7304,0,0.0
llava15_vqav2,LLaVA-1.5-7B,VQAv2,abs_mean_diff,5,6,non_significant_sdc,14,14,0,0.0
llava15_vqav2,LLaVA-1.5-7B,VQAv2,abs_mean_diff,5,6,significant_sdc,182,62,120,0.6593406593406593
llava15_vqav2,LLaVA-1.5-7B,VQAv2,abs_mean_diff,6,7,non_sdc,7304,7304,0,0.0
llava15_vqav2,LLaVA-1.5-7B,VQAv2,abs_mean_diff,6,7,non_significant_sdc,14,14,0,0.0
llava15_vqav2,LLaVA-1.5-7B,VQAv2,abs_mean_diff,6,7,significant_sdc,182,62,120,0.6593406593406593
llava15_vqav2,LLaVA-1.5-7B,VQAv2,abs_mean_diff,7,8,non_sdc,7304,7304,0,0.0
llava15_vqav2,LLaVA-1.5-7B,VQAv2,abs_mean_diff,7,8,non_significant_sdc,14,14,0,0.0
llava15_vqav2,LLaVA-1.5-7B,VQAv2,abs_mean_diff,7,8,significant_sdc,182,61,121,0.6648351648351649
llava15_vqav2,LLaVA-1.5-7B,VQAv2,abs_mean_diff,8,9,non_sdc,7304,7304,0,0.0
llava15_vqav2,LLaVA-1.5-7B,VQAv2,abs_mean_diff,8,9,non_significant_sdc,14,14,0,0.0
llava15_vqav2,LLaVA-1.5-7B,VQAv2,abs_mean_diff,8,9,significant_sdc,182,60,122,0.6703296703296704
llava15_vqav2,LLaVA-1.5-7B,VQAv2,abs_mean_diff,9,10,non_sdc,7304,7304,0,0.0
llava15_vqav2,LLaVA-1.5-7B,VQAv2,abs_mean_diff,9,10,non_significant_sdc,14,14,0,0.0
llava15_vqav2,LLaVA-1.5-7B,VQAv2,abs_mean_diff,9,10,significant_sdc,182,59,123,0.6758241758241759
llava15_vqav2,LLaVA-1.5-7B,VQAv2,abs_mean_diff,10,11,non_sdc,7304,7304,0,0.0
llava15_vqav2,LLaVA-1.5-7B,VQAv2,abs_mean_diff,10,11,non_significant_sdc,14,14,0,0.0
llava15_vqav2,LLaVA-1.5-7B,VQAv2,abs_mean_diff,10,11,significant_sdc,182,57,125,0.6868131868131868
llava15_vqav2,LLaVA-1.5-7B,VQAv2,abs_mean_diff,11,12,non_sdc,7304,7304,0,0.0
llava15_vqav2,LLaVA-1.5-7B,VQAv2,abs_mean_diff,11,12,non_significant_sdc,14,14,0,0.0
llava15_vqav2,LLaVA-1.5-7B,VQAv2,abs_mean_diff,11,12,significant_sdc,182,54,128,0.7032967032967032
llava15_vqav2,LLaVA-1.5-7B,VQAv2,abs_mean_diff,12,13,non_sdc,7304,7304,0,0.0
llava15_vqav2,LLaVA-1.5-7B,VQAv2,abs_mean_diff,12,13,non_significant_sdc,14,14,0,0.0
llava15_vqav2,LLaVA-1.5-7B,VQAv2,abs_mean_diff,12,13,significant_sdc,182,52,130,0.7142857142857143
llava15_vqav2,LLaVA-1.5-7B,VQAv2,abs_mean_diff,13,14,non_sdc,7304,7304,0,0.0
llava15_vqav2,LLaVA-1.5-7B,VQAv2,abs_mean_diff,13,14,non_significant_sdc,14,14,0,0.0
llava15_vqav2,LLaVA-1.5-7B,VQAv2,abs_mean_diff,13,14,significant_sdc,182,52,130,0.7142857142857143
llava15_vqav2,LLaVA-1.5-7B,VQAv2,abs_mean_diff,14,15,non_sdc,7304,7304,0,0.0
llava15_vqav2,LLaVA-1.5-7B,VQAv2,abs_mean_diff,14,15,non_significant_sdc,14,14,0,0.0
llava15_vqav2,LLaVA-1.5-7B,VQAv2,abs_mean_diff,14,15,significant_sdc,182,52,130,0.7142857142857143
llava15_vqav2,LLaVA-1.5-7B,VQAv2,abs_mean_diff,15,16,non_sdc,7304,7304,0,0.0
llava15_vqav2,LLaVA-1.5-7B,VQAv2,abs_mean_diff,15,16,non_significant_sdc,14,14,0,0.0
llava15_vqav2,LLaVA-1.5-7B,VQAv2,abs_mean_diff,15,16,significant_sdc,182,49,133,0.7307692307692308
llava15_vqav2,LLaVA-1.5-7B,VQAv2,abs_mean_diff,16,17,non_sdc,7304,7304,0,0.0
llava15_vqav2,LLaVA-1.5-7B,VQAv2,abs_mean_diff,16,17,non_significant_sdc,14,14,0,0.0
llava15_vqav2,LLaVA-1.5-7B,VQAv2,abs_mean_diff,16,17,significant_sdc,182,48,134,0.7362637362637363
llava15_vqav2,LLaVA-1.5-7B,VQAv2,abs_mean_diff,17,18,non_sdc,7304,7304,0,0.0
llava15_vqav2,LLaVA-1.5-7B,VQAv2,abs_mean_diff,17,18,non_significant_sdc,14,14,0,0.0
llava15_vqav2,LLaVA-1.5-7B,VQAv2,abs_mean_diff,17,18,significant_sdc,182,47,135,0.7417582417582418
llava15_vqav2,LLaVA-1.5-7B,VQAv2,abs_mean_diff,18,19,non_sdc,7304,7304,0,0.0
llava15_vqav2,LLaVA-1.5-7B,VQAv2,abs_mean_diff,18,19,non_significant_sdc,14,14,0,0.0
llava15_vqav2,LLaVA-1.5-7B,VQAv2,abs_mean_diff,18,19,significant_sdc,182,46,136,0.7472527472527473
llava15_vqav2,LLaVA-1.5-7B,VQAv2,abs_mean_diff,19,20,non_sdc,7304,7304,0,0.0
llava15_vqav2,LLaVA-1.5-7B,VQAv2,abs_mean_diff,19,20,non_significant_sdc,14,14,0,0.0
llava15_vqav2,LLaVA-1.5-7B,VQAv2,abs_mean_diff,19,20,significant_sdc,182,45,137,0.7527472527472527
llava15_vqav2,LLaVA-1.5-7B,VQAv2,abs_mean_diff,20,21,non_sdc,7304,7304,0,0.0
llava15_vqav2,LLaVA-1.5-7B,VQAv2,abs_mean_diff,20,21,non_significant_sdc,14,14,0,0.0
llava15_vqav2,LLaVA-1.5-7B,VQAv2,abs_mean_diff,20,21,significant_sdc,182,42,140,0.7692307692307692
llava15_vqav2,LLaVA-1.5-7B,VQAv2,abs_mean_diff,21,22,non_sdc,7304,7304,0,0.0
llava15_vqav2,LLaVA-1.5-7B,VQAv2,abs_mean_diff,21,22,non_significant_sdc,14,14,0,0.0
llava15_vqav2,LLaVA-1.5-7B,VQAv2,abs_mean_diff,21,22,significant_sdc,182,41,141,0.7747252747252747
llava15_vqav2,LLaVA-1.5-7B,VQAv2,abs_mean_diff,22,23,non_sdc,7304,7304,0,0.0
llava15_vqav2,LLaVA-1.5-7B,VQAv2,abs_mean_diff,22,23,non_significant_sdc,14,14,0,0.0
llava15_vqav2,LLaVA-1.5-7B,VQAv2,abs_mean_diff,22,23,significant_sdc,182,40,142,0.7802197802197802
llava15_vqav2,LLaVA-1.5-7B,VQAv2,abs_mean_diff,23,24,non_sdc,7304,7304,0,0.0
llava15_vqav2,LLaVA-1.5-7B,VQAv2,abs_mean_diff,23,24,non_significant_sdc,14,14,0,0.0
llava15_vqav2,LLaVA-1.5-7B,VQAv2,abs_mean_diff,23,24,significant_sdc,182,37,145,0.7967032967032968
llava15_vqav2,LLaVA-1.5-7B,VQAv2,abs_mean_diff,24,25,non_sdc,7304,7304,0,0.0
llava15_vqav2,LLaVA-1.5-7B,VQAv2,abs_mean_diff,24,25,non_significant_sdc,14,14,0,0.0
llava15_vqav2,LLaVA-1.5-7B,VQAv2,abs_mean_diff,24,25,significant_sdc,182,37,145,0.7967032967032968
llava15_vqav2,LLaVA-1.5-7B,VQAv2,abs_mean_diff,25,26,non_sdc,7304,7304,0,0.0
llava15_vqav2,LLaVA-1.5-7B,VQAv2,abs_mean_diff,25,26,non_significant_sdc,14,14,0,0.0
llava15_vqav2,LLaVA-1.5-7B,VQAv2,abs_mean_diff,25,26,significant_sdc,182,35,147,0.8076923076923077
llava15_vqav2,LLaVA-1.5-7B,VQAv2,abs_mean_diff,26,27,non_sdc,7304,7304,0,0.0
llava15_vqav2,LLaVA-1.5-7B,VQAv2,abs_mean_diff,26,27,non_significant_sdc,14,14,0,0.0
llava15_vqav2,LLaVA-1.5-7B,VQAv2,abs_mean_diff,26,27,significant_sdc,182,32,150,0.8241758241758241
llava15_vqav2,LLaVA-1.5-7B,VQAv2,abs_mean_diff,27,28,non_sdc,7304,7304,0,0.0
llava15_vqav2,LLaVA-1.5-7B,VQAv2,abs_mean_diff,27,28,non_significant_sdc,14,14,0,0.0
llava15_vqav2,LLaVA-1.5-7B,VQAv2,abs_mean_diff,27,28,significant_sdc,182,30,152,0.8351648351648352
llava15_vqav2,LLaVA-1.5-7B,VQAv2,abs_mean_diff,28,29,non_sdc,7304,7304,0,0.0
llava15_vqav2,LLaVA-1.5-7B,VQAv2,abs_mean_diff,28,29,non_significant_sdc,14,14,0,0.0
llava15_vqav2,LLaVA-1.5-7B,VQAv2,abs_mean_diff,28,29,significant_sdc,182,25,157,0.8626373626373627
llava15_vqav2,LLaVA-1.5-7B,VQAv2,abs_mean_diff,29,30,non_sdc,7304,7304,0,0.0
llava15_vqav2,LLaVA-1.5-7B,VQAv2,abs_mean_diff,29,30,non_significant_sdc,14,14,0,0.0
llava15_vqav2,LLaVA-1.5-7B,VQAv2,abs_mean_diff,29,30,significant_sdc,182,24,158,0.8681318681318682
llava15_vqav2,LLaVA-1.5-7B,VQAv2,abs_mean_diff,30,31,non_sdc,7304,7304,0,0.0
llava15_vqav2,LLaVA-1.5-7B,VQAv2,abs_mean_diff,30,31,non_significant_sdc,14,14,0,0.0
llava15_vqav2,LLaVA-1.5-7B,VQAv2,abs_mean_diff,30,31,significant_sdc,182,18,164,0.9010989010989011
llava15_vqav2,LLaVA-1.5-7B,VQAv2,abs_std_diff,0,1,non_sdc,7304,7304,0,0.0
llava15_vqav2,LLaVA-1.5-7B,VQAv2,abs_std_diff,0,1,non_significant_sdc,14,14,0,0.0
llava15_vqav2,LLaVA-1.5-7B,VQAv2,abs_std_diff,0,1,significant_sdc,182,71,111,0.6098901098901099
llava15_vqav2,LLaVA-1.5-7B,VQAv2,abs_std_diff,1,2,non_sdc,7304,7304,0,0.0
llava15_vqav2,LLaVA-1.5-7B,VQAv2,abs_std_diff,1,2,non_significant_sdc,14,14,0,0.0
llava15_vqav2,LLaVA-1.5-7B,VQAv2,abs_std_diff,1,2,significant_sdc,182,69,113,0.6208791208791209
llava15_vqav2,LLaVA-1.5-7B,VQAv2,abs_std_diff,2,3,non_sdc,7304,7304,0,0.0
llava15_vqav2,LLaVA-1.5-7B,VQAv2,abs_std_diff,2,3,non_significant_sdc,14,14,0,0.0
llava15_vqav2,LLaVA-1.5-7B,VQAv2,abs_std_diff,2,3,significant_sdc,182,67,115,0.6318681318681318
llava15_vqav2,LLaVA-1.5-7B,VQAv2,abs_std_diff,3,4,non_sdc,7304,7304,0,0.0
llava15_vqav2,LLaVA-1.5-7B,VQAv2,abs_std_diff,3,4,non_significant_sdc,14,14,0,0.0
llava15_vqav2,LLaVA-1.5-7B,VQAv2,abs_std_diff,3,4,significant_sdc,182,65,117,0.6428571428571428
llava15_vqav2,LLaVA-1.5-7B,VQAv2,abs_std_diff,4,5,non_sdc,7304,7304,0,0.0
llava15_vqav2,LLaVA-1.5-7B,VQAv2,abs_std_diff,4,5,non_significant_sdc,14,14,0,0.0
llava15_vqav2,LLaVA-1.5-7B,VQAv2,abs_std_diff,4,5,significant_sdc,182,64,118,0.6483516483516483
llava15_vqav2,LLaVA-1.5-7B,VQAv2,abs_std_diff,5,6,non_sdc,7304,7304,0,0.0
llava15_vqav2,LLaVA-1.5-7B,VQAv2,abs_std_diff,5,6,non_significant_sdc,14,14,0,0.0
llava15_vqav2,LLaVA-1.5-7B,VQAv2,abs_std_diff,5,6,significant_sdc,182,62,120,0.6593406593406593
llava15_vqav2,LLaVA-1.5-7B,VQAv2,abs_std_diff,6,7,non_sdc,7304,7304,0,0.0
llava15_vqav2,LLaVA-1.5-7B,VQAv2,abs_std_diff,6,7,non_significant_sdc,14,14,0,0.0
llava15_vqav2,LLaVA-1.5-7B,VQAv2,abs_std_diff,6,7,significant_sdc,182,62,120,0.6593406593406593
llava15_vqav2,LLaVA-1.5-7B,VQAv2,abs_std_diff,7,8,non_sdc,7304,7304,0,0.0
llava15_vqav2,LLaVA-1.5-7B,VQAv2,abs_std_diff,7,8,non_significant_sdc,14,14,0,0.0
llava15_vqav2,LLaVA-1.5-7B,VQAv2,abs_std_diff,7,8,significant_sdc,182,61,121,0.6648351648351649
llava15_vqav2,LLaVA-1.5-7B,VQAv2,abs_std_diff,8,9,non_sdc,7304,7304,0,0.0
llava15_vqav2,LLaVA-1.5-7B,VQAv2,abs_std_diff,8,9,non_significant_sdc,14,14,0,0.0
llava15_vqav2,LLaVA-1.5-7B,VQAv2,abs_std_diff,8,9,significant_sdc,182,60,122,0.6703296703296704
llava15_vqav2,LLaVA-1.5-7B,VQAv2,abs_std_diff,9,10,non_sdc,7304,7304,0,0.0
llava15_vqav2,LLaVA-1.5-7B,VQAv2,abs_std_diff,9,10,non_significant_sdc,14,14,0,0.0
llava15_vqav2,LLaVA-1.5-7B,VQAv2,abs_std_diff,9,10,significant_sdc,182,59,123,0.6758241758241759
llava15_vqav2,LLaVA-1.5-7B,VQAv2,abs_std_diff,10,11,non_sdc,7304,7304,0,0.0
llava15_vqav2,LLaVA-1.5-7B,VQAv2,abs_std_diff,10,11,non_significant_sdc,14,14,0,0.0
llava15_vqav2,LLaVA-1.5-7B,VQAv2,abs_std_diff,10,11,significant_sdc,182,57,125,0.6868131868131868
llava15_vqav2,LLaVA-1.5-7B,VQAv2,abs_std_diff,11,12,non_sdc,7304,7304,0,0.0
llava15_vqav2,LLaVA-1.5-7B,VQAv2,abs_std_diff,11,12,non_significant_sdc,14,14,0,0.0
llava15_vqav2,LLaVA-1.5-7B,VQAv2,abs_std_diff,11,12,significant_sdc,182,54,128,0.7032967032967032
llava15_vqav2,LLaVA-1.5-7B,VQAv2,abs_std_diff,12,13,non_sdc,7304,7304,0,0.0
llava15_vqav2,LLaVA-1.5-7B,VQAv2,abs_std_diff,12,13,non_significant_sdc,14,14,0,0.0
llava15_vqav2,LLaVA-1.5-7B,VQAv2,abs_std_diff,12,13,significant_sdc,182,52,130,0.7142857142857143
llava15_vqav2,LLaVA-1.5-7B,VQAv2,abs_std_diff,13,14,non_sdc,7304,7304,0,0.0
llava15_vqav2,LLaVA-1.5-7B,VQAv2,abs_std_diff,13,14,non_significant_sdc,14,14,0,0.0
llava15_vqav2,LLaVA-1.5-7B,VQAv2,abs_std_diff,13,14,significant_sdc,182,52,130,0.7142857142857143
llava15_vqav2,LLaVA-1.5-7B,VQAv2,abs_std_diff,14,15,non_sdc,7304,7304,0,0.0
llava15_vqav2,LLaVA-1.5-7B,VQAv2,abs_std_diff,14,15,non_significant_sdc,14,14,0,0.0
llava15_vqav2,LLaVA-1.5-7B,VQAv2,abs_std_diff,14,15,significant_sdc,182,52,130,0.7142857142857143
llava15_vqav2,LLaVA-1.5-7B,VQAv2,abs_std_diff,15,16,non_sdc,7304,7304,0,0.0
llava15_vqav2,LLaVA-1.5-7B,VQAv2,abs_std_diff,15,16,non_significant_sdc,14,14,0,0.0
llava15_vqav2,LLaVA-1.5-7B,VQAv2,abs_std_diff,15,16,significant_sdc,182,49,133,0.7307692307692308
llava15_vqav2,LLaVA-1.5-7B,VQAv2,abs_std_diff,16,17,non_sdc,7304,7304,0,0.0
llava15_vqav2,LLaVA-1.5-7B,VQAv2,abs_std_diff,16,17,non_significant_sdc,14,14,0,0.0
llava15_vqav2,LLaVA-1.5-7B,VQAv2,abs_std_diff,16,17,significant_sdc,182,48,134,0.7362637362637363
llava15_vqav2,LLaVA-1.5-7B,VQAv2,abs_std_diff,17,18,non_sdc,7304,7304,0,0.0
llava15_vqav2,LLaVA-1.5-7B,VQAv2,abs_std_diff,17,18,non_significant_sdc,14,14,0,0.0
llava15_vqav2,LLaVA-1.5-7B,VQAv2,abs_std_diff,17,18,significant_sdc,182,47,135,0.7417582417582418
llava15_vqav2,LLaVA-1.5-7B,VQAv2,abs_std_diff,18,19,non_sdc,7304,7304,0,0.0
llava15_vqav2,LLaVA-1.5-7B,VQAv2,abs_std_diff,18,19,non_significant_sdc,14,14,0,0.0
llava15_vqav2,LLaVA-1.5-7B,VQAv2,abs_std_diff,18,19,significant_sdc,182,46,136,0.7472527472527473
llava15_vqav2,LLaVA-1.5-7B,VQAv2,abs_std_diff,19,20,non_sdc,7304,7304,0,0.0
llava15_vqav2,LLaVA-1.5-7B,VQAv2,abs_std_diff,19,20,non_significant_sdc,14,14,0,0.0
llava15_vqav2,LLaVA-1.5-7B,VQAv2,abs_std_diff,19,20,significant_sdc,182,45,137,0.7527472527472527
llava15_vqav2,LLaVA-1.5-7B,VQAv2,abs_std_diff,20,21,non_sdc,7304,7304,0,0.0
llava15_vqav2,LLaVA-1.5-7B,VQAv2,abs_std_diff,20,21,non_significant_sdc,14,14,0,0.0
llava15_vqav2,LLaVA-1.5-7B,VQAv2,abs_std_diff,20,21,significant_sdc,182,42,140,0.7692307692307692
llava15_vqav2,LLaVA-1.5-7B,VQAv2,abs_std_diff,21,22,non_sdc,7304,7304,0,0.0
llava15_vqav2,LLaVA-1.5-7B,VQAv2,abs_std_diff,21,22,non_significant_sdc,14,14,0,0.0
llava15_vqav2,LLaVA-1.5-7B,VQAv2,abs_std_diff,21,22,significant_sdc,182,41,141,0.7747252747252747
llava15_vqav2,LLaVA-1.5-7B,VQAv2,abs_std_diff,22,23,non_sdc,7304,7304,0,0.0
llava15_vqav2,LLaVA-1.5-7B,VQAv2,abs_std_diff,22,23,non_significant_sdc,14,14,0,0.0
llava15_vqav2,LLaVA-1.5-7B,VQAv2,abs_std_diff,22,23,significant_sdc,182,40,142,0.7802197802197802
llava15_vqav2,LLaVA-1.5-7B,VQAv2,abs_std_diff,23,24,non_sdc,7304,7304,0,0.0
llava15_vqav2,LLaVA-1.5-7B,VQAv2,abs_std_diff,23,24,non_significant_sdc,14,14,0,0.0
llava15_vqav2,LLaVA-1.5-7B,VQAv2,abs_std_diff,23,24,significant_sdc,182,37,145,0.7967032967032968
llava15_vqav2,LLaVA-1.5-7B,VQAv2,abs_std_diff,24,25,non_sdc,7304,7304,0,0.0
llava15_vqav2,LLaVA-1.5-7B,VQAv2,abs_std_diff,24,25,non_significant_sdc,14,14,0,0.0
llava15_vqav2,LLaVA-1.5-7B,VQAv2,abs_std_diff,24,25,significant_sdc,182,37,145,0.7967032967032968
llava15_vqav2,LLaVA-1.5-7B,VQAv2,abs_std_diff,25,26,non_sdc,7304,7304,0,0.0
llava15_vqav2,LLaVA-1.5-7B,VQAv2,abs_std_diff,25,26,non_significant_sdc,14,14,0,0.0
llava15_vqav2,LLaVA-1.5-7B,VQAv2,abs_std_diff,25,26,significant_sdc,182,35,147,0.8076923076923077
llava15_vqav2,LLaVA-1.5-7B,VQAv2,abs_std_diff,26,27,non_sdc,7304,7304,0,0.0
llava15_vqav2,LLaVA-1.5-7B,VQAv2,abs_std_diff,26,27,non_significant_sdc,14,14,0,0.0
llava15_vqav2,LLaVA-1.5-7B,VQAv2,abs_std_diff,26,27,significant_sdc,182,32,150,0.8241758241758241
llava15_vqav2,LLaVA-1.5-7B,VQAv2,abs_std_diff,27,28,non_sdc,7304,7304,0,0.0
llava15_vqav2,LLaVA-1.5-7B,VQAv2,abs_std_diff,27,28,non_significant_sdc,14,14,0,0.0
llava15_vqav2,LLaVA-1.5-7B,VQAv2,abs_std_diff,27,28,significant_sdc,182,30,152,0.8351648351648352
llava15_vqav2,LLaVA-1.5-7B,VQAv2,abs_std_diff,28,29,non_sdc,7304,7304,0,0.0
llava15_vqav2,LLaVA-1.5-7B,VQAv2,abs_std_diff,28,29,non_significant_sdc,14,14,0,0.0
llava15_vqav2,LLaVA-1.5-7B,VQAv2,abs_std_diff,28,29,significant_sdc,182,25,157,0.8626373626373627
llava15_vqav2,LLaVA-1.5-7B,VQAv2,abs_std_diff,29,30,non_sdc,7304,7304,0,0.0
llava15_vqav2,LLaVA-1.5-7B,VQAv2,abs_std_diff,29,30,non_significant_sdc,14,14,0,0.0
llava15_vqav2,LLaVA-1.5-7B,VQAv2,abs_std_diff,29,30,significant_sdc,182,24,158,0.8681318681318682
llava15_vqav2,LLaVA-1.5-7B,VQAv2,abs_std_diff,30,31,non_sdc,7304,7304,0,0.0
llava15_vqav2,LLaVA-1.5-7B,VQAv2,abs_std_diff,30,31,non_significant_sdc,14,14,0,0.0
llava15_vqav2,LLaVA-1.5-7B,VQAv2,abs_std_diff,30,31,significant_sdc,182,18,164,0.9010989010989011
llava15_vqav2,LLaVA-1.5-7B,VQAv2,l2_distance,0,1,non_sdc,7304,7304,0,0.0
llava15_vqav2,LLaVA-1.5-7B,VQAv2,l2_distance,0,1,non_significant_sdc,14,14,0,0.0
llava15_vqav2,LLaVA-1.5-7B,VQAv2,l2_distance,0,1,significant_sdc,182,71,111,0.6098901098901099
llava15_vqav2,LLaVA-1.5-7B,VQAv2,l2_distance,1,2,non_sdc,7304,7304,0,0.0
llava15_vqav2,LLaVA-1.5-7B,VQAv2,l2_distance,1,2,non_significant_sdc,14,14,0,0.0
llava15_vqav2,LLaVA-1.5-7B,VQAv2,l2_distance,1,2,significant_sdc,182,69,113,0.6208791208791209
llava15_vqav2,LLaVA-1.5-7B,VQAv2,l2_distance,2,3,non_sdc,7304,7304,0,0.0
llava15_vqav2,LLaVA-1.5-7B,VQAv2,l2_distance,2,3,non_significant_sdc,14,14,0,0.0
llava15_vqav2,LLaVA-1.5-7B,VQAv2,l2_distance,2,3,significant_sdc,182,67,115,0.6318681318681318
llava15_vqav2,LLaVA-1.5-7B,VQAv2,l2_distance,3,4,non_sdc,7304,7304,0,0.0
llava15_vqav2,LLaVA-1.5-7B,VQAv2,l2_distance,3,4,non_significant_sdc,14,14,0,0.0
llava15_vqav2,LLaVA-1.5-7B,VQAv2,l2_distance,3,4,significant_sdc,182,65,117,0.6428571428571428
llava15_vqav2,LLaVA-1.5-7B,VQAv2,l2_distance,4,5,non_sdc,7304,7304,0,0.0
llava15_vqav2,LLaVA-1.5-7B,VQAv2,l2_distance,4,5,non_significant_sdc,14,14,0,0.0
llava15_vqav2,LLaVA-1.5-7B,VQAv2,l2_distance,4,5,significant_sdc,182,64,118,0.6483516483516483
llava15_vqav2,LLaVA-1.5-7B,VQAv2,l2_distance,5,6,non_sdc,7304,7304,0,0.0
llava15_vqav2,LLaVA-1.5-7B,VQAv2,l2_distance,5,6,non_significant_sdc,14,14,0,0.0
llava15_vqav2,LLaVA-1.5-7B,VQAv2,l2_distance,5,6,significant_sdc,182,62,120,0.6593406593406593
llava15_vqav2,LLaVA-1.5-7B,VQAv2,l2_distance,6,7,non_sdc,7304,7304,0,0.0
llava15_vqav2,LLaVA-1.5-7B,VQAv2,l2_distance,6,7,non_significant_sdc,14,14,0,0.0
llava15_vqav2,LLaVA-1.5-7B,VQAv2,l2_distance,6,7,significant_sdc,182,62,120,0.6593406593406593
llava15_vqav2,LLaVA-1.5-7B,VQAv2,l2_distance,7,8,non_sdc,7304,7304,0,0.0
llava15_vqav2,LLaVA-1.5-7B,VQAv2,l2_distance,7,8,non_significant_sdc,14,14,0,0.0
llava15_vqav2,LLaVA-1.5-7B,VQAv2,l2_distance,7,8,significant_sdc,182,61,121,0.6648351648351649
llava15_vqav2,LLaVA-1.5-7B,VQAv2,l2_distance,8,9,non_sdc,7304,7304,0,0.0
llava15_vqav2,LLaVA-1.5-7B,VQAv2,l2_distance,8,9,non_significant_sdc,14,14,0,0.0
llava15_vqav2,LLaVA-1.5-7B,VQAv2,l2_distance,8,9,significant_sdc,182,60,122,0.6703296703296704
llava15_vqav2,LLaVA-1.5-7B,VQAv2,l2_distance,9,10,non_sdc,7304,7304,0,0.0
llava15_vqav2,LLaVA-1.5-7B,VQAv2,l2_distance,9,10,non_significant_sdc,14,14,0,0.0
llava15_vqav2,LLaVA-1.5-7B,VQAv2,l2_distance,9,10,significant_sdc,182,59,123,0.6758241758241759
llava15_vqav2,LLaVA-1.5-7B,VQAv2,l2_distance,10,11,non_sdc,7304,7304,0,0.0
llava15_vqav2,LLaVA-1.5-7B,VQAv2,l2_distance,10,11,non_significant_sdc,14,14,0,0.0
llava15_vqav2,LLaVA-1.5-7B,VQAv2,l2_distance,10,11,significant_sdc,182,57,125,0.6868131868131868
llava15_vqav2,LLaVA-1.5-7B,VQAv2,l2_distance,11,12,non_sdc,7304,7304,0,0.0
llava15_vqav2,LLaVA-1.5-7B,VQAv2,l2_distance,11,12,non_significant_sdc,14,14,0,0.0
llava15_vqav2,LLaVA-1.5-7B,VQAv2,l2_distance,11,12,significant_sdc,182,54,128,0.7032967032967032
llava15_vqav2,LLaVA-1.5-7B,VQAv2,l2_distance,12,13,non_sdc,7304,7304,0,0.0
llava15_vqav2,LLaVA-1.5-7B,VQAv2,l2_distance,12,13,non_significant_sdc,14,14,0,0.0
llava15_vqav2,LLaVA-1.5-7B,VQAv2,l2_distance,12,13,significant_sdc,182,52,130,0.7142857142857143
llava15_vqav2,LLaVA-1.5-7B,VQAv2,l2_distance,13,14,non_sdc,7304,7304,0,0.0
llava15_vqav2,LLaVA-1.5-7B,VQAv2,l2_distance,13,14,non_significant_sdc,14,14,0,0.0
llava15_vqav2,LLaVA-1.5-7B,VQAv2,l2_distance,13,14,significant_sdc,182,52,130,0.7142857142857143
llava15_vqav2,LLaVA-1.5-7B,VQAv2,l2_distance,14,15,non_sdc,7304,7304,0,0.0
llava15_vqav2,LLaVA-1.5-7B,VQAv2,l2_distance,14,15,non_significant_sdc,14,14,0,0.0
llava15_vqav2,LLaVA-1.5-7B,VQAv2,l2_distance,14,15,significant_sdc,182,52,130,0.7142857142857143
llava15_vqav2,LLaVA-1.5-7B,VQAv2,l2_distance,15,16,non_sdc,7304,7304,0,0.0
llava15_vqav2,LLaVA-1.5-7B,VQAv2,l2_distance,15,16,non_significant_sdc,14,14,0,0.0
llava15_vqav2,LLaVA-1.5-7B,VQAv2,l2_distance,15,16,significant_sdc,182,49,133,0.7307692307692308
llava15_vqav2,LLaVA-1.5-7B,VQAv2,l2_distance,16,17,non_sdc,7304,7304,0,0.0
llava15_vqav2,LLaVA-1.5-7B,VQAv2,l2_distance,16,17,non_significant_sdc,14,14,0,0.0
llava15_vqav2,LLaVA-1.5-7B,VQAv2,l2_distance,16,17,significant_sdc,182,48,134,0.7362637362637363
llava15_vqav2,LLaVA-1.5-7B,VQAv2,l2_distance,17,18,non_sdc,7304,7304,0,0.0
llava15_vqav2,LLaVA-1.5-7B,VQAv2,l2_distance,17,18,non_significant_sdc,14,14,0,0.0
llava15_vqav2,LLaVA-1.5-7B,VQAv2,l2_distance,17,18,significant_sdc,182,47,135,0.7417582417582418
llava15_vqav2,LLaVA-1.5-7B,VQAv2,l2_distance,18,19,non_sdc,7304,7304,0,0.0
llava15_vqav2,LLaVA-1.5-7B,VQAv2,l2_distance,18,19,non_significant_sdc,14,14,0,0.0
llava15_vqav2,LLaVA-1.5-7B,VQAv2,l2_distance,18,19,significant_sdc,182,46,136,0.7472527472527473
llava15_vqav2,LLaVA-1.5-7B,VQAv2,l2_distance,19,20,non_sdc,7304,7304,0,0.0
llava15_vqav2,LLaVA-1.5-7B,VQAv2,l2_distance,19,20,non_significant_sdc,14,14,0,0.0
llava15_vqav2,LLaVA-1.5-7B,VQAv2,l2_distance,19,20,significant_sdc,182,45,137,0.7527472527472527
llava15_vqav2,LLaVA-1.5-7B,VQAv2,l2_distance,20,21,non_sdc,7304,7304,0,0.0
llava15_vqav2,LLaVA-1.5-7B,VQAv2,l2_distance,20,21,non_significant_sdc,14,14,0,0.0
llava15_vqav2,LLaVA-1.5-7B,VQAv2,l2_distance,20,21,significant_sdc,182,42,140,0.7692307692307692
llava15_vqav2,LLaVA-1.5-7B,VQAv2,l2_distance,21,22,non_sdc,7304,7304,0,0.0
llava15_vqav2,LLaVA-1.5-7B,VQAv2,l2_distance,21,22,non_significant_sdc,14,14,0,0.0
llava15_vqav2,LLaVA-1.5-7B,VQAv2,l2_distance,21,22,significant_sdc,182,41,141,0.7747252747252747
llava15_vqav2,LLaVA-1.5-7B,VQAv2,l2_distance,22,23,non_sdc,7304,7304,0,0.0
llava15_vqav2,LLaVA-1.5-7B,VQAv2,l2_distance,22,23,non_significant_sdc,14,14,0,0.0
llava15_vqav2,LLaVA-1.5-7B,VQAv2,l2_distance,22,23,significant_sdc,182,40,142,0.7802197802197802
llava15_vqav2,LLaVA-1.5-7B,VQAv2,l2_distance,23,24,non_sdc,7304,7304,0,0.0
llava15_vqav2,LLaVA-1.5-7B,VQAv2,l2_distance,23,24,non_significant_sdc,14,14,0,0.0
llava15_vqav2,LLaVA-1.5-7B,VQAv2,l2_distance,23,24,significant_sdc,182,37,145,0.7967032967032968
llava15_vqav2,LLaVA-1.5-7B,VQAv2,l2_distance,24,25,non_sdc,7304,7304,0,0.0
llava15_vqav2,LLaVA-1.5-7B,VQAv2,l2_distance,24,25,non_significant_sdc,14,14,0,0.0
llava15_vqav2,LLaVA-1.5-7B,VQAv2,l2_distance,24,25,significant_sdc,182,37,145,0.7967032967032968
llava15_vqav2,LLaVA-1.5-7B,VQAv2,l2_distance,25,26,non_sdc,7304,7304,0,0.0
llava15_vqav2,LLaVA-1.5-7B,VQAv2,l2_distance,25,26,non_significant_sdc,14,14,0,0.0
llava15_vqav2,LLaVA-1.5-7B,VQAv2,l2_distance,25,26,significant_sdc,182,35,147,0.8076923076923077
llava15_vqav2,LLaVA-1.5-7B,VQAv2,l2_distance,26,27,non_sdc,7304,7304,0,0.0
llava15_vqav2,LLaVA-1.5-7B,VQAv2,l2_distance,26,27,non_significant_sdc,14,14,0,0.0
llava15_vqav2,LLaVA-1.5-7B,VQAv2,l2_distance,26,27,significant_sdc,182,32,150,0.8241758241758241
llava15_vqav2,LLaVA-1.5-7B,VQAv2,l2_distance,27,28,non_sdc,7304,7304,0,0.0
llava15_vqav2,LLaVA-1.5-7B,VQAv2,l2_distance,27,28,non_significant_sdc,14,14,0,0.0
llava15_vqav2,LLaVA-1.5-7B,VQAv2,l2_distance,27,28,significant_sdc,182,30,152,0.8351648351648352
llava15_vqav2,LLaVA-1.5-7B,VQAv2,l2_distance,28,29,non_sdc,7304,7304,0,0.0
llava15_vqav2,LLaVA-1.5-7B,VQAv2,l2_distance,28,29,non_significant_sdc,14,14,0,0.0
llava15_vqav2,LLaVA-1.5-7B,VQAv2,l2_distance,28,29,significant_sdc,182,25,157,0.8626373626373627
llava15_vqav2,LLaVA-1.5-7B,VQAv2,l2_distance,29,30,non_sdc,7304,7304,0,0.0
llava15_vqav2,LLaVA-1.5-7B,VQAv2,l2_distance,29,30,non_significant_sdc,14,14,0,0.0
llava15_vqav2,LLaVA-1.5-7B,VQAv2,l2_distance,29,30,significant_sdc,182,24,158,0.8681318681318682
llava15_vqav2,LLaVA-1.5-7B,VQAv2,l2_distance,30,31,non_sdc,7304,7304,0,0.0
llava15_vqav2,LLaVA-1.5-7B,VQAv2,l2_distance,30,31,non_significant_sdc,14,14,0,0.0
llava15_vqav2,LLaVA-1.5-7B,VQAv2,l2_distance,30,31,significant_sdc,182,18,164,0.9010989010989011
